time,pos_x,pos_y,corrected_pos_x,corrected_pos_y
0.002341,749.154,243.730,374.577,121.865
0.025279,749.154,243.730,561.865,182.797
0.028755,749.154,243.730,655.509,213.264
0.032580,749.154,243.730,702.332,228.497
0.035689,749.154,243.730,725.743,236.113
0.038717,749.154,243.730,737.448,239.921
0.042051,789.182,245.978,763.315,242.950
0.045388,789.182,245.978,776.248,244.464
0.048435,789.182,245.978,782.715,245.221
0.051430,789.182,245.978,785.948,245.600
0.054847,789.182,245.978,787.565,245.789
0.058100,789.182,245.978,788.373,245.883
0.061410,789.182,245.978,788.778,245.931
0.064552,789.182,245.978,788.980,245.954
0.067746,789.182,245.978,789.081,245.966
0.071179,824.587,247.052,806.834,246.509
0.074417,824.587,247.052,815.710,246.781
0.077755,824.587,247.052,820.148,246.917
0.083174,824.587,247.052,822.367,246.984
0.088884,824.587,247.052,823.477,247.018
0.093983,824.587,247.052,824.032,247.035
0.100114,850.843,248.535,837.437,247.785
0.103072,850.843,248.535,844.140,248.160
0.106192,850.843,248.535,847.491,248.347
0.109541,850.843,248.535,849.167,248.441
0.112921,850.843,248.535,850.005,248.488
0.116966,850.843,248.535,850.424,248.511
0.119974,850.843,248.535,850.633,248.523
0.123084,850.843,248.535,850.738,248.529
0.126248,850.843,248.535,850.790,248.532
0.129673,850.843,248.535,850.817,248.533
0.133390,879.713,248.423,865.265,248.478
0.136265,879.713,248.423,872.489,248.451
0.139327,879.713,248.423,876.101,248.437
0.142214,879.713,248.423,877.907,248.430
0.145669,879.713,248.423,878.810,248.426
0.148891,879.713,248.423,879.262,248.425
0.151954,879.713,248.423,879.487,248.424
0.155124,879.713,248.423,879.600,248.423
0.158605,879.713,248.423,879.657,248.423
0.162073,899.957,249.625,889.807,249.024
0.165335,899.957,249.625,894.882,249.324
0.169687,899.957,249.625,897.420,249.474
0.174295,899.957,249.625,898.689,249.550
0.177796,899.957,249.625,899.323,249.587
0.180817,899.957,249.625,899.640,249.606
0.183413,899.957,249.625,899.799,249.615
0.185988,899.957,249.625,899.878,249.620
0.188687,899.957,249.625,899.918,249.622
0.192229,916.949,250.356,908.433,249.989
0.195429,916.949,250.356,912.691,250.173
0.198166,916.949,250.356,914.820,250.264
0.200800,916.949,250.356,915.884,250.310
0.203640,916.949,250.356,916.417,250.333
0.206764,916.949,250.356,916.683,250.344
0.210084,916.949,250.356,916.816,250.350
0.213420,916.949,250.356,916.882,250.353
0.216308,916.949,250.356,916.916,250.355
0.218808,916.949,250.356,916.932,250.355
0.221626,932.986,251.846,924.959,251.101
0.225299,932.986,251.846,928.973,251.474
0.228298,932.986,251.846,930.979,251.660
0.231442,932.986,251.846,931.983,251.753
0.234575,932.986,251.846,932.484,251.800
0.237749,932.986,251.846,932.735,251.823
0.241053,932.986,251.846,932.861,251.835
0.244311,932.986,251.846,932.923,251.841
0.247097,932.986,251.846,932.955,251.844
0.249840,932.986,251.846,932.970,251.845
0.253003,948.334,253.849,940.652,252.847
0.256215,948.334,253.849,944.493,253.348
0.259493,948.334,253.849,946.414,253.598
0.262521,948.334,253.849,947.374,253.723
0.265872,948.334,253.849,947.854,253.786
0.269277,948.334,253.849,948.094,253.817
0.272327,948.334,253.849,948.214,253.833
0.275497,948.334,253.849,948.274,253.841
0.278449,948.334,253.849,948.304,253.845
0.281211,948.334,253.849,948.319,253.847
0.284396,957.988,255.614,953.154,254.730
0.287738,957.988,255.614,955.571,255.172
0.290628,957.988,255.614,956.779,255.393
0.293760,957.988,255.614,957.384,255.504
0.296933,957.988,255.614,957.686,255.559
0.300142,957.988,255.614,957.837,255.587
0.303551,957.988,255.614,957.912,255.600
0.306377,957.988,255.614,957.950,255.607
0.309578,957.988,255.614,957.969,255.611
0.313056,961.814,259.782,959.892,257.696
0.317033,961.814,259.782,960.853,258.739
0.320199,961.814,259.782,961.334,259.260
0.323476,961.814,259.782,961.574,259.521
0.327299,961.814,259.782,961.694,259.651
0.330496,961.814,259.782,961.754,259.716
0.333588,961.814,259.782,961.784,259.749
0.336568,961.814,259.782,961.799,259.765
0.339401,961.814,259.782,961.807,259.773
0.342983,965.501,260.468,963.654,260.120
0.346417,965.501,260.468,964.577,260.294
0.350168,965.501,260.468,965.039,260.381
0.353361,965.501,260.468,965.270,260.424
0.356504,965.501,260.468,965.386,260.446
0.359685,965.501,260.468,965.443,260.457
0.362856,965.501,260.468,965.472,260.462
0.365794,965.501,260.468,965.487,260.465
0.368446,965.501,260.468,965.494,260.466
0.371181,965.501,260.468,965.497,260.467
0.373916,965.501,260.468,965.499,260.467
0.376724,965.501,260.468,965.500,260.467
0.380069,967.460,261.282,966.480,260.875
0.383134,967.460,261.282,966.970,261.078
0.386626,967.460,261.282,967.215,261.180
0.389551,967.460,261.282,967.338,261.231
0.392674,967.460,261.282,967.399,261.256
0.395885,967.460,261.282,967.430,261.269
0.398796,967.460,261.282,967.445,261.275
0.401720,967.460,261.282,967.453,261.279
0.404547,966.924,264.154,967.188,262.716
0.407328,966.924,264.154,967.056,263.435
0.410505,966.924,264.154,966.990,263.795
0.413927,966.924,264.154,966.957,263.975
0.417129,966.924,264.154,966.940,264.064
0.420071,966.924,264.154,966.932,264.109
0.422812,966.924,264.154,966.928,264.132
0.425887,966.924,264.154,966.926,264.143
0.428771,966.924,264.154,966.925,264.149
0.431466,966.924,264.154,966.924,264.151
0.434347,968.177,264.626,967.551,264.389
0.437185,968.177,264.626,967.864,264.507
0.439908,968.177,264.626,968.020,264.567
0.443092,968.177,264.626,968.099,264.596
0.446558,968.177,264.626,968.138,264.611
0.449592,968.177,264.626,968.158,264.618
0.452609,968.177,264.626,968.167,264.622
0.455363,968.177,264.626,968.172,264.624
0.458604,968.177,264.626,968.175,264.625
0.461505,968.177,264.626,968.176,264.625
0.464606,969.908,267.218,969.042,265.922
0.467612,969.908,267.218,969.475,266.570
0.470434,969.908,267.218,969.691,266.894
0.473576,969.908,267.218,969.800,267.056
0.477387,969.908,267.218,969.854,267.137
0.481151,969.908,267.218,969.881,267.177
0.484233,969.908,267.218,969.894,267.198
0.487562,969.908,267.218,969.901,267.208
0.491476,969.908,267.218,969.904,267.213
0.495297,970.670,271.666,970.287,269.440
0.498533,970.670,271.666,970.479,270.553
0.501524,970.670,271.666,970.574,271.110
0.504944,970.670,271.666,970.622,271.388
0.508616,970.670,271.666,970.646,271.527
0.511787,970.670,271.666,970.658,271.597
0.521147,970.670,271.666,970.664,271.632
0.527914,971.877,277.131,971.271,274.381
0.537473,971.877,277.131,971.574,275.756
0.541475,971.877,277.131,971.726,276.443
0.545036,971.877,277.131,971.801,276.787
0.547461,971.877,277.131,971.839,276.959
0.549945,971.877,277.131,971.858,277.045
0.552639,971.877,277.131,971.868,277.088
0.555439,973.241,280.247,972.554,278.667
0.558112,973.241,280.247,972.898,279.457
0.560977,973.241,280.247,973.069,279.852
0.563986,973.241,280.247,973.155,280.049
0.567219,973.241,280.247,973.198,280.148
0.570070,973.241,280.247,973.219,280.197
0.572816,973.241,280.247,973.230,280.222
0.575706,973.241,280.247,973.236,280.234
0.578226,973.241,280.247,973.238,280.241
0.580672,973.241,280.247,973.240,280.244
0.583824,972.145,283.863,972.692,282.053
0.586947,972.145,283.863,972.419,282.958
0.589670,972.145,283.863,972.282,283.410
0.592496,972.145,283.863,972.214,283.637
0.595417,972.145,283.863,972.179,283.750
0.598941,972.145,283.863,972.162,283.806
0.601662,972.145,283.863,972.154,283.834
0.604351,972.145,283.863,972.150,283.849
0.606848,972.145,283.863,972.147,283.856
0.609592,972.145,283.863,972.146,283.859
0.612499,972.145,283.863,972.146,283.861
0.615665,971.433,286.398,971.789,285.130
0.618873,971.433,286.398,971.611,285.764
0.621979,971.433,286.398,971.522,286.081
0.625485,971.433,286.398,971.478,286.240
0.629506,971.433,286.398,971.455,286.319
0.632853,971.433,286.398,971.444,286.359
0.635723,971.433,286.398,971.439,286.378
0.638406,971.433,286.398,971.436,286.388
0.641071,971.433,286.398,971.434,286.393
0.644725,964.360,314.023,967.897,300.208
0.647857,964.360,314.023,966.129,307.115
0.650536,964.360,314.023,965.244,310.569
0.653306,964.360,314.023,964.802,312.296
0.656424,964.360,314.023,964.581,313.159
0.659878,964.360,314.023,964.471,313.591
0.663071,964.360,314.023,964.415,313.807
0.665783,964.360,314.023,964.388,313.915
0.668569,964.360,314.023,964.374,313.969
0.670932,964.360,314.023,964.367,313.996
0.673580,964.360,314.023,964.363,314.009
0.677002,950.715,362.850,957.539,338.430
0.680069,950.715,362.850,954.127,350.640
0.682767,950.715,362.850,952.421,356.745
0.685722,950.715,362.850,951.568,359.797
0.689233,950.715,362.850,951.142,361.324
0.692683,950.715,362.850,950.929,362.087
0.696042,950.715,362.850,950.822,362.468
0.698873,950.715,362.850,950.769,362.659
0.701432,950.715,362.850,950.742,362.755
0.704194,950.715,362.850,950.729,362.802
0.707369,937.180,409.693,943.955,386.248
0.710568,937.180,409.693,940.567,397.970
0.713458,937.180,409.693,938.874,403.831
0.716557,937.180,409.693,938.027,406.762
0.720188,937.180,409.693,937.604,408.227
0.723579,937.180,409.693,937.392,408.960
0.726834,937.180,409.693,937.286,409.326
0.729640,937.180,409.693,937.233,409.510
0.732270,937.180,409.693,937.207,409.601
0.735204,924.456,447.367,930.831,428.484
0.738881,924.456,447.367,927.644,437.926
0.742274,924.456,447.367,926.050,442.647
0.745843,924.456,447.367,925.253,445.007
0.749181,924.456,447.367,924.855,446.187
0.752655,924.456,447.367,924.655,446.777
0.755943,924.456,447.367,924.556,447.072
0.759150,924.456,447.367,924.506,447.220
0.762178,924.456,447.367,924.481,447.294
0.764936,924.456,447.367,924.469,447.331
0.768568,917.360,473.442,920.914,460.386
0.771793,917.360,473.442,919.137,466.914
0.774818,917.360,473.442,918.249,470.178
0.778483,917.360,473.442,917.805,471.810
0.781670,917.360,473.442,917.582,472.626
0.785025,917.360,473.442,917.471,473.034
0.787904,917.360,473.442,917.416,473.238
0.790914,917.360,473.442,917.388,473.340
0.793951,917.360,473.442,917.374,473.391
0.797071,910.846,492.465,914.110,482.928
0.800274,910.846,492.465,912.478,487.696
0.803145,910.846,492.465,911.662,490.081
0.805863,910.846,492.465,911.254,491.273
0.809476,910.846,492.465,911.050,491.869
0.812962,910.846,492.465,910.948,492.167
0.816290,910.846,492.465,910.897,492.316
0.819319,910.846,492.465,910.872,492.390
0.822193,910.846,492.465,910.859,492.428
0.824887,910.846,492.465,910.853,492.446
0.828410,909.533,506.481,910.193,499.464
0.831579,909.533,506.481,909.863,502.972
0.834503,909.533,506.481,909.698,504.727
0.837653,909.533,506.481,909.616,505.604
0.841209,909.533,506.481,909.575,506.043
0.845217,909.533,506.481,909.554,506.262
0.848463,909.533,506.481,909.544,506.371
0.851372,909.533,506.481,909.539,506.426
0.854287,909.533,506.481,909.536,506.454
0.857437,909.543,511.974,909.540,509.214
0.861117,909.543,511.974,909.541,510.594
0.864451,909.543,511.974,909.542,511.284
0.867708,909.543,511.974,909.543,511.629
0.870902,909.543,511.974,909.543,511.802
0.873911,909.543,511.974,909.543,511.888
0.877295,909.543,511.974,909.543,511.931
0.880434,909.543,511.974,909.543,511.953
0.883128,909.543,511.974,909.543,511.963
0.885794,911.398,517.656,910.470,514.809
0.888852,911.398,517.656,910.934,516.232
0.892687,911.398,517.656,911.166,516.944
0.896625,911.398,517.656,911.282,517.300
0.900277,911.398,517.656,911.340,517.478
0.903424,911.398,517.656,911.369,517.567
0.906664,911.398,517.656,911.383,517.611
0.910047,911.398,517.656,911.390,517.633
0.913077,911.398,517.656,911.394,517.644
0.918229,912.971,522.660,912.182,520.152
0.922935,912.971,522.660,912.576,521.406
0.926355,912.971,522.660,912.774,522.033
0.931129,912.971,522.660,912.872,522.347
0.934063,912.971,522.660,912.921,522.503
0.938763,912.971,522.660,912.946,522.582
0.943630,912.971,522.660,912.958,522.621
0.946575,911.558,526.592,912.258,524.606
0.950608,911.558,526.592,911.908,525.599
0.953543,911.558,526.592,911.733,526.096
0.957483,911.558,526.592,911.645,526.344
0.960692,911.558,526.592,911.601,526.468
0.964843,911.558,526.592,911.580,526.530
0.967678,911.558,526.592,911.569,526.561
0.971656,911.558,526.592,911.563,526.577
0.974856,911.558,526.592,911.560,526.584
0.979389,909.212,530.260,910.386,528.422
0.981992,909.212,530.260,909.799,529.341
0.986363,909.212,530.260,909.505,529.801
0.989414,909.212,530.260,909.358,530.030
1.002491,909.212,530.260,909.285,530.145
1.012655,908.448,531.102,908.867,530.624
1.016841,908.448,531.102,908.657,530.863
1.020934,908.448,531.102,908.553,530.982
1.023837,908.448,531.102,908.500,531.042
1.028229,908.448,531.102,908.474,531.072
1.031193,908.448,531.102,908.461,531.087
1.035447,908.448,531.102,908.455,531.095
1.038377,908.448,531.102,908.451,531.098
1.041785,908.448,531.102,908.450,531.100
1.045233,908.253,532.354,908.351,531.727
1.048307,908.253,532.354,908.302,532.041
1.051295,908.253,532.354,908.277,532.198
1.054217,908.253,532.354,908.265,532.276
1.057414,908.253,532.354,908.259,532.315
1.060905,908.253,532.354,908.256,532.335
1.064305,908.253,532.354,908.254,532.345
1.067294,912.018,535.500,910.136,533.922
1.070455,912.018,535.500,911.077,534.711
1.073819,912.018,535.500,911.548,535.106
1.077349,912.018,535.500,911.783,535.303
1.080496,912.018,535.500,911.901,535.402
1.083441,912.018,535.500,911.959,535.451
1.086329,912.018,535.500,911.989,535.476
1.088820,912.018,535.500,912.003,535.488
1.091759,912.018,535.500,912.011,535.494
1.095428,912.018,535.500,912.014,535.497
1.098856,912.435,538.809,912.225,537.153
1.101823,912.435,538.809,912.330,537.981
1.104873,912.435,538.809,912.383,538.395
1.107866,912.435,538.809,912.409,538.602
1.111768,912.435,538.809,912.422,538.705
1.115093,912.435,538.809,912.429,538.757
1.118874,912.435,538.809,912.432,538.783
1.122540,912.435,538.809,912.434,538.796
1.126307,912.435,538.809,912.434,538.802
1.130783,910.252,548.585,911.343,543.693
1.134601,910.252,548.585,910.798,546.139
1.137890,910.252,548.585,910.525,547.362
1.141664,910.252,548.585,910.388,547.973
1.146007,910.252,548.585,910.320,548.279
1.149186,910.252,548.585,910.286,548.432
1.152082,910.252,548.585,910.269,548.508
1.155515,910.252,548.585,910.261,548.546
1.159439,910.252,548.585,910.256,548.566
1.163682,855.205,652.818,882.731,600.692
1.166829,855.205,652.818,868.968,626.755
1.169724,855.205,652.818,862.087,639.786
1.172739,855.205,652.818,858.646,646.302
1.176043,855.205,652.818,856.926,649.560
1.179402,855.205,652.818,856.066,651.189
1.182305,855.205,652.818,855.636,652.003
1.184812,855.205,652.818,855.420,652.410
1.187557,855.205,652.818,855.313,652.614
1.190740,777.624,807.080,816.469,729.847
1.194024,777.624,807.080,797.046,768.464
1.196984,777.624,807.080,787.335,787.772
1.199727,777.624,807.080,782.480,797.426
1.202521,777.624,807.080,780.052,802.253
1.205804,777.624,807.080,778.838,804.667
1.209051,777.624,807.080,778.231,805.873
1.211932,777.624,807.080,777.928,806.477
1.214814,777.624,807.080,777.776,806.778
1.217597,777.624,807.080,777.700,806.929
1.220433,777.624,807.080,777.662,807.005
1.224110,717.684,924.530,747.673,865.768
1.227734,717.684,924.530,732.679,895.149
1.230930,717.684,924.530,725.181,909.840
1.234108,717.684,924.530,721.433,917.185
1.237221,717.684,924.530,719.559,920.858
1.241678,717.684,924.530,718.621,922.694
1.244823,717.684,924.530,718.153,923.612
1.248764,691.891,1000.935,705.022,962.274
1.251895,691.891,1000.935,698.457,981.604
1.257554,691.891,1000.935,695.174,991.269
1.262981,691.891,1000.935,693.533,996.102
1.269062,691.891,1000.935,692.712,998.518
1.272137,691.891,1000.935,692.302,999.727
1.276660,691.891,1000.935,692.096,1000.331
1.279758,678.862,1045.715,685.479,1023.023
1.284605,678.862,1045.715,682.171,1034.369
1.288941,678.862,1045.715,680.516,1040.042
1.292425,678.862,1045.715,679.689,1042.879
1.297313,678.862,1045.715,679.276,1044.297
1.303116,678.862,1045.715,679.069,1045.006
1.306527,678.862,1045.715,678.965,1045.361
1.311481,679.155,1070.858,679.060,1058.109
1.314800,679.155,1070.858,679.108,1064.483
1.319420,679.155,1070.858,679.131,1067.671
1.323514,679.155,1070.858,679.143,1069.264
1.327035,679.155,1070.858,679.149,1070.061
1.331895,679.155,1070.858,679.152,1070.459
1.334706,679.155,1070.858,679.154,1070.659
1.338776,679.155,1070.858,679.154,1070.758
1.341184,679.155,1070.858,679.155,1070.808
1.345613,673.649,1090.014,676.402,1080.411
1.348888,673.649,1090.014,675.026,1085.212
1.353475,673.649,1090.014,674.337,1087.613
1.356958,673.649,1090.014,673.993,1088.813
1.361298,673.649,1090.014,673.821,1089.413
1.365364,673.649,1090.014,673.735,1089.713
1.367990,673.649,1090.014,673.692,1089.864
1.370505,673.649,1090.014,673.671,1089.938
1.372725,673.649,1090.014,673.660,1089.976
1.375898,664.326,1098.619,668.993,1094.298
1.381152,664.326,1098.619,666.659,1096.458
1.384657,664.326,1098.619,665.493,1097.539
1.387970,664.326,1098.619,664.909,1098.079
1.390918,664.326,1098.619,664.618,1098.349
1.394562,664.326,1098.619,664.472,1098.484
1.397451,664.326,1098.619,664.399,1098.552
1.402274,635.359,1106.508,649.879,1102.530
1.405136,635.359,1106.508,642.619,1104.519
1.407934,635.359,1106.508,638.989,1105.514
1.411147,635.359,1106.508,637.174,1106.011
1.415701,635.359,1106.508,636.266,1106.260
1.418439,635.359,1106.508,635.813,1106.384
1.421194,635.359,1106.508,635.586,1106.446
1.424541,635.359,1106.508,635.472,1106.477
1.428412,635.359,1106.508,635.416,1106.493
1.431644,603.883,1116.471,619.649,1111.482
1.435033,603.883,1116.471,611.766,1113.976
1.438078,603.883,1116.471,607.825,1115.223
1.443873,603.883,1116.471,605.854,1115.847
1.447387,603.883,1116.471,604.868,1116.159
1.450438,603.883,1116.471,604.376,1116.315
1.453189,603.883,1116.471,604.129,1116.393
1.457964,603.883,1116.471,604.006,1116.432
1.462440,583.491,1119.962,593.749,1118.197
1.465267,583.491,1119.962,588.620,1119.079
1.470037,583.491,1119.962,586.055,1119.521
1.473511,583.491,1119.962,584.773,1119.741
1.478410,583.491,1119.962,584.132,1119.851
1.482463,583.491,1119.962,583.811,1119.906
1.486901,583.491,1119.962,583.651,1119.934
1.492325,569.303,1122.474,576.477,1121.204
1.497124,569.303,1122.474,572.890,1121.839
1.500388,569.303,1122.474,571.096,1122.156
1.504928,569.303,1122.474,570.199,1122.315
1.507742,569.303,1122.474,569.751,1122.395
1.510629,569.303,1122.474,569.527,1122.434
1.513273,569.303,1122.474,569.415,1122.454
1.516958,569.303,1122.474,569.359,1122.464
1.519613,569.303,1122.474,569.331,1122.469
1.522266,556.138,1121.636,562.734,1122.052
1.526545,556.138,1121.636,559.436,1121.844
1.530108,556.138,1121.636,557.787,1121.740
1.532989,556.138,1121.636,556.962,1121.688
1.536080,556.138,1121.636,556.550,1121.662
1.538708,556.138,1121.636,556.344,1121.649
1.541458,556.138,1121.636,556.241,1121.642
1.545552,556.138,1121.636,556.189,1121.639
1.548409,556.138,1121.636,556.163,1121.638
1.551438,556.138,1121.636,556.150,1121.637
1.554546,556.138,1121.636,556.144,1121.636
1.557639,548.960,1121.224,552.552,1121.430
1.561289,548.960,1121.224,550.756,1121.327
1.566051,548.960,1121.224,549.858,1121.276
1.569189,548.960,1121.224,549.409,1121.250
1.572370,548.960,1121.224,549.185,1121.237
1.575053,548.960,1121.224,549.072,1121.231
1.579245,548.960,1121.224,549.016,1121.228
1.582286,544.031,1122.947,546.523,1122.087
1.586612,544.031,1122.947,545.277,1122.517
1.589770,544.031,1122.947,544.654,1122.732
1.594010,544.031,1122.947,544.342,1122.840
1.597227,544.031,1122.947,544.186,1122.893
1.601832,544.031,1122.947,544.108,1122.920
1.606895,544.031,1122.947,544.070,1122.934
1.610827,544.031,1122.947,544.050,1122.940
1.616069,544.031,1122.947,544.040,1122.944
1.620752,541.653,1126.203,542.847,1124.574
1.623848,541.653,1126.203,542.250,1125.389
1.629241,541.653,1126.203,541.952,1125.796
1.632679,541.653,1126.203,541.803,1126.000
1.636865,541.653,1126.203,541.728,1126.102
1.639606,541.653,1126.203,541.691,1126.153
1.644176,542.025,1129.643,541.858,1127.898
1.647860,542.025,1129.643,541.941,1128.771
1.651126,542.025,1129.643,541.983,1129.207
1.655772,542.025,1129.643,542.004,1129.425
1.659280,542.025,1129.643,542.014,1129.534
1.663953,542.025,1129.643,542.019,1129.589
1.666554,542.025,1129.643,542.022,1129.616
1.668992,542.025,1129.643,542.023,1129.630
1.671284,542.025,1129.643,542.024,1129.636
1.673433,542.025,1129.643,542.024,1129.640
1.677966,540.856,1133.857,541.440,1131.749
1.680573,540.856,1133.857,541.148,1132.803
1.684198,540.856,1133.857,541.002,1133.330
1.686947,540.856,1133.857,540.929,1133.594
1.691743,540.856,1133.857,540.892,1133.725
1.695900,540.856,1133.857,540.874,1133.791
1.698756,540.856,1133.857,540.865,1133.824
1.701785,540.856,1133.857,540.860,1133.841
1.706649,540.059,1139.955,540.460,1136.898
1.711438,540.059,1139.955,540.259,1138.426
1.714522,540.059,1139.955,540.159,1139.190
1.717080,540.059,1139.955,540.109,1139.573
1.719325,540.059,1139.955,540.084,1139.764
1.721864,540.059,1139.955,540.072,1139.859
1.724906,540.059,1139.955,540.065,1139.907
1.727667,540.059,1139.955,540.062,1139.931
1.731385,540.059,1139.955,540.061,1139.943
1.734062,540.059,1139.955,540.060,1139.949
1.736973,535.427,1142.789,537.743,1141.369
1.740799,535.427,1142.789,536.585,1142.079
1.745959,535.427,1142.789,536.006,1142.434
1.749214,535.427,1142.789,535.716,1142.612
1.752770,535.427,1142.789,535.571,1142.700
1.755841,535.427,1142.789,535.499,1142.745
1.760056,535.427,1142.789,535.463,1142.767
1.763104,535.427,1142.789,535.445,1142.778
1.765683,535.427,1142.789,535.436,1142.784
1.768861,533.215,1145.424,534.325,1144.104
1.772700,533.215,1145.424,533.770,1144.764
1.775959,533.215,1145.424,533.492,1145.094
1.780084,533.215,1145.424,533.353,1145.259
1.782821,533.215,1145.424,533.284,1145.341
1.786081,533.215,1145.424,533.249,1145.383
1.788993,533.215,1145.424,533.232,1145.403
1.791731,533.215,1145.424,533.223,1145.414
1.796246,533.215,1145.424,533.219,1145.419
1.800254,533.170,1147.745,533.194,1146.582
1.803363,533.170,1147.745,533.182,1147.163
1.807117,533.170,1147.745,533.176,1147.454
1.810213,533.170,1147.745,533.173,1147.599
1.812982,533.170,1147.745,533.171,1147.672
1.815561,533.170,1147.745,533.170,1147.708
1.818335,533.170,1147.745,533.170,1147.727
1.822383,533.170,1147.745,533.170,1147.736
1.825325,533.830,1147.008,533.500,1147.372
1.828328,533.830,1147.008,533.665,1147.190
1.831225,533.830,1147.008,533.748,1147.099
1.835176,533.830,1147.008,533.789,1147.053
1.838318,533.830,1147.008,533.809,1147.031
1.842709,533.830,1147.008,533.820,1147.019
1.845775,533.830,1147.008,533.825,1147.014
1.849288,533.830,1147.008,533.828,1147.011
1.852158,533.830,1147.008,533.829,1147.010
1.856470,530.833,1145.263,532.331,1146.136
1.859631,530.833,1145.263,531.582,1145.699
1.863142,530.833,1145.263,531.208,1145.481
1.866334,530.833,1145.263,531.021,1145.372
1.869506,530.833,1145.263,530.927,1145.317
1.872368,530.833,1145.263,530.880,1145.290
1.875393,530.833,1145.263,530.857,1145.276
1.879113,530.833,1145.263,530.845,1145.270
1.882480,530.833,1145.263,530.839,1145.266
1.885790,528.450,1145.273,529.645,1145.269
1.888674,528.450,1145.273,529.047,1145.271
1.891889,528.450,1145.273,528.748,1145.272
1.895723,528.450,1145.273,528.599,1145.272
1.898938,528.450,1145.273,528.524,1145.272
1.901662,528.450,1145.273,528.487,1145.273
1.904356,528.450,1145.273,528.468,1145.273
1.907117,528.450,1145.273,528.459,1145.273
1.910439,528.450,1145.273,528.455,1145.273
1.914425,529.658,1141.617,529.057,1143.445
1.917919,529.658,1141.617,529.357,1142.531
1.920732,529.658,1141.617,529.508,1142.074
1.923687,529.658,1141.617,529.583,1141.845
1.927752,529.658,1141.617,529.621,1141.731
1.931206,529.658,1141.617,529.640,1141.674
1.934283,529.658,1141.617,529.649,1141.646
1.937069,529.658,1141.617,529.654,1141.631
1.939708,529.658,1141.617,529.656,1141.624
1.943071,529.658,1141.617,529.657,1141.621
1.946585,538.914,1100.824,534.286,1121.222
1.949603,538.914,1100.824,536.600,1111.023
1.952608,538.914,1100.824,537.757,1105.923
1.955853,538.914,1100.824,538.336,1103.374
1.959987,538.914,1100.824,538.625,1102.099
1.963351,538.914,1100.824,538.770,1101.461
1.966568,538.914,1100.824,538.842,1101.143
1.969653,538.914,1100.824,538.878,1100.983
1.973074,572.285,1003.246,555.581,1052.114
1.976939,572.285,1003.246,563.933,1027.680
1.979931,572.285,1003.246,568.109,1015.463
1.982735,572.285,1003.246,570.197,1009.354
1.986131,572.285,1003.246,571.241,1006.300
2.000834,328.169,581.511,449.705,793.905
2.009412,352.646,523.247,401.175,658.576
2.012847,352.646,523.247,376.911,590.911
2.016828,352.646,523.247,364.778,557.079
2.019875,352.646,523.247,358.712,540.163
2.024947,352.646,523.247,355.679,531.705
2.028020,352.646,523.247,354.162,527.476
2.030722,352.646,523.247,353.404,525.361
2.033162,352.646,523.247,353.025,524.304
2.038153,372.339,503.840,362.682,514.072
2.041224,372.339,503.840,367.511,508.956
2.044754,372.339,503.840,369.925,506.398
2.047899,372.339,503.840,371.132,505.119
2.050854,372.339,503.840,371.736,504.480
2.053675,372.339,503.840,372.038,504.160
2.056385,372.339,503.840,372.188,504.000
2.059505,372.339,503.840,372.264,503.920
2.062954,372.339,503.840,372.302,503.880
2.066264,382.553,490.810,377.427,497.345
2.069086,382.553,490.810,379.990,494.078
2.071720,382.553,490.810,381.272,492.444
2.074462,382.553,490.810,381.912,491.627
2.077619,382.553,490.810,382.233,491.218
2.080597,382.553,490.810,382.393,491.014
2.083147,382.553,490.810,382.473,490.912
2.085906,382.553,490.810,382.513,490.861
2.088516,382.553,490.810,382.533,490.835
2.090875,382.553,490.810,382.543,490.823
2.093585,382.553,490.810,382.548,490.816
2.097050,387.960,474.843,385.254,482.830
2.100904,387.960,474.843,386.607,478.836
2.104584,387.960,474.843,387.284,476.840
2.108236,387.960,474.843,387.622,475.841
2.111639,387.960,474.843,387.791,475.342
2.114754,387.960,474.843,387.876,475.093
2.117699,387.960,474.843,387.918,474.968
2.120406,387.960,474.843,387.939,474.905
2.123028,387.960,474.843,387.950,474.874
2.125791,394.300,465.425,391.125,470.149
2.128734,394.300,465.425,392.712,467.787
2.131414,394.300,465.425,393.506,466.606
2.134925,394.300,465.425,393.903,466.015
2.137839,394.300,465.425,394.101,465.720
2.143761,394.300,465.425,394.201,465.572
2.148645,394.300,465.425,394.250,465.498
2.151546,394.300,465.425,394.275,465.461
2.177885,399.393,461.551,396.834,463.506
2.195599,403.149,461.074,399.991,462.290
2.203585,403.149,461.074,401.570,461.682
2.207984,403.149,461.074,402.359,461.378
2.212353,403.149,461.074,402.754,461.226
2.217637,407.386,460.927,405.070,461.077
2.221492,407.386,460.927,406.228,461.002
2.227831,407.386,460.927,406.807,460.964
2.232774,407.386,460.927,407.097,460.946
2.238257,407.386,460.927,407.241,460.936
2.242193,407.386,460.927,407.314,460.932
2.246638,408.541,459.174,407.927,460.053
2.251502,408.541,459.174,408.234,459.614
2.255744,408.541,459.174,408.388,459.394
2.261132,408.541,459.174,408.464,459.284
2.266636,408.541,459.174,408.503,459.229
2.272295,408.541,459.174,408.522,459.202
2.276343,408.574,457.668,408.548,458.435
2.281379,408.574,457.668,408.561,458.052
2.286811,408.574,457.668,408.567,457.860
2.292825,408.574,457.668,408.571,457.764
2.296649,408.574,457.668,408.572,457.716
2.301165,408.574,457.668,408.573,457.692
2.306466,408.574,457.668,408.573,457.680
2.310560,408.574,457.668,408.574,457.674
2.315524,408.494,456.699,408.534,457.187
2.321893,408.494,456.699,408.514,456.943
2.325956,408.494,456.699,408.504,456.821
2.329394,408.494,456.699,408.499,456.760
2.331988,408.494,456.699,408.496,456.730
2.336590,408.752,456.460,408.624,456.595
2.340508,408.752,456.460,408.688,456.528
2.343757,408.752,456.460,408.720,456.494
2.347053,408.752,456.460,408.736,456.477
2.350079,408.752,456.460,408.744,456.469
2.352898,408.752,456.460,408.748,456.464
2.355921,408.752,456.460,408.750,456.462
2.358303,408.752,456.460,408.751,456.461
2.360714,408.752,456.460,408.752,456.461
2.363317,408.752,456.460,408.752,456.460
2.366138,408.752,456.460,408.752,456.460
2.370753,408.650,456.832,408.701,456.646
2.374256,408.650,456.832,408.675,456.739
2.377089,408.650,456.832,408.663,456.785
2.380697,408.650,456.832,408.656,456.809
2.384618,408.650,456.832,408.653,456.820
2.387177,408.650,456.832,408.651,456.826
2.389519,408.650,456.832,408.651,456.829
2.391884,408.650,456.832,408.650,456.830
2.394762,408.650,456.832,408.650,456.831
2.397205,408.828,455.945,408.739,456.388
2.399554,408.828,455.945,408.784,456.166
2.402964,408.828,455.945,408.806,456.056
2.406686,408.828,455.945,408.817,456.000
2.409707,408.828,455.945,408.823,455.973
2.412863,408.828,455.945,408.825,455.959
2.416802,408.828,455.945,408.827,455.952
2.420316,408.828,455.945,408.828,455.948
2.424264,408.828,455.945,408.828,455.947
2.428042,408.906,455.228,408.867,455.587
2.432195,408.906,455.228,408.886,455.408
2.434507,408.906,455.228,408.896,455.318
2.438418,408.906,455.228,408.901,455.273
2.442505,408.906,455.228,408.903,455.250
2.445358,408.906,455.228,408.904,455.239
2.447983,408.906,455.228,408.905,455.234
2.450955,408.906,455.228,408.905,455.231
2.453425,408.906,455.228,408.905,455.229
2.455645,408.906,455.228,408.906,455.229
2.459573,408.906,455.228,408.906,455.228
2.462939,409.091,453.543,408.998,454.386
2.466063,409.091,453.543,409.044,453.965
2.468830,409.091,453.543,409.068,453.754
2.471521,409.091,453.543,409.079,453.649
2.474459,409.091,453.543,409.085,453.596
2.479324,409.091,453.543,409.088,453.570
2.483282,409.091,453.543,409.089,453.557
2.486155,409.091,453.543,409.090,453.550
2.488423,409.091,453.543,409.090,453.547
2.490976,409.091,453.543,409.091,453.545
2.495064,409.383,450.838,409.237,452.192
2.500239,409.383,450.838,409.310,451.515
2.504405,409.383,450.838,409.347,451.177
2.509318,409.383,450.838,409.365,451.008
2.514022,409.383,450.838,409.374,450.923
2.517495,409.800,448.660,409.587,449.791
2.522341,409.800,448.660,409.693,449.225
2.526501,409.800,448.660,409.746,448.943
2.530807,409.800,448.660,409.773,448.801
2.535586,409.800,448.660,409.786,448.730
2.539615,409.800,448.660,409.793,448.695
2.543788,409.800,448.660,409.796,448.677
2.547858,409.800,448.660,409.798,448.669
2.550422,409.800,448.660,409.799,448.664
2.553161,410.702,447.599,410.251,448.132
2.557255,410.702,447.599,410.476,447.866
2.560110,410.702,447.599,410.589,447.732
2.564584,410.702,447.599,410.646,447.666
2.569667,410.702,447.599,410.674,447.633
2.573027,410.702,447.599,410.688,447.616
2.575677,410.702,447.599,410.695,447.608
2.578205,411.491,445.660,411.093,446.634
2.587257,411.491,445.660,411.292,446.147
2.596251,411.491,445.660,411.391,445.904
2.601089,411.491,445.660,411.441,445.782
2.606444,411.491,445.660,411.466,445.721
2.610753,411.491,445.660,411.478,445.691
2.614164,411.582,445.150,411.530,445.421
2.618163,411.582,445.150,411.556,445.285
2.621104,411.582,445.150,411.569,445.218
2.623883,411.582,445.150,411.575,445.184
2.626322,411.582,445.150,411.579,445.167
2.628746,411.582,445.150,411.580,445.159
2.635155,411.582,445.150,411.581,445.155
2.639147,411.582,445.150,411.581,445.152
2.641286,411.582,445.150,411.582,445.151
2.644707,427.073,445.051,419.327,445.101
2.647616,427.073,445.051,423.200,445.076
2.651839,427.073,445.051,425.136,445.064
2.655082,427.073,445.051,426.104,445.058
2.661634,427.073,445.051,426.589,445.054
2.669413,455.638,447.141,441.113,446.097
2.674592,455.638,447.141,448.376,446.619
2.684467,455.638,447.141,452.007,446.880
2.693809,455.638,447.141,453.823,447.010
2.698191,455.638,447.141,454.730,447.075
2.704459,487.843,448.755,471.287,447.915
2.709149,487.843,448.755,479.565,448.335
2.716882,487.843,448.755,483.704,448.545
2.724076,487.843,448.755,485.774,448.650
2.731403,519.849,447.401,502.812,448.026
2.739807,519.849,447.401,511.330,447.714
2.748924,519.849,447.401,515.590,447.558
2.756888,519.849,447.401,517.720,447.480
2.765754,545.197,447.766,531.458,447.623
2.773541,545.197,447.766,538.328,447.694
2.780976,545.197,447.766,541.763,447.730
2.789528,562.346,446.869,552.054,447.300
2.795063,562.346,446.869,557.200,447.084
2.802218,562.346,446.869,559.773,446.977
2.807248,562.346,446.869,561.059,446.923
2.811230,562.346,446.869,561.702,446.896
2.813743,562.346,446.869,562.024,446.882
2.816163,562.346,446.869,562.185,446.876
2.819269,562.346,446.869,562.265,446.872
2.821811,562.346,446.869,562.305,446.871
2.829316,578.215,445.882,570.260,446.377
2.837857,578.215,445.882,574.238,446.130
2.841901,578.215,445.882,576.227,446.006
2.845308,578.215,445.882,577.221,445.944
2.847935,578.215,445.882,577.718,445.913
2.850478,587.386,445.192,582.552,445.553
2.853284,587.386,445.192,584.969,445.373
2.855433,587.386,445.192,586.178,445.283
2.857386,587.386,445.192,586.782,445.237
2.860282,587.386,445.192,587.084,445.215
2.863554,587.386,445.192,587.235,445.204
2.866238,587.386,445.192,587.310,445.198
2.868670,587.386,445.192,587.348,445.195
2.870933,587.386,445.192,587.367,445.194
2.873096,587.386,445.192,587.377,445.193
2.875153,587.386,445.192,587.381,445.193
2.877842,587.386,445.192,587.384,445.193
2.880997,596.438,441.342,591.911,443.267
2.884238,596.438,441.342,594.174,442.304
2.887018,596.438,441.342,595.306,441.823
2.889548,596.438,441.342,595.872,441.582
2.892597,596.438,441.342,596.155,441.462
2.896060,596.438,441.342,596.297,441.402
2.898993,596.438,441.342,596.367,441.372
2.901814,596.438,441.342,596.403,441.357
2.904371,596.438,441.342,596.420,441.349
2.906813,596.438,441.342,596.429,441.346
2.909003,596.438,441.342,596.434,441.344
2.911457,596.438,441.342,596.436,441.343
2.913831,596.438,441.342,596.437,441.342
2.917284,595.431,419.931,595.934,430.636
2.920470,595.431,419.931,595.682,425.283
2.923231,595.431,419.931,595.556,422.607
2.926024,595.431,419.931,595.493,421.269
2.928888,595.431,419.931,595.462,420.600
2.931462,595.431,419.931,595.446,420.265
2.934011,595.431,419.931,595.438,420.098
2.936627,595.431,419.931,595.434,420.014
2.939281,595.431,419.931,595.433,419.972
2.946061,618.525,418.747,606.979,419.360
2.952349,618.525,418.747,612.752,419.053
3.026166,652.047,430.250,632.399,424.652
3.037395,667.824,437.517,650.112,431.084
3.048415,667.824,437.517,658.968,434.301
3.058244,667.824,437.517,663.396,435.909
3.068323,680.705,441.185,672.051,438.547
3.081511,680.705,441.185,676.378,439.866
3.089517,680.705,441.185,678.541,440.525
3.096334,692.804,444.595,685.673,442.560
3.104424,692.804,444.595,689.239,443.578
3.113157,692.804,444.595,691.022,444.086
3.123110,701.450,448.738,696.236,446.412
3.130803,701.450,448.738,698.843,447.575
3.138345,701.450,448.738,700.146,448.157
3.144725,701.450,448.738,700.798,448.447
3.151767,705.772,451.280,703.285,449.864
3.158700,705.772,451.280,704.529,450.572
3.165936,705.772,451.280,705.150,450.926
3.172413,705.772,451.280,705.461,451.103
3.178595,705.772,451.280,705.617,451.191
3.185574,710.711,453.285,708.164,452.238
3.191372,710.711,453.285,709.437,452.762
3.199009,710.711,453.285,710.074,453.023
3.205182,710.711,453.285,710.393,453.154
3.210097,710.711,453.285,710.552,453.220
3.216683,712.916,453.657,711.734,453.438
3.222377,712.916,453.657,712.325,453.548
3.229605,712.916,453.657,712.620,453.602
3.235849,712.916,453.657,712.768,453.630
3.241648,712.916,453.657,712.842,453.643
3.249314,721.923,459.215,717.382,456.429
3.256030,721.923,459.215,719.653,457.822
3.263781,721.923,459.215,720.788,458.518
3.269688,721.923,459.215,721.355,458.867
3.276413,784.288,496.743,752.822,477.805
3.283176,784.288,496.743,768.555,487.274
3.290558,784.288,496.743,776.421,492.008
3.297582,784.288,496.743,780.355,494.376
3.303859,865.081,552.604,822.718,523.490
3.312307,865.081,552.604,843.899,538.047
3.319973,865.081,552.604,854.490,545.326
3.327138,865.081,552.604,859.786,548.965
3.334501,925.105,586.563,892.445,567.764
3.341337,925.105,586.563,908.775,577.164
3.347773,925.105,586.563,916.940,581.863
3.354961,925.105,586.563,921.023,584.213
3.363405,963.051,609.408,942.037,596.811
3.371557,963.051,609.408,952.544,603.110
3.378974,963.051,609.408,957.798,606.259
3.385956,963.051,609.408,960.425,607.834
3.392196,963.051,609.408,961.738,608.621
3.399314,985.199,620.757,973.469,614.689
3.406538,985.199,620.757,979.334,617.723
3.412800,985.199,620.757,982.267,619.240
3.419803,985.199,620.757,983.733,619.998
3.426231,998.647,627.054,991.190,623.526
3.433226,998.647,627.054,994.919,625.290
3.440030,998.647,627.054,996.783,626.172
3.446727,998.647,627.054,997.715,626.613
3.452421,998.647,627.054,998.181,626.833
3.458917,1028.843,638.113,1013.512,632.473
3.465876,1028.843,638.113,1021.177,635.293
3.472829,1028.843,638.113,1025.010,636.703
3.479621,1028.843,638.113,1026.926,637.408
3.488629,1048.812,637.539,1037.869,637.473
3.496658,1048.812,637.539,1043.341,637.506
3.504564,1048.812,637.539,1046.077,637.523
3.512121,1048.812,637.539,1047.445,637.531
3.519131,1061.741,641.535,1054.593,639.533
3.527239,1061.741,641.535,1058.167,640.534
3.533877,1061.741,641.535,1059.954,641.035
3.540969,1061.741,641.535,1060.847,641.285
3.548246,1061.741,641.535,1061.294,641.410
3.557960,1072.838,646.677,1067.066,644.044
3.566086,1072.838,646.677,1069.952,645.361
3.573256,1072.838,646.677,1071.395,646.019
3.580544,1078.687,648.790,1075.041,647.405
3.589049,1078.687,648.790,1076.864,648.097
3.596554,1078.687,648.790,1077.775,648.444
3.603463,1078.687,648.790,1078.231,648.617
3.611115,1082.013,651.640,1080.122,650.128
3.620656,1082.013,651.640,1081.068,650.884
3.628549,1082.013,651.640,1081.540,651.262
3.637086,1085.619,654.372,1083.580,652.817
3.645946,1085.619,654.372,1084.600,653.595
3.655347,1085.619,654.372,1085.109,653.984
3.663029,1085.619,654.372,1085.364,654.178
3.670446,1088.176,656.585,1086.770,655.382
3.677703,1088.176,656.585,1087.473,655.983
3.684673,1088.176,656.585,1087.824,656.284
3.691852,1088.176,656.585,1088.000,656.435
3.699476,1091.437,659.408,1089.718,657.922
3.707393,1091.437,659.408,1090.578,658.665
3.715026,1091.437,659.408,1091.007,659.037
3.720688,1091.437,659.408,1091.222,659.223
3.728723,1092.460,661.373,1091.841,660.298
3.734935,1092.460,661.373,1092.150,660.835
3.742207,1092.460,661.373,1092.305,661.104
3.748759,1092.460,661.373,1092.383,661.239
3.757075,1092.460,661.373,1092.421,661.306
3.765826,1093.962,663.453,1093.192,662.379
3.773641,1093.962,663.453,1093.577,662.916
3.780915,1093.962,663.453,1093.770,663.184
3.787650,1093.962,663.453,1093.866,663.318
3.794198,1094.969,664.128,1094.418,663.723
3.800479,1094.969,664.128,1094.694,663.926
3.806510,1094.969,664.128,1094.832,664.027
3.811337,1094.969,664.128,1094.901,664.078
3.817731,1094.969,664.128,1094.935,664.103
3.823253,1095.402,665.842,1095.168,664.972
3.829711,1095.402,665.842,1095.285,665.407
3.836270,1095.402,665.842,1095.344,665.624
3.841060,1095.402,665.842,1095.373,665.733
3.846171,1095.858,666.200,1095.615,665.967
3.852378,1095.858,666.200,1095.737,666.083
3.857974,1095.858,666.200,1095.797,666.142
3.863935,1095.858,666.200,1095.828,666.171
3.869418,1095.858,666.200,1095.843,666.186
3.874593,1095.858,666.200,1095.850,666.193
3.880443,1097.154,667.724,1096.502,666.959
3.887376,1097.154,667.724,1096.828,667.341
3.893886,1097.154,667.724,1096.991,667.533
3.900613,1097.154,667.724,1097.072,667.628
3.906089,1097.154,667.724,1097.113,667.676
3.911969,1097.514,668.752,1097.313,668.214
3.917167,1097.514,668.752,1097.414,668.483
3.922839,1097.514,668.752,1097.464,668.618
3.928344,1097.514,668.752,1097.489,668.685
3.933795,1097.514,668.752,1097.501,668.719
3.939006,1097.942,668.453,1097.722,668.586
3.944224,1097.942,668.453,1097.832,668.519
3.949494,1097.942,668.453,1097.887,668.486
3.954841,1097.942,668.453,1097.914,668.470
3.961194,1097.942,668.453,1097.928,668.461
3.966609,1097.942,668.453,1097.935,668.457
3.971837,1099.304,668.490,1098.620,668.473
3.977202,1099.304,668.490,1098.962,668.482
3.982991,1099.304,668.490,1099.133,668.486
3.988313,1099.304,668.490,1099.219,668.488
3.995162,1099.304,668.490,1099.261,668.489
4.002297,1099.956,668.475,1099.609,668.482
4.009875,1099.956,668.475,1099.783,668.478
4.015910,1099.956,668.475,1099.870,668.476
4.021388,1099.956,668.475,1099.913,668.476
4.027444,1100.343,668.539,1100.128,668.507
4.033572,1100.343,668.539,1100.235,668.523
4.041661,1100.343,668.539,1100.289,668.531
4.049396,1100.343,668.539,1100.316,668.535
4.057902,1101.010,668.649,1100.663,668.592
4.067012,1101.010,668.649,1100.836,668.621
4.076507,1101.010,668.649,1100.923,668.635
4.083335,1101.010,668.649,1100.966,668.642
4.089808,1102.586,669.184,1101.776,668.913
4.096776,1102.586,669.184,1102.181,669.049
4.105752,1102.586,669.184,1102.384,669.116
4.115298,1102.586,669.184,1102.485,669.150
4.122270,1102.586,669.184,1102.536,669.167
4.130580,1103.199,669.270,1102.867,669.219
4.138240,1103.199,669.270,1103.033,669.245
4.143882,1103.199,669.270,1103.116,669.257
4.149730,1103.219,666.886,1103.168,668.072
4.156392,1103.219,666.886,1103.193,667.479
4.163285,1103.219,666.886,1103.206,667.183
4.169183,1103.219,666.886,1103.213,667.035
4.175166,1103.219,666.886,1103.216,666.960
4.181317,1103.219,666.886,1103.218,666.923
4.186986,1103.219,666.886,1103.218,666.905
4.193267,1103.219,666.886,1103.219,666.896
4.199067,1103.219,666.886,1103.219,666.891
4.204347,1103.219,666.886,1103.219,666.889
4.209603,1103.219,666.886,1103.219,666.888
4.214862,1103.219,666.886,1103.219,666.887
4.220092,1103.219,666.886,1103.219,666.887
4.226378,1103.219,666.886,1103.219,666.887
4.232261,1103.219,666.886,1103.219,666.886
4.238534,1103.219,666.886,1103.219,666.886
4.244714,1103.219,666.886,1103.219,666.886
4.250543,1103.219,666.886,1103.219,666.886
4.259650,1103.219,666.886,1103.219,666.886
4.265941,1103.219,666.886,1103.219,666.886
4.273259,773.061,309.381,938.140,488.134
4.280303,773.061,309.381,855.601,398.758
4.287370,773.061,309.381,814.331,354.069
4.293221,773.061,309.381,793.696,331.725
4.299266,827.894,395.145,810.795,363.435
4.305858,827.894,395.145,819.344,379.290
4.311812,827.894,395.145,823.619,387.217
4.318479,827.894,395.145,825.756,391.181
4.324233,827.894,395.145,826.825,393.163
4.329612,827.894,395.145,827.359,394.154
4.335713,753.310,342.168,790.335,368.161
4.341710,753.310,342.168,771.823,355.164
4.348702,753.310,342.168,762.567,348.666
4.354941,753.310,342.168,757.939,345.417
4.383136,1238.915,578.917,998.427,462.167
4.390166,1238.915,578.917,1118.671,520.542
4.442878,1176.498,537.322,1147.584,528.932
4.449632,1176.498,537.322,1162.041,533.127
4.455691,1167.999,525.897,1165.020,529.512
4.462808,1167.999,525.897,1166.510,527.705
4.469909,1167.999,525.897,1167.254,526.801
4.477437,1167.999,525.897,1167.627,526.349
4.485139,1166.381,514.924,1167.004,520.637
4.492520,1166.381,514.924,1166.692,517.780
4.501149,1166.381,514.924,1166.536,516.352
4.509048,1166.381,514.924,1166.458,515.638
4.518477,1158.989,513.460,1162.724,514.549
4.529782,1158.989,513.460,1160.857,514.005
4.540868,1158.989,513.460,1159.923,513.732
4.550103,1153.930,513.031,1156.927,513.382
4.559804,1153.930,513.031,1155.428,513.207
4.567288,1153.930,513.031,1154.679,513.119
4.576238,1150.927,515.113,1152.803,514.116
4.585711,1150.927,515.113,1151.865,514.614
4.595119,1150.927,515.113,1151.396,514.864
4.603261,1144.839,516.819,1148.118,515.841
4.611384,1144.839,516.819,1146.479,516.330
4.619605,1144.839,516.819,1145.659,516.574
4.628270,1144.839,516.819,1145.249,516.697
4.636083,1144.839,516.819,1145.044,516.758
4.644029,1140.364,518.502,1142.704,517.630
4.653329,1140.364,518.502,1141.534,518.066
4.661294,1140.364,518.502,1140.949,518.284
4.670878,1137.397,519.108,1139.173,518.696
4.678975,1137.397,519.108,1138.285,518.902
4.687617,1137.397,519.108,1137.841,519.005
4.694474,1137.397,519.108,1137.619,519.057
4.702725,1136.875,520.205,1137.247,519.631
4.714437,1136.875,520.205,1137.061,519.918
4.723306,1136.875,520.205,1136.968,520.061
4.732245,1136.972,521.323,1136.970,520.692
4.738887,1136.972,521.323,1136.971,521.007
4.745259,1136.972,521.323,1136.971,521.165
4.751321,1136.972,521.323,1136.972,521.244
4.757413,1128.361,478.558,1132.666,499.901
4.765599,1128.361,478.558,1130.513,489.230
4.772962,1128.361,478.558,1129.437,483.894
4.780360,1128.361,478.558,1128.899,481.226
4.787091,1097.897,385.925,1113.398,433.576
4.798406,1097.897,385.925,1105.648,409.750
4.806130,1097.897,385.925,1101.772,397.838
4.813556,1073.870,305.581,1087.821,351.710
4.821401,1073.870,305.581,1080.846,328.645
4.829234,1073.870,305.581,1077.358,317.113
4.836480,1073.870,305.581,1075.614,311.347
4.843429,1056.477,248.478,1066.046,279.913
4.850686,1056.477,248.478,1061.262,264.195
4.858668,1056.477,248.478,1058.870,256.337
4.865838,1056.477,248.478,1057.674,252.407
4.875449,1043.290,209.863,1050.482,231.135
4.884482,1043.290,209.863,1046.886,220.499
4.892259,1043.290,209.863,1045.088,215.181
4.900102,1043.290,209.863,1044.189,212.522
4.907926,1042.981,184.927,1043.585,198.724
4.915118,1042.981,184.927,1043.283,191.825
4.923434,1042.981,184.927,1043.132,188.376
4.930566,1042.981,184.927,1043.056,186.651
4.937533,1044.633,169.518,1043.844,178.085
4.943534,1044.633,169.518,1044.239,173.802
4.953208,1044.633,169.518,1044.436,171.660
4.960332,1044.633,169.518,1044.534,170.589
4.968108,1040.777,158.231,1042.656,164.410
4.975242,1040.777,158.231,1041.716,161.321
4.983022,1040.777,158.231,1041.247,159.776
4.988984,1040.777,158.231,1041.012,159.004
4.995193,842.970,-69.620,941.991,44.692
5.002292,842.970,-69.620,892.481,-12.464
5.009608,842.970,-69.620,867.725,-41.042
5.016639,842.970,-69.620,855.348,-55.331
5.022985,842.970,-69.620,849.159,-62.475
5.029963,613.954,-330.114,731.556,-196.295
5.037223,613.954,-330.114,672.755,-263.204
5.045653,613.954,-330.114,643.355,-296.659
5.053760,613.954,-330.114,628.654,-313.386
5.064225,502.969,-464.635,565.812,-389.011
5.074306,502.969,-464.635,534.391,-426.823
5.083970,502.969,-464.635,518.680,-445.729
5.094199,441.798,-521.934,480.239,-483.831
5.101417,441.798,-521.934,461.018,-502.883
5.107858,441.798,-521.934,451.408,-512.408
5.114009,441.798,-521.934,446.603,-517.171
5.121541,403.054,-551.769,424.829,-534.470
5.129338,403.054,-551.769,413.941,-543.119
5.137118,403.054,-551.769,408.498,-547.444
5.143825,403.054,-551.769,405.776,-549.606
5.151088,380.218,-565.433,392.997,-557.520
5.158126,380.218,-565.433,386.608,-561.477
5.165206,380.218,-565.433,383.413,-563.455
5.172446,380.218,-565.433,381.816,-564.444
5.179769,370.738,-572.495,376.277,-568.470
5.187039,370.738,-572.495,373.508,-570.483
5.193870,370.738,-572.495,372.123,-571.489
5.200725,370.738,-572.495,371.431,-571.992
5.207103,441.388,-524.935,406.409,-548.464
5.213944,441.388,-524.935,423.899,-536.700
5.221202,441.388,-524.935,432.643,-530.817
5.227668,441.388,-524.935,437.015,-527.876
5.235040,441.388,-524.935,439.202,-526.406
5.242068,519.059,-483.186,479.130,-504.796
5.249223,519.059,-483.186,499.094,-493.991
5.255717,519.059,-483.186,509.077,-488.589
5.261788,519.059,-483.186,514.068,-485.887
5.268813,519.059,-483.186,516.563,-484.537
5.275506,641.371,-420.393,578.967,-452.465
5.283929,641.371,-420.393,610.169,-436.429
5.290177,641.371,-420.393,625.770,-428.411
5.297578,772.704,-347.493,699.237,-387.952
5.305089,772.704,-347.493,735.970,-367.723
5.312905,772.704,-347.493,754.337,-357.608
5.320077,772.704,-347.493,763.521,-352.551
5.327401,883.615,-299.066,823.568,-325.808
5.334701,883.615,-299.066,853.592,-312.437
5.342544,883.615,-299.066,868.604,-305.751
5.350129,883.615,-299.066,876.110,-302.409
5.357867,883.615,-299.066,879.862,-300.737
5.364921,883.615,-299.066,881.739,-299.902
5.372380,883.615,-299.066,882.677,-299.484
5.379510,883.615,-299.066,883.146,-299.275
5.386676,883.615,-299.066,883.381,-299.170
5.394258,883.615,-299.066,883.498,-299.118
5.401059,883.615,-299.066,883.557,-299.092
5.408692,883.615,-299.066,883.586,-299.079
5.415458,883.615,-299.066,883.601,-299.072
5.422343,883.615,-299.066,883.608,-299.069
5.428954,883.615,-299.066,883.612,-299.067
5.436154,883.615,-299.066,883.614,-299.067
5.442496,883.615,-299.066,883.615,-299.066
5.449710,883.615,-299.066,883.615,-299.066
5.456176,883.615,-299.066,883.615,-299.066
5.463201,883.615,-299.066,883.615,-299.066
5.469655,883.615,-299.066,883.615,-299.066
5.475316,883.615,-299.066,883.615,-299.066
5.481605,883.615,-299.066,883.615,-299.066
5.487432,883.615,-299.066,883.615,-299.066
5.494086,883.615,-299.066,883.615,-299.066
5.501645,883.615,-299.066,883.615,-299.066
5.507924,883.615,-299.066,883.615,-299.066
5.514165,883.615,-299.066,883.615,-299.066
5.520207,883.615,-299.066,883.615,-299.066
5.526685,883.615,-299.066,883.615,-299.066
5.533654,883.615,-299.066,883.615,-299.066
5.539998,883.615,-299.066,883.615,-299.066
5.546397,883.615,-299.066,883.615,-299.066
5.552539,883.615,-299.066,883.615,-299.066
5.559329,883.615,-299.066,883.615,-299.066
5.566175,883.615,-299.066,883.615,-299.066
5.572509,1421.545,-1200.174,1152.580,-749.620
5.578891,1421.545,-1200.174,1287.063,-974.897
5.586070,1421.545,-1200.174,1354.304,-1087.536
5.593566,1421.545,-1200.174,1387.925,-1143.855
5.600379,1393.581,-1032.090,1390.753,-1087.973
5.606894,1393.581,-1032.090,1392.167,-1060.031
5.613507,1393.581,-1032.090,1392.874,-1046.061
5.620294,1393.581,-1032.090,1393.227,-1039.075
5.626908,1393.581,-1032.090,1393.404,-1035.583
5.633805,1132.453,-463.459,1262.929,-749.521
5.640685,1132.453,-463.459,1197.691,-606.490
5.647817,1132.453,-463.459,1165.072,-534.975
5.654706,1132.453,-463.459,1148.763,-499.217
5.667979,1077.530,-70.040,1113.146,-284.628
5.678946,1077.530,-70.040,1095.338,-177.334
5.693448,1074.642,105.647,1084.990,-35.843
5.700477,1074.642,105.647,1079.816,34.902
5.706235,1074.642,105.647,1077.229,70.275
5.711497,1074.642,105.647,1075.936,87.961
5.717628,1074.642,105.647,1075.289,96.804
5.723691,1074.353,154.321,1074.821,125.563
5.729806,1074.353,154.321,1074.587,139.942
5.737340,1074.353,154.321,1074.470,147.132
5.743108,1074.353,154.321,1074.412,150.727
5.750901,1066.606,162.203,1070.509,156.465
5.757720,1066.606,162.203,1068.558,159.334
5.766240,1066.606,162.203,1067.582,160.768
5.773137,1066.606,162.203,1067.094,161.485
5.780660,1071.690,203.387,1069.392,182.436
5.787692,1071.690,203.387,1070.541,192.912
5.795173,1071.690,203.387,1071.115,198.149
5.801854,1071.690,203.387,1071.403,200.768
5.807872,1071.690,203.387,1071.546,202.078
5.814628,1076.263,199.071,1073.905,200.574
5.821166,1076.263,199.071,1075.084,199.822
5.827834,1076.263,199.071,1075.673,199.447
5.834397,1076.263,199.071,1075.968,199.259
5.840261,1126.336,54.788,1101.152,127.023
5.847260,1126.336,54.788,1113.744,90.905
5.853894,1126.336,54.788,1120.040,72.847
5.860469,1126.336,54.788,1123.188,63.817
5.866727,1126.336,54.788,1124.762,59.302
5.873769,1228.833,-146.970,1176.797,-43.834
5.880275,1228.833,-146.970,1202.815,-95.402
5.886838,1228.833,-146.970,1215.824,-121.186
5.893277,1228.833,-146.970,1222.329,-134.078
5.901088,1340.974,-548.436,1281.651,-341.257
5.909127,1340.974,-548.436,1311.313,-444.846
5.917603,1340.974,-548.436,1326.144,-496.641
5.924920,1340.974,-548.436,1333.559,-522.538
5.931975,1367.521,-889.988,1350.540,-706.263
5.938775,1367.521,-889.988,1359.031,-798.125
5.945531,1367.521,-889.988,1363.276,-844.056
5.952550,1367.521,-889.988,1365.399,-867.022
5.958653,1367.521,-889.988,1366.460,-878.505
5.965386,1359.584,-1014.096,1363.022,-946.301
5.972526,1359.584,-1014.096,1361.303,-980.198
5.979466,1359.584,-1014.096,1360.443,-997.147
5.986312,1359.584,-1014.096,1360.014,-1005.622
5.992955,1361.484,-1059.590,1360.749,-1032.606
6.001277,1361.484,-1059.590,1361.117,-1046.098
6.008441,1361.484,-1059.590,1361.301,-1052.844
6.017085,1361.484,-1059.590,1361.393,-1056.217
6.023763,1374.001,-1095.716,1367.697,-1075.966
6.029832,1374.001,-1095.716,1370.849,-1085.841
6.037517,1374.001,-1095.716,1372.425,-1090.778
6.044370,1374.001,-1095.716,1373.213,-1093.247
6.052545,1367.767,-1136.324,1370.490,-1114.786
6.060203,1367.767,-1136.324,1369.128,-1125.555
6.067803,1367.767,-1136.324,1368.448,-1130.940
6.075246,1367.767,-1136.324,1368.107,-1133.632
6.083308,1318.366,-1074.982,1343.237,-1104.307
6.090285,1318.366,-1074.982,1330.801,-1089.644
6.097455,1318.366,-1074.982,1324.584,-1082.313
6.103942,1318.366,-1074.982,1321.475,-1078.647
6.110938,1300.408,-994.997,1310.941,-1036.822
6.117957,1300.408,-994.997,1305.675,-1015.909
6.125798,1300.408,-994.997,1303.041,-1005.453
6.134194,1300.408,-994.997,1301.725,-1000.225
6.142533,1251.072,-777.789,1276.398,-889.007
6.150245,1251.072,-777.789,1263.735,-833.398
6.157907,1251.072,-777.789,1257.403,-805.593
6.165147,1251.072,-777.789,1254.238,-791.691
6.171514,1251.072,-777.789,1252.655,-784.740
6.177932,1178.619,-567.729,1215.637,-676.234
6.184594,1178.619,-567.729,1197.128,-621.982
6.190986,1178.619,-567.729,1187.873,-594.855
6.197831,1178.619,-567.729,1183.246,-581.292
6.204177,1178.619,-567.729,1180.932,-574.511
6.210864,1134.487,-451.650,1157.710,-513.080
6.218520,1134.487,-451.650,1146.098,-482.365
6.224778,1134.487,-451.650,1140.293,-467.007
6.231563,1134.487,-451.650,1137.390,-459.329
6.238385,1107.387,-402.091,1122.388,-430.710
6.244721,1107.387,-402.091,1114.888,-416.400
6.251599,1107.387,-402.091,1111.137,-409.246
6.257909,1107.387,-402.091,1109.262,-405.668
6.265107,1094.596,-371.435,1101.929,-388.552
6.271918,1094.596,-371.435,1098.263,-379.993
6.279384,1094.596,-371.435,1096.429,-375.714
6.286418,1094.596,-371.435,1095.513,-373.575
6.292668,1094.596,-371.435,1095.054,-372.505
6.301091,1086.450,-360.477,1090.752,-366.491
6.307691,1086.450,-360.477,1088.601,-363.484
6.314595,1086.450,-360.477,1087.526,-361.981
6.320842,1086.450,-360.477,1086.988,-361.229
6.327687,1079.254,-354.424,1083.121,-357.827
6.334794,1079.254,-354.424,1081.187,-356.126
6.341510,1079.254,-354.424,1080.220,-355.275
6.348208,1079.254,-354.424,1079.737,-354.850
6.355542,1079.254,-354.424,1079.495,-354.637
6.363431,1079.254,-354.424,1079.375,-354.531
6.371005,1079.254,-354.424,1079.314,-354.478
6.378219,1079.254,-354.424,1079.284,-354.451
6.385030,1079.254,-354.424,1079.269,-354.438
6.391629,1079.254,-354.424,1079.261,-354.431
6.398187,1079.254,-354.424,1079.258,-354.428
6.405385,1079.254,-354.424,1079.256,-354.426
6.412362,1079.254,-354.424,1079.255,-354.425
6.418880,1079.254,-354.424,1079.254,-354.425
6.425590,1079.254,-354.424,1079.254,-354.425
6.433036,1079.254,-354.424,1079.254,-354.424
6.439879,1079.254,-354.424,1079.254,-354.424
6.446464,1079.254,-354.424,1079.254,-354.424
6.453557,1079.254,-354.424,1079.254,-354.424
6.459842,1079.254,-354.424,1079.254,-354.424
6.466260,1079.254,-354.424,1079.254,-354.424
6.472251,1079.254,-354.424,1079.254,-354.424
6.478051,1892.538,618.920,1485.896,132.248
6.484744,1892.538,618.920,1689.217,375.584
6.491773,1892.538,618.920,1790.877,497.252
6.498069,1892.538,618.920,1841.708,558.086
6.505822,2176.078,940.824,2008.893,749.455
6.512382,2176.078,940.824,2092.486,845.139
6.520461,2176.078,940.824,2134.282,892.982
6.527104,2176.078,940.824,2155.180,916.903
6.533885,2176.078,940.824,2165.629,928.863
6.540420,2331.831,1177.751,2248.730,1053.307
6.547370,2331.831,1177.751,2290.281,1115.529
6.555198,2331.831,1177.751,2311.056,1146.640
6.561715,2331.831,1177.751,2321.444,1162.195
6.568797,2411.955,1287.036,2366.700,1224.615
6.575347,2411.955,1287.036,2389.328,1255.826
6.582484,2411.955,1287.036,2400.642,1271.431
6.589381,2411.955,1287.036,2406.298,1279.233
6.596820,2453.975,1341.149,2430.136,1310.191
6.605718,2453.975,1341.149,2442.056,1325.670
6.614459,2453.975,1341.149,2448.015,1333.409
6.621261,2453.975,1341.149,2450.995,1337.279
6.627778,2481.021,1364.526,2466.008,1350.902
6.634870,2481.021,1364.526,2473.515,1357.714
6.641994,2481.021,1364.526,2477.268,1361.120
6.648519,2481.021,1364.526,2479.145,1362.823
6.654962,2481.021,1364.526,2480.083,1363.674
6.661712,2492.390,1375.559,2486.237,1369.617
6.668742,2492.390,1375.559,2489.313,1372.588
6.675487,2492.390,1375.559,2490.852,1374.073
6.682019,2492.390,1375.559,2491.621,1374.816
6.689273,2496.039,1382.789,2493.830,1378.803
6.695914,2496.039,1382.789,2494.935,1380.796
6.703746,2496.039,1382.789,2495.487,1381.792
6.709935,2496.039,1382.789,2495.763,1382.291
6.715941,2496.039,1382.789,2495.901,1382.540
6.722468,2505.121,1386.386,2500.511,1384.463
6.728871,2505.121,1386.386,2502.816,1385.424
6.736577,2505.121,1386.386,2503.969,1385.905
6.742799,2505.121,1386.386,2504.545,1386.146
6.749316,2505.121,1386.386,2504.833,1386.266
6.756541,2512.144,1390.370,2508.488,1388.318
6.763179,2512.144,1390.370,2510.316,1389.344
6.770902,2512.144,1390.370,2511.230,1389.857
6.778632,2516.334,1392.994,2513.782,1391.426
6.786317,2516.334,1392.994,2515.058,1392.210
6.793248,2516.334,1392.994,2515.696,1392.602
6.800530,2516.334,1392.994,2516.015,1392.798
6.806783,2381.904,1394.322,2448.959,1393.560
6.814115,2381.904,1394.322,2415.432,1393.941
6.821179,2381.904,1394.322,2398.668,1394.132
6.827447,2381.904,1394.322,2390.286,1394.227
6.833842,2381.904,1394.322,2386.095,1394.274
6.839873,1842.487,1381.313,2114.291,1387.794
6.846330,1842.487,1381.313,1978.389,1384.553
6.853316,1842.487,1381.313,1910.438,1382.933
6.859513,1842.487,1381.313,1876.462,1382.123
6.865991,1842.487,1381.313,1859.475,1381.718
6.872354,911.898,1340.095,1385.687,1360.907
6.879067,911.898,1340.095,1148.792,1350.501
6.886020,911.898,1340.095,1030.345,1345.298
6.893016,911.898,1340.095,971.122,1342.697
6.900119,396.371,1307.659,683.747,1325.178
6.907620,396.371,1307.659,540.059,1316.419
6.915729,396.371,1307.659,468.215,1312.039
6.923053,396.371,1307.659,432.293,1309.849
6.929435,191.951,1294.456,312.122,1302.152
6.936131,191.951,1294.456,252.037,1298.304
6.942550,191.951,1294.456,221.994,1296.380
6.949182,191.951,1294.456,206.973,1295.418
6.955279,191.951,1294.456,199.462,1294.937
6.962260,114.129,1270.311,156.796,1282.624
6.969195,114.129,1270.311,135.462,1276.468
6.976119,114.129,1270.311,124.796,1273.390
6.982848,114.129,1270.311,119.462,1271.851
6.989852,80.608,1255.981,100.035,1263.916
6.996760,80.608,1255.981,90.322,1259.948
7.004384,80.608,1255.981,85.465,1257.965
7.010774,80.608,1255.981,83.036,1256.973
7.017409,80.608,1255.981,81.822,1256.477
7.023856,-148.936,1219.362,-33.557,1237.919
7.029805,-148.936,1219.362,-91.246,1228.641
7.036698,-148.936,1219.362,-120.091,1224.001
7.042642,-148.936,1219.362,-134.513,1221.682
7.049413,-311.178,1192.476,-222.846,1207.079
7.057384,-311.178,1192.476,-267.012,1199.777
7.065389,-311.178,1192.476,-289.095,1196.127
7.072299,-311.178,1192.476,-300.137,1194.301
7.080129,-382.373,1183.623,-341.255,1188.962
7.087243,-382.373,1183.623,-361.814,1186.292
7.094214,-382.373,1183.623,-372.094,1184.958
7.101308,-382.373,1183.623,-377.233,1184.290
7.107875,-382.373,1183.623,-379.803,1183.957
7.115933,-423.040,1179.778,-401.422,1181.867
7.124455,-423.040,1179.778,-412.231,1180.823
7.132270,-423.040,1179.778,-417.635,1180.301
7.141149,-449.586,1179.279,-433.610,1179.790
7.149566,-449.586,1179.279,-441.598,1179.535
7.157653,-449.586,1179.279,-445.592,1179.407
7.164929,-449.586,1179.279,-447.589,1179.343
7.171399,-465.783,1177.944,-456.686,1178.644
7.178504,-465.783,1177.944,-461.234,1178.294
7.185615,-465.783,1177.944,-463.509,1178.119
7.191787,-465.783,1177.944,-464.646,1178.031
7.198125,-465.783,1177.944,-465.214,1177.988
7.205338,-519.502,1089.320,-492.358,1133.654
7.211831,-519.502,1089.320,-505.930,1111.487
7.218867,-519.502,1089.320,-512.716,1100.403
7.225814,-519.502,1089.320,-516.109,1094.862
7.232686,-486.995,716.653,-501.552,905.757
7.239556,-486.995,716.653,-494.274,811.205
7.246524,-486.995,716.653,-490.634,763.929
7.253877,-486.995,716.653,-488.815,740.291
7.259824,-486.995,716.653,-487.905,728.472
7.266355,-424.572,353.021,-456.239,540.746
7.273248,-424.572,353.021,-440.406,446.884
7.280068,-424.572,353.021,-432.489,399.952
7.286868,-424.572,353.021,-428.531,376.487
7.292979,-394.371,170.413,-411.451,273.450
7.299512,-394.371,170.413,-402.911,221.932
7.306417,-394.371,170.413,-398.641,196.172
7.312995,-394.371,170.413,-396.506,183.293
7.320130,-394.371,170.413,-395.439,176.853
7.326650,-373.449,89.574,-384.444,133.214
7.334136,-373.449,89.574,-378.947,111.394
7.341136,-373.449,89.574,-376.198,100.484
7.348006,-373.449,89.574,-374.824,95.029
7.354701,-362.897,51.083,-368.860,73.056
7.361156,-362.897,51.083,-365.879,62.070
7.369220,-362.897,51.083,-364.388,56.576
7.375524,-362.897,51.083,-363.643,53.830
7.382880,-355.355,29.452,-359.499,41.641
7.389466,-355.355,29.452,-357.427,35.546
7.397002,-355.355,29.452,-356.391,32.499
7.403665,-355.355,29.452,-355.873,30.975
7.410472,-355.355,29.452,-355.614,30.214
7.417699,-351.809,18.533,-353.712,24.373
7.424293,-351.809,18.533,-352.760,21.453
7.430797,-351.809,18.533,-352.285,19.993
7.437190,-351.809,18.533,-352.047,19.263
7.443297,-346.267,10.258,-349.157,14.761
7.449428,-346.267,10.258,-347.712,12.509
7.456544,-346.267,10.258,-346.989,11.384
7.463021,-346.267,10.258,-346.628,10.821
7.469924,-346.267,10.258,-346.448,10.540
7.476451,-341.377,7.502,-343.912,9.021
7.482902,-341.377,7.502,-342.645,8.262
7.489665,-341.377,7.502,-342.011,7.882
7.495898,-341.377,7.502,-341.694,7.692
7.502572,-380.362,-115.185,-361.028,-53.747
7.509330,-380.362,-115.185,-370.695,-84.466
7.516109,-380.362,-115.185,-375.529,-99.826
7.522614,-380.362,-115.185,-377.946,-107.506
7.528790,-380.362,-115.185,-379.154,-111.345
7.535916,-413.650,-279.856,-396.402,-195.601
7.542533,-413.650,-279.856,-405.026,-237.728
7.549167,-413.650,-279.856,-409.338,-258.792
7.556251,-413.650,-279.856,-411.494,-269.324
7.562734,-432.018,-377.512,-421.756,-323.418
7.570916,-432.018,-377.512,-426.887,-350.465
7.577758,-432.018,-377.512,-429.453,-363.989
7.584620,-432.018,-377.512,-430.735,-370.751
7.590709,-432.018,-377.512,-431.377,-374.132
7.597091,-438.018,-427.081,-434.697,-400.606
7.604201,-438.018,-427.081,-436.358,-413.843
7.611070,-438.018,-427.081,-437.188,-420.462
7.619130,-438.018,-427.081,-437.603,-423.771
7.626529,-442.165,-453.937,-439.884,-438.854
7.633758,-442.165,-453.937,-441.025,-446.396
7.641368,-442.165,-453.937,-441.595,-450.166
7.648189,-442.165,-453.937,-441.880,-452.052
7.655137,-445.238,-470.352,-443.559,-461.202
7.661994,-445.238,-470.352,-444.399,-465.777
7.670043,-445.238,-470.352,-444.819,-468.064
7.676137,-445.238,-470.352,-445.028,-469.208
7.683061,-445.798,-478.706,-445.413,-473.957
7.689940,-445.798,-478.706,-445.605,-476.331
7.697425,-445.798,-478.706,-445.702,-477.519
7.704539,-445.798,-478.706,-445.750,-478.112
7.711104,-445.798,-478.706,-445.774,-478.409
7.718156,-330.970,-489.472,-388.372,-483.940
7.724704,-330.970,-489.472,-359.671,-486.706
7.731322,-330.970,-489.472,-345.320,-488.089
7.737605,-330.970,-489.472,-338.145,-488.780
7.743981,208.837,-472.666,-64.654,-480.723
7.751048,208.837,-472.666,72.091,-476.695
7.757970,208.837,-472.666,140.464,-474.681
7.765941,208.837,-472.666,174.650,-473.674
7.772773,208.837,-472.666,191.744,-473.170
7.780581,957.298,-451.119,574.521,-462.145
7.788444,957.298,-451.119,765.910,-456.632
7.795501,957.298,-451.119,861.604,-453.876
7.802855,957.298,-451.119,909.451,-452.497
7.810594,1397.011,-446.404,1153.231,-449.451
7.817307,1397.011,-446.404,1275.121,-447.927
7.823991,1397.011,-446.404,1336.066,-447.165
7.829688,1397.011,-446.404,1366.538,-446.785
7.836509,1566.939,-441.890,1466.739,-444.337
7.842536,1566.939,-441.890,1516.839,-443.114
7.848889,1566.939,-441.890,1541.889,-442.502
7.855235,1566.939,-441.890,1554.414,-442.196
7.860929,1566.939,-441.890,1560.676,-442.043
7.867875,1646.167,-433.251,1603.421,-437.647
7.874480,1646.167,-433.251,1624.794,-435.449
7.881066,1646.167,-433.251,1635.480,-434.350
7.887748,1646.167,-433.251,1640.823,-433.801
7.893596,1646.167,-433.251,1643.495,-433.526
7.900996,1686.935,-437.475,1665.215,-435.500
7.908212,1686.935,-437.475,1676.075,-436.488
7.915809,1686.935,-437.475,1681.505,-436.981
7.923171,1686.935,-437.475,1684.220,-437.228
7.930865,1699.244,-446.450,1691.732,-441.839
7.937881,1699.244,-446.450,1695.488,-444.145
7.944333,1699.244,-446.450,1697.366,-445.297
7.950877,1699.244,-446.450,1698.305,-445.874
7.957194,1760.339,-457.305,1729.322,-451.589
7.964459,1760.339,-457.305,1744.831,-454.447
7.971883,1760.339,-457.305,1752.585,-455.876
7.978660,1760.339,-457.305,1756.462,-456.590
7.986224,2050.139,-500.370,1903.300,-478.480
7.992661,2050.139,-500.370,1976.719,-489.425
7.999877,2050.139,-500.370,2013.429,-494.898
8.006335,2050.139,-500.370,2031.784,-497.634
8.013520,2050.139,-500.370,2040.961,-499.002
8.021674,2277.288,-531.303,2159.125,-515.153
8.028777,2277.288,-531.303,2218.207,-523.228
8.034999,2277.288,-531.303,2247.747,-527.266
8.041259,2277.288,-531.303,2262.518,-529.284
8.049104,2412.242,-544.131,2337.380,-536.708
8.056918,2412.242,-544.131,2374.811,-540.420
8.064849,2412.242,-544.131,2393.527,-542.276
8.073001,2412.242,-544.131,2402.884,-543.203
8.079635,2465.876,-549.551,2434.380,-546.377
8.086997,2465.876,-549.551,2450.128,-547.964
8.094287,2465.876,-549.551,2458.002,-548.758
8.100785,2465.876,-549.551,2461.939,-549.155
8.107348,2497.422,-549.544,2479.681,-549.349
8.114118,2497.422,-549.544,2488.552,-549.446
8.123326,2497.422,-549.544,2492.987,-549.495
8.131921,2497.422,-549.544,2495.205,-549.519
8.141196,2515.668,-547.991,2505.436,-548.755
8.149377,2515.668,-547.991,2510.552,-548.373
8.156930,2515.668,-547.991,2513.110,-548.182
8.163526,2515.668,-547.991,2514.389,-548.087
8.171166,2529.686,-549.048,2522.038,-548.567
8.177617,2529.686,-549.048,2525.862,-548.808
8.184390,2529.686,-549.048,2527.774,-548.928
8.190648,2529.686,-549.048,2528.730,-548.988
8.197453,2510.016,-532.081,2519.373,-540.534
8.204377,2510.016,-532.081,2514.694,-536.308
8.210946,2510.016,-532.081,2512.355,-534.194
8.217599,2510.016,-532.081,2511.186,-533.138
8.230264,2338.407,-416.707,2424.796,-474.922
8.240483,2338.407,-416.707,2381.602,-445.814
8.255397,2338.407,-416.707,2360.004,-431.261
8.262628,1882.116,-146.547,2121.061,-288.904
8.268357,1882.116,-146.547,2001.589,-217.725
8.274768,1882.116,-146.547,1941.853,-182.136
8.280112,1882.116,-146.547,1911.984,-164.342
8.286674,1882.116,-146.547,1897.051,-155.444
8.293578,1499.358,78.244,1698.204,-38.600
8.299996,1499.358,78.244,1598.781,19.822
8.306931,1499.358,78.244,1549.070,49.033
8.313031,1499.358,78.244,1524.214,63.638
8.319631,1309.357,188.382,1416.786,126.010
8.325862,1309.357,188.382,1363.072,157.196
8.332191,1309.357,188.382,1336.214,172.789
8.339040,1309.357,188.382,1322.786,180.586
8.345243,1309.357,188.382,1316.072,184.484
8.351468,1228.490,236.989,1272.281,210.737
8.358153,1228.490,236.989,1250.385,223.863
8.364543,1228.490,236.989,1239.437,230.426
8.371589,1228.490,236.989,1233.963,233.708
8.377946,1194.089,257.745,1214.026,245.727
8.385491,1194.089,257.745,1204.057,251.736
8.392602,1194.089,257.745,1199.073,254.741
8.399491,1194.089,257.745,1196.581,256.243
8.406249,1194.089,257.745,1195.335,256.994
8.412938,1170.616,266.846,1182.975,261.920
8.422746,1170.616,266.846,1176.796,264.383
8.429635,1170.616,266.846,1173.706,265.615
8.436608,1170.616,266.846,1172.161,266.230
8.443496,1166.088,270.793,1169.125,268.512
8.450305,1166.088,270.793,1167.606,269.652
8.457295,1166.088,270.793,1166.847,270.222
8.464202,1166.088,270.793,1166.468,270.508
8.471093,1162.782,270.585,1164.625,270.546
8.477824,1162.782,270.585,1163.703,270.565
8.484994,1162.782,270.585,1163.242,270.575
8.491185,1162.782,270.585,1163.012,270.580
8.497329,1162.782,270.585,1162.897,270.582
8.503999,1160.146,273.239,1161.521,271.910
8.510402,1160.146,273.239,1160.834,272.575
8.516999,1160.146,273.239,1160.490,272.907
8.523305,1160.146,273.239,1160.318,273.073
8.530593,1158.219,274.758,1159.269,273.915
8.537215,1158.219,274.758,1158.744,274.337
8.544023,1158.219,274.758,1158.482,274.547
8.550376,1158.219,274.758,1158.350,274.653
8.556724,1158.219,274.758,1158.285,274.705
8.564712,1154.741,271.956,1156.513,273.331
8.571696,1154.741,271.956,1155.627,272.643
8.578486,1154.741,271.956,1155.184,272.300
8.585040,1154.741,271.956,1154.962,272.128
8.591987,1153.356,271.827,1154.159,271.977
8.598374,1153.356,271.827,1153.758,271.902
8.605151,1153.356,271.827,1153.557,271.865
8.611604,1153.356,271.827,1153.457,271.846
8.618682,1153.356,271.827,1153.407,271.836
8.625007,1150.709,270.746,1152.058,271.291
8.631330,1150.709,270.746,1151.383,271.019
8.638844,1150.709,270.746,1151.046,270.882
8.645137,1150.709,270.746,1150.878,270.814
8.651578,1148.838,267.759,1149.858,269.287
8.658393,1148.838,267.759,1149.348,268.523
8.665303,1148.838,267.759,1149.093,268.141
8.672025,1148.838,267.759,1148.966,267.950
8.678361,1148.838,267.759,1148.902,267.855
8.685088,1147.007,266.637,1147.955,267.246
8.692027,1147.007,266.637,1147.481,266.941
8.699090,1147.007,266.637,1147.244,266.789
8.705743,1147.007,266.637,1147.126,266.713
8.711896,1145.304,265.187,1146.215,265.950
8.719012,1145.304,265.187,1145.759,265.568
8.726085,1145.304,265.187,1145.531,265.377
8.733037,1145.304,265.187,1145.417,265.282
8.739554,1145.304,265.187,1145.361,265.234
8.746316,1142.365,266.624,1143.863,265.929
8.753535,1142.365,266.624,1143.114,266.276
8.759816,1142.365,266.624,1142.740,266.450
8.767011,1142.365,266.624,1142.552,266.537
8.773658,1142.365,266.624,1142.459,266.580
8.781112,1139.882,267.239,1141.171,266.910
8.789254,1139.882,267.239,1140.526,267.074
8.796016,1139.882,267.239,1140.204,267.157
8.802503,1139.882,267.239,1140.043,267.198
8.808703,1131.931,267.714,1135.987,267.456
8.816447,1131.931,267.714,1133.959,267.585
8.824080,1131.931,267.714,1132.945,267.649
8.831733,1109.347,267.670,1121.146,267.659
8.838595,1109.347,267.670,1115.246,267.665
8.845119,1109.347,267.670,1112.297,267.667
8.852139,1109.347,267.670,1110.822,267.669
8.858548,1109.347,267.670,1110.084,267.669
8.865010,1078.023,272.081,1094.054,269.875
8.871383,1078.023,272.081,1086.039,270.978
8.878078,1078.023,272.081,1082.031,271.530
8.884274,1078.023,272.081,1080.027,271.806
8.890912,1078.023,272.081,1079.025,271.943
8.898040,1047.891,273.080,1063.458,272.511
8.906056,1047.891,273.080,1055.675,272.796
8.912747,1047.891,273.080,1051.783,272.938
8.919597,1047.891,273.080,1049.837,273.009
8.926766,1022.715,276.795,1036.276,274.902
8.933539,1022.715,276.795,1029.495,275.848
8.940804,1022.715,276.795,1026.105,276.322
8.947087,1022.715,276.795,1024.410,276.558
8.955115,1000.475,280.987,1012.442,278.773
8.962090,1000.475,280.987,1006.458,279.880
8.970109,1000.475,280.987,1003.466,280.434
8.975970,1000.475,280.987,1001.970,280.710
8.982388,982.122,283.476,992.046,282.093
8.989129,982.122,283.476,987.084,282.785
8.995332,982.122,283.476,984.603,283.130
9.002778,982.122,283.476,983.362,283.303
9.009265,982.122,283.476,982.742,283.390
9.016114,967.068,282.672,974.905,283.031
9.023593,967.068,282.672,970.986,282.852
9.031314,967.068,282.672,969.027,282.762
9.038369,967.068,282.672,968.047,282.717
9.044948,967.068,282.672,967.558,282.695
9.053355,975.667,277.017,971.612,279.856
9.061341,975.667,277.017,973.640,278.437
9.069707,975.667,277.017,974.653,277.727
9.076360,975.667,277.017,975.160,277.372
9.084065,989.590,272.129,982.375,274.751
9.091474,989.590,272.129,985.983,273.440
9.098014,989.590,272.129,987.786,272.784
9.105052,997.918,269.892,992.852,271.338
9.112557,997.918,269.892,995.385,270.615
9.119855,997.918,269.892,996.652,270.253
9.128467,997.918,269.892,997.285,270.073
9.135953,1005.764,267.755,1001.525,268.914
9.143651,1005.764,267.755,1003.644,268.334
9.151345,1005.764,267.755,1004.704,268.045
9.158332,1005.764,267.755,1005.234,267.900
9.164975,1015.968,265.221,1010.601,266.560
9.172788,1015.968,265.221,1013.284,265.891
9.180516,1015.968,265.221,1014.626,265.556
9.188664,1015.968,265.221,1015.297,265.388
9.196452,1015.968,265.221,1015.632,265.305
9.204503,1027.285,262.832,1021.458,264.069
9.211253,1027.285,262.832,1024.371,263.450
9.218160,1027.285,262.832,1025.828,263.141
9.225038,1027.285,262.832,1026.556,262.987
9.232053,1038.097,260.615,1032.327,261.801
9.239369,1038.097,260.615,1035.212,261.208
9.245343,1038.097,260.615,1036.655,260.912
9.251922,1038.097,260.615,1037.376,260.764
9.258183,1047.396,257.626,1042.386,259.195
9.264609,1047.396,257.626,1044.891,258.411
9.272611,1047.396,257.626,1046.144,258.018
9.279672,1047.396,257.626,1046.770,257.822
9.286729,1055.320,251.695,1051.045,254.759
9.292737,1055.320,251.695,1053.182,253.227
9.301305,1055.320,251.695,1054.251,252.461
9.308677,1055.320,251.695,1054.785,252.078
9.315667,1055.320,251.695,1055.052,251.887
9.323174,1061.763,244.436,1058.408,248.161
9.330873,1061.763,244.436,1060.085,246.299
9.337853,1061.763,244.436,1060.924,245.367
9.345140,1068.298,236.643,1064.611,241.005
9.351756,1068.298,236.643,1066.455,238.824
9.359134,1068.298,236.643,1067.376,237.734
9.366895,1068.298,236.643,1067.837,237.188
9.374263,1072.563,231.691,1070.200,234.440
9.381320,1072.563,231.691,1071.382,233.065
9.388640,1072.563,231.691,1071.972,232.378
9.395371,1072.563,231.691,1072.268,232.035
9.401429,1072.563,231.691,1072.416,231.863
9.408721,1076.915,228.778,1074.665,230.321
9.415189,1076.915,228.778,1075.790,229.549
9.423591,1076.915,228.778,1076.353,229.164
9.430921,1076.915,228.778,1076.634,228.971
9.438590,1080.580,226.808,1078.607,227.889
9.445186,1080.580,226.808,1079.594,227.348
9.452233,1080.580,226.808,1080.087,227.078
9.458676,1080.580,226.808,1080.333,226.943
9.464736,1080.580,226.808,1080.457,226.875
9.471641,1084.181,222.942,1082.319,224.909
9.478353,1084.181,222.942,1083.250,223.925
9.485517,1084.181,222.942,1083.716,223.434
9.491939,1084.181,222.942,1083.948,223.188
9.498263,1087.962,220.058,1085.955,221.623
9.505458,1087.962,220.058,1086.958,220.841
9.512219,1087.962,220.058,1087.460,220.450
9.518909,1087.962,220.058,1087.711,220.254
9.525439,1089.156,217.765,1088.434,219.009
9.532506,1089.156,217.765,1088.795,218.387
9.539689,1089.156,217.765,1088.976,218.076
9.546535,1089.156,217.765,1089.066,217.920
9.553329,1089.156,217.765,1089.111,217.842
9.559722,1090.832,216.267,1089.971,217.054
9.567199,1090.832,216.267,1090.402,216.661
9.573850,1090.832,216.267,1090.617,216.464
9.579928,1090.832,216.267,1090.724,216.365
9.586036,1093.099,214.524,1091.912,215.445
9.592526,1093.099,214.524,1092.505,214.984
9.598815,1093.099,214.524,1092.802,214.754
9.605483,1093.099,214.524,1092.951,214.639
9.611741,1093.099,214.524,1093.025,214.582
9.618665,1094.600,213.150,1093.812,213.866
9.625140,1094.600,213.150,1094.206,213.508
9.632457,1094.600,213.150,1094.403,213.329
9.639373,1094.600,213.150,1094.501,213.239
9.645764,1094.600,213.150,1094.550,213.194
9.652394,1094.616,213.955,1094.583,213.575
9.659261,1094.616,213.955,1094.600,213.765
9.666249,1094.616,213.955,1094.608,213.860
9.672587,1094.616,213.955,1094.612,213.908
9.679187,1094.247,214.122,1094.429,214.015
9.685552,1094.247,214.122,1094.338,214.069
9.692697,1094.247,214.122,1094.292,214.095
9.699460,1094.247,214.122,1094.269,214.109
9.706042,1094.247,214.122,1094.258,214.116
9.712649,1093.450,214.268,1093.854,214.192
9.720094,1093.450,214.268,1093.652,214.230
9.726821,1093.450,214.268,1093.551,214.249
9.733195,1093.450,214.268,1093.500,214.258
9.740855,1093.511,213.973,1093.506,214.116
9.747291,1093.511,213.973,1093.509,214.044
9.754750,1093.511,213.973,1093.510,214.009
9.760800,1093.511,213.973,1093.511,213.991
9.768332,1093.958,213.214,1093.735,213.602
9.774798,1093.958,213.214,1093.847,213.408
9.781632,1093.958,213.214,1093.903,213.311
9.789845,1093.958,213.214,1093.931,213.262
9.796931,1093.958,213.214,1093.945,213.238
9.803809,1094.837,212.500,1094.391,212.869
9.810452,1094.837,212.500,1094.614,212.685
9.817700,1094.837,212.500,1094.725,212.592
9.823806,1094.837,212.500,1094.781,212.546
9.830054,1095.597,210.849,1095.189,211.698
9.836766,1095.597,210.849,1095.393,211.273
9.843938,1095.597,210.849,1095.495,211.061
9.851445,1095.597,210.849,1095.546,210.955
9.858941,1095.534,210.436,1095.540,210.696
9.865695,1095.534,210.436,1095.537,210.566
9.873210,1095.534,210.436,1095.536,210.501
9.880139,1095.534,210.436,1095.535,210.468
9.887248,1095.534,210.436,1095.535,210.452
9.894036,1094.694,211.263,1095.114,210.858
9.900922,1094.694,211.263,1094.904,211.060
9.908509,1094.694,211.263,1094.799,211.162
9.914605,1094.694,211.263,1094.747,211.212
9.921563,1093.951,211.311,1094.349,211.262
9.927707,1093.951,211.311,1094.150,211.286
9.935113,1093.951,211.311,1094.050,211.299
9.942096,1093.951,211.311,1094.000,211.305
9.948560,1093.605,211.055,1093.803,211.180
9.956141,1093.605,211.055,1093.704,211.117
9.962785,1093.605,211.055,1093.655,211.086
9.969964,1093.605,211.055,1093.630,211.070
9.976155,1093.605,211.055,1093.618,211.063
9.982907,1093.412,210.423,1093.515,210.743
9.989551,1093.412,210.423,1093.464,210.583
9.996539,1093.412,210.423,1093.438,210.503
10.003520,1093.412,210.423,1093.425,210.463
10.009680,1093.423,209.874,1093.424,210.168
10.016070,1093.423,209.874,1093.423,210.021
10.023470,1093.423,209.874,1093.423,209.948
10.029230,1093.423,209.874,1093.423,209.911
10.036970,1093.423,209.874,1093.423,209.892
10.043600,1092.533,210.347,1092.978,210.120
10.050770,1092.533,210.347,1092.755,210.234
10.058760,1092.533,210.347,1092.644,210.290
10.066350,1092.533,210.347,1092.589,210.319
10.073890,1091.108,210.220,1091.848,210.269
10.081490,1091.108,210.220,1091.478,210.245
10.088880,1091.108,210.220,1091.293,210.232
10.095720,1091.108,210.220,1091.201,210.226
10.102820,1158.669,222.077,1124.935,216.152
10.110590,1158.669,222.077,1141.802,219.114
10.117990,1158.669,222.077,1150.235,220.596
10.125620,1158.669,222.077,1154.452,221.336
10.134380,1533.715,286.470,1344.084,253.903
10.143280,1533.715,286.470,1438.899,270.187
10.150530,1533.715,286.470,1486.307,278.328
10.157960,1533.715,286.470,1510.011,282.399
10.164700,2123.063,106.527,1816.537,194.463
10.172410,2123.063,106.527,1969.800,150.495
10.179870,2123.063,106.527,2046.432,128.511
10.186810,2123.063,106.527,2084.748,117.519
10.193410,2503.283,478.038,2294.015,297.778
10.200440,2503.283,478.038,2398.649,387.908
10.207590,2503.283,478.038,2450.966,432.973
10.213570,2503.283,478.038,2477.125,455.505
10.220130,2503.283,478.038,2490.204,466.772
10.226540,2490.781,848.636,2490.493,657.704
10.233130,2490.781,848.636,2490.637,753.170
10.239860,2490.781,848.636,2490.709,800.903
10.245810,2490.781,848.636,2490.745,824.770
10.253300,2460.638,1010.848,2475.692,917.809
10.260250,2460.638,1010.848,2468.165,964.329
10.268110,2460.638,1010.848,2464.402,987.588
10.274840,2460.638,1010.848,2462.520,999.218
10.281970,2471.870,1079.379,2467.195,1039.299
10.289420,2471.870,1079.379,2469.533,1059.339
10.296250,2471.870,1079.379,2470.701,1069.359
10.302960,2471.870,1079.379,2471.286,1074.369
10.308790,2471.870,1079.379,2471.578,1076.874
10.315600,2469.402,1106.868,2470.490,1091.871
10.321840,2469.402,1106.868,2469.946,1099.369
10.328610,2469.402,1106.868,2469.674,1103.118
10.334880,2469.402,1106.868,2469.538,1104.993
10.341070,2466.447,1115.895,2467.993,1110.444
10.347900,2466.447,1115.895,2467.220,1113.170
10.354770,2466.447,1115.895,2466.833,1114.532
10.361380,2466.447,1115.895,2466.640,1115.214
10.367820,2466.447,1115.895,2466.544,1115.554
10.375120,2461.926,1112.333,2464.235,1113.944
10.381990,2461.926,1112.333,2463.080,1113.138
10.389050,2461.926,1112.333,2462.503,1112.736
10.397970,2461.926,1112.333,2462.214,1112.534
10.405970,2462.785,1111.679,2462.500,1112.107
10.412190,2462.785,1111.679,2462.642,1111.893
10.419110,2462.785,1111.679,2462.713,1111.786
10.426010,2462.785,1111.679,2462.749,1111.732
10.432700,2464.890,1111.961,2463.819,1111.847
10.440540,2464.890,1111.961,2464.354,1111.904
10.448360,2464.890,1111.961,2464.622,1111.933
10.455500,2464.890,1111.961,2464.756,1111.947
10.461600,2464.890,1111.961,2464.823,1111.954
10.468090,2467.242,1112.877,2466.033,1112.416
10.475170,2467.242,1112.877,2466.638,1112.646
10.481700,2467.242,1112.877,2466.940,1112.762
10.488510,2467.242,1112.877,2467.091,1112.819
10.495020,2469.083,1112.089,2468.087,1112.454
10.502060,2469.083,1112.089,2468.585,1112.272
10.509080,2469.083,1112.089,2468.834,1112.180
10.515680,2469.083,1112.089,2468.959,1112.135
10.522540,2470.618,1113.211,2469.789,1112.673
10.529060,2470.618,1113.211,2470.204,1112.942
10.536090,2470.618,1113.211,2470.411,1113.077
10.542280,2470.618,1113.211,2470.515,1113.144
10.548730,2470.618,1113.211,2470.566,1113.178
10.556260,2474.310,1114.601,2472.438,1113.889
10.564120,2474.310,1114.601,2473.374,1114.245
10.571690,2474.310,1114.601,2473.842,1114.423
10.578860,2474.310,1114.601,2474.076,1114.512
10.587130,2471.636,1113.229,2472.856,1113.870
10.594770,2471.636,1113.229,2472.246,1113.549
10.603370,2471.636,1113.229,2471.941,1113.389
10.610110,2471.636,1113.229,2471.788,1113.309
10.616890,2313.928,1117.370,2392.858,1115.339
10.624220,2313.928,1117.370,2353.393,1116.354
10.631940,2313.928,1117.370,2333.660,1116.862
10.639640,2313.928,1117.370,2323.794,1117.116
10.646930,1501.161,1112.532,1912.478,1114.824
10.653910,1501.161,1112.532,1706.819,1113.678
10.660800,1501.161,1112.532,1603.990,1113.105
10.666860,1501.161,1112.532,1552.576,1112.819
10.673300,1501.161,1112.532,1526.868,1112.676
10.679600,472.018,1070.734,999.443,1091.705
10.686620,472.018,1070.734,735.730,1081.219
10.693820,472.018,1070.734,603.874,1075.977
10.699560,472.018,1070.734,537.946,1073.355
10.707450,-35.811,1047.446,251.067,1060.401
10.713720,-35.811,1047.446,107.628,1053.923
10.720950,-35.811,1047.446,35.909,1050.685
10.727290,-35.811,1047.446,0.049,1049.065
10.733700,-212.383,1059.867,-106.167,1054.466
10.741070,-212.383,1059.867,-159.275,1057.167
10.747670,-212.383,1059.867,-185.829,1058.517
10.754790,-212.383,1059.867,-199.106,1059.192
10.761340,-212.383,1059.867,-205.744,1059.529
10.768950,-295.048,1068.433,-250.396,1063.981
10.775380,-295.048,1068.433,-272.722,1066.207
10.782260,-295.048,1068.433,-283.885,1067.320
10.789940,-295.048,1068.433,-289.467,1067.876
10.797040,-338.139,1085.231,-313.803,1076.554
10.810980,-338.139,1085.231,-325.971,1080.893
10.821890,-338.139,1085.231,-332.055,1083.062
10.831740,-365.035,1096.340,-348.545,1089.701
10.844490,-365.035,1096.340,-356.790,1093.021
10.851330,-365.035,1096.340,-360.913,1094.681
10.857010,-380.246,1105.294,-370.579,1099.988
10.862750,-380.246,1105.294,-375.413,1102.641
10.869460,-380.246,1105.294,-377.829,1103.968
10.875890,-380.246,1105.294,-379.038,1104.631
10.882420,-380.246,1105.294,-379.642,1104.963
10.888970,-384.696,1112.414,-382.169,1108.688
10.895840,-384.696,1112.414,-383.432,1110.551
10.902580,-384.696,1112.414,-384.064,1111.483
10.908570,-384.696,1112.414,-384.380,1111.948
10.914880,-384.696,1112.414,-384.538,1112.181
10.921720,-386.529,1117.508,-385.533,1114.844
10.928020,-386.529,1117.508,-386.031,1116.176
10.934430,-386.529,1117.508,-386.280,1116.842
10.940920,-386.529,1117.508,-386.405,1117.175
10.947370,-386.954,1121.253,-386.679,1119.214
10.953950,-386.954,1121.253,-386.817,1120.233
10.961160,-386.954,1121.253,-386.885,1120.743
10.967420,-386.954,1121.253,-386.920,1120.998
10.974460,-386.954,1121.253,-386.937,1121.125
10.981030,-389.353,1122.215,-388.145,1121.670
10.987850,-389.353,1122.215,-388.749,1121.943
10.995470,-389.353,1122.215,-389.051,1122.079
11.001690,-389.353,1122.215,-389.202,1122.147
11.008210,-396.648,1127.533,-392.925,1124.840
11.014120,-396.648,1127.533,-394.786,1126.187
11.021990,-396.648,1127.533,-395.717,1126.860
11.028570,-396.648,1127.533,-396.183,1127.197
11.035640,-396.648,1127.533,-396.415,1127.365
11.044070,-375.305,930.705,-385.860,1029.035
11.052700,-375.305,930.705,-380.582,979.870
11.060200,-375.305,930.705,-377.943,955.288
11.069710,-43.994,283.846,-210.969,619.567
11.076580,-43.994,283.846,-127.482,451.706
11.083760,-43.994,283.846,-85.738,367.776
11.090480,-43.994,283.846,-64.866,325.811
11.097070,257.695,-189.467,96.414,68.172
11.104180,257.695,-189.467,177.055,-60.648
11.111370,257.695,-189.467,217.375,-125.057
11.119480,257.695,-189.467,237.535,-157.262
11.126480,370.048,-367.690,303.791,-262.476
11.134820,370.048,-367.690,336.920,-315.083
11.143470,370.048,-367.690,353.484,-341.386
11.151790,370.048,-367.690,361.766,-354.538
11.159130,410.694,-426.961,386.230,-390.750
11.167890,410.694,-426.961,398.462,-408.856
11.175290,410.694,-426.961,404.578,-417.908
11.182060,410.694,-426.961,407.636,-422.435
11.188820,429.510,-450.489,418.573,-436.462
11.195510,429.510,-450.489,424.042,-443.476
11.202080,429.510,-450.489,426.776,-446.982
11.208440,429.510,-450.489,428.143,-448.736
11.214600,429.510,-450.489,428.826,-449.613
11.221660,442.977,-460.751,435.902,-455.182
11.228520,442.977,-460.751,439.440,-457.966
11.234820,442.977,-460.751,441.208,-459.358
11.241500,442.977,-460.751,442.093,-460.054
11.247900,443.657,-471.316,442.875,-465.685
11.255460,443.657,-471.316,443.266,-468.501
11.262850,443.657,-471.316,443.462,-469.908
11.269940,443.657,-471.316,443.559,-470.612
11.276410,443.657,-471.316,443.608,-470.964
11.283110,519.376,-494.652,481.492,-482.808
11.290850,519.376,-494.652,500.434,-488.730
11.297470,519.376,-494.652,509.905,-491.691
11.304880,519.376,-494.652,514.641,-493.171
11.311610,786.490,-452.242,650.565,-472.707
11.318960,786.490,-452.242,718.528,-462.474
11.325810,786.490,-452.242,752.509,-457.358
11.332050,786.490,-452.242,769.500,-454.800
11.339100,1008.589,-408.191,889.044,-431.496
11.346390,1008.589,-408.191,948.817,-419.843
11.354620,1008.589,-408.191,978.703,-414.017
11.361760,1008.589,-408.191,993.646,-411.104
11.368390,1008.589,-408.191,1001.117,-409.648
11.374490,1151.304,-382.928,1076.211,-396.288
11.382110,1151.304,-382.928,1113.757,-389.608
11.389270,1151.304,-382.928,1132.531,-386.268
11.397820,1151.304,-382.928,1141.917,-384.598
11.405740,1226.940,-366.896,1184.429,-375.747
11.412920,1226.940,-366.896,1205.685,-371.321
11.419830,1226.940,-366.896,1216.313,-369.109
11.426160,1226.940,-366.896,1221.626,-368.002
11.432590,1270.573,-357.700,1246.100,-362.851
11.439670,1270.573,-357.700,1258.337,-360.275
11.446290,1270.573,-357.700,1264.455,-358.987
11.452680,1270.573,-357.700,1267.514,-358.344
11.459370,1293.428,-352.679,1280.471,-355.511
11.467040,1293.428,-352.679,1286.950,-354.095
11.474900,1293.428,-352.679,1290.189,-353.387
11.481240,1293.428,-352.679,1291.809,-353.033
11.488030,1293.428,-352.679,1292.618,-352.856
11.495250,1312.396,-348.634,1302.507,-350.745
11.502650,1312.396,-348.634,1307.452,-349.690
11.509780,1312.396,-348.634,1309.924,-349.162
11.516660,1312.396,-348.634,1311.160,-348.898
11.524040,1318.840,-349.296,1315.000,-349.097
11.530130,1318.840,-349.296,1316.920,-349.196
11.537350,1318.840,-349.296,1317.880,-349.246
11.543700,1318.840,-349.296,1318.360,-349.271
11.549920,1329.463,-348.727,1323.912,-348.999
11.556940,1329.463,-348.727,1326.687,-348.863
11.563480,1329.463,-348.727,1328.075,-348.795
11.570570,1329.463,-348.727,1328.769,-348.761
11.576770,1329.463,-348.727,1329.116,-348.744
11.583550,1332.175,-347.336,1330.646,-348.040
11.590190,1332.175,-347.336,1331.410,-347.688
11.597190,1332.175,-347.336,1331.793,-347.512
11.603970,1332.175,-347.336,1331.984,-347.424
11.610330,1387.781,-221.289,1359.882,-284.356
11.617130,1387.781,-221.289,1373.832,-252.823
11.623480,1387.781,-221.289,1380.806,-237.056
11.630570,1387.781,-221.289,1384.294,-229.172
11.636490,1387.781,-221.289,1386.037,-225.231
11.642830,1630.866,338.498,1508.452,56.634
11.648900,1630.866,338.498,1569.659,197.566
11.655810,1630.866,338.498,1600.263,268.032
11.663340,1630.866,338.498,1615.564,303.265
11.670210,1865.303,782.875,1740.434,543.070
11.677200,1865.303,782.875,1802.868,662.973
11.683840,1865.303,782.875,1834.085,722.924
11.690870,1865.303,782.875,1849.694,752.900
11.696840,1865.303,782.875,1857.499,767.888
11.703330,1950.618,948.395,1904.058,858.141
11.710210,1950.618,948.395,1927.338,903.268
11.717040,1950.618,948.395,1938.978,925.832
11.724170,1950.618,948.395,1944.798,937.113
11.730660,1983.985,1031.659,1964.392,984.386
11.738620,1983.985,1031.659,1974.189,1008.023
11.745740,1983.985,1031.659,1979.087,1019.841
11.752810,1983.985,1031.659,1981.536,1025.750
11.758880,1983.985,1031.659,1982.761,1028.705
11.765110,2006.419,1059.995,1994.590,1044.350
11.772300,2006.419,1059.995,2000.504,1052.172
11.778880,2006.419,1059.995,2003.461,1056.084
11.785790,2006.419,1059.995,2004.940,1058.039
11.792120,2010.894,1071.376,2007.917,1064.708
11.799060,2010.894,1071.376,2009.406,1068.042
11.807420,2010.894,1071.376,2010.150,1069.709
11.814520,2010.894,1071.376,2010.522,1070.542
11.821550,2029.392,1090.924,2019.957,1080.733
11.827620,2029.392,1090.924,2024.675,1085.829
11.834090,2029.392,1090.924,2027.034,1088.376
11.840660,2029.392,1090.924,2028.213,1089.650
11.846860,2029.392,1090.924,2028.803,1090.287
11.852910,2031.554,1089.555,2030.178,1089.921
11.859390,2031.554,1089.555,2030.866,1089.738
11.866240,2031.554,1089.555,2031.210,1089.647
11.872620,2031.554,1089.555,2031.382,1089.601
11.878810,2031.554,1089.555,2031.468,1089.578
11.885050,2179.063,1145.074,2105.265,1117.326
11.891200,2179.063,1145.074,2142.164,1131.200
11.898750,2179.063,1145.074,2160.613,1138.137
11.906440,2179.063,1145.074,2169.838,1141.605
11.913110,2351.865,1192.259,2260.852,1166.932
11.919770,2351.865,1192.259,2306.358,1179.596
11.926750,2351.865,1192.259,2329.112,1185.927
11.933410,2351.865,1192.259,2340.488,1189.093
11.940910,2351.865,1192.259,2346.177,1190.676
11.947610,2470.044,1223.480,2408.111,1207.078
11.954420,2470.044,1223.480,2439.078,1215.279
11.961780,2470.044,1223.480,2454.561,1219.380
11.968180,2470.044,1223.480,2462.303,1221.430
11.975670,2514.635,1224.790,2488.469,1223.110
11.981960,2514.635,1224.790,2501.552,1223.950
11.989340,2514.635,1224.790,2508.094,1224.370
11.995800,2514.635,1224.790,2511.365,1224.580
12.002660,2514.635,1224.790,2513.000,1224.685
12.009720,2541.741,1224.743,2527.371,1224.714
12.016750,2541.741,1224.743,2534.556,1224.728
12.024870,2541.741,1224.743,2538.149,1224.735
12.033590,2556.721,1220.653,2547.435,1222.694
12.043950,2556.721,1220.653,2552.078,1221.674
12.053870,2556.721,1220.653,2554.399,1221.163
12.064180,2571.045,1228.653,2562.722,1224.908
12.073810,2571.045,1228.653,2566.884,1226.781
12.082660,2571.045,1228.653,2568.964,1227.717
12.090210,2571.045,1228.653,2570.005,1228.185
12.097770,2576.848,1232.989,2573.427,1230.587
12.109520,2576.848,1232.989,2575.137,1231.788
12.119360,2576.848,1232.989,2575.993,1232.389
12.130350,2601.879,1240.530,2588.936,1236.459
12.138820,2601.879,1240.530,2595.407,1238.494
12.147120,2601.879,1240.530,2598.643,1239.512
12.157530,2627.156,1242.774,2612.899,1241.143
12.165600,2627.156,1242.774,2620.028,1241.958
12.174060,2627.156,1242.774,2623.592,1242.366
12.180150,2627.156,1242.774,2625.374,1242.570
12.187830,2647.704,1244.105,2636.539,1243.337
12.194450,2647.704,1244.105,2642.122,1243.721
12.200960,2647.704,1244.105,2644.913,1243.913
12.207610,2647.704,1244.105,2646.308,1244.009
12.213810,2656.840,1245.473,2651.574,1244.741
12.220760,2656.840,1245.473,2654.207,1245.107
12.227100,2656.840,1245.473,2655.523,1245.290
12.233450,2656.840,1245.473,2656.181,1245.382
12.240050,2656.840,1245.473,2656.510,1245.428
12.245970,2661.371,1246.603,2658.941,1246.015
12.252980,2661.371,1246.603,2660.156,1246.309
12.259660,2661.371,1246.603,2660.763,1246.456
12.266590,2661.371,1246.603,2661.067,1246.530
12.273340,2661.371,1246.603,2661.219,1246.566
12.279790,2659.460,1240.962,2660.340,1243.764
12.288120,2659.460,1240.962,2659.900,1242.363
12.294730,2659.460,1240.962,2659.680,1241.663
12.301990,2659.460,1240.962,2659.570,1241.313
12.308710,2659.254,1241.137,2659.412,1241.225
12.315180,2659.254,1241.137,2659.333,1241.181
12.321910,2659.254,1241.137,2659.293,1241.159
12.328320,2659.254,1241.137,2659.274,1241.148
12.336710,2659.916,1240.614,2659.595,1240.881
12.345210,2659.916,1240.614,2659.755,1240.747
12.353440,2659.916,1240.614,2659.835,1240.680
12.360850,2659.916,1240.614,2659.875,1240.647
12.370200,2661.025,1240.696,2660.450,1240.672
12.378930,2661.025,1240.696,2660.738,1240.684
12.387660,2661.025,1240.696,2660.881,1240.690
12.395300,2662.433,1239.648,2661.657,1240.169
12.403250,2662.433,1239.648,2662.045,1239.909
12.412300,2662.433,1239.648,2662.239,1239.778
12.421900,2662.433,1239.648,2662.336,1239.713
12.430320,2664.588,1240.495,2663.462,1240.104
12.440420,2664.588,1240.495,2664.025,1240.300
12.448010,2664.588,1240.495,2664.306,1240.397
12.456860,2666.410,1242.309,2665.358,1241.353
12.464510,2666.410,1242.309,2665.884,1241.831
12.475350,2666.410,1242.309,2666.147,1242.070
12.483270,2666.410,1242.309,2666.278,1242.190
12.491340,2668.050,1244.406,2667.164,1243.298
12.499180,2668.050,1244.406,2667.607,1243.852
12.509170,2668.050,1244.406,2667.828,1244.129
12.516990,2669.383,1246.310,2668.605,1245.219
12.525490,2669.383,1246.310,2668.994,1245.765
12.533060,2669.383,1246.310,2669.188,1246.038
12.540510,2669.383,1246.310,2669.286,1246.174
12.546740,2671.963,1246.915,2670.624,1246.544
12.553750,2671.963,1246.915,2671.293,1246.730
12.562240,2671.963,1246.915,2671.628,1246.822
12.569400,2671.963,1246.915,2671.795,1246.869
12.575540,2671.963,1246.915,2671.879,1246.892
12.582080,2674.204,1247.350,2673.042,1247.121
12.588950,2674.204,1247.350,2673.623,1247.236
12.596060,2674.204,1247.350,2673.914,1247.293
12.602890,2674.204,1247.350,2674.059,1247.322
12.609800,2677.463,1249.024,2675.761,1248.173
12.617300,2677.463,1249.024,2676.612,1248.598
12.626740,2677.463,1249.024,2677.037,1248.811
12.634040,2677.463,1249.024,2677.250,1248.917
12.641910,2681.320,1251.067,2679.285,1249.992
12.649910,2681.320,1251.067,2680.302,1250.530
12.658010,2681.320,1251.067,2680.811,1250.798
12.665070,2681.320,1251.067,2681.065,1250.933
12.675560,2685.309,1252.867,2683.188,1251.900
12.683960,2685.309,1252.867,2684.249,1252.384
12.691890,2685.309,1252.867,2684.779,1252.625
12.698860,2689.221,1254.055,2687.000,1253.340
12.707060,2689.221,1254.055,2688.111,1253.698
12.717250,2689.221,1254.055,2688.666,1253.876
12.725380,2689.221,1254.055,2688.944,1253.966
12.731770,2693.348,1255.686,2691.146,1254.826
12.738530,2693.348,1255.686,2692.247,1255.256
12.746730,2693.348,1255.686,2692.797,1255.471
12.754230,2693.348,1255.686,2693.072,1255.579
12.761990,2697.769,1258.047,2695.420,1256.813
12.768570,2697.769,1258.047,2696.595,1257.430
12.775310,2697.769,1258.047,2697.182,1257.739
12.781560,2697.769,1258.047,2697.475,1257.893
12.788800,2703.322,1260.024,2700.398,1258.958
12.797080,2703.322,1260.024,2701.860,1259.491
12.806480,2703.322,1260.024,2702.591,1259.757
12.812960,2703.322,1260.024,2702.956,1259.890
12.822700,2709.380,1260.821,2706.168,1260.356
12.830980,2709.380,1260.821,2707.774,1260.588
12.838500,2709.380,1260.821,2708.577,1260.705
12.846600,2709.380,1260.821,2708.979,1260.763
12.854670,2713.594,1261.632,2711.286,1261.197
12.861540,2713.594,1261.632,2712.440,1261.414
12.868420,2713.594,1261.632,2713.017,1261.523
12.875670,2713.594,1261.632,2713.305,1261.577
12.884150,2715.555,1261.218,2714.430,1261.398
12.890840,2715.555,1261.218,2714.992,1261.308
12.898180,2715.555,1261.218,2715.273,1261.263
12.906410,2715.555,1261.218,2715.414,1261.240
12.913170,2718.100,1261.083,2716.757,1261.162
12.919560,2718.100,1261.083,2717.429,1261.123
12.927420,2718.100,1261.083,2717.764,1261.103
12.935130,2718.100,1261.083,2717.932,1261.093
12.943660,2719.780,1260.451,2718.856,1260.772
12.951010,2719.780,1260.451,2719.318,1260.611
12.958250,2719.780,1260.451,2719.549,1260.531
12.964620,2719.780,1260.451,2719.665,1260.491
12.973250,2720.042,1259.490,2719.854,1259.990
12.979630,2720.042,1259.490,2719.948,1259.740
12.986780,2720.042,1259.490,2719.995,1259.615
12.993250,2720.042,1259.490,2720.019,1259.552
12.999460,2719.846,1258.416,2719.933,1258.984
13.006320,2719.846,1258.416,2719.890,1258.700
13.012690,2719.846,1258.416,2719.868,1258.558
13.020740,2719.846,1258.416,2719.857,1258.487
13.027690,2719.846,1258.416,2719.852,1258.451
13.034520,2719.251,1257.567,2719.552,1258.009
13.041220,2719.251,1257.567,2719.401,1257.788
13.049290,2719.251,1257.567,2719.326,1257.678
13.057390,2719.251,1257.567,2719.289,1257.623
13.065030,2718.086,1256.843,2718.687,1257.233
13.073360,2718.086,1256.843,2718.387,1257.038
13.081250,2718.086,1256.843,2718.236,1256.940
13.093410,2718.246,1256.458,2718.241,1256.699
13.101040,2718.246,1256.458,2718.244,1256.578
13.109320,2718.246,1256.458,2718.245,1256.518
13.116070,2718.246,1256.458,2718.245,1256.488
13.123170,2718.246,1256.458,2718.246,1256.473
13.131190,2718.246,1256.458,2718.246,1256.465
13.139490,2718.246,1256.458,2718.246,1256.461
13.146720,2718.246,1256.458,2718.246,1256.459
13.153830,2718.246,1256.458,2718.246,1256.458
13.161370,2718.246,1256.458,2718.246,1256.458
13.185390,1558.744,722.925,2138.495,989.692
13.198530,1558.744,722.925,1848.619,856.308
13.235210,1156.808,677.476,1502.714,766.892
13.240850,869.061,662.797,1185.887,714.844
13.245810,869.061,662.797,1027.474,688.820
13.250950,869.061,662.797,948.268,675.809
13.256630,869.061,662.797,908.664,669.303
13.262360,869.061,662.797,888.863,666.050
13.268150,869.061,662.797,878.962,664.423
13.273660,765.523,671.485,822.242,667.954
13.278980,765.523,671.485,793.883,669.719
13.286090,765.523,671.485,779.703,670.602
13.291730,765.523,671.485,772.613,671.044
13.297410,765.523,671.485,769.068,671.264
13.302590,702.658,677.364,735.863,674.314
13.307920,702.658,677.364,719.260,675.839
13.313780,702.658,677.364,710.959,676.601
13.319160,702.658,677.364,706.808,676.983
13.325780,702.658,677.364,704.733,677.173
13.332720,670.649,683.398,687.691,680.286
13.340940,670.649,683.398,679.170,681.842
13.350560,670.649,683.398,674.909,682.620
13.358900,670.649,683.398,672.779,683.009
13.366430,650.694,687.984,661.736,685.496
13.375530,650.694,687.984,656.215,686.740
13.382260,650.694,687.984,653.454,687.362
13.388920,650.694,687.984,652.074,687.673
13.396350,639.228,690.200,645.651,688.936
13.403050,639.228,690.200,642.439,689.568
13.410600,639.228,690.200,640.834,689.884
13.416840,639.228,690.200,640.031,690.042
13.425240,633.087,691.032,636.559,690.537
13.432020,633.087,691.032,634.823,690.785
13.440200,633.087,691.032,633.955,690.908
13.446060,633.087,691.032,633.521,690.970
13.451540,633.087,691.032,633.304,691.001
13.457040,628.721,692.182,631.013,691.591
13.462230,628.721,692.182,629.867,691.887
13.469300,628.721,692.182,629.294,692.034
13.474770,628.721,692.182,629.008,692.108
13.480120,628.721,692.182,628.865,692.145
13.486340,616.675,688.845,622.770,690.495
13.491420,616.675,688.845,619.723,689.670
13.497020,616.675,688.845,618.199,689.257
13.502190,616.675,688.845,617.437,689.051
13.507350,616.675,688.845,617.056,688.948
13.512740,602.411,684.850,609.733,686.899
13.518580,602.411,684.850,606.072,685.875
13.524520,602.411,684.850,604.241,685.362
13.530600,602.411,684.850,603.326,685.106
13.535940,602.411,684.850,602.868,684.978
13.541050,602.411,684.850,602.640,684.914
13.553100,591.071,681.022,596.855,682.968
13.566350,591.071,681.022,593.963,681.995
13.573040,579.892,677.235,586.927,679.615
13.578600,579.892,677.235,583.409,678.425
13.583720,579.892,677.235,581.651,677.830
13.589330,579.892,677.235,580.771,677.533
13.595130,579.892,677.235,580.331,677.384
13.599510,579.892,677.235,580.112,677.309
13.604160,572.146,676.571,576.129,676.940
13.609040,572.146,676.571,574.137,676.756
13.613550,572.146,676.571,573.141,676.663
13.618530,572.146,676.571,572.643,676.617
13.624430,572.146,676.571,572.394,676.594
13.629760,572.146,676.571,572.270,676.583
13.636490,566.486,676.571,569.378,676.577
13.642580,566.486,676.571,567.932,676.574
13.649050,566.486,676.571,567.209,676.572
13.656750,566.486,676.571,566.848,676.572
13.662880,566.486,676.571,566.667,676.571
13.668500,561.381,676.853,564.024,676.712
13.676300,561.381,676.853,562.702,676.782
13.683300,561.381,676.853,562.041,676.818
13.690430,561.381,676.853,561.711,676.835
13.697400,575.682,674.512,568.697,675.673
13.703960,575.682,674.512,572.189,675.092
13.709870,575.682,674.512,573.936,674.802
13.715810,575.682,674.512,574.809,674.657
13.722820,575.682,674.512,575.246,674.584
13.728130,575.682,674.512,575.464,674.548
13.735090,585.332,673.536,580.398,674.042
13.741090,585.332,673.536,582.865,673.789
13.748110,585.332,673.536,584.098,673.663
13.754550,599.084,671.410,591.591,672.536
13.760410,599.084,671.410,595.338,671.973
13.766540,599.084,671.410,597.211,671.691
13.773750,599.084,671.410,598.147,671.550
13.780940,599.084,671.410,598.616,671.480
13.787780,616.480,667.641,607.548,669.561
13.792940,616.480,667.641,612.014,668.601
13.799300,616.480,667.641,614.247,668.121
13.805890,616.480,667.641,615.363,667.881
13.812370,616.480,667.641,615.921,667.761
13.819070,634.075,664.439,624.998,666.100
13.825780,634.075,664.439,629.537,665.269
13.833320,634.075,664.439,631.806,664.854
13.840100,634.075,664.439,632.940,664.646
13.846280,650.884,661.355,641.912,663.001
13.852590,650.884,661.355,646.398,662.178
13.858750,650.884,661.355,648.641,661.767
13.865130,650.884,661.355,649.763,661.561
13.871120,650.884,661.355,650.324,661.458
13.877380,665.402,659.600,657.863,660.529
13.882500,665.402,659.600,661.633,660.065
13.894220,665.402,659.600,663.518,659.832
13.901010,665.402,659.600,664.460,659.716
13.907260,677.096,658.099,670.778,658.908
13.913340,677.096,658.099,673.937,658.503
13.919050,677.096,658.099,675.516,658.301
13.925500,677.096,658.099,676.306,658.200
13.930540,677.096,658.099,676.701,658.150
13.936780,695.092,655.662,685.897,656.906
13.943390,695.092,655.662,690.494,656.284
13.949350,695.092,655.662,692.793,655.973
13.956420,695.092,655.662,693.943,655.818
13.963320,695.092,655.662,694.518,655.740
13.970420,695.092,655.662,694.805,655.701
13.976830,718.613,655.750,706.709,655.726
13.983650,718.613,655.750,712.661,655.738
13.989960,718.613,655.750,715.637,655.744
13.995800,718.613,655.750,717.125,655.747
14.002140,740.921,654.936,729.023,655.341
14.008960,740.921,654.936,734.972,655.139
14.015660,740.921,654.936,737.946,655.037
14.022230,740.921,654.936,739.434,654.986
14.029390,756.441,653.782,747.937,654.384
14.036230,756.441,653.782,752.189,654.083
14.042950,756.441,653.782,754.315,653.932
14.049920,756.441,653.782,755.378,653.857
14.057060,766.406,651.336,760.892,652.597
14.064000,766.406,651.336,763.649,651.966
14.072440,766.406,651.336,765.028,651.651
14.080540,766.406,651.336,765.717,651.494
14.086200,766.406,651.336,766.062,651.415
14.094120,775.944,649.960,771.003,650.687
14.101280,775.944,649.960,773.473,650.324
14.106730,775.944,649.960,774.709,650.142
14.113470,775.944,649.960,775.326,650.051
14.121400,782.684,651.534,779.005,650.792
14.129690,782.684,651.534,780.845,651.163
14.137020,782.684,651.534,781.764,651.348
14.142870,782.684,651.534,782.224,651.441
14.148900,764.315,653.376,773.270,652.409
14.155800,764.315,653.376,768.792,652.892
14.162570,764.315,653.376,766.554,653.134
14.168040,764.315,653.376,765.434,653.255
14.174420,764.315,653.376,764.875,653.316
14.179840,710.090,652.907,737.482,653.111
14.186040,710.090,652.907,723.786,653.009
14.191800,710.090,652.907,716.938,652.958
14.197030,710.090,652.907,713.514,652.932
14.202710,710.090,652.907,711.802,652.919
14.209940,574.403,653.951,643.102,653.435
14.215010,574.403,653.951,608.753,653.693
14.221800,574.403,653.951,591.578,653.822
14.226800,574.403,653.951,582.990,653.886
14.232710,574.403,653.951,578.697,653.919
14.238550,451.158,652.749,514.927,653.334
14.243920,451.158,652.749,483.043,653.041
14.248750,451.158,652.749,467.101,652.895
14.254900,451.158,652.749,459.130,652.822
14.260270,451.158,652.749,455.144,652.785
14.265300,451.158,652.749,453.151,652.767
14.270950,370.258,655.444,411.705,654.106
14.276100,370.258,655.444,390.982,654.775
14.281580,370.258,655.444,380.620,655.110
14.286980,370.258,655.444,375.439,655.277
14.291760,370.258,655.444,372.849,655.361
14.296890,370.258,655.444,371.554,655.403
14.303280,322.929,658.330,347.241,656.866
14.309800,322.929,658.330,335.085,657.598
14.316050,322.929,658.330,329.007,657.964
14.321790,322.929,658.330,325.968,658.147
14.327680,322.929,658.330,324.448,658.238
14.333310,286.172,663.255,305.310,660.746
14.339240,286.172,663.255,295.741,662.001
14.345600,286.172,663.255,290.956,662.628
14.350830,286.172,663.255,288.564,662.941
14.356500,286.172,663.255,287.368,663.098
14.362530,228.437,663.395,257.902,663.246
14.367790,228.437,663.395,243.169,663.320
14.373930,228.437,663.395,235.803,663.358
14.379270,228.437,663.395,232.120,663.376
14.385330,228.437,663.395,230.278,663.385
14.390880,191.579,663.845,210.929,663.615
14.397090,191.579,663.845,201.254,663.730
14.402540,191.579,663.845,196.417,663.788
14.408210,191.579,663.845,193.998,663.817
14.413600,191.579,663.845,192.789,663.831
14.420760,166.727,661.138,179.758,662.484
14.426220,166.727,661.138,173.243,661.811
14.431660,166.727,661.138,169.985,661.474
14.437090,166.727,661.138,168.356,661.306
14.444340,166.727,661.138,167.542,661.222
14.449370,151.471,661.314,159.506,661.268
14.454900,151.471,661.314,155.488,661.291
14.460830,151.471,661.314,153.480,661.302
14.467150,151.471,661.314,152.475,661.308
14.473870,151.471,661.314,151.973,661.311
14.479990,141.279,661.137,146.626,661.224
14.486870,141.279,661.137,143.953,661.181
14.493500,141.279,661.137,142.616,661.159
14.499540,141.279,661.137,141.947,661.148
14.506030,141.279,661.137,141.613,661.143
14.511650,137.308,661.079,139.461,661.111
14.517960,137.308,661.079,138.385,661.095
14.524830,137.308,661.079,137.846,661.087
14.531780,137.308,661.079,137.577,661.083
14.540780,136.247,662.245,136.912,661.664
14.548710,136.247,662.245,136.579,661.954
14.556620,136.247,662.245,136.413,662.099
14.563120,136.247,662.245,136.330,662.172
14.569510,136.247,662.245,136.288,662.208
14.576070,135.249,664.416,135.769,663.312
14.582210,135.249,664.416,135.509,663.864
14.589880,135.249,664.416,135.379,664.140
14.596630,135.249,664.416,135.314,664.278
14.603390,149.151,667.872,142.232,666.075
14.610030,149.151,667.872,145.691,666.973
14.617270,149.151,667.872,147.421,667.422
14.623560,149.151,667.872,148.286,667.647
14.630930,160.557,670.868,154.421,669.258
14.637480,160.557,670.868,157.489,670.063
14.644520,160.557,670.868,159.023,670.466
14.649610,160.557,670.868,159.790,670.667
14.656280,160.557,670.868,160.174,670.768
14.662580,172.062,673.352,166.118,672.060
14.668350,172.062,673.352,169.090,672.706
14.674840,172.062,673.352,170.576,673.029
14.680730,172.062,673.352,171.319,673.190
14.686090,172.062,673.352,171.690,673.271
14.692650,185.456,675.869,178.573,674.570
14.699410,185.456,675.869,182.015,675.220
14.706640,185.456,675.869,183.736,675.545
14.711490,185.456,675.869,184.596,675.707
14.717130,185.456,675.869,185.026,675.788
14.723630,199.641,677.054,192.334,676.421
14.729520,199.641,677.054,195.987,676.737
14.735810,199.641,677.054,197.814,676.896
14.741970,199.641,677.054,198.728,676.975
14.747710,199.641,677.054,199.184,677.014
14.755690,212.820,679.890,206.002,678.452
14.762540,212.820,679.890,209.411,679.171
14.769220,212.820,679.890,211.116,679.530
14.773980,212.820,679.890,211.968,679.710
14.779410,212.820,679.890,212.394,679.800
14.786010,223.182,682.116,217.788,680.958
14.792230,223.182,682.116,220.485,681.537
14.798360,223.182,682.116,221.834,681.827
14.804140,223.182,682.116,222.508,681.971
14.809360,223.182,682.116,222.845,682.044
14.814740,230.622,683.226,226.734,682.635
14.820760,230.622,683.226,228.678,682.931
14.827480,230.622,683.226,229.650,683.079
14.833860,230.622,683.226,230.136,683.153
14.839180,230.622,683.226,230.379,683.190
14.845590,236.843,684.832,233.611,684.011
14.849960,236.843,684.832,235.227,684.421
14.855030,236.843,684.832,236.035,684.626
14.860520,236.843,684.832,236.439,684.729
14.865370,236.843,684.832,236.641,684.780
14.870590,236.843,684.832,236.742,684.806
14.876140,269.538,686.136,253.140,685.471
14.882170,269.538,686.136,261.339,685.803
14.887500,269.538,686.136,265.439,685.969
14.893930,269.538,686.136,267.489,686.052
14.899120,269.538,686.136,268.514,686.094
14.905230,299.782,688.415,284.148,687.255
14.910990,299.782,688.415,291.965,687.835
14.916350,299.782,688.415,295.873,688.125
14.922170,299.782,688.415,297.828,688.270
14.927240,299.782,688.415,298.805,688.343
14.932850,323.354,689.856,311.079,689.100
14.938720,323.354,689.856,317.217,689.478
14.943720,323.354,689.856,320.286,689.667
14.949130,323.354,689.856,321.820,689.762
14.955600,323.354,689.856,322.587,689.809
14.960680,323.354,689.856,322.971,689.833
14.965560,341.703,690.192,332.337,690.013
14.971200,341.703,690.192,337.020,690.102
14.977260,341.703,690.192,339.362,690.147
14.983380,341.703,690.192,340.532,690.170
14.989320,341.703,690.192,341.118,690.181
14.994370,356.827,689.882,348.972,690.032
14.999100,356.827,689.882,352.900,689.957
15.004780,356.827,689.882,354.863,689.920
15.009990,356.827,689.882,355.845,689.901
15.014790,356.827,689.882,356.336,689.892
15.019370,356.827,689.882,356.581,689.887
15.024400,368.638,688.784,362.610,689.336
15.029270,368.638,688.784,365.624,689.060
15.035310,368.638,688.784,367.131,688.922
15.041310,368.638,688.784,367.885,688.853
15.046650,368.638,688.784,368.261,688.819
15.052990,368.638,688.784,368.450,688.802
15.059170,377.309,686.994,372.880,687.898
15.066360,377.309,686.994,375.094,687.446
15.073060,377.309,686.994,376.202,687.220
15.078500,377.309,686.994,376.755,687.107
15.083820,382.599,684.918,379.677,686.013
15.089780,382.599,684.918,381.138,685.465
15.096010,382.599,684.918,381.868,685.192
15.101670,382.599,684.918,382.234,685.055
15.107170,382.599,684.918,382.416,684.987
15.112610,382.599,684.918,382.507,684.952
15.118080,385.966,683.405,384.237,684.178
15.125630,385.966,683.405,385.102,683.791
15.600210,471.825,667.124,428.463,675.458
15.608380,471.825,667.124,450.144,671.291
15.614170,471.825,667.124,460.984,669.208
15.619100,471.825,667.124,466.404,668.166
15.624560,471.825,667.124,469.115,667.645
15.628880,487.091,666.181,478.103,666.913
15.633390,487.091,666.181,482.597,666.547
15.638350,487.091,666.181,484.844,666.364
15.645030,487.091,666.181,485.967,666.273
15.650340,487.091,666.181,486.529,666.227
15.655170,487.091,666.181,486.810,666.204
15.660660,499.639,664.745,493.224,665.475
15.665680,499.639,664.745,496.432,665.110
15.671320,499.639,664.745,498.035,664.928
15.676520,499.639,664.745,498.837,664.836
15.681960,499.639,664.745,499.238,664.791
15.687440,499.639,664.745,499.439,664.768
15.692820,509.671,663.842,504.555,664.305
15.697880,509.671,663.842,507.113,664.073
15.705220,509.671,663.842,508.392,663.958
15.712520,509.671,663.842,509.031,663.900
15.719200,518.158,664.234,513.595,664.067
15.726900,518.158,664.234,515.877,664.150
15.737220,518.158,664.234,517.018,664.192
15.743870,518.158,664.234,517.588,664.213
15.750300,526.509,666.164,522.048,665.189
15.757370,526.509,666.164,524.279,665.677
15.764910,526.509,666.164,525.394,665.921
15.773140,526.509,666.164,525.951,666.043
15.782200,531.684,667.772,528.818,666.907
15.789720,531.684,667.772,530.251,667.340
15.796310,531.684,667.772,530.968,667.556
15.802690,531.684,667.772,531.326,667.664
15.809990,535.075,668.570,533.200,668.117
15.816220,535.075,668.570,534.138,668.343
15.822540,535.075,668.570,534.606,668.456
15.828490,535.075,668.570,534.840,668.513
15.834950,535.075,668.570,534.958,668.541
15.841500,537.851,669.410,536.404,668.976
15.849300,537.851,669.410,537.127,669.193
15.855490,537.851,669.410,537.489,669.302
15.861140,537.851,669.410,537.670,669.356
15.865570,537.851,669.410,537.760,669.383
15.870340,539.617,670.562,538.689,669.973
15.876200,539.617,670.562,539.153,670.267
15.881840,539.617,670.562,539.385,670.415
15.887070,539.617,670.562,539.501,670.488
15.892230,539.617,670.562,539.559,670.525
15.897790,539.617,670.562,539.588,670.544
15.904030,540.629,671.523,540.109,671.033
15.910380,540.629,671.523,540.369,671.278
15.916040,540.629,671.523,540.499,671.401
15.922100,540.629,671.523,540.564,671.462
15.927110,540.629,671.523,540.597,671.493
15.932530,541.504,672.872,541.050,672.182
15.939250,541.504,672.872,541.277,672.527
15.945240,541.504,672.872,541.390,672.700
15.949990,541.504,672.872,541.447,672.786
15.955030,541.504,672.872,541.475,672.829
15.960360,542.844,673.816,542.159,673.323
15.965660,542.844,673.816,542.502,673.569
15.972360,542.844,673.816,542.673,673.693
15.978960,542.844,673.816,542.758,673.754
15.984400,542.844,673.816,542.801,673.785
15.989400,542.844,673.816,542.822,673.801
15.995830,543.657,674.768,543.240,674.284
16.002350,543.657,674.768,543.448,674.526
16.009610,543.657,674.768,543.553,674.647
16.017360,543.657,674.768,543.605,674.708
16.026500,544.358,675.709,543.982,675.209
16.034500,544.358,675.709,544.170,675.459
16.041520,544.358,675.709,544.264,675.584
16.048080,544.358,675.709,544.311,675.647
16.056140,544.968,676.317,544.639,675.982
16.063950,544.968,676.317,544.804,676.149
16.071620,544.968,676.317,544.886,676.233
16.079050,544.968,676.317,544.927,676.275
16.086850,545.363,676.476,545.145,676.375
16.093960,545.363,676.476,545.254,676.426
16.100320,545.363,676.476,545.308,676.451
16.107330,545.363,676.476,545.335,676.463
16.116940,546.219,676.388,545.777,676.426
16.123770,546.219,676.388,545.998,676.407
16.130280,546.219,676.388,546.109,676.398
16.135440,546.219,676.388,546.164,676.393
16.141170,546.919,676.869,546.542,676.631
16.147590,546.919,676.869,546.730,676.750
16.153110,546.919,676.869,546.825,676.809
16.159660,546.919,676.869,546.872,676.839
16.164870,546.919,676.869,546.896,676.854
16.168830,546.919,676.869,546.907,676.862
16.174120,548.162,677.254,547.535,677.058
16.179050,548.162,677.254,547.848,677.156
16.184060,548.162,677.254,548.005,677.205
16.189490,548.162,677.254,548.083,677.229
16.194760,548.162,677.254,548.122,677.241
16.199660,523.455,520.414,535.789,598.828
16.205570,523.455,520.414,529.622,559.621
16.211400,523.455,520.414,526.539,540.018
16.216640,523.455,520.414,524.997,530.216
16.222720,523.455,520.414,524.226,525.315
16.227760,523.455,520.414,523.841,522.865
16.232520,523.455,520.414,523.648,521.639
16.254000,912.838,897.839,718.243,709.739
16.262130,912.838,897.839,815.540,803.789
16.270320,912.838,897.839,864.189,850.814
16.277060,912.838,897.839,888.513,874.327
16.283530,912.838,897.839,900.675,886.083
16.289830,912.838,897.839,906.756,891.961
16.295750,912.838,897.839,909.797,894.900
16.300980,912.838,897.839,911.317,896.370
16.313050,912.838,897.839,912.077,897.105
16.335490,1009.151,-416.326,960.614,240.389
