time,pos_x,pos_y,corrected_pos_x,corrected_pos_y
0.012570,1140.423,57.619,570.212,28.810
0.038796,1140.423,57.619,855.318,43.214
0.050675,1125.348,67.305,990.333,55.260
0.058400,1125.348,67.305,1057.840,61.282
0.062523,1125.348,67.305,1091.594,64.294
0.067819,1110.943,76.675,1101.268,70.485
0.073073,1110.943,76.675,1106.105,73.580
0.079162,1110.943,76.675,1108.524,75.128
0.085263,1110.943,76.675,1109.733,75.902
0.091222,1110.943,76.675,1110.338,76.289
0.097191,1093.160,75.610,1101.749,75.949
0.105189,1093.160,75.610,1097.454,75.780
0.112330,1093.160,75.610,1095.307,75.695
0.118894,1093.160,75.610,1094.233,75.653
0.124516,1079.181,74.317,1086.707,74.985
0.129496,1079.181,74.317,1082.944,74.651
0.134893,1079.181,74.317,1081.063,74.484
0.140901,1079.181,74.317,1080.122,74.400
0.146032,1079.181,74.317,1079.652,74.359
0.151622,1079.181,74.317,1079.417,74.338
0.157246,1074.484,82.255,1076.950,78.296
0.162550,1074.484,82.255,1075.717,80.276
0.169204,1074.484,82.255,1075.100,81.266
0.175396,1074.484,82.255,1074.792,81.760
0.181498,1074.484,82.255,1074.638,82.008
0.188129,1069.474,86.213,1072.056,84.110
0.194610,1069.474,86.213,1070.765,85.161
0.201892,1069.474,86.213,1070.120,85.687
0.208147,1069.474,86.213,1069.797,85.950
0.213759,1069.474,86.213,1069.635,86.081
0.221211,1069.072,91.825,1069.354,88.953
0.228072,1069.072,91.825,1069.213,90.389
0.234506,1069.072,91.825,1069.142,91.107
0.240398,1069.072,91.825,1069.107,91.466
0.246487,1063.018,91.823,1066.062,91.644
0.252223,1063.018,91.823,1064.540,91.734
0.257920,1063.018,91.823,1063.779,91.778
0.264144,1063.018,91.823,1063.398,91.801
0.270395,1063.018,91.823,1063.208,91.812
0.277113,1061.738,94.974,1062.473,93.393
0.283234,1061.738,94.974,1062.106,94.184
0.289041,1061.738,94.974,1061.922,94.579
0.294924,1061.738,94.974,1061.830,94.777
0.300289,1061.738,94.974,1061.784,94.875
0.305795,1061.377,99.061,1061.581,96.968
0.311992,1061.377,99.061,1061.479,98.015
0.317851,1061.377,99.061,1061.428,98.538
0.323589,1061.377,99.061,1061.402,98.800
0.328994,1061.377,99.061,1061.390,98.931
0.334311,1061.377,99.061,1061.383,98.996
0.339950,1061.377,99.061,1061.380,99.029
0.345615,1061.540,102.243,1061.460,100.636
0.351633,1061.540,102.243,1061.500,101.439
0.357763,1061.540,102.243,1061.520,101.841
0.363241,1061.540,102.243,1061.530,102.042
0.369217,1061.818,106.896,1061.674,104.469
0.374986,1061.818,106.896,1061.746,105.683
0.380628,1061.818,106.896,1061.782,106.290
0.386725,1061.818,106.896,1061.800,106.593
0.392050,1061.818,106.896,1061.809,106.745
0.397219,1062.392,109.665,1062.100,108.205
0.403189,1062.392,109.665,1062.246,108.935
0.408860,1062.392,109.665,1062.319,109.300
0.414352,1062.392,109.665,1062.355,109.482
0.420579,1062.392,109.665,1062.373,109.573
0.426013,1062.392,109.665,1062.383,109.619
0.431830,1062.392,109.665,1062.387,109.642
0.438207,1062.223,111.474,1062.305,110.558
0.444090,1062.223,111.474,1062.264,111.016
0.449987,1062.223,111.474,1062.244,111.245
0.455373,1062.223,111.474,1062.233,111.359
0.460785,1061.533,113.323,1061.883,112.341
0.466950,1061.533,113.323,1061.708,112.832
0.472824,1061.533,113.323,1061.620,113.078
0.478573,1061.533,113.323,1061.577,113.200
0.484877,1061.533,113.323,1061.555,113.262
0.490393,1061.533,113.323,1061.544,113.292
0.496621,1057.460,127.138,1059.502,120.215
0.503361,1057.460,127.138,1058.481,123.677
0.508899,1057.460,127.138,1057.970,125.407
0.514459,1057.460,127.138,1057.715,126.273
0.520133,1057.460,127.138,1057.587,126.705
0.525672,1057.487,145.232,1057.537,135.969
0.531860,1057.487,145.232,1057.512,140.600
0.537551,1057.487,145.232,1057.500,142.916
0.542717,1057.487,145.232,1057.493,144.074
0.547927,1057.487,145.232,1057.490,144.653
0.553598,1055.787,165.665,1056.638,155.159
0.559502,1055.787,165.665,1056.213,160.412
0.565377,1055.787,165.665,1056.000,163.038
0.570832,1055.787,165.665,1055.893,164.351
0.576097,1055.787,165.665,1055.840,165.008
0.581777,1054.330,183.113,1055.085,174.061
0.587278,1054.330,183.113,1054.707,178.587
0.593411,1054.330,183.113,1054.518,180.850
0.599203,1054.330,183.113,1054.424,181.982
0.604693,1054.330,183.113,1054.377,182.547
0.610419,1050.700,197.575,1052.538,190.061
0.616098,1050.700,197.575,1051.619,193.818
0.622156,1050.700,197.575,1051.159,195.696
0.627792,1050.700,197.575,1050.929,196.635
0.633333,1050.700,197.575,1050.815,197.105
0.639296,1051.131,208.062,1050.973,202.584
0.644754,1051.131,208.062,1051.052,205.323
0.650511,1051.131,208.062,1051.091,206.693
0.656503,1051.131,208.062,1051.111,207.377
0.661663,1051.131,208.062,1051.121,207.720
0.667219,1051.131,208.062,1051.126,207.891
0.673122,1050.462,220.822,1050.794,214.356
0.678492,1050.462,220.822,1050.628,217.589
0.684987,1050.462,220.822,1050.545,219.205
0.690546,1050.462,220.822,1050.503,220.013
0.696243,1050.462,220.822,1050.483,220.418
0.702848,1047.202,230.148,1048.842,225.283
0.708885,1047.202,230.148,1048.022,227.716
0.714711,1047.202,230.148,1047.612,228.932
0.720505,1047.202,230.148,1047.407,229.540
0.725922,1047.202,230.148,1047.304,229.844
0.731436,1048.512,237.634,1047.908,233.739
0.737204,1048.512,237.634,1048.210,235.687
0.743353,1048.512,237.634,1048.361,236.660
0.749862,1048.512,237.634,1048.437,237.147
0.755464,1048.512,237.634,1048.475,237.391
0.761291,1050.666,240.618,1049.570,239.004
0.767816,1050.666,240.618,1050.118,239.811
0.773852,1050.666,240.618,1050.392,240.215
0.779547,1050.666,240.618,1050.529,240.416
0.785130,1050.666,240.618,1050.597,240.517
0.790471,1050.666,240.618,1050.632,240.568
0.795801,1050.546,242.591,1050.589,241.579
0.801965,1050.546,242.591,1050.568,242.085
0.807525,1050.546,242.591,1050.557,242.338
0.813667,1050.546,242.591,1050.552,242.464
0.819697,1050.108,244.933,1050.330,243.699
0.825882,1050.108,244.933,1050.219,244.316
0.831417,1050.108,244.933,1050.164,244.625
0.837273,1050.108,244.933,1050.136,244.779
0.842998,1050.108,244.933,1050.122,244.856
0.848391,1050.108,244.933,1050.115,244.895
0.854328,1048.047,247.550,1049.081,246.223
0.860147,1048.047,247.550,1048.564,246.886
0.865949,1048.047,247.550,1048.305,247.218
0.871809,1048.047,247.550,1048.176,247.384
0.878238,1048.047,247.550,1048.111,247.467
0.883680,1048.047,247.550,1048.079,247.509
0.889576,1046.555,249.606,1047.317,248.557
0.895433,1046.555,249.606,1046.936,249.081
0.901023,1046.555,249.606,1046.745,249.344
0.907177,1046.555,249.606,1046.650,249.475
0.913681,1042.436,255.199,1044.543,252.337
0.920315,1042.436,255.199,1043.489,253.768
0.926605,1042.436,255.199,1042.962,254.483
0.932469,1042.436,255.199,1042.699,254.841
0.939733,1040.440,259.742,1041.569,257.291
0.947143,1040.440,259.742,1041.004,258.517
0.955098,1040.440,259.742,1040.722,259.129
0.962095,1040.440,259.742,1040.581,259.436
0.969027,1040.440,259.742,1040.510,259.589
0.975146,1039.238,263.982,1039.874,261.785
0.980828,1039.238,263.982,1039.556,262.884
0.987682,1039.238,263.982,1039.397,263.433
0.993468,1039.238,263.982,1039.317,263.708
0.999296,1039.238,263.982,1039.277,263.845
1.007005,1038.293,268.612,1038.785,266.229
1.016506,1038.293,268.612,1038.539,267.420
1.025781,1038.293,268.612,1038.416,268.016
1.034184,1036.485,272.913,1037.451,270.465
1.042188,1036.485,272.913,1036.968,271.689
1.048836,1036.485,272.913,1036.727,272.301
1.054616,1036.485,272.913,1036.606,272.607
1.059817,1036.485,272.913,1036.546,272.760
1.065488,1036.485,272.913,1036.516,272.837
1.071694,1027.101,324.957,1031.808,298.897
1.078463,1027.101,324.957,1029.454,311.927
1.085555,1027.101,324.957,1028.278,318.442
1.092438,1005.578,416.880,1016.928,367.661
1.098595,1005.578,416.880,1011.253,392.270
1.105181,1005.578,416.880,1008.415,404.575
1.111565,1005.578,416.880,1006.997,410.727
1.117795,1005.578,416.880,1006.287,413.803
1.124331,987.201,497.044,996.744,455.424
1.130328,987.201,497.044,991.973,476.234
1.137446,987.201,497.044,989.587,486.639
1.144375,987.201,497.044,988.394,491.842
1.150511,987.201,497.044,987.798,494.443
1.157092,974.216,554.158,981.007,524.300
1.163931,974.216,554.158,977.611,539.229
1.170423,974.216,554.158,975.913,546.694
1.176855,974.216,554.158,975.065,550.426
1.182505,966.213,592.565,970.639,571.496
1.188932,966.213,592.565,968.426,582.030
1.194732,966.213,592.565,967.319,587.298
1.200469,966.213,592.565,966.766,589.932
1.206137,966.213,592.565,966.490,591.248
1.211626,959.466,615.182,962.978,603.215
1.217556,959.466,615.182,961.222,609.199
1.223470,959.466,615.182,960.344,612.190
1.228981,959.466,615.182,959.905,613.686
1.234856,959.466,615.182,959.685,614.434
1.240303,959.466,615.182,959.575,614.808
1.245932,961.879,613.161,960.727,613.985
1.251913,961.879,613.161,961.303,613.573
1.257778,961.879,613.161,961.591,613.367
1.262872,961.879,613.161,961.735,613.264
1.268863,961.879,613.161,961.807,613.213
1.275251,971.978,570.311,966.892,591.762
1.281240,971.978,570.311,969.435,581.036
1.288785,971.978,570.311,970.706,575.673
1.295252,971.978,570.311,971.342,572.992
1.303247,975.131,556.044,973.236,564.518
1.309507,975.131,556.044,974.184,560.281
1.317052,975.131,556.044,974.657,558.162
1.323903,975.131,556.044,974.894,557.103
1.329699,975.131,556.044,975.013,556.573
1.336214,982.678,527.484,978.845,542.029
1.342262,982.678,527.484,980.761,534.757
1.348561,982.678,527.484,981.720,531.120
1.354533,982.678,527.484,982.199,529.302
1.359577,982.678,527.484,982.438,528.393
1.365324,991.433,486.372,986.935,507.383
1.371199,991.433,486.372,989.184,496.877
1.376760,991.433,486.372,990.308,491.625
1.382970,991.433,486.372,990.871,488.998
1.388420,991.433,486.372,991.152,487.685
1.394451,1002.837,445.652,996.994,466.669
1.400102,1002.837,445.652,999.916,456.160
1.405992,1002.837,445.652,1001.376,450.906
1.411707,1002.837,445.652,1002.107,448.279
1.417263,1002.837,445.652,1002.472,446.965
1.422316,1002.837,445.652,1002.654,446.309
1.428020,1014.064,407.196,1008.359,426.752
1.433575,1014.064,407.196,1011.212,416.974
1.439502,1014.064,407.196,1012.638,412.085
1.445098,1014.064,407.196,1013.351,409.640
1.450665,1014.064,407.196,1013.708,408.418
1.456566,1020.054,382.258,1016.881,395.338
1.462196,1020.054,382.258,1018.468,388.798
1.468368,1020.054,382.258,1019.261,385.528
1.474074,1020.054,382.258,1019.658,383.893
1.479195,1020.054,382.258,1019.856,383.076
1.484724,1022.060,364.702,1020.958,373.889
1.490687,1022.060,364.702,1021.509,369.295
1.496607,1022.060,364.702,1021.784,366.999
1.502977,1022.060,364.702,1021.922,365.850
1.509036,1022.060,364.702,1021.991,365.276
1.515625,1027.281,350.868,1024.636,358.072
1.521911,1027.281,350.868,1025.959,354.470
1.527778,1027.281,350.868,1026.620,352.669
1.533592,1027.281,350.868,1026.951,351.768
1.539274,1027.281,350.868,1027.116,351.318
1.544387,1029.913,339.090,1028.515,345.204
1.550333,1029.913,339.090,1029.214,342.147
1.556267,1029.913,339.090,1029.563,340.619
1.561804,1029.913,339.090,1029.738,339.854
1.568402,1029.913,339.090,1029.825,339.472
1.574134,1032.315,329.159,1031.070,334.316
1.579778,1032.315,329.159,1031.693,331.737
1.586140,1032.315,329.159,1032.004,330.448
1.591917,1032.315,329.159,1032.159,329.803
1.597423,1032.315,329.159,1032.237,329.481
1.603543,1032.315,329.159,1032.276,329.320
1.609259,1035.022,322.064,1033.649,325.692
1.615036,1035.022,322.064,1034.336,323.878
1.620872,1035.022,322.064,1034.679,322.971
1.626341,1035.022,322.064,1034.851,322.518
1.631804,1035.022,322.064,1034.937,322.291
1.637939,1036.927,319.072,1035.932,320.681
1.643760,1036.927,319.072,1036.429,319.877
1.650295,1036.927,319.072,1036.678,319.474
1.656160,1036.927,319.072,1036.802,319.273
1.661782,1036.927,319.072,1036.865,319.172
1.667192,1037.704,315.460,1037.284,317.316
1.672900,1037.704,315.460,1037.494,316.388
1.678827,1037.704,315.460,1037.599,315.924
1.684399,1037.704,315.460,1037.651,315.692
1.689786,1037.704,315.460,1037.677,315.576
1.694769,1039.396,312.568,1038.537,314.072
1.700064,1039.396,312.568,1038.966,313.320
1.706119,1039.396,312.568,1039.181,312.944
1.712609,1039.396,312.568,1039.289,312.756
1.718548,1039.396,312.568,1039.342,312.662
1.724494,1039.396,312.568,1039.369,312.615
1.730352,1039.041,310.390,1039.205,311.502
1.736753,1039.041,310.390,1039.123,310.946
1.742506,1039.041,310.390,1039.082,310.668
1.747859,1039.041,310.390,1039.062,310.529
1.753973,1039.041,310.390,1039.051,310.459
1.759614,1039.208,309.644,1039.130,310.051
1.765248,1039.208,309.644,1039.169,309.847
1.771562,1039.208,309.644,1039.189,309.746
1.776829,1039.208,309.644,1039.198,309.695
1.781796,1039.208,309.644,1039.203,309.669
1.788082,1038.901,306.467,1039.052,308.068
1.793284,1038.901,306.467,1038.977,307.268
1.798996,1038.901,306.467,1038.939,306.867
1.805004,1038.901,306.467,1038.920,306.667
1.810056,1038.901,306.467,1038.911,306.567
1.815678,1038.901,306.467,1038.906,306.517
1.822212,1038.132,303.537,1038.519,305.027
1.827791,1038.132,303.537,1038.325,304.282
1.834258,1038.132,303.537,1038.229,303.910
1.839593,1038.132,303.537,1038.180,303.723
1.844707,1038.132,303.537,1038.156,303.630
1.850790,1037.302,302.226,1037.729,302.928
1.856231,1037.302,302.226,1037.516,302.577
1.861881,1037.302,302.226,1037.409,302.402
1.867970,1037.302,302.226,1037.356,302.314
1.880151,1036.234,301.267,1036.795,301.791
1.889371,1036.234,301.267,1036.515,301.529
1.901192,1036.234,301.267,1036.375,301.398
1.907804,1034.961,299.985,1035.668,300.691
1.913074,1034.961,299.985,1035.314,300.338
1.918490,1034.961,299.985,1035.137,300.161
1.923759,1034.961,299.985,1035.049,300.073
1.929035,1034.961,299.985,1035.005,300.029
1.933989,1034.961,299.985,1034.983,300.007
1.939479,1034.158,298.879,1034.571,299.443
1.945434,1034.158,298.879,1034.364,299.161
1.952278,1034.158,298.879,1034.261,299.020
1.958316,1034.158,298.879,1034.210,298.949
1.964735,1034.158,298.879,1034.184,298.914
1.970938,1033.814,299.154,1033.999,299.034
1.977249,1033.814,299.154,1033.907,299.094
1.983230,1033.814,299.154,1033.861,299.124
1.988991,1033.814,299.154,1033.838,299.139
1.995228,1033.814,299.154,1033.826,299.147
2.002827,1033.303,298.629,1033.565,298.888
2.009904,1033.303,298.629,1033.434,298.758
2.016266,1033.303,298.629,1033.369,298.693
2.023361,1033.303,298.629,1033.336,298.661
2.029182,1033.380,297.983,1033.358,298.322
2.035331,1033.380,297.983,1033.369,298.153
2.040949,1033.380,297.983,1033.374,298.068
2.046267,1033.380,297.983,1033.377,298.026
2.051907,1033.380,297.983,1033.378,298.005
2.057278,1033.209,297.921,1033.293,297.963
2.062369,1033.209,297.921,1033.251,297.942
2.068431,1033.209,297.921,1033.230,297.932
2.074239,1033.209,297.921,1033.219,297.926
2.079213,1033.209,297.921,1033.214,297.924
2.085054,1033.209,297.921,1033.211,297.922
2.091273,1032.902,296.862,1033.057,297.392
2.096734,1032.902,296.862,1032.980,297.127
2.103004,1032.902,296.862,1032.941,296.994
2.108322,1032.902,296.862,1032.922,296.928
2.113903,1032.902,296.862,1032.912,296.895
2.120484,1032.308,296.900,1032.610,296.898
2.126062,1032.308,296.900,1032.459,296.899
2.132314,1032.308,296.900,1032.384,296.900
2.138289,1032.308,296.900,1032.346,296.900
2.144024,1032.308,296.900,1032.327,296.900
2.149953,1032.267,297.107,1032.297,297.004
2.155582,1032.267,297.107,1032.282,297.055
2.161167,1032.267,297.107,1032.274,297.081
2.167260,1032.267,297.107,1032.271,297.094
2.172674,1032.267,297.107,1032.269,297.101
2.178526,1031.012,288.416,1031.640,292.758
2.184479,1031.012,288.416,1031.326,290.587
2.190372,1031.012,288.416,1031.169,289.501
2.196638,1031.012,288.416,1031.090,288.958
2.202084,1031.012,288.416,1031.051,288.687
2.207472,1031.012,288.416,1031.031,288.551
2.213595,1033.980,259.611,1032.506,274.081
2.219522,1033.980,259.611,1033.243,266.846
2.225784,1033.980,259.611,1033.611,263.228
2.231380,1033.980,259.611,1033.795,261.419
2.236749,1033.980,259.611,1033.887,260.515
2.242666,1037.413,215.666,1035.650,238.091
2.253949,1037.413,215.666,1036.532,226.878
2.259085,1037.413,215.666,1036.972,221.272
2.264075,1037.413,215.666,1037.193,218.469
2.268991,1038.856,181.024,1038.024,199.747
2.274507,1038.856,181.024,1038.440,190.385
2.279896,1038.856,181.024,1038.648,185.705
2.285668,1038.856,181.024,1038.752,183.364
2.291313,1038.856,181.024,1038.804,182.194
2.296347,1038.856,181.024,1038.830,181.609
2.301757,1038.345,150.756,1038.587,166.182
2.307279,1038.345,150.756,1038.466,158.469
2.312635,1038.345,150.756,1038.405,154.612
2.319279,1038.345,150.756,1038.375,152.684
2.325218,1038.345,150.756,1038.360,151.720
2.331244,1038.438,129.522,1038.399,140.621
2.338864,1038.438,129.522,1038.418,135.072
2.345081,1038.438,129.522,1038.428,132.297
2.351171,1038.438,129.522,1038.433,130.909
2.357015,1038.438,129.522,1038.436,130.216
2.363303,1037.793,108.740,1038.115,119.478
2.370223,1037.793,108.740,1037.954,114.109
2.376185,1037.793,108.740,1037.874,111.425
2.382691,1037.793,108.740,1037.833,110.083
2.389193,1037.793,108.740,1037.813,109.412
2.396018,1057.732,63.221,1047.773,86.316
2.404043,1057.732,63.221,1052.752,74.769
2.411334,1057.732,63.221,1055.242,68.995
2.417843,1057.732,63.221,1056.487,66.108
2.424960,1080.699,14.040,1068.593,40.074
2.431168,1080.699,14.040,1074.646,27.057
2.438273,1080.699,14.040,1077.673,20.548
2.444194,1080.699,14.040,1079.186,17.294
2.450094,1080.699,14.040,1079.943,15.667
2.456587,1100.702,-24.529,1090.322,-4.431
2.462404,1100.702,-24.529,1095.512,-14.480
2.468596,1100.702,-24.529,1098.107,-19.504
2.474267,1100.702,-24.529,1099.405,-22.017
2.479424,1100.702,-24.529,1100.053,-23.273
2.485365,1113.945,-50.315,1107.000,-36.794
2.492159,1113.945,-50.315,1110.472,-43.555
2.498150,1113.945,-50.315,1112.209,-46.935
2.504096,1113.945,-50.315,1113.077,-48.625
2.510494,1121.582,-66.968,1117.329,-57.796
2.516755,1121.582,-66.968,1119.455,-62.382
2.523823,1121.582,-66.968,1120.519,-64.675
2.529829,1121.582,-66.968,1121.050,-65.821
2.535737,1121.582,-66.968,1121.316,-66.394
2.541906,1121.582,-66.968,1121.449,-66.681
2.548826,1128.408,-77.531,1124.928,-72.106
2.557046,1128.408,-77.531,1126.668,-74.819
2.563714,1128.408,-77.531,1127.538,-76.175
2.570621,1128.408,-77.531,1127.973,-76.853
2.576983,1133.751,-85.735,1130.862,-81.294
2.583876,1133.751,-85.735,1132.307,-83.514
2.590850,1133.751,-85.735,1133.029,-84.624
2.596669,1133.751,-85.735,1133.390,-85.180
2.602854,1133.751,-85.735,1133.571,-85.457
2.608913,1137.979,-91.159,1135.775,-88.308
2.616356,1137.979,-91.159,1136.877,-89.734
2.622485,1137.979,-91.159,1137.428,-90.446
2.628100,1137.979,-91.159,1137.704,-90.803
2.634132,1137.979,-91.159,1137.841,-90.981
2.640621,1137.714,-94.363,1137.778,-92.672
2.647379,1137.714,-94.363,1137.746,-93.518
2.654038,1137.714,-94.363,1137.730,-93.941
2.660545,1137.714,-94.363,1137.722,-94.152
2.666717,1137.714,-94.363,1137.719,-94.258
2.673391,1139.385,-96.011,1138.552,-95.135
2.679587,1139.385,-96.011,1138.969,-95.573
2.685432,1139.385,-96.011,1139.177,-95.792
2.690777,1139.385,-96.011,1139.281,-95.902
2.696358,1139.385,-96.011,1139.333,-95.957
2.702504,1138.930,-99.014,1139.131,-97.485
2.709398,1138.930,-99.014,1139.031,-98.250
2.715165,1138.930,-99.014,1138.980,-98.632
2.721128,1138.930,-99.014,1138.955,-98.823
2.727463,1138.291,-100.089,1138.623,-99.456
2.733073,1138.291,-100.089,1138.457,-99.772
2.739436,1138.291,-100.089,1138.374,-99.930
2.744975,1138.291,-100.089,1138.333,-100.010
2.750430,1138.291,-100.089,1138.312,-100.049
2.756435,1138.291,-100.089,1138.301,-100.069
2.762296,1138.944,-101.973,1138.623,-101.021
2.768999,1138.944,-101.973,1138.783,-101.497
2.775346,1138.944,-101.973,1138.864,-101.735
2.780950,1138.944,-101.973,1138.904,-101.854
2.788043,1137.120,-103.895,1138.012,-102.875
2.794437,1137.120,-103.895,1137.566,-103.385
2.800832,1137.120,-103.895,1137.343,-103.640
2.806658,1137.120,-103.895,1137.232,-103.768
2.812031,1137.120,-103.895,1137.176,-103.832
2.818682,1136.913,-104.845,1137.044,-104.338
2.825439,1136.913,-104.845,1136.979,-104.591
2.831632,1136.913,-104.845,1136.946,-104.718
2.837756,1136.913,-104.845,1136.929,-104.781
2.843218,1136.913,-104.845,1136.921,-104.813
2.849191,1137.894,-105.255,1137.408,-105.034
2.855922,1137.894,-105.255,1137.651,-105.144
2.861659,1137.894,-105.255,1137.773,-105.200
2.867962,1137.894,-105.255,1137.833,-105.227
2.873745,1137.894,-105.255,1137.864,-105.241
2.879694,1138.405,-104.799,1138.134,-105.020
2.886278,1138.405,-104.799,1138.269,-104.910
2.892140,1138.405,-104.799,1138.337,-104.854
2.897996,1138.405,-104.799,1138.371,-104.827
2.904083,1139.101,-104.304,1138.736,-104.565
2.910588,1139.101,-104.304,1138.918,-104.435
2.916778,1139.101,-104.304,1139.009,-104.369
2.922884,1139.101,-104.304,1139.055,-104.336
2.929664,1139.101,-104.304,1139.078,-104.320
2.938151,1146.430,-109.873,1142.754,-107.097
2.945511,1146.430,-109.873,1144.592,-108.485
2.952869,1146.430,-109.873,1145.511,-109.179
2.959396,1146.430,-109.873,1145.970,-109.526
2.966252,1227.028,-169.701,1186.499,-139.614
2.973518,1227.028,-169.701,1206.764,-154.657
2.981304,1227.028,-169.701,1216.896,-162.179
2.988763,1227.028,-169.701,1221.962,-165.940
2.995476,1361.365,-251.302,1291.664,-208.621
3.002165,1361.365,-251.302,1326.514,-229.962
3.008565,1361.365,-251.302,1343.940,-240.632
3.014486,1361.365,-251.302,1352.652,-245.967
3.021785,1447.803,-309.078,1400.228,-277.523
3.028642,1447.803,-309.078,1424.015,-293.300
3.037683,1447.803,-309.078,1435.909,-301.189
3.044461,1447.803,-309.078,1441.856,-305.133
3.050964,1447.803,-309.078,1444.829,-307.106
3.056899,1507.260,-351.074,1476.045,-329.090
3.062183,1507.260,-351.074,1491.653,-340.082
3.068642,1507.260,-351.074,1499.457,-345.578
3.075125,1507.260,-351.074,1503.358,-348.326
3.080904,1507.260,-351.074,1505.309,-349.700
3.088914,1550.917,-376.918,1528.113,-363.309
3.095433,1550.917,-376.918,1539.515,-370.114
3.102044,1550.917,-376.918,1545.216,-373.516
3.108151,1550.917,-376.918,1548.066,-375.217
3.114002,1550.917,-376.918,1549.491,-376.068
3.120728,1577.650,-391.350,1563.571,-383.709
3.126575,1577.650,-391.350,1570.610,-387.530
3.133101,1577.650,-391.350,1574.130,-389.440
3.139129,1577.650,-391.350,1575.890,-390.395
3.144925,1577.650,-391.350,1576.770,-390.873
3.151395,1590.762,-397.614,1583.766,-394.244
3.157422,1590.762,-397.614,1587.264,-395.929
3.164699,1590.762,-397.614,1589.013,-396.772
3.171446,1590.762,-397.614,1589.887,-397.193
3.178133,1601.497,-399.993,1595.692,-398.593
3.184651,1601.497,-399.993,1598.594,-399.293
3.191400,1601.497,-399.993,1600.046,-399.643
3.197238,1601.497,-399.993,1600.771,-399.818
3.203156,1601.497,-399.993,1601.134,-399.905
3.209387,1611.839,-399.810,1606.486,-399.858
3.215137,1611.839,-399.810,1609.162,-399.834
3.222044,1611.839,-399.810,1610.500,-399.822
3.228516,1611.839,-399.810,1611.170,-399.816
3.234488,1611.839,-399.810,1611.504,-399.813
3.241291,1622.186,-400.283,1616.845,-400.048
3.247816,1622.186,-400.283,1619.515,-400.165
3.255253,1622.186,-400.283,1620.851,-400.224
3.261170,1622.186,-400.283,1621.518,-400.254
3.266984,1630.542,-401.072,1626.030,-400.663
3.273312,1630.542,-401.072,1628.286,-400.867
3.279009,1630.542,-401.072,1629.414,-400.970
3.285173,1630.542,-401.072,1629.978,-401.021
3.291066,1630.542,-401.072,1630.260,-401.046
3.297075,1633.973,-402.955,1632.116,-402.001
3.304477,1633.973,-402.955,1633.045,-402.478
3.310945,1633.973,-402.955,1633.509,-402.717
3.318184,1633.973,-402.955,1633.741,-402.836
3.324473,1633.973,-402.955,1633.857,-402.896
3.330794,1633.574,-405.455,1633.715,-404.175
3.338023,1633.574,-405.455,1633.645,-404.815
3.344077,1633.574,-405.455,1633.609,-405.135
3.349922,1633.574,-405.455,1633.592,-405.295
3.356303,1633.596,-406.944,1633.594,-406.120
3.363647,1633.596,-406.944,1633.595,-406.532
3.370389,1633.596,-406.944,1633.595,-406.738
3.376472,1633.596,-406.944,1633.595,-406.841
3.382857,1633.596,-406.944,1633.596,-406.893
3.389748,1649.266,-391.462,1641.431,-399.178
3.396544,1649.266,-391.462,1645.348,-395.320
3.403529,1649.266,-391.462,1647.307,-393.391
3.409889,1649.266,-391.462,1648.286,-392.427
3.416092,1649.266,-391.462,1648.776,-391.945
3.422390,1682.243,-361.914,1665.510,-376.929
3.428924,1682.243,-361.914,1673.876,-369.421
3.435019,1682.243,-361.914,1678.060,-365.667
3.441663,1682.243,-361.914,1680.152,-363.791
3.448779,1710.248,-330.790,1695.200,-347.290
3.455677,1710.248,-330.790,1702.724,-339.040
3.462768,1710.248,-330.790,1706.486,-334.915
3.469705,1710.248,-330.790,1708.367,-332.852
3.476127,1710.248,-330.790,1709.308,-331.821
3.482210,1710.248,-330.790,1709.778,-331.305
3.490285,1733.057,-298.706,1721.417,-315.006
3.496692,1733.057,-298.706,1727.237,-306.856
3.503086,1733.057,-298.706,1730.147,-302.781
3.510317,1751.158,-276.781,1740.652,-289.781
3.517015,1751.158,-276.781,1745.905,-283.281
3.524365,1751.158,-276.781,1748.531,-280.031
3.530664,1751.158,-276.781,1749.844,-278.406
3.537570,1765.985,-258.184,1757.915,-268.295
3.543950,1765.985,-258.184,1761.950,-263.240
3.550797,1765.985,-258.184,1763.967,-260.712
3.558727,1765.985,-258.184,1764.976,-259.448
3.565667,1765.985,-258.184,1765.480,-258.816
3.574114,1779.254,-241.805,1772.367,-250.310
3.581968,1779.254,-241.805,1775.811,-246.058
3.589879,1779.254,-241.805,1777.532,-243.931
3.597664,1779.254,-241.805,1778.393,-242.868
3.606008,1933.029,4.267,1855.711,-119.300
3.613516,1933.029,4.267,1894.370,-57.517
3.620151,1933.029,4.267,1913.699,-26.625
3.626492,1933.029,4.267,1923.364,-11.179
3.634530,2149.992,539.260,2036.678,264.041
3.642225,2149.992,539.260,2093.335,401.650
3.650435,2149.992,539.260,2121.664,470.455
3.658532,2282.939,862.672,2202.301,666.564
3.665843,2282.939,862.672,2242.620,764.618
3.673283,2282.939,862.672,2262.779,813.645
3.679828,2282.939,862.672,2272.859,838.158
3.687030,2282.939,862.672,2277.899,850.415
3.693874,2301.860,965.000,2289.880,907.708
3.700611,2301.860,965.000,2295.870,936.354
3.707790,2301.860,965.000,2298.865,950.677
3.715013,2301.860,965.000,2300.363,957.839
3.722325,2322.266,1012.913,2311.314,985.376
3.729493,2322.266,1012.913,2316.790,999.145
3.736786,2322.266,1012.913,2319.528,1006.029
3.744055,2322.266,1012.913,2320.897,1009.471
3.750571,2331.028,1030.479,2325.962,1019.975
3.757439,2331.028,1030.479,2328.495,1025.227
3.763691,2331.028,1030.479,2329.761,1027.853
3.770915,2331.028,1030.479,2330.395,1029.166
3.777501,2331.028,1030.479,2330.711,1029.823
3.784469,2335.865,1040.083,2333.288,1034.953
3.791430,2335.865,1040.083,2334.577,1037.518
3.798015,2335.865,1040.083,2335.221,1038.800
3.805655,2335.865,1040.083,2335.543,1039.441
3.812639,2341.793,1052.426,2338.668,1045.934
3.820168,2341.793,1052.426,2340.230,1049.180
3.827296,2341.793,1052.426,2341.012,1050.803
3.834740,2341.793,1052.426,2341.402,1051.615
3.841894,2345.490,1058.708,2343.446,1055.161
3.848708,2345.490,1058.708,2344.468,1056.935
3.855714,2345.490,1058.708,2344.979,1057.821
3.861832,2345.490,1058.708,2345.234,1058.265
3.870092,2346.470,1059.357,2345.852,1058.811
3.876846,2346.470,1059.357,2346.161,1059.084
3.883406,2346.470,1059.357,2346.315,1059.221
3.891000,2346.470,1059.357,2346.393,1059.289
3.897577,2346.470,1059.357,2346.431,1059.323
3.904918,2347.036,1060.638,2346.733,1059.980
3.911997,2347.036,1060.638,2346.885,1060.309
3.919419,2347.036,1060.638,2346.960,1060.473
3.926269,2347.036,1060.638,2346.998,1060.556
3.933735,2306.547,1061.840,2326.772,1061.198
3.940868,2306.547,1061.840,2316.660,1061.519
3.949049,2306.547,1061.840,2311.603,1061.679
3.957849,2306.547,1061.840,2309.075,1061.760
3.965238,2145.176,1060.120,2227.126,1060.940
3.972924,2145.176,1060.120,2186.151,1060.530
3.981675,2145.176,1060.120,2165.664,1060.325
3.989294,2145.176,1060.120,2155.420,1060.222
3.996929,1917.025,1063.334,2036.223,1061.778
4.005883,1917.025,1063.334,1976.624,1062.556
4.014004,1917.025,1063.334,1946.825,1062.945
4.023120,1917.025,1063.334,1931.925,1063.139
4.031481,1729.683,1064.786,1830.804,1063.963
4.040799,1729.683,1064.786,1780.243,1064.375
4.049065,1729.683,1064.786,1754.963,1064.580
4.056580,1598.507,1065.467,1676.735,1065.024
4.064330,1598.507,1065.467,1637.621,1065.246
4.072310,1598.507,1065.467,1618.064,1065.356
4.079523,1598.507,1065.467,1608.286,1065.412
4.087489,1518.180,1065.365,1563.233,1065.388
4.095017,1518.180,1065.365,1540.707,1065.377
4.103274,1518.180,1065.365,1529.443,1065.371
4.110392,1518.180,1065.365,1523.812,1065.368
4.116308,1518.180,1065.365,1520.996,1065.366
4.122913,1472.886,1062.567,1496.941,1063.967
4.129308,1472.886,1062.567,1484.914,1063.267
4.136442,1472.886,1062.567,1478.900,1062.917
4.142978,1452.149,1060.389,1465.525,1061.653
4.150241,1452.149,1060.389,1458.837,1061.021
4.157356,1452.149,1060.389,1455.493,1060.705
4.164217,1452.149,1060.389,1453.821,1060.547
4.170857,1452.149,1060.389,1452.985,1060.468
4.177491,1438.856,1056.691,1445.921,1058.580
4.184575,1438.856,1056.691,1442.388,1057.635
4.191379,1438.856,1056.691,1440.622,1057.163
4.198360,1438.856,1056.691,1439.739,1056.927
4.205706,1431.447,1052.480,1435.593,1054.704
4.212160,1431.447,1052.480,1433.520,1053.592
4.218559,1431.447,1052.480,1432.483,1053.036
4.224671,1431.447,1052.480,1431.965,1052.758
4.230725,1431.447,1052.480,1431.706,1052.619
4.236412,1431.447,1052.480,1431.576,1052.550
4.242640,1426.522,1050.289,1429.049,1051.419
4.248963,1426.522,1050.289,1427.785,1050.854
4.254926,1426.522,1050.289,1427.154,1050.571
4.260921,1426.522,1050.289,1426.838,1050.430
4.266923,1425.024,1050.886,1425.931,1050.658
4.273647,1425.024,1050.886,1425.477,1050.772
4.279657,1425.024,1050.886,1425.250,1050.829
4.285503,1425.024,1050.886,1425.137,1050.858
4.291938,1425.024,1050.886,1425.080,1050.872
4.297812,1424.299,1043.234,1424.690,1047.053
4.304369,1424.299,1043.234,1424.494,1045.143
4.310473,1424.299,1043.234,1424.397,1044.189
4.316242,1424.299,1043.234,1424.348,1043.711
4.322790,1424.299,1043.234,1424.323,1043.473
4.328822,1423.735,1035.087,1424.029,1039.280
4.336003,1423.735,1035.087,1423.882,1037.183
4.342078,1423.735,1035.087,1423.809,1036.135
4.347539,1423.735,1035.087,1423.772,1035.611
4.353163,1423.735,1035.087,1423.754,1035.349
4.358363,1422.704,1029.184,1423.229,1032.267
4.364290,1422.704,1029.184,1422.966,1030.725
4.371050,1422.704,1029.184,1422.835,1029.955
4.377089,1422.704,1029.184,1422.769,1029.570
4.383202,1422.704,1029.184,1422.737,1029.377
4.390374,1422.028,1024.384,1422.382,1026.880
4.397607,1422.028,1024.384,1422.205,1025.632
4.403812,1422.028,1024.384,1422.117,1025.008
4.409414,1422.028,1024.384,1422.073,1024.696
4.415664,1362.966,1021.938,1392.519,1023.317
4.421733,1362.966,1021.938,1377.743,1022.628
4.427823,1362.966,1021.938,1370.354,1022.283
4.433470,1362.966,1021.938,1366.660,1022.111
4.439453,1362.966,1021.938,1364.813,1022.025
4.445767,1007.509,1034.851,1186.161,1028.438
4.451732,1007.509,1034.851,1096.835,1031.645
4.458119,1007.509,1034.851,1052.172,1033.248
4.463765,1007.509,1034.851,1029.841,1034.050
4.469512,1007.509,1034.851,1018.675,1034.450
4.476018,399.195,1050.898,708.935,1042.674
4.481689,399.195,1050.898,554.065,1046.786
4.487728,399.195,1050.898,476.630,1048.842
4.494138,399.195,1050.898,437.913,1049.870
4.499686,399.195,1050.898,418.554,1050.384
4.506021,31.122,1067.200,224.838,1058.792
4.511704,31.122,1067.200,127.980,1062.996
4.524142,31.122,1067.200,79.551,1065.098
4.533102,31.122,1067.200,55.337,1066.149
4.545724,-146.139,1071.952,-45.401,1069.051
4.552272,-146.139,1071.952,-95.770,1070.501
4.558461,-146.139,1071.952,-120.955,1071.227
4.563659,-146.139,1071.952,-133.547,1071.590
4.569849,-227.151,1070.802,-180.349,1071.196
4.575343,-227.151,1070.802,-203.750,1070.999
4.580738,-227.151,1070.802,-215.451,1070.901
4.586313,-227.151,1070.802,-221.301,1070.851
4.591777,-227.151,1070.802,-224.226,1070.827
4.597509,-261.963,1069.210,-243.094,1070.019
4.603545,-261.963,1069.210,-252.528,1069.614
4.609324,-261.963,1069.210,-257.245,1069.412
4.614846,-261.963,1069.210,-259.604,1069.311
4.620603,-261.963,1069.210,-260.783,1069.261
4.626403,-276.638,1068.183,-268.711,1068.722
4.632653,-276.638,1068.183,-272.674,1068.453
4.638924,-276.638,1068.183,-274.656,1068.318
4.645120,-276.638,1068.183,-275.647,1068.250
4.651349,-276.638,1068.183,-276.143,1068.217
4.657641,-288.092,1069.000,-282.117,1068.609
4.663610,-288.092,1069.000,-285.105,1068.804
4.670032,-288.092,1069.000,-286.598,1068.902
4.675820,-288.092,1069.000,-287.345,1068.951
4.681677,-288.092,1069.000,-287.719,1068.976
4.688553,-289.995,1062.109,-288.857,1065.543
4.694981,-289.995,1062.109,-289.426,1063.826
4.701277,-289.995,1062.109,-289.710,1062.968
4.707235,-289.995,1062.109,-289.853,1062.539
4.713332,-289.995,1062.109,-289.924,1062.324
4.719716,-349.625,1061.871,-319.775,1062.098
4.727836,-349.625,1061.871,-334.700,1061.984
4.735258,-349.625,1061.871,-342.163,1061.928
4.742503,-349.625,1061.871,-345.894,1061.899
4.749043,-417.217,1065.626,-381.556,1063.763
4.757010,-417.217,1065.626,-399.386,1064.694
4.763852,-417.217,1065.626,-408.302,1065.160
4.769510,-417.217,1065.626,-412.760,1065.393
4.775661,-417.217,1065.626,-414.988,1065.509
4.781917,-462.428,1072.180,-438.708,1068.845
4.788611,-462.428,1072.180,-450.568,1070.512
4.795444,-462.428,1072.180,-456.498,1071.346
4.801991,-462.428,1072.180,-459.463,1071.763
4.808566,-486.633,1078.737,-473.048,1075.250
4.814300,-486.633,1078.737,-479.840,1076.994
4.821516,-486.633,1078.737,-483.237,1077.865
4.827250,-486.633,1078.737,-484.935,1078.301
4.832494,-486.633,1078.737,-485.784,1078.519
4.839683,-504.407,1082.191,-495.095,1080.355
4.845531,-504.407,1082.191,-499.751,1081.273
4.852720,-504.407,1082.191,-502.079,1081.732
4.858677,-504.407,1082.191,-503.243,1081.962
4.864345,-504.407,1082.191,-503.825,1082.076
4.870956,-520.222,1087.234,-512.024,1084.655
4.876485,-520.222,1087.234,-516.123,1085.945
4.882247,-520.222,1087.234,-518.173,1086.589
4.888635,-520.222,1087.234,-519.198,1086.912
4.894249,-520.222,1087.234,-519.710,1087.073
4.900563,-529.448,1090.968,-524.579,1089.021
4.906963,-529.448,1090.968,-527.014,1089.994
4.913452,-529.448,1090.968,-528.231,1090.481
4.920027,-529.448,1090.968,-528.840,1090.725
4.925590,-529.448,1090.968,-529.144,1090.846
4.931643,-536.430,1095.776,-532.787,1093.311
4.937437,-536.430,1095.776,-534.609,1094.543
4.943851,-536.430,1095.776,-535.519,1095.159
4.951976,-536.430,1095.776,-535.975,1095.468
4.959780,-542.563,1099.292,-539.269,1097.380
4.967211,-542.563,1099.292,-540.916,1098.335
4.975107,-542.563,1099.292,-541.739,1098.813
4.982203,-542.563,1099.292,-542.151,1099.052
4.989125,-551.466,1103.726,-546.808,1101.389
4.995836,-551.466,1103.726,-549.137,1102.558
5.001974,-551.466,1103.726,-550.302,1103.142
5.008170,-551.466,1103.726,-550.884,1103.434
5.014217,-551.466,1103.726,-551.175,1103.580
5.021552,-559.761,1104.785,-555.468,1104.183
5.028850,-559.761,1104.785,-557.614,1104.484
5.035906,-559.761,1104.785,-558.688,1104.635
5.043097,-559.761,1104.785,-559.224,1104.710
5.048612,-559.761,1104.785,-559.493,1104.748
5.055762,-562.617,1107.048,-561.055,1105.898
5.062301,-562.617,1107.048,-561.836,1106.473
5.068422,-562.617,1107.048,-562.227,1106.760
5.077118,-562.617,1107.048,-562.422,1106.904
5.083922,-562.207,1106.395,-562.314,1106.649
5.092111,-562.207,1106.395,-562.261,1106.522
5.097842,-562.207,1106.395,-562.234,1106.458
5.103772,-562.207,1106.395,-562.220,1106.426
5.110264,-564.696,1105.563,-563.458,1105.994
5.116008,-564.696,1105.563,-564.077,1105.778
5.122480,-564.696,1105.563,-564.386,1105.670
5.128633,-564.696,1105.563,-564.541,1105.616
5.135291,-564.696,1105.563,-564.618,1105.589
5.141023,-486.986,1062.184,-525.802,1083.887
5.146460,-486.986,1062.184,-506.394,1073.035
5.152288,-486.986,1062.184,-496.690,1067.610
5.158183,-486.986,1062.184,-491.838,1064.897
5.163874,-486.986,1062.184,-489.412,1063.540
5.170472,41.343,700.237,-224.034,881.889
5.176633,41.343,700.237,-91.345,791.063
5.183020,41.343,700.237,-25.001,745.650
5.189365,41.343,700.237,8.171,722.944
5.195445,41.343,700.237,24.757,711.591
5.202063,540.124,366.978,282.441,539.284
5.208241,540.124,366.978,411.282,453.131
5.214866,540.124,366.978,475.703,410.054
5.221396,540.124,366.978,507.914,388.516
5.228222,540.124,366.978,524.019,377.747
5.236111,762.097,213.317,643.058,295.532
5.244259,762.097,213.317,702.577,254.425
5.251163,762.097,213.317,732.337,233.871
5.257821,762.097,213.317,747.217,223.594
5.264573,863.297,150.783,805.257,187.189
5.271324,863.297,150.783,834.277,168.986
5.278672,863.297,150.783,848.787,159.884
5.284415,863.297,150.783,856.042,155.334
5.291344,901.460,119.239,878.751,137.286
5.297971,901.460,119.239,890.105,128.262
5.305474,901.460,119.239,895.783,123.751
5.311749,901.460,119.239,898.621,121.495
5.317749,901.460,119.239,900.040,120.367
5.324785,918.056,99.226,909.048,109.796
5.331107,918.056,99.226,913.552,104.511
5.338524,918.056,99.226,915.804,101.869
5.345920,918.056,99.226,916.930,100.547
5.353126,918.056,99.226,917.493,99.887
5.360410,926.461,89.811,921.977,94.849
5.367597,926.461,89.811,924.219,92.330
5.375093,926.461,89.811,925.340,91.071
5.381419,926.461,89.811,925.901,90.441
5.388519,931.293,85.827,928.597,88.134
5.395525,931.293,85.827,929.945,86.981
5.402812,931.293,85.827,930.619,86.404
5.410222,931.293,85.827,930.956,86.116
5.416560,936.014,82.969,933.485,84.542
5.423117,936.014,82.969,934.750,83.755
5.428394,936.014,82.969,935.382,83.362
5.433227,936.014,82.969,935.698,83.165
5.438291,936.014,82.969,935.856,83.067
5.443411,936.014,82.969,935.935,83.018
5.449137,933.729,77.673,934.832,80.346
5.455240,933.729,77.673,934.280,79.010
5.460738,933.729,77.673,934.004,78.341
5.466166,933.729,77.673,933.867,78.007
5.471582,932.865,76.050,933.366,77.028
5.476938,932.865,76.050,933.115,76.539
5.481959,932.865,76.050,932.990,76.294
5.487851,932.865,76.050,932.928,76.172
5.493133,932.865,76.050,932.896,76.111
5.498880,932.865,76.050,932.881,76.080
5.504414,931.293,78.825,932.087,77.453
5.509808,931.293,78.825,931.690,78.139
5.515601,931.293,78.825,931.492,78.482
5.521113,931.293,78.825,931.393,78.653
5.526718,931.293,78.825,931.343,78.739
5.532037,961.610,36.074,946.476,57.407
5.537587,961.610,36.074,954.043,46.741
5.544163,961.610,36.074,957.826,41.408
5.550447,961.610,36.074,959.718,38.741
5.556577,961.610,36.074,960.664,37.408
5.562239,986.597,-33.083,973.631,2.162
5.567739,986.597,-33.083,980.114,-15.460
5.574083,986.597,-33.083,983.356,-24.271
5.579796,986.597,-33.083,984.976,-28.677
5.585110,986.597,-33.083,985.787,-30.880
5.591429,986.597,-33.083,986.192,-31.981
5.596819,1002.213,-82.071,994.202,-57.026
5.602519,1002.213,-82.071,998.207,-69.548
5.608761,1002.213,-82.071,1000.210,-75.809
5.614244,1002.213,-82.071,1001.211,-78.940
5.620162,1002.213,-82.071,1001.712,-80.505
5.626141,1018.477,-118.735,1010.095,-99.620
5.631506,1018.477,-118.735,1014.286,-109.177
5.638494,1018.477,-118.735,1016.382,-113.956
5.644084,1018.477,-118.735,1017.429,-116.345
5.650041,1018.477,-118.735,1017.953,-117.540
5.656547,1024.763,-139.706,1021.358,-128.623
5.662386,1024.763,-139.706,1023.060,-134.165
5.668732,1024.763,-139.706,1023.911,-136.935
5.674710,1024.763,-139.706,1024.337,-138.321
5.680430,1024.763,-139.706,1024.550,-139.014
5.687195,1037.916,-151.713,1031.233,-145.363
5.692710,1037.916,-151.713,1034.574,-148.538
5.698540,1037.916,-151.713,1036.245,-150.125
5.704309,1037.916,-151.713,1037.081,-150.919
5.709773,1037.916,-151.713,1037.498,-151.316
5.715372,1043.916,-160.587,1040.707,-155.951
5.720734,1043.916,-160.587,1042.312,-158.269
5.726371,1043.916,-160.587,1043.114,-159.428
5.732505,1043.916,-160.587,1043.515,-160.008
5.738007,1043.916,-160.587,1043.716,-160.297
5.743599,1052.205,-163.172,1047.960,-161.735
5.749171,1052.205,-163.172,1050.083,-162.453
5.755185,1052.205,-163.172,1051.144,-162.813
5.761239,1052.205,-163.172,1051.674,-162.992
5.766664,1052.205,-163.172,1051.940,-163.082
5.771921,1052.205,-163.172,1052.072,-163.127
5.778100,1028.907,-140.903,1040.490,-152.015
5.784098,1028.907,-140.903,1034.698,-146.459
5.790140,1028.907,-140.903,1031.802,-143.681
5.796013,1028.907,-140.903,1030.354,-142.292
5.800953,1028.907,-140.903,1029.631,-141.598
5.806808,853.404,-19.866,941.517,-80.732
5.812298,853.404,-19.866,897.461,-50.299
5.818397,853.404,-19.866,875.432,-35.083
5.825555,853.404,-19.866,864.418,-27.475
5.832233,853.404,-19.866,858.911,-23.670
5.838863,853.404,-19.866,856.158,-21.768
5.844499,853.404,-19.866,854.781,-20.817
5.850266,853.404,-19.866,854.092,-20.342
5.856441,853.404,-19.866,853.748,-20.104
5.861765,853.404,-19.866,853.576,-19.985
5.866693,853.404,-19.866,853.490,-19.926
5.872507,853.404,-19.866,853.447,-19.896
5.878065,853.404,-19.866,853.425,-19.881
5.883588,853.404,-19.866,853.415,-19.874
5.889789,853.404,-19.866,853.409,-19.870
5.895319,19.597,797.349,436.503,388.739
5.900810,19.597,797.349,228.050,593.044
5.908307,19.597,797.349,123.824,695.196
5.914216,19.597,797.349,71.710,746.273
5.919862,19.597,797.349,45.654,771.811
5.925224,19.597,797.349,32.625,784.580
5.930387,-195.910,913.365,-81.642,848.972
5.936220,-195.910,913.365,-138.776,881.168
5.942004,-195.910,913.365,-167.343,897.266
5.947323,-195.910,913.365,-181.626,905.315
5.954702,-201.238,1025.924,-191.432,965.620
5.961630,-201.238,1025.924,-196.335,995.772
5.968427,-201.238,1025.924,-198.786,1010.848
5.975799,-201.238,1025.924,-200.012,1018.386
5.981722,-201.238,1025.924,-200.625,1022.155
5.987535,-187.745,1091.802,-194.185,1056.979
5.993136,-187.745,1091.802,-190.965,1074.390
5.999565,-187.745,1091.802,-189.355,1083.096
6.005944,-187.745,1091.802,-188.550,1087.449
6.011388,-187.745,1091.802,-188.147,1089.626
6.016916,-179.417,1106.776,-183.782,1098.201
6.022830,-179.417,1106.776,-181.599,1102.488
6.030464,-179.417,1106.776,-180.508,1104.632
6.037144,-179.417,1106.776,-179.962,1105.704
6.044025,-179.417,1106.776,-179.690,1106.240
6.050260,-176.634,1111.192,-178.162,1108.716
6.056401,-176.634,1111.192,-177.398,1109.954
6.062138,-176.634,1111.192,-177.016,1110.573
6.066904,-176.634,1111.192,-176.825,1110.882
6.071941,-176.634,1111.192,-176.729,1111.037
6.077375,-174.329,1114.485,-175.529,1112.761
6.082360,-174.329,1114.485,-174.929,1113.623
6.087664,-174.329,1114.485,-174.629,1114.054
6.094164,-174.329,1114.485,-174.479,1114.270
6.099241,-174.329,1114.485,-174.404,1114.378
6.104355,-174.329,1114.485,-174.367,1114.431
6.111207,-171.826,1117.055,-173.096,1115.743
6.117230,-171.826,1117.055,-172.461,1116.399
6.123796,-171.826,1117.055,-172.143,1116.727
6.129361,-171.826,1117.055,-171.984,1116.891
6.134327,-171.826,1117.055,-171.905,1116.973
6.140852,-170.140,1109.765,-171.022,1113.369
6.147459,-170.140,1109.765,-170.581,1111.567
6.153942,-170.140,1109.765,-170.361,1110.666
6.159647,-170.140,1109.765,-170.250,1110.215
6.165074,-168.040,1106.788,-169.145,1108.502
6.173391,-168.040,1106.788,-168.593,1107.645
6.180959,-168.040,1106.788,-168.316,1107.217
6.188489,-168.040,1106.788,-168.178,1107.002
6.194636,-168.040,1106.788,-168.109,1106.895
6.200724,-174.933,1106.948,-171.521,1106.922
6.207168,-174.933,1106.948,-173.227,1106.935
6.213675,-174.933,1106.948,-174.080,1106.942
6.218979,-174.933,1106.948,-174.507,1106.945
6.224982,-174.933,1106.948,-174.720,1106.947
6.231266,-182.872,1106.098,-178.796,1106.522
6.238096,-182.872,1106.098,-180.834,1106.310
6.245544,-182.872,1106.098,-181.853,1106.204
6.252741,-182.872,1106.098,-182.363,1106.151
6.259831,-182.872,1106.098,-182.617,1106.124
6.268867,-187.515,1105.323,-185.066,1105.724
6.276898,-187.515,1105.323,-186.291,1105.524
6.283912,-187.515,1105.323,-186.903,1105.423
6.290724,-187.515,1105.323,-187.209,1105.373
6.297868,-191.844,1102.765,-189.527,1104.069
6.304378,-191.844,1102.765,-190.685,1103.417
6.311303,-191.844,1102.765,-191.265,1103.091
6.316763,-191.844,1102.765,-191.555,1102.928
6.323561,-195.808,1096.984,-193.681,1099.956
6.330132,-195.808,1096.984,-194.744,1098.470
6.337108,-195.808,1096.984,-195.276,1097.727
6.343433,-195.808,1096.984,-195.542,1097.356
6.349390,-197.751,1094.336,-196.646,1095.846
6.355958,-197.751,1094.336,-197.199,1095.091
6.362917,-197.751,1094.336,-197.475,1094.713
6.369175,-197.751,1094.336,-197.613,1094.524
6.375374,-197.751,1094.336,-197.682,1094.430
6.381210,-199.240,1094.417,-198.461,1094.424
6.387961,-199.240,1094.417,-198.850,1094.420
6.394418,-199.240,1094.417,-199.045,1094.419
6.400496,-199.240,1094.417,-199.142,1094.418
6.406616,-199.240,1094.417,-199.191,1094.418
6.412469,-195.738,1093.931,-197.465,1094.174
6.418818,-195.738,1093.931,-196.601,1094.053
6.425879,-195.738,1093.931,-196.170,1093.992
6.433258,-195.738,1093.931,-195.954,1093.962
6.440547,-184.635,1092.924,-190.294,1093.443
6.448533,-184.635,1092.924,-187.464,1093.184
6.456212,-184.635,1092.924,-186.049,1093.054
6.462409,-184.635,1092.924,-185.342,1092.989
6.468612,-172.312,1091.163,-178.827,1092.076
6.474965,-172.312,1091.163,-175.569,1091.620
6.481685,-172.312,1091.163,-173.941,1091.391
6.487277,-172.312,1091.163,-173.126,1091.277
6.493315,-172.312,1091.163,-172.719,1091.220
6.499755,-158.283,1089.330,-165.501,1090.275
6.505448,-158.283,1089.330,-161.892,1089.802
6.511743,-158.283,1089.330,-160.088,1089.566
6.517806,-158.283,1089.330,-159.186,1089.448
6.523908,-158.283,1089.330,-158.734,1089.389
6.529733,-141.540,1086.969,-150.137,1088.179
6.535704,-141.540,1086.969,-145.839,1087.574
6.542733,-141.540,1086.969,-143.689,1087.271
6.548597,-141.540,1086.969,-142.615,1087.120
6.554425,-141.540,1086.969,-142.077,1087.044
6.560886,-123.240,1083.262,-132.659,1085.153
6.567277,-123.240,1083.262,-127.950,1084.208
6.573893,-123.240,1083.262,-125.595,1083.735
6.579949,-123.240,1083.262,-124.418,1083.499
6.585726,-123.240,1083.262,-123.829,1083.381
6.592929,-107.115,1079.254,-115.472,1081.317
6.599394,-107.115,1079.254,-111.293,1080.285
6.606419,-107.115,1079.254,-109.204,1079.770
6.612281,-107.115,1079.254,-108.159,1079.512
6.618054,-107.115,1079.254,-107.637,1079.383
6.624814,-91.168,1076.396,-99.402,1077.889
6.631263,-91.168,1076.396,-95.285,1077.142
6.639682,-91.168,1076.396,-93.226,1076.769
6.646686,-91.168,1076.396,-92.197,1076.582
6.654714,156.832,911.099,32.318,993.841
6.662265,156.832,911.099,94.575,952.470
6.669806,156.832,911.099,125.704,931.784
6.676600,156.832,911.099,141.268,921.442
6.684302,595.701,553.720,368.485,737.581
6.691148,595.701,553.720,482.093,645.651
6.697400,595.701,553.720,538.897,599.685
6.703586,595.701,553.720,567.299,576.703
6.710029,887.351,310.058,727.325,443.380
6.716540,887.351,310.058,807.338,376.719
6.723155,887.351,310.058,847.345,343.389
6.729474,887.351,310.058,867.348,326.723
6.735719,887.351,310.058,877.350,318.391
6.742747,1011.129,207.617,944.239,263.004
6.750518,1011.129,207.617,977.684,235.311
6.757705,1011.129,207.617,994.406,221.464
6.764781,1011.129,207.617,1002.767,214.541
6.771718,1065.327,167.853,1034.047,191.197
6.778697,1065.327,167.853,1049.687,179.525
6.785258,1065.327,167.853,1057.507,173.689
6.791549,1065.327,167.853,1061.417,170.771
6.797006,1065.327,167.853,1063.372,169.312
6.803126,1088.235,154.728,1075.803,162.020
6.810292,1088.235,154.728,1082.019,158.374
6.816930,1088.235,154.728,1085.127,156.551
6.823688,1088.235,154.728,1086.681,155.639
6.831134,1099.391,140.612,1093.036,148.126
6.838489,1099.391,140.612,1096.214,144.369
6.846644,1099.391,140.612,1097.802,142.491
6.854608,1099.391,140.612,1098.597,141.551
6.862899,1105.466,130.115,1102.032,135.833
6.872190,1105.466,130.115,1103.749,132.974
6.889457,1105.466,130.115,1104.608,131.545
6.898383,1110.166,124.520,1107.387,128.033
6.907802,1110.166,124.520,1108.776,126.277
6.914824,1110.166,124.520,1109.471,125.398
6.923268,1112.901,124.127,1111.186,124.763
6.929801,1112.901,124.127,1112.044,124.445
6.937274,1112.901,124.127,1112.473,124.286
6.944285,1112.901,124.127,1112.687,124.206
6.951140,1112.901,124.127,1112.794,124.167
6.958951,1110.898,124.348,1111.846,124.257
6.966313,1110.898,124.348,1111.372,124.302
6.973472,1110.898,124.348,1111.135,124.325
6.980996,1110.898,124.348,1111.016,124.336
6.988299,1108.382,125.343,1109.699,124.840
6.995202,1108.382,125.343,1109.041,125.092
7.002162,1108.382,125.343,1108.711,125.217
7.008725,1108.382,125.343,1108.547,125.280
7.015964,1107.882,124.921,1108.214,125.101
7.024028,1107.882,124.921,1108.048,125.011
7.031850,1107.882,124.921,1107.965,124.966
7.039218,1107.882,124.921,1107.924,124.943
7.046508,1107.132,124.639,1107.528,124.791
7.053922,1107.132,124.639,1107.330,124.715
7.061166,1107.132,124.639,1107.231,124.677
7.067977,1107.132,124.639,1107.182,124.658
7.075042,1102.934,130.341,1105.058,127.500
7.081971,1102.934,130.341,1103.996,128.920
7.090838,1102.934,130.341,1103.465,129.631
7.099160,1102.934,130.341,1103.199,129.986
7.109389,1099.412,135.330,1101.305,132.658
7.119161,1099.412,135.330,1100.359,133.994
7.128037,1099.412,135.330,1099.885,134.662
7.137239,1097.583,138.728,1098.734,136.695
7.145169,1097.583,138.728,1098.158,137.711
7.152093,1097.583,138.728,1097.870,138.220
7.158658,1097.583,138.728,1097.726,138.474
7.164601,1095.966,141.527,1096.846,140.000
7.171498,1095.966,141.527,1096.406,140.763
7.184543,1095.966,141.527,1096.186,141.145
7.194369,1093.795,144.218,1094.990,142.681
7.208074,1093.795,144.218,1094.393,143.449
7.216228,1093.795,144.218,1094.094,143.833
7.222219,1093.795,144.218,1093.945,144.026
7.228648,1091.233,147.002,1092.589,145.514
7.234242,1091.233,147.002,1091.911,146.258
7.239697,1091.233,147.002,1091.572,146.630
7.245347,1091.233,147.002,1091.402,146.816
7.250632,1091.233,147.002,1091.317,146.909
7.256005,1087.819,150.637,1089.568,148.773
7.262422,1087.819,150.637,1088.694,149.705
7.268254,1087.819,150.637,1088.257,150.171
7.274055,1087.819,150.637,1088.038,150.404
7.279197,1087.819,150.637,1087.929,150.521
7.284606,1084.283,152.587,1086.106,151.554
7.290698,1084.283,152.587,1085.194,152.071
7.296563,1084.283,152.587,1084.739,152.329
7.301963,1084.283,152.587,1084.511,152.458
7.307931,1084.283,152.587,1084.397,152.523
7.313130,1084.283,152.587,1084.340,152.555
7.318730,1081.982,154.018,1083.161,153.286
7.325301,1081.982,154.018,1082.572,153.652
7.331832,1081.982,154.018,1082.277,153.835
7.338332,1081.982,154.018,1082.130,153.926
7.344729,1078.722,156.584,1080.426,155.255
7.350793,1078.722,156.584,1079.574,155.920
7.358062,1078.722,156.584,1079.148,156.252
7.363753,1078.722,156.584,1078.935,156.418
7.369174,1078.722,156.584,1078.828,156.501
7.374887,1075.611,158.901,1077.219,157.701
7.380097,1075.611,158.901,1076.415,158.301
7.385673,1075.611,158.901,1076.013,158.601
7.391725,1075.611,158.901,1075.812,158.751
7.396882,1075.611,158.901,1075.711,158.826
7.402978,1075.611,158.901,1075.661,158.864
7.409165,1075.802,150.076,1075.731,154.470
7.414819,1075.802,150.076,1075.767,152.273
7.420604,1075.802,150.076,1075.784,151.174
7.425866,1075.802,150.076,1075.793,150.625
7.431413,1075.802,150.076,1075.797,150.351
7.437520,1071.700,123.618,1073.749,136.985
7.443723,1071.700,123.618,1072.724,130.302
7.450494,1071.700,123.618,1072.212,126.960
7.456794,1071.700,123.618,1071.956,125.289
7.462966,1071.700,123.618,1071.828,124.454
7.470128,1063.576,83.930,1067.702,104.192
7.477691,1063.576,83.930,1065.639,94.061
7.484157,1063.576,83.930,1064.607,88.996
7.490752,1063.576,83.930,1064.091,86.463
7.496404,1063.576,83.930,1063.833,85.197
7.501678,1058.318,47.034,1061.076,66.115
7.508046,1058.318,47.034,1059.697,56.575
7.513921,1058.318,47.034,1059.007,51.804
7.519147,1058.318,47.034,1058.663,49.419
7.525786,1056.957,14.229,1057.810,31.824
7.531289,1056.957,14.229,1057.383,23.026
7.536584,1056.957,14.229,1057.170,18.627
7.542851,1056.957,14.229,1057.063,16.428
7.548322,1056.957,14.229,1057.010,15.328
7.553460,1056.957,14.229,1056.983,14.778
7.559634,1056.957,14.229,1056.970,14.503
7.565158,1054.825,-11.197,1055.897,1.653
7.571305,1054.825,-11.197,1055.361,-4.772
7.576816,1054.825,-11.197,1055.093,-7.984
7.582105,1054.825,-11.197,1054.959,-9.591
7.587758,1056.840,-27.429,1055.899,-18.510
7.593217,1056.840,-27.429,1056.370,-22.969
7.598767,1056.840,-27.429,1056.605,-25.199
7.604476,1056.840,-27.429,1056.722,-26.314
7.610034,1056.840,-27.429,1056.781,-26.872
7.615062,1056.840,-27.429,1056.810,-27.150
7.620820,1059.790,-40.575,1058.300,-33.862
7.626576,1059.790,-40.575,1059.045,-37.219
7.632161,1059.790,-40.575,1059.417,-38.897
7.637736,1059.790,-40.575,1059.604,-39.736
7.643041,1059.790,-40.575,1059.697,-40.155
7.648313,1059.482,-49.481,1059.589,-44.818
7.654054,1059.482,-49.481,1059.536,-47.150
7.660102,1059.482,-49.481,1059.509,-48.316
7.665818,1059.482,-49.481,1059.495,-48.899
7.672198,1059.482,-49.481,1059.489,-49.190
7.677752,1059.482,-49.481,1059.485,-49.336
7.683442,1063.182,-92.778,1061.334,-71.057
7.689521,1063.182,-92.778,1062.258,-81.917
7.695493,1063.182,-92.778,1062.720,-87.348
7.702685,1063.182,-92.778,1062.951,-90.063
7.709188,1067.598,-147.151,1065.275,-118.607
7.714818,1067.598,-147.151,1066.437,-132.879
7.721492,1067.598,-147.151,1067.017,-140.015
7.727811,1067.598,-147.151,1067.308,-143.583
7.733819,1067.598,-147.151,1067.453,-145.367
7.739951,1067.598,-147.151,1067.526,-146.259
7.747115,1070.421,-184.520,1068.973,-165.389
7.754354,1070.421,-184.520,1069.697,-174.954
7.760583,1070.421,-184.520,1070.059,-179.737
7.766393,1070.421,-184.520,1070.240,-182.128
7.772471,1072.901,-209.318,1071.571,-195.723
7.777951,1072.901,-209.318,1072.236,-202.520
7.783614,1072.901,-209.318,1072.569,-205.919
7.789310,1072.901,-209.318,1072.735,-207.618
7.795018,1072.901,-209.318,1072.818,-208.468
7.800481,1075.841,-226.781,1074.330,-217.624
7.807069,1075.841,-226.781,1075.085,-222.203
7.813222,1075.841,-226.781,1075.463,-224.492
7.818400,1075.841,-226.781,1075.652,-225.636
7.824594,1075.841,-226.781,1075.746,-226.208
7.830384,1076.126,-237.249,1075.936,-231.729
7.835799,1076.126,-237.249,1076.031,-234.489
7.841956,1076.126,-237.249,1076.079,-235.869
7.847239,1076.126,-237.249,1076.103,-236.559
7.853206,1076.126,-237.249,1076.115,-236.904
7.859385,1073.925,-248.017,1075.020,-242.460
7.864882,1073.925,-248.017,1074.472,-245.239
7.871337,1073.925,-248.017,1074.198,-246.628
7.876899,1073.925,-248.017,1074.061,-247.322
7.882127,1073.925,-248.017,1073.993,-247.670
7.887446,1073.925,-248.017,1073.959,-247.843
7.893331,1074.341,-255.672,1074.150,-251.758
7.898679,1074.341,-255.672,1074.245,-253.715
7.905705,1074.341,-255.672,1074.293,-254.693
7.911603,1074.341,-255.672,1074.317,-255.183
7.917745,1074.341,-255.672,1074.329,-255.427
7.924405,1075.087,-259.326,1074.708,-257.377
7.930966,1075.087,-259.326,1074.897,-258.352
7.936858,1075.087,-259.326,1074.992,-258.839
7.942683,1075.087,-259.326,1075.040,-259.083
7.949178,1075.221,-261.237,1075.130,-260.160
7.956222,1075.221,-261.237,1075.176,-260.699
7.962951,1075.221,-261.237,1075.199,-260.968
7.969108,1075.221,-261.237,1075.210,-261.103
7.975984,1075.221,-261.237,1075.216,-261.170
7.983466,1075.362,-263.724,1075.289,-262.447
7.988927,1075.362,-263.724,1075.326,-263.086
7.995906,1075.362,-263.724,1075.344,-263.405
8.001395,1075.362,-263.724,1075.353,-263.565
8.007617,1075.362,-263.724,1075.358,-263.644
8.013417,1072.641,-255.437,1074.000,-259.541
8.019210,1072.641,-255.437,1073.320,-257.489
8.027247,1072.641,-255.437,1072.981,-256.463
8.033624,1072.641,-255.437,1072.811,-255.950
8.039691,1071.393,-249.929,1072.102,-252.940
8.045545,1071.393,-249.929,1071.748,-251.435
8.051074,1071.393,-249.929,1071.570,-250.682
8.057155,1071.393,-249.929,1071.482,-250.306
8.062400,1071.393,-249.929,1071.438,-250.118
8.067483,1071.393,-249.929,1071.415,-250.024
8.074088,1069.553,-246.106,1070.484,-248.065
8.079574,1069.553,-246.106,1070.019,-247.086
8.085099,1069.553,-246.106,1069.786,-246.596
8.091115,1069.553,-246.106,1069.670,-246.351
8.096293,1069.553,-246.106,1069.611,-246.229
8.101489,1067.006,-240.742,1068.309,-243.485
8.107526,1067.006,-240.742,1067.657,-242.113
8.113317,1067.006,-240.742,1067.332,-241.427
8.119246,1067.006,-240.742,1067.169,-241.084
8.125218,1067.006,-240.742,1067.088,-240.913
8.130607,1064.323,-234.490,1065.705,-237.702
8.136851,1064.323,-234.490,1065.014,-236.096
8.143508,1064.323,-234.490,1064.669,-235.293
8.149285,1064.323,-234.490,1064.496,-234.892
8.154881,1064.323,-234.490,1064.409,-234.691
8.160331,1060.649,-226.108,1062.529,-230.399
8.166341,1060.649,-226.108,1061.589,-228.253
8.172513,1060.649,-226.108,1061.119,-227.181
8.177907,1060.649,-226.108,1060.884,-226.644
8.183452,1060.649,-226.108,1060.766,-226.376
8.188790,1060.649,-226.108,1060.708,-226.242
8.194278,1057.207,-217.273,1058.957,-221.758
8.199716,1057.207,-217.273,1058.082,-219.515
8.205443,1057.207,-217.273,1057.644,-218.394
8.210853,1057.207,-217.273,1057.425,-217.834
8.216147,1057.207,-217.273,1057.316,-217.554
8.222075,1051.797,-166.189,1054.556,-191.872
8.227784,1051.797,-166.189,1053.176,-179.030
8.233401,1051.797,-166.189,1052.486,-172.610
8.239036,1051.797,-166.189,1052.141,-169.400
8.244588,1051.797,-166.189,1051.969,-167.795
8.249711,1051.797,-166.189,1051.883,-166.992
8.255433,1048.871,-51.667,1050.377,-109.330
8.261918,1048.871,-51.667,1049.624,-80.498
8.267873,1048.871,-51.667,1049.248,-66.083
8.273635,1048.871,-51.667,1049.059,-58.875
8.279109,1048.871,-51.667,1048.965,-55.271
8.284802,1042.029,45.788,1045.497,-4.742
8.291240,1042.029,45.788,1043.763,20.523
8.297059,1042.029,45.788,1042.896,33.156
8.302323,1042.029,45.788,1042.463,39.472
8.308984,1042.029,45.788,1042.246,42.630
8.314750,1037.913,112.480,1040.079,77.555
8.320575,1037.913,112.480,1038.996,95.017
8.327249,1037.913,112.480,1038.454,103.749
8.332528,1037.913,112.480,1038.184,108.114
8.338040,1037.913,112.480,1038.048,110.297
8.343726,1032.804,150.280,1035.426,130.289
8.349010,1032.804,150.280,1034.115,140.284
8.356032,1032.804,150.280,1033.460,145.282
8.361516,1032.804,150.280,1033.132,147.781
8.366750,1032.804,150.280,1032.968,149.031
8.371966,1027.037,179.183,1030.002,164.107
8.377749,1027.037,179.183,1028.520,171.645
8.383739,1027.037,179.183,1027.778,175.414
8.389371,1027.037,179.183,1027.407,177.298
8.395020,1027.037,179.183,1027.222,178.240
8.400800,1021.133,195.315,1024.177,186.778
8.406583,1021.133,195.315,1022.655,191.046
8.412553,1021.133,195.315,1021.894,193.181
8.419131,1021.133,195.315,1021.514,194.248
8.425515,1021.133,195.315,1021.323,194.782
8.431918,1018.783,201.079,1020.053,197.930
8.437926,1018.783,201.079,1019.418,199.505
8.443959,1018.783,201.079,1019.100,200.292
8.449630,1018.783,201.079,1018.942,200.686
8.455091,1018.783,201.079,1018.862,200.882
8.460900,1018.783,201.079,1018.822,200.981
8.466365,1018.783,201.079,1018.803,201.030
8.472524,1020.854,204.906,1019.828,202.968
8.479156,1020.854,204.906,1020.341,203.937
8.484612,1020.854,204.906,1020.598,204.421
8.490485,1020.854,204.906,1020.726,204.664
8.497045,1020.292,215.572,1020.509,210.118
8.503522,1020.292,215.572,1020.401,212.845
8.510968,1020.292,215.572,1020.347,214.208
8.516633,1020.292,215.572,1020.320,214.890
8.523084,1022.537,220.412,1021.428,217.651
8.529160,1022.537,220.412,1021.983,219.031
8.535848,1022.537,220.412,1022.260,219.722
8.542241,1022.537,220.412,1022.399,220.067
8.548326,1022.537,220.412,1022.468,220.239
8.554379,1024.200,224.055,1023.334,222.147
8.560805,1024.200,224.055,1023.767,223.101
8.567309,1024.200,224.055,1023.984,223.578
8.573775,1024.200,224.055,1024.092,223.817
8.579429,1024.200,224.055,1024.146,223.936
8.585486,1026.430,225.846,1025.288,224.891
8.591348,1026.430,225.846,1025.859,225.368
8.596871,1026.430,225.846,1026.144,225.607
8.602536,1026.430,225.846,1026.287,225.726
8.607894,1026.430,225.846,1026.358,225.786
8.613246,1027.088,224.274,1026.723,225.030
8.618808,1027.088,224.274,1026.906,224.652
8.624522,1027.088,224.274,1026.997,224.463
8.630528,1027.088,224.274,1027.043,224.369
8.636149,1027.088,224.274,1027.066,224.322
8.641337,1027.088,224.274,1027.077,224.298
8.647208,1028.650,223.889,1027.864,224.094
8.652537,1028.650,223.889,1028.257,223.991
8.658935,1028.650,223.889,1028.454,223.940
8.664712,1028.650,223.889,1028.552,223.915
8.669721,1028.650,223.889,1028.601,223.902
8.675231,1029.207,224.258,1028.904,224.080
8.680615,1029.207,224.258,1029.055,224.169
8.686080,1029.207,224.258,1029.131,224.214
8.692220,1029.207,224.258,1029.169,224.236
8.697923,1029.207,224.258,1029.188,224.247
8.702998,1030.016,224.374,1029.602,224.310
8.709722,1030.016,224.374,1029.809,224.342
8.716092,1030.016,224.374,1029.913,224.358
8.722360,1030.016,224.374,1029.965,224.366
8.728738,1030.016,224.374,1029.990,224.370
8.734462,1030.313,224.112,1030.152,224.241
8.740327,1030.313,224.112,1030.233,224.176
8.746074,1030.313,224.112,1030.273,224.144
8.751685,1030.313,224.112,1030.293,224.128
8.758164,1030.313,224.112,1030.303,224.120
8.764079,1030.458,223.557,1030.381,223.838
8.770665,1030.458,223.557,1030.419,223.697
8.776998,1030.458,223.557,1030.439,223.627
8.782546,1030.458,223.557,1030.448,223.592
8.788503,1030.458,223.557,1030.453,223.574
8.794059,1030.747,223.407,1030.600,223.490
8.799562,1030.747,223.407,1030.673,223.449
8.805661,1030.747,223.407,1030.710,223.428
8.811440,1030.747,223.407,1030.729,223.417
8.816775,1030.747,223.407,1030.738,223.412
8.822047,1030.747,223.407,1030.742,223.409
8.827727,1031.130,223.496,1030.936,223.452
8.834128,1031.130,223.496,1031.033,223.474
8.840228,1031.130,223.496,1031.082,223.485
8.846021,1031.130,223.496,1031.106,223.490
8.852063,1031.130,223.496,1031.118,223.493
8.858268,1030.216,225.521,1030.667,224.507
8.864141,1030.216,225.521,1030.442,225.014
8.870978,1030.216,225.521,1030.329,225.267
8.876884,1030.216,225.521,1030.272,225.394
8.882632,1030.216,225.521,1030.244,225.457
8.888030,1027.569,229.603,1028.907,227.530
8.894160,1027.569,229.603,1028.238,228.567
8.899783,1027.569,229.603,1027.904,229.085
8.905282,1027.569,229.603,1027.737,229.344
8.911422,1027.569,229.603,1027.653,229.473
8.917272,1024.725,236.799,1026.189,233.136
8.923005,1024.725,236.799,1025.457,234.967
8.929393,1024.725,236.799,1025.091,235.883
8.935178,1024.725,236.799,1024.908,236.341
8.940831,1024.725,236.799,1024.817,236.570
8.947509,1024.725,236.799,1024.771,236.684
8.954364,1022.122,244.545,1023.447,240.615
8.961415,1022.122,244.545,1022.784,242.580
8.967515,1022.122,244.545,1022.453,243.562
8.974250,1022.122,244.545,1022.288,244.053
8.980830,1020.263,253.165,1021.275,248.609
8.986283,1020.263,253.165,1020.769,250.887
8.992440,1020.263,253.165,1020.516,252.026
8.997781,1020.263,253.165,1020.389,252.596
9.003242,1020.263,253.165,1020.326,252.880
9.010991,1017.437,261.789,1018.882,257.334
9.017352,1017.437,261.789,1018.159,259.562
9.024384,1017.437,261.789,1017.798,260.675
9.030261,1017.437,261.789,1017.618,261.232
9.035604,1013.814,268.945,1015.716,265.089
9.042016,1013.814,268.945,1014.765,267.017
9.048205,1013.814,268.945,1014.289,267.981
9.054257,1013.814,268.945,1014.051,268.463
9.064904,1013.814,268.945,1013.932,268.704
9.070836,1010.561,275.589,1012.247,272.146
9.076596,1010.561,275.589,1011.404,273.868
9.081859,1010.561,275.589,1010.983,274.728
9.087140,1010.561,275.589,1010.772,275.159
9.092366,1010.561,275.589,1010.667,275.374
9.097287,1007.660,281.399,1009.163,278.386
9.102574,1007.660,281.399,1008.412,279.892
9.108182,1007.660,281.399,1008.036,280.645
9.113805,1007.660,281.399,1007.848,281.022
9.120118,1007.660,281.399,1007.754,281.210
9.126018,1007.723,286.334,1007.739,283.772
9.131972,1007.723,286.334,1007.731,285.053
9.137408,1007.723,286.334,1007.727,285.693
9.143435,1007.723,286.334,1007.725,286.014
9.149306,1007.723,286.334,1007.724,286.174
9.156062,1007.065,277.039,1007.395,281.606
9.162431,1007.065,277.039,1007.230,279.323
9.168662,1007.065,277.039,1007.147,278.181
9.174911,1007.065,277.039,1007.106,277.610
9.180236,1007.065,277.039,1007.085,277.325
9.185359,1007.065,277.039,1007.075,277.182
9.190778,1007.065,277.039,1007.070,277.111
9.196486,1007.336,270.677,1007.203,273.894
9.201951,1007.336,270.677,1007.269,272.285
9.207696,1007.336,270.677,1007.302,271.481
9.213031,1007.336,270.677,1007.319,271.079
9.217963,1007.336,270.677,1007.327,270.878
9.223577,1007.553,261.258,1007.440,266.068
9.229342,1007.553,261.258,1007.497,263.663
9.234721,1007.553,261.258,1007.525,262.461
9.240472,1007.553,261.258,1007.539,261.860
9.245883,1007.553,261.258,1007.546,261.559
9.251134,1007.553,261.258,1007.550,261.409
9.257375,1007.020,249.410,1007.285,255.409
9.263335,1007.020,249.410,1007.152,252.410
9.268685,1007.020,249.410,1007.086,250.910
9.274816,1007.020,249.410,1007.053,250.160
9.280137,1007.020,249.410,1007.036,249.785
9.285676,1007.053,236.936,1007.045,243.360
9.292151,1007.053,236.936,1007.049,240.148
9.297759,1007.053,236.936,1007.051,238.542
9.303304,1007.053,236.936,1007.052,237.739
9.309571,1008.042,226.788,1007.547,232.263
9.314713,1008.042,226.788,1007.794,229.526
9.320661,1008.042,226.788,1007.918,228.157
9.326823,1008.042,226.788,1007.980,227.472
9.331925,1008.042,226.788,1008.011,227.130
9.337632,1008.654,215.481,1008.332,221.306
9.343688,1008.654,215.481,1008.493,218.393
9.349040,1008.654,215.481,1008.574,216.937
9.355083,1008.654,215.481,1008.614,216.209
9.361003,1008.654,215.481,1008.634,215.845
9.367053,1008.654,215.481,1008.644,215.663
9.373050,1016.051,177.573,1012.347,196.618
9.379106,1016.051,177.573,1014.199,187.096
9.386067,1016.051,177.573,1015.125,182.334
9.391839,1016.051,177.573,1015.588,179.954
9.397317,1016.051,177.573,1015.819,178.763
9.402820,1029.855,101.174,1022.837,139.969
9.408637,1029.855,101.174,1026.346,120.572
9.414287,1029.855,101.174,1028.101,110.873
9.419515,1029.855,101.174,1028.978,106.024
9.424987,1029.855,101.174,1029.417,103.599
9.430881,1048.797,21.886,1039.107,62.743
9.436143,1048.797,21.886,1043.952,42.315
9.442645,1048.797,21.886,1046.374,32.100
9.448575,1048.797,21.886,1047.585,26.993
9.453738,1048.797,21.886,1048.191,24.440
9.459891,1063.347,-35.343,1055.769,-5.452
9.465474,1063.347,-35.343,1059.558,-20.398
9.470891,1063.347,-35.343,1061.452,-27.871
9.477214,1063.347,-35.343,1062.399,-31.607
9.482625,1063.347,-35.343,1062.873,-33.475
9.487763,1063.347,-35.343,1063.110,-34.409
9.493587,1063.347,-35.343,1063.228,-34.876
9.499101,1075.011,-72.146,1069.120,-53.511
9.505044,1075.011,-72.146,1072.066,-62.829
9.510850,1075.011,-72.146,1073.539,-67.487
9.515893,1075.011,-72.146,1074.275,-69.817
9.522092,1075.120,-97.318,1074.697,-83.567
9.529445,1075.120,-97.318,1074.908,-90.442
9.536292,1075.120,-97.318,1075.014,-93.880
9.542277,1075.120,-97.318,1075.067,-95.599
9.547509,1075.120,-97.318,1075.093,-96.458
9.552415,1075.120,-97.318,1075.106,-96.888
9.558181,1076.566,-115.491,1075.836,-106.190
9.563760,1076.566,-115.491,1076.201,-110.841
9.569333,1076.566,-115.491,1076.384,-113.166
9.574672,1076.566,-115.491,1076.475,-114.329
9.579909,1077.178,-128.846,1076.826,-121.587
9.585876,1077.178,-128.846,1077.002,-125.216
9.592639,1077.178,-128.846,1077.090,-127.031
9.598681,1077.178,-128.846,1077.134,-127.938
9.604520,1077.178,-128.846,1077.156,-128.392
9.610337,1077.178,-128.846,1077.167,-128.619
9.616443,1074.531,-137.018,1075.849,-132.818
9.629218,1074.531,-137.018,1075.190,-134.918
9.643174,1074.531,-137.018,1074.860,-135.968
9.650161,1072.779,-143.209,1073.820,-139.588
9.656461,1072.779,-143.209,1073.300,-141.399
9.662738,1072.779,-143.209,1073.040,-142.304
9.668218,1072.779,-143.209,1072.909,-142.756
9.674148,1075.654,-148.082,1074.282,-145.419
9.680469,1075.654,-148.082,1074.968,-146.750
9.686479,1075.654,-148.082,1075.311,-147.416
9.692210,1075.654,-148.082,1075.483,-147.749
9.697257,1075.654,-148.082,1075.568,-147.915
9.702634,1078.828,-152.968,1077.198,-150.442
9.708255,1078.828,-152.968,1078.013,-151.705
9.714570,1078.828,-152.968,1078.420,-152.336
9.720887,1078.828,-152.968,1078.624,-152.652
9.727809,1078.828,-152.968,1078.726,-152.810
9.733491,1077.478,-155.030,1078.102,-153.920
9.739057,1077.478,-155.030,1077.790,-154.475
9.745185,1077.478,-155.030,1077.634,-154.753
9.750388,1077.478,-155.030,1077.556,-154.892
9.756200,1077.478,-155.030,1077.517,-154.961
9.761863,1078.906,-154.670,1078.212,-154.816
9.767755,1078.906,-154.670,1078.559,-154.743
9.774432,1078.906,-154.670,1078.733,-154.706
9.780097,1078.906,-154.670,1078.819,-154.688
9.785796,1078.906,-154.670,1078.863,-154.679
9.792136,1078.018,-155.143,1078.441,-154.911
9.797509,1078.018,-155.143,1078.229,-155.027
9.803529,1078.018,-155.143,1078.124,-155.085
9.809697,1078.018,-155.143,1078.071,-155.114
9.815574,1078.018,-155.143,1078.045,-155.129
9.821500,1078.082,-154.593,1078.063,-154.861
9.827407,1078.082,-154.593,1078.073,-154.727
9.833138,1078.082,-154.593,1078.077,-154.660
9.839047,1078.082,-154.593,1078.080,-154.627
9.844417,1078.082,-154.593,1078.081,-154.610
9.850224,1078.082,-154.593,1078.081,-154.602
9.856233,1077.783,-155.481,1077.932,-155.041
9.862203,1077.783,-155.481,1077.858,-155.261
9.868346,1077.783,-155.481,1077.821,-155.371
9.873916,1077.783,-155.481,1077.802,-155.426
9.879712,1077.783,-155.481,1077.792,-155.453
9.886184,1075.726,-156.267,1076.759,-155.860
9.892198,1075.726,-156.267,1076.242,-156.064
9.898299,1075.726,-156.267,1075.984,-156.165
9.903728,1075.726,-156.267,1075.855,-156.216
9.910193,1075.726,-156.267,1075.790,-156.242
9.916512,1075.570,-157.203,1075.680,-156.723
9.922193,1075.570,-157.203,1075.625,-156.963
9.929488,1075.570,-157.203,1075.597,-157.083
9.935206,1075.570,-157.203,1075.584,-157.143
9.940736,1075.570,-157.203,1075.577,-157.173
9.948092,1130.996,-159.278,1103.286,-158.226
9.954606,1130.996,-159.278,1117.141,-158.752
9.961228,1130.996,-159.278,1124.069,-159.015
9.967490,1130.996,-159.278,1127.532,-159.146
9.973657,1276.439,-154.483,1201.985,-156.815
9.978900,1276.439,-154.483,1239.212,-155.649
9.984719,1276.439,-154.483,1257.825,-155.066
9.990905,1276.439,-154.483,1267.132,-154.775
9.996408,1276.439,-154.483,1271.785,-154.629
10.001670,1430.608,-144.944,1351.197,-149.786
10.009590,1430.608,-144.944,1390.902,-147.365
10.016350,1430.608,-144.944,1410.755,-146.155
10.022860,1430.608,-144.944,1420.681,-145.549
10.029280,1430.608,-144.944,1425.645,-145.247
10.035220,1554.520,-136.555,1490.082,-140.901
10.040380,1554.520,-136.555,1522.301,-138.728
10.046180,1554.520,-136.555,1538.411,-137.641
10.052160,1554.520,-136.555,1546.465,-137.098
10.058320,1554.520,-136.555,1550.493,-136.826
10.064360,1632.372,-135.660,1591.432,-136.243
10.070100,1632.372,-135.660,1611.902,-135.952
10.076090,1632.372,-135.660,1622.137,-135.806
10.081970,1632.372,-135.660,1627.254,-135.733
10.088590,1632.372,-135.660,1629.813,-135.697
10.094720,1678.123,-131.897,1653.968,-133.797
10.100560,1678.123,-131.897,1666.046,-132.847
10.106430,1678.123,-131.897,1672.084,-132.372
10.112260,1678.123,-131.897,1675.104,-132.135
10.117940,1678.123,-131.897,1676.614,-132.016
10.123890,1707.235,-130.533,1691.924,-131.275
10.130230,1707.235,-130.533,1699.579,-130.904
10.135830,1707.235,-130.533,1703.407,-130.719
10.141800,1707.235,-130.533,1705.321,-130.626
10.147710,1707.235,-130.533,1706.278,-130.580
10.153150,1728.325,-125.264,1717.301,-127.922
10.159070,1728.325,-125.264,1722.813,-126.593
10.165930,1728.325,-125.264,1725.569,-125.929
10.172250,1728.325,-125.264,1726.947,-125.596
10.178090,1728.325,-125.264,1727.636,-125.430
10.183540,1958.453,-90.706,1843.045,-108.068
10.188830,1958.453,-90.706,1900.749,-99.387
10.196520,1958.453,-90.706,1929.601,-95.047
10.202380,1958.453,-90.706,1944.027,-92.876
10.208430,1958.453,-90.706,1951.240,-91.791
10.214210,2451.210,16.975,2201.225,-37.408
10.219720,2451.210,16.975,2326.218,-10.217
10.226120,2451.210,16.975,2388.714,3.379
10.231650,2451.210,16.975,2419.962,10.177
10.237040,2451.210,16.975,2435.586,13.576
10.242890,2451.210,16.975,2443.398,15.275
10.248590,2717.614,100.225,2580.506,57.750
10.254070,2717.614,100.225,2649.060,78.988
10.260070,2717.614,100.225,2683.336,89.607
10.265150,2717.614,100.225,2700.475,94.916
10.270600,2717.614,100.225,2709.044,97.571
10.276810,2623.379,95.325,2666.212,96.448
10.282320,2623.379,95.325,2644.795,95.886
10.288570,2623.379,95.325,2634.087,95.606
10.294570,2623.379,95.325,2628.733,95.465
10.300410,2623.379,95.325,2626.056,95.395
10.305860,2548.710,83.498,2587.383,89.446
10.311630,2548.710,83.498,2568.047,86.472
10.317660,2548.710,83.498,2558.379,84.985
10.323200,2548.710,83.498,2553.544,84.241
10.328800,2548.710,83.498,2551.127,83.869
10.335080,2511.340,78.357,2531.234,81.113
10.340800,2511.340,78.357,2521.287,79.735
10.347080,2511.340,78.357,2516.314,79.046
10.352910,2511.340,78.357,2513.827,78.702
10.358300,2511.340,78.357,2512.584,78.530
10.364500,2491.589,76.583,2502.086,77.556
10.369820,2491.589,76.583,2496.838,77.070
10.375680,2491.589,76.583,2494.214,76.826
10.382960,2491.589,76.583,2492.901,76.705
10.389900,2491.589,76.583,2492.245,76.644
10.396340,2480.020,74.952,2486.132,75.798
10.402100,2480.020,74.952,2483.076,75.375
10.407920,2480.020,74.952,2481.548,75.163
10.413510,2480.020,74.952,2480.784,75.057
10.418480,2480.020,74.952,2480.402,75.005
10.424960,2470.726,77.858,2475.564,76.431
10.437320,2470.726,77.858,2473.145,77.144
10.443140,2470.726,77.858,2471.936,77.501
10.448350,2470.726,77.858,2471.331,77.679
10.453090,2470.726,77.858,2471.028,77.768
10.458710,2465.283,79.821,2468.156,78.795
10.463960,2465.283,79.821,2466.719,79.308
10.469190,2465.283,79.821,2466.001,79.565
10.474600,2465.283,79.821,2465.642,79.693
10.479590,2465.283,79.821,2465.462,79.757
10.484980,2461.997,79.344,2463.729,79.550
10.491560,2461.997,79.344,2462.863,79.447
10.497140,2461.997,79.344,2462.430,79.395
10.503190,2461.997,79.344,2462.213,79.370
10.508540,2461.997,79.344,2462.105,79.357
10.513560,2461.997,79.344,2462.051,79.350
10.519340,2459.706,80.314,2460.878,79.832
10.524800,2459.706,80.314,2460.292,80.073
10.530640,2459.706,80.314,2459.999,80.193
10.536130,2459.706,80.314,2459.852,80.253
10.541370,2459.706,80.314,2459.779,80.283
10.546710,2457.026,81.395,2458.402,80.839
10.553210,2457.026,81.395,2457.714,81.117
10.559970,2457.026,81.395,2457.370,81.256
10.566170,2457.026,81.395,2457.198,81.326
10.571560,2457.026,81.395,2457.112,81.360
10.577500,2453.970,82.967,2455.541,82.164
10.583280,2453.970,82.967,2454.755,82.565
10.588810,2453.970,82.967,2454.363,82.766
10.595420,2453.970,82.967,2454.167,82.867
10.601660,2453.970,82.967,2454.068,82.917
10.607600,2451.673,84.067,2452.871,83.492
10.613210,2451.673,84.067,2452.272,83.779
10.618450,2451.673,84.067,2451.973,83.923
10.624080,2451.673,84.067,2451.823,83.995
10.629820,2451.673,84.067,2451.748,84.031
10.634990,2451.673,84.067,2451.710,84.049
10.641060,2449.236,85.731,2450.473,84.890
10.647080,2449.236,85.731,2449.855,85.310
10.652540,2449.236,85.731,2449.546,85.521
10.658230,2449.236,85.731,2449.391,85.626
10.663610,2449.236,85.731,2449.314,85.678
10.668920,2447.411,86.422,2448.363,86.050
10.674870,2447.411,86.422,2447.887,86.236
10.680710,2447.411,86.422,2447.649,86.329
10.686420,2447.411,86.422,2447.530,86.375
10.692140,2447.411,86.422,2447.471,86.399
10.697460,2445.092,86.463,2446.281,86.431
10.702970,2445.092,86.463,2445.687,86.447
10.709240,2445.092,86.463,2445.389,86.455
10.714660,2445.092,86.463,2445.240,86.459
10.720510,2445.092,86.463,2445.166,86.461
10.726270,2445.092,86.463,2445.129,86.462
10.731900,2443.807,87.449,2444.468,86.956
10.738240,2443.807,87.449,2444.138,87.203
10.744500,2443.807,87.449,2443.973,87.326
10.750100,2443.807,87.449,2443.890,87.388
10.755800,2443.807,87.449,2443.849,87.418
10.761850,2440.645,88.502,2442.247,87.960
10.767590,2440.645,88.502,2441.446,88.231
10.773670,2440.645,88.502,2441.045,88.367
10.778970,2440.645,88.502,2440.845,88.434
10.784160,2440.645,88.502,2440.745,88.468
10.789700,2438.625,89.617,2439.685,89.043
10.795250,2438.625,89.617,2439.155,89.330
10.801360,2438.625,89.617,2438.890,89.474
10.806850,2438.625,89.617,2438.758,89.546
10.812710,2438.625,89.617,2438.692,89.582
10.818380,2437.049,89.729,2437.871,89.655
10.824110,2437.049,89.729,2437.460,89.692
10.830720,2437.049,89.729,2437.255,89.711
10.836780,2437.049,89.729,2437.152,89.720
10.842720,2437.049,89.729,2437.101,89.725
10.848590,2437.049,89.729,2437.075,89.727
10.854310,2417.128,120.809,2427.102,105.268
10.861060,2417.128,120.809,2422.115,113.038
10.867130,2417.128,120.809,2419.622,116.924
10.872890,2417.128,120.809,2418.375,118.866
10.879470,2378.254,180.279,2398.314,149.572
10.886440,2378.254,180.279,2388.284,164.926
10.894300,2378.254,180.279,2383.269,172.602
10.900560,2378.254,180.279,2380.762,176.440
10.906780,2378.254,180.279,2379.508,178.360
10.913350,2340.843,237.809,2360.176,208.084
10.918970,2340.843,237.809,2350.509,222.947
10.925950,2340.843,237.809,2345.676,230.378
10.931410,2340.843,237.809,2343.260,234.094
10.937140,2340.843,237.809,2342.052,235.951
10.943770,2315.725,274.895,2328.888,255.423
10.950680,2315.725,274.895,2322.307,265.159
10.957630,2315.725,274.895,2319.016,270.027
10.963870,2315.725,274.895,2317.370,272.461
10.969740,2315.725,274.895,2316.547,273.678
10.975330,2232.649,295.215,2274.598,284.447
10.981060,2232.649,295.215,2253.624,289.831
10.987210,2232.649,295.215,2243.136,292.523
10.992930,2232.649,295.215,2237.893,293.869
10.998310,2232.649,295.215,2235.271,294.542
11.005470,1896.658,314.520,2065.964,304.531
11.012810,1896.658,314.520,1981.311,309.525
11.019420,1896.658,314.520,1938.984,312.023
11.025090,1896.658,314.520,1917.821,313.271
11.030880,1587.633,322.082,1752.727,317.677
11.036380,1587.633,322.082,1670.180,319.879
11.041620,1587.633,322.082,1628.907,320.981
11.047160,1587.633,322.082,1608.270,321.532
11.052030,1587.633,322.082,1597.952,321.807
11.057260,1587.633,322.082,1592.793,321.945
11.063360,1400.692,328.240,1496.742,325.092
11.068850,1400.692,328.240,1448.717,326.666
11.074800,1400.692,328.240,1424.704,327.453
11.080620,1400.692,328.240,1412.698,327.846
11.085850,1400.692,328.240,1406.695,328.043
11.091340,1299.178,335.979,1352.937,332.011
11.096960,1299.178,335.979,1326.057,333.995
11.102390,1299.178,335.979,1312.618,334.987
11.108270,1299.178,335.979,1305.898,335.483
11.114580,1299.178,335.979,1302.538,335.731
11.119820,1249.511,336.013,1276.025,335.872
11.125790,1249.511,336.013,1262.768,335.942
11.131100,1249.511,336.013,1256.140,335.978
11.136880,1249.511,336.013,1252.825,335.995
11.143350,1249.511,336.013,1251.168,336.004
11.149040,1249.511,336.013,1250.340,336.009
11.154530,1222.323,337.303,1236.332,336.656
11.161180,1222.323,337.303,1229.327,336.979
11.167030,1222.323,337.303,1225.825,337.141
11.172960,1222.323,337.303,1224.074,337.222
11.179390,1222.323,337.303,1223.199,337.262
11.185550,1200.873,339.942,1212.036,338.602
11.191800,1200.873,339.942,1206.454,339.272
11.197680,1200.873,339.942,1203.664,339.607
11.203010,1200.873,339.942,1202.268,339.775
11.209030,1200.873,339.942,1201.570,339.858
11.215520,1193.464,340.913,1197.517,340.386
11.222030,1193.464,340.913,1195.491,340.649
11.228620,1193.464,340.913,1194.478,340.781
11.234310,1193.464,340.913,1193.971,340.847
11.239430,1193.464,340.913,1193.718,340.880
11.245680,1191.372,332.842,1192.545,336.861
11.251520,1191.372,332.842,1191.958,334.852
11.257250,1191.372,332.842,1191.665,333.847
11.262580,1191.372,332.842,1191.519,333.345
11.267640,1191.372,332.842,1191.445,333.094
11.272650,1193.447,331.627,1192.446,332.361
11.278590,1193.447,331.627,1192.947,331.994
11.284820,1193.447,331.627,1193.197,331.811
11.290090,1193.447,331.627,1193.322,331.719
11.295490,1193.447,331.627,1193.385,331.673
11.301660,1195.163,326.419,1194.274,329.046
11.307210,1195.163,326.419,1194.719,327.733
11.312950,1195.163,326.419,1194.941,327.076
11.318750,1195.163,326.419,1195.052,326.747
11.324140,1195.163,326.419,1195.108,326.583
11.329620,1195.163,326.419,1195.135,326.501
11.334960,1194.276,325.247,1194.706,325.874
11.340150,1194.276,325.247,1194.491,325.561
11.346360,1194.276,325.247,1194.384,325.404
11.351630,1194.276,325.247,1194.330,325.325
11.357080,1194.276,325.247,1194.303,325.286
11.362920,1188.786,324.572,1191.545,324.929
11.368480,1188.786,324.572,1190.166,324.751
11.374360,1188.786,324.572,1189.476,324.661
11.380540,1188.786,324.572,1189.131,324.617
11.385700,1188.786,324.572,1188.959,324.594
11.391370,1188.786,324.572,1188.873,324.583
11.397750,1184.677,320.947,1186.775,322.765
11.403450,1184.677,320.947,1185.726,321.856
11.410450,1184.677,320.947,1185.201,321.402
11.416080,1184.677,320.947,1184.939,321.175
11.421290,1184.677,320.947,1184.808,321.061
11.427550,1176.032,316.327,1180.420,318.694
11.433290,1176.032,316.327,1178.226,317.510
11.438740,1176.032,316.327,1177.129,316.919
11.444540,1176.032,316.327,1176.581,316.623
11.449650,1176.032,316.327,1176.307,316.475
11.455380,1154.331,284.639,1165.319,300.557
11.461060,1154.331,284.639,1159.825,292.598
11.466900,1154.331,284.639,1157.078,288.619
11.473160,1154.331,284.639,1155.705,286.629
11.479450,1154.331,284.639,1155.018,285.634
11.485290,1132.513,246.670,1143.765,266.152
11.490770,1132.513,246.670,1138.139,256.411
11.496560,1132.513,246.670,1135.326,251.541
11.501970,1132.513,246.670,1133.919,249.106
11.507560,1132.513,246.670,1133.216,247.888
11.513010,1112.325,213.665,1122.771,230.776
11.519190,1112.325,213.665,1117.548,222.221
11.525010,1112.325,213.665,1114.937,217.943
11.530870,1112.325,213.665,1113.631,215.804
11.536110,1112.325,213.665,1112.978,214.734
11.541590,1112.325,213.665,1112.652,214.200
11.547860,1096.610,187.997,1104.631,201.098
11.553890,1096.610,187.997,1100.621,194.547
11.559810,1096.610,187.997,1098.615,191.272
11.565860,1096.610,187.997,1097.613,189.634
11.571060,1096.610,187.997,1097.112,188.815
11.576800,1096.610,187.997,1096.861,188.406
11.582900,1085.480,167.269,1091.170,177.838
11.589190,1085.480,167.269,1088.325,172.553
11.595200,1085.480,167.269,1086.902,169.911
11.600960,1085.480,167.269,1086.191,168.590
11.606270,1085.480,167.269,1085.835,167.930
11.612810,1078.085,153.624,1081.960,160.777
11.618710,1078.085,153.624,1080.023,157.201
11.624070,1078.085,153.624,1079.054,155.412
11.629740,1078.085,153.624,1078.570,154.518
11.634860,1108.226,109.619,1093.398,132.069
11.640110,1108.226,109.619,1100.812,120.844
11.646400,1108.226,109.619,1104.519,115.231
11.651970,1108.226,109.619,1106.372,112.425
11.657320,1108.226,109.619,1107.299,111.022
11.662880,1108.226,109.619,1107.762,110.321
11.668180,1108.226,109.619,1107.994,109.970
11.673880,1168.901,36.450,1138.447,73.210
11.680010,1168.901,36.450,1153.674,54.830
11.685400,1168.901,36.450,1161.287,45.640
11.691400,1168.901,36.450,1165.094,41.045
11.697190,1221.793,-24.763,1193.443,8.141
11.702310,1221.793,-24.763,1207.618,-8.311
11.708190,1221.793,-24.763,1214.706,-16.537
11.713830,1221.793,-24.763,1218.249,-20.650
11.719100,1221.793,-24.763,1220.021,-22.707
11.724720,1221.793,-24.763,1220.907,-23.735
11.730210,1259.502,-68.045,1240.205,-45.890
11.736070,1259.502,-68.045,1249.854,-56.967
11.742230,1259.502,-68.045,1254.678,-62.506
11.747940,1259.502,-68.045,1257.090,-65.276
11.753500,1259.502,-68.045,1258.296,-66.660
11.759430,1284.197,-97.172,1271.247,-81.916
11.764810,1284.197,-97.172,1277.722,-89.544
11.770630,1284.197,-97.172,1280.959,-93.358
11.776210,1284.197,-97.172,1282.578,-95.265
11.781460,1284.197,-97.172,1283.388,-96.218
11.786890,1284.197,-97.172,1283.792,-96.695
11.798320,1301.553,-112.035,1292.673,-104.365
11.804870,1301.553,-112.035,1297.113,-108.200
11.810520,1301.553,-112.035,1299.333,-110.118
11.815690,1301.553,-112.035,1300.443,-111.077
11.820750,1276.345,-173.082,1288.394,-142.079
11.826310,1276.345,-173.082,1282.370,-157.581
11.832140,1276.345,-173.082,1279.357,-165.332
11.837610,1276.345,-173.082,1277.851,-169.207
11.842780,1276.345,-173.082,1277.098,-171.145
11.848280,1276.345,-173.082,1276.722,-172.113
11.853750,1244.223,-245.638,1260.472,-208.876
11.859450,1244.223,-245.638,1252.347,-227.257
11.865510,1244.223,-245.638,1248.285,-236.448
11.870830,1244.223,-245.638,1246.254,-241.043
11.876450,1244.223,-245.638,1245.238,-243.341
11.882370,1222.587,-281.524,1233.913,-262.433
11.888060,1222.587,-281.524,1228.250,-271.978
11.894360,1222.587,-281.524,1225.418,-276.751
11.899940,1222.587,-281.524,1224.002,-279.138
11.905160,1222.587,-281.524,1223.295,-280.331
11.914680,1210.369,-305.732,1216.832,-293.032
11.924550,1210.369,-305.732,1213.600,-299.382
11.931210,1210.369,-305.732,1211.985,-302.557
11.936910,1210.369,-305.732,1211.177,-304.144
11.945050,1201.991,-324.322,1206.584,-314.233
11.952320,1201.991,-324.322,1204.287,-319.277
11.959330,1201.991,-324.322,1203.139,-321.799
11.966880,1195.980,-334.115,1199.560,-327.957
11.973170,1195.980,-334.115,1197.770,-331.036
11.979370,1195.980,-334.115,1196.875,-332.575
11.984770,1195.980,-334.115,1196.427,-333.345
11.990100,1195.980,-334.115,1196.204,-333.730
11.996130,1195.980,-334.115,1196.092,-333.922
12.001330,1191.714,-337.819,1193.903,-335.871
12.007170,1191.714,-337.819,1192.808,-336.845
12.014530,1191.714,-337.819,1192.261,-337.332
12.021580,1191.714,-337.819,1191.987,-337.575
12.027630,1191.714,-337.819,1191.850,-337.697
12.033490,1189.804,-341.915,1190.827,-339.806
12.040030,1189.804,-341.915,1190.316,-340.860
12.046070,1189.804,-341.915,1190.060,-341.388
12.051470,1189.804,-341.915,1189.932,-341.651
12.056520,1189.804,-341.915,1189.868,-341.783
12.062530,1188.833,-346.867,1189.351,-344.325
12.068610,1188.833,-346.867,1189.092,-345.596
12.074090,1188.833,-346.867,1188.963,-346.232
12.080060,1188.833,-346.867,1188.898,-346.549
12.093090,1187.396,-348.431,1188.147,-347.490
12.101820,1187.396,-348.431,1187.771,-347.960
12.110720,1187.396,-348.431,1187.583,-348.195
12.118890,1187.396,-348.431,1187.489,-348.313
12.127380,1277.992,-365.073,1232.741,-356.693
12.136280,1277.992,-365.073,1255.366,-360.883
12.144750,1277.992,-365.073,1266.679,-362.978
12.155990,1684.153,-462.241,1475.416,-412.609
12.162180,1684.153,-462.241,1579.785,-437.425
12.166790,1684.153,-462.241,1631.969,-449.833
12.171040,1684.153,-462.241,1658.061,-456.037
12.176630,1684.153,-462.241,1671.107,-459.139
12.182130,2073.997,-556.026,1872.552,-507.582
12.187140,2073.997,-556.026,1973.274,-531.804
12.192810,2073.997,-556.026,2023.636,-543.915
12.197960,2073.997,-556.026,2048.816,-549.970
12.202770,2073.997,-556.026,2061.406,-552.998
12.209270,2286.414,-598.521,2173.910,-575.760
12.214850,2286.414,-598.521,2230.162,-587.140
12.220660,2286.414,-598.521,2258.288,-592.831
12.226630,2286.414,-598.521,2272.351,-595.676
12.231850,2286.414,-598.521,2279.382,-597.099
12.237450,2286.414,-598.521,2282.898,-597.810
12.243500,2393.290,-629.741,2338.094,-613.775
12.249010,2393.290,-629.741,2365.692,-621.758
12.254750,2393.290,-629.741,2379.491,-625.750
12.260160,2393.290,-629.741,2386.390,-627.745
12.265740,2393.290,-629.741,2389.840,-628.743
12.271490,2438.565,-640.588,2414.203,-634.665
12.277140,2438.565,-640.588,2426.384,-637.627
12.283320,2438.565,-640.588,2432.475,-639.107
12.288770,2438.565,-640.588,2435.520,-639.847
12.294480,2438.565,-640.588,2437.042,-640.218
12.300280,2460.953,-647.296,2448.998,-643.757
12.305590,2460.953,-647.296,2454.976,-645.527
12.311920,2460.953,-647.296,2457.964,-646.412
12.318070,2460.953,-647.296,2459.459,-646.854
12.324140,2460.953,-647.296,2460.206,-647.075
12.330610,2472.784,-650.973,2466.495,-649.024
12.336370,2472.784,-650.973,2469.640,-649.999
12.341940,2472.784,-650.973,2471.212,-650.486
12.348540,2472.784,-650.973,2471.998,-650.730
12.354420,2472.784,-650.973,2472.391,-650.851
12.359980,2486.268,-651.214,2479.329,-651.033
12.366020,2486.268,-651.214,2482.798,-651.124
12.371650,2486.268,-651.214,2484.533,-651.169
12.377710,2486.268,-651.214,2485.400,-651.192
12.383060,2486.268,-651.214,2485.834,-651.203
12.388450,2440.713,-648.311,2463.274,-649.757
12.395890,2440.713,-648.311,2451.994,-649.034
12.402340,2440.713,-648.311,2446.354,-648.673
12.408150,2440.713,-648.311,2443.533,-648.492
12.413990,2440.713,-648.311,2442.124,-648.402
12.419380,2440.713,-648.311,2441.418,-648.357
12.424790,2440.713,-648.311,2441.066,-648.334
12.431040,2440.713,-648.311,2440.890,-648.323
12.436470,2440.713,-648.311,2440.802,-648.317
12.442350,2440.713,-648.311,2440.757,-648.314
12.447720,2440.713,-648.311,2440.735,-648.313
12.452750,2440.713,-648.311,2440.724,-648.312
12.458250,2440.713,-648.311,2440.719,-648.312
12.464320,2440.713,-648.311,2440.716,-648.312
12.469750,2440.713,-648.311,2440.715,-648.311
12.475580,2440.713,-648.311,2440.714,-648.311
12.481160,2440.713,-648.311,2440.714,-648.311
12.486480,2440.713,-648.311,2440.714,-648.311
12.491990,2440.713,-648.311,2440.713,-648.311
12.497740,2440.713,-648.311,2440.713,-648.311
12.503130,2440.713,-648.311,2440.713,-648.311
12.509100,1481.699,-575.720,1961.206,-612.016
12.515010,1481.699,-575.720,1721.453,-593.868
12.521450,1481.699,-575.720,1601.576,-584.794
12.528820,1481.699,-575.720,1541.638,-580.257
12.534530,1481.699,-575.720,1511.669,-577.988
12.539950,1089.597,-476.419,1300.633,-527.204
12.546230,1089.597,-476.419,1195.115,-501.812
12.552370,1089.597,-476.419,1142.356,-489.115
12.558080,1089.597,-476.419,1115.977,-482.767
12.563530,1089.597,-476.419,1102.787,-479.593
12.569380,1089.597,-476.419,1096.192,-478.006
12.575050,672.129,-344.022,884.161,-411.014
12.581330,672.129,-344.022,778.145,-377.518
12.587010,672.129,-344.022,725.137,-360.770
12.592430,672.129,-344.022,698.633,-352.396
12.598370,672.129,-344.022,685.381,-348.209
12.603860,439.609,-266.159,562.495,-307.184
12.609480,439.609,-266.159,501.052,-286.671
12.616410,439.609,-266.159,470.331,-276.415
12.622350,439.609,-266.159,454.970,-271.287
12.629060,439.609,-266.159,447.290,-268.723
12.634890,308.203,-231.516,377.746,-250.120
12.640050,308.203,-231.516,342.975,-240.818
12.646860,308.203,-231.516,325.589,-236.167
12.652200,308.203,-231.516,316.896,-233.842
12.657480,308.203,-231.516,312.549,-232.679
12.664210,236.075,-226.572,274.312,-229.626
12.669600,236.075,-226.572,255.194,-228.099
12.675690,236.075,-226.572,245.635,-227.335
12.681050,236.075,-226.572,240.855,-226.954
12.686250,236.075,-226.572,238.465,-226.763
12.691450,208.683,-221.845,223.574,-224.304
12.697020,208.683,-221.845,216.128,-223.074
12.702000,208.683,-221.845,212.405,-222.459
12.708110,208.683,-221.845,210.544,-222.152
12.713640,208.683,-221.845,209.613,-221.998
12.718840,208.683,-221.845,209.148,-221.921
12.724970,204.616,-210.350,206.882,-216.135
12.730430,204.616,-210.350,205.749,-213.242
12.736090,204.616,-210.350,205.183,-211.796
12.741650,204.616,-210.350,204.900,-211.073
12.747080,204.616,-210.350,204.758,-210.711
12.752920,204.616,-210.350,204.687,-210.530
12.759530,205.805,-201.848,205.246,-206.189
12.765700,205.805,-201.848,205.525,-204.018
12.771480,205.805,-201.848,205.665,-202.933
12.777270,205.805,-201.848,205.735,-202.390
12.782500,205.805,-201.848,205.770,-202.119
12.788070,205.408,-199.704,205.589,-200.911
12.794440,205.408,-199.704,205.499,-200.308
12.800370,205.408,-199.704,205.454,-200.006
12.806210,205.408,-199.704,205.431,-199.855
12.813070,204.018,-198.383,204.725,-199.119
12.819270,204.018,-198.383,204.372,-198.751
12.825210,204.018,-198.383,204.195,-198.567
12.830560,204.018,-198.383,204.107,-198.475
12.836000,204.018,-198.383,204.062,-198.429
12.841220,204.018,-198.383,204.040,-198.406
12.847420,199.658,-198.013,201.849,-198.210
12.853090,199.658,-198.013,200.754,-198.112
12.858530,199.658,-198.013,200.206,-198.062
12.863940,199.658,-198.013,199.932,-198.038
12.869160,199.658,-198.013,199.795,-198.026
12.874660,102.297,-187.678,151.046,-192.852
12.881300,102.297,-187.678,126.672,-190.265
12.887540,102.297,-187.678,114.485,-188.972
12.893540,102.297,-187.678,108.391,-188.325
12.899030,102.297,-187.678,105.344,-188.002
12.904420,-24.047,-169.017,40.648,-178.509
12.911390,-24.047,-169.017,8.300,-173.763
12.918110,-24.047,-169.017,-7.873,-171.390
12.923880,-24.047,-169.017,-15.960,-170.203
12.929780,-24.047,-169.017,-20.004,-169.610
12.935190,-112.540,-154.389,-66.272,-162.000
12.941190,-112.540,-154.389,-89.406,-158.194
12.948680,-112.540,-154.389,-100.973,-156.292
12.954960,-112.540,-154.389,-106.757,-155.340
12.961030,-112.540,-154.389,-109.649,-154.865
12.967290,-174.010,-139.800,-141.829,-147.333
12.973610,-174.010,-139.800,-157.920,-143.567
12.979900,-174.010,-139.800,-165.965,-141.684
12.985510,-174.010,-139.800,-169.987,-140.742
12.992220,-174.010,-139.800,-171.999,-140.271
12.998890,-217.240,-132.566,-194.619,-136.419
13.005760,-217.240,-132.566,-205.929,-134.492
13.013120,-217.240,-132.566,-211.585,-133.529
13.021140,-217.240,-132.566,-214.412,-133.048
13.028640,-243.066,-129.013,-228.739,-131.030
13.035410,-243.066,-129.013,-235.903,-130.022
13.042020,-243.066,-129.013,-239.484,-129.517
13.047960,-243.066,-129.013,-241.275,-129.265
13.054200,-255.527,-125.173,-248.401,-127.219
13.059850,-255.527,-125.173,-251.964,-126.196
13.065600,-255.527,-125.173,-253.745,-125.685
13.071770,-255.527,-125.173,-254.636,-125.429
13.077820,-255.527,-125.173,-255.082,-125.301
13.083730,-263.626,-125.836,-259.354,-125.569
13.089410,-263.626,-125.836,-261.490,-125.702
13.095110,-263.626,-125.836,-262.558,-125.769
13.101470,-263.626,-125.836,-263.092,-125.803
13.107010,-263.626,-125.836,-263.359,-125.820
13.112720,-263.626,-125.836,-263.492,-125.828
13.118720,-263.626,-125.836,-263.559,-125.832
13.124080,-258.980,-25.052,-261.269,-75.442
13.130290,-258.980,-25.052,-260.125,-50.247
13.135670,-258.980,-25.052,-259.552,-37.649
13.140890,-258.980,-25.052,-259.266,-31.350
13.147700,-228.292,362.492,-243.779,165.571
13.153730,-228.292,362.492,-236.036,264.031
13.160360,-228.292,362.492,-232.164,313.261
13.167140,-228.292,362.492,-230.228,337.877
13.172480,-228.292,362.492,-229.260,350.184
13.179170,-199.007,738.571,-214.134,544.378
13.185370,-199.007,738.571,-206.570,641.474
13.192100,-199.007,738.571,-202.789,690.023
13.197650,-199.007,738.571,-200.898,714.297
13.202710,-199.007,738.571,-199.953,726.434
13.209190,-182.165,906.182,-191.059,816.308
13.215520,-182.165,906.182,-186.612,861.245
13.221420,-182.165,906.182,-184.388,883.714
13.227510,-182.165,906.182,-183.277,894.948
13.232590,-182.165,906.182,-182.721,900.565
13.237850,-169.566,972.715,-176.144,936.640
13.243360,-169.566,972.715,-172.855,954.678
13.248940,-169.566,972.715,-171.211,963.697
13.254030,-169.566,972.715,-170.389,968.206
13.259420,-169.566,972.715,-169.978,970.461
13.264610,-169.168,1001.737,-169.573,986.099
13.270620,-169.168,1001.737,-169.371,993.918
13.276510,-169.168,1001.737,-169.270,997.827
13.282160,-169.168,1001.737,-169.219,999.782
13.287490,-169.168,1001.737,-169.194,1000.760
13.292810,-169.168,1001.737,-169.181,1001.248
13.298300,-169.996,1015.722,-169.588,1008.485
13.303940,-169.996,1015.722,-169.792,1012.104
13.310010,-169.996,1015.722,-169.894,1013.913
13.316100,-169.996,1015.722,-169.945,1014.818
13.322360,-169.996,1015.722,-169.970,1015.270
13.329040,-164.271,1020.511,-167.121,1017.891
13.335350,-164.271,1020.511,-165.696,1019.201
13.341420,-164.271,1020.511,-164.983,1019.856
13.347670,-164.271,1020.511,-164.627,1020.184
13.353190,-164.271,1020.511,-164.449,1020.348
13.358730,-159.468,1030.619,-161.959,1025.483
13.364510,-159.468,1030.619,-160.713,1028.051
13.370210,-159.468,1030.619,-160.091,1029.335
13.375410,-159.468,1030.619,-159.779,1029.977
13.380880,-159.468,1030.619,-159.624,1030.298
13.386460,-156.637,1032.469,-158.130,1031.383
13.391960,-156.637,1032.469,-157.383,1031.926
13.398690,-156.637,1032.469,-157.010,1032.197
13.404180,-156.637,1032.469,-156.823,1032.333
13.409650,-156.637,1032.469,-156.730,1032.401
13.415080,-156.637,1032.469,-156.683,1032.435
13.420500,-155.872,1028.688,-156.278,1030.562
13.425750,-155.872,1028.688,-156.075,1029.625
13.432620,-155.872,1028.688,-155.973,1029.156
13.437790,-155.872,1028.688,-155.923,1028.922
13.443430,-155.872,1028.688,-155.897,1028.805
13.449590,-153.817,1022.868,-154.857,1025.837
13.455040,-153.817,1022.868,-154.337,1024.352
13.461730,-153.817,1022.868,-154.077,1023.610
13.467210,-153.817,1022.868,-153.947,1023.239
13.472290,-153.817,1022.868,-153.882,1023.053
13.478020,-164.020,992.361,-158.951,1007.707
13.483680,-164.020,992.361,-161.486,1000.034
13.489280,-164.020,992.361,-162.753,996.198
13.495210,-164.020,992.361,-163.387,994.280
13.500700,-164.020,992.361,-163.703,993.320
13.506260,-179.902,944.542,-171.803,968.931
13.512420,-179.902,944.542,-175.852,956.737
13.517840,-179.902,944.542,-177.877,950.639
13.523720,-179.902,944.542,-178.889,947.591
13.529830,-179.902,944.542,-179.395,946.066
13.535200,-179.902,944.542,-179.649,945.304
13.540940,-201.693,887.866,-190.671,916.585
13.546790,-201.693,887.866,-196.182,902.226
13.552320,-201.693,887.866,-198.937,895.046
13.557750,-201.693,887.866,-200.315,891.456
13.563510,-201.693,887.866,-201.004,889.661
13.568950,-217.352,836.938,-209.178,863.299
13.574960,-217.352,836.938,-213.265,850.118
13.580880,-217.352,836.938,-215.308,843.528
13.586640,-217.352,836.938,-216.330,840.233
13.591890,-217.352,836.938,-216.841,838.585
13.597400,-202.981,791.863,-209.911,815.224
13.603130,-202.981,791.863,-206.446,803.543
13.608510,-202.981,791.863,-204.714,797.703
13.614570,-202.981,791.863,-203.848,794.783
13.620320,-202.981,791.863,-203.415,793.323
13.625690,-202.981,791.863,-203.198,792.593
13.630940,-202.981,791.863,-203.090,792.228
13.637360,150.365,606.339,-26.362,699.284
13.644020,150.365,606.339,62.002,652.811
13.650420,150.365,606.339,106.184,629.575
13.656440,150.365,606.339,128.275,617.957
13.662220,150.365,606.339,139.320,612.148
13.667870,557.524,396.746,348.422,504.447
13.673390,557.524,396.746,452.973,450.596
13.678790,557.524,396.746,505.248,423.671
13.684330,557.524,396.746,531.386,410.208
13.689940,773.107,276.234,652.246,343.221
13.695370,773.107,276.234,712.677,309.728
13.700740,773.107,276.234,742.892,292.981
13.706350,773.107,276.234,757.999,284.608
13.712140,773.107,276.234,765.553,280.421
13.717570,773.107,276.234,769.330,278.328
13.722760,878.164,220.870,823.747,249.599
13.729270,878.164,220.870,850.955,235.235
13.734910,878.164,220.870,864.560,228.053
13.740140,878.164,220.870,871.362,224.461
13.747050,878.164,220.870,874.763,222.666
13.752260,878.164,220.870,876.463,221.768
13.757990,927.838,195.068,902.151,208.418
13.764070,927.838,195.068,914.994,201.743
13.769340,927.838,195.068,921.416,198.406
13.774990,927.838,195.068,924.627,196.737
13.780650,927.838,195.068,926.232,195.903
13.786260,957.170,175.215,941.701,185.559
13.792380,957.170,175.215,949.436,180.387
13.798030,957.170,175.215,953.303,177.801
13.803510,957.170,175.215,955.237,176.508
13.809470,957.170,175.215,956.203,175.861
13.815060,971.303,162.294,963.753,169.077
13.821250,971.303,162.294,967.528,165.685
13.827480,971.303,162.294,969.416,163.990
13.833160,971.303,162.294,970.360,163.142
13.839360,971.303,162.294,970.832,162.718
13.845190,969.827,158.651,970.329,160.684
13.851190,969.827,158.651,970.078,159.668
13.856980,969.827,158.651,969.953,159.160
13.862460,969.827,158.651,969.890,158.905
13.868150,969.827,158.651,969.859,158.778
13.873320,969.827,158.651,969.843,158.715
13.879520,965.560,159.020,967.701,158.868
13.885480,965.560,159.020,966.631,158.944
13.890820,965.560,159.020,966.095,158.982
13.896740,965.560,159.020,965.828,159.001
13.902980,963.457,159.020,964.642,159.011
13.908570,963.457,159.020,964.049,159.015
13.915340,963.457,159.020,963.753,159.018
13.921460,963.457,159.020,963.605,159.019
13.927100,963.457,159.020,963.531,159.019
13.933030,960.421,159.991,961.976,159.505
13.938290,960.421,159.991,961.198,159.748
13.944490,960.421,159.991,960.809,159.870
13.952090,960.421,159.991,960.615,159.930
13.958370,960.421,159.991,960.518,159.961
13.965120,958.574,159.089,959.546,159.525
13.971440,958.574,159.089,959.060,159.307
13.977770,958.574,159.089,958.817,159.198
13.984030,958.574,159.089,958.695,159.144
13.989650,957.770,159.325,958.232,159.235
13.995910,957.770,159.325,958.001,159.280
14.001630,957.770,159.325,957.885,159.303
14.007630,957.770,159.325,957.828,159.314
14.015020,957.770,159.325,957.799,159.320
14.021570,956.585,155.830,957.192,157.575
14.028090,956.585,155.830,956.888,156.702
14.034310,956.585,155.830,956.736,156.266
14.039990,956.585,155.830,956.661,156.048
14.045310,956.585,155.830,956.623,155.939
14.050320,955.276,154.227,955.950,155.083
14.055790,955.276,154.227,955.613,154.655
14.061240,955.276,154.227,955.445,154.441
14.066780,955.276,154.227,955.361,154.334
14.072060,955.276,154.227,955.318,154.281
14.077260,955.276,154.227,955.297,154.254
14.082740,954.800,153.695,955.049,153.974
14.087990,954.800,153.695,954.924,153.835
14.093520,954.800,153.695,954.862,153.765
14.098940,954.800,153.695,954.831,153.730
14.104810,954.800,153.695,954.816,153.712
14.110330,955.284,153.405,955.050,153.559
14.116230,955.284,153.405,955.167,153.482
14.123020,955.284,153.405,955.225,153.443
14.129390,955.284,153.405,955.255,153.424
14.135700,955.284,153.405,955.269,153.414
14.141880,955.337,152.251,955.303,152.833
14.148460,955.337,152.251,955.320,152.542
14.155030,955.337,152.251,955.329,152.396
14.161830,955.337,152.251,955.333,152.324
14.167630,955.337,152.251,955.335,152.287
14.173190,963.893,94.963,959.614,123.625
14.179190,963.893,94.963,961.754,109.294
14.184990,963.893,94.963,962.824,102.129
14.190740,963.893,94.963,963.358,98.546
14.203670,976.299,-16.607,969.829,40.969
14.214490,976.299,-16.607,973.064,12.181
14.226460,976.299,-16.607,974.681,-2.213
14.232430,980.814,-115.569,977.747,-58.891
14.238120,980.814,-115.569,979.280,-87.230
14.244670,980.814,-115.569,980.047,-101.400
14.250150,980.814,-115.569,980.430,-108.484
14.255130,980.814,-115.569,980.622,-112.027
14.261000,980.814,-115.569,980.718,-113.798
14.267180,984.095,-176.309,982.407,-145.054
14.272840,984.095,-176.309,983.251,-160.681
14.279190,984.095,-176.309,983.673,-168.495
14.285200,984.095,-176.309,983.884,-172.402
14.291070,984.095,-176.309,983.990,-174.356
14.297920,991.148,-216.177,987.569,-195.266
14.303800,991.148,-216.177,989.358,-205.722
14.309970,991.148,-216.177,990.253,-210.949
14.315680,991.148,-216.177,990.700,-213.563
14.321560,991.148,-216.177,990.924,-214.870
14.328290,994.531,-239.016,992.727,-226.943
14.334060,994.531,-239.016,993.629,-232.979
14.339870,994.531,-239.016,994.080,-235.997
14.345890,994.531,-239.016,994.305,-237.507
14.351580,994.531,-239.016,994.418,-238.261
14.357710,997.767,-253.275,996.092,-245.768
14.363450,997.767,-253.275,996.929,-249.521
14.369440,997.767,-253.275,997.348,-251.398
14.374970,997.767,-253.275,997.557,-252.336
14.380720,997.767,-253.275,997.662,-252.806
14.387450,997.400,-260.195,997.531,-256.500
14.393700,997.400,-260.195,997.465,-258.348
14.400200,997.400,-260.195,997.432,-259.272
14.405600,997.400,-260.195,997.416,-259.733
14.411270,997.400,-260.195,997.408,-259.964
14.417820,1015.312,-343.275,1006.360,-301.620
14.422930,1015.312,-343.275,1010.836,-322.447
14.429010,1015.312,-343.275,1013.074,-332.861
14.435060,1015.312,-343.275,1014.193,-338.068
14.441260,1015.312,-343.275,1014.753,-340.671
14.448150,1041.875,-429.613,1028.314,-385.142
14.454020,1041.875,-429.613,1035.094,-407.378
14.460320,1041.875,-429.613,1038.485,-418.496
14.466730,1041.875,-429.613,1040.180,-424.054
14.471940,1041.875,-429.613,1041.028,-426.834
14.478490,1061.212,-486.681,1051.120,-456.757
14.484140,1061.212,-486.681,1056.166,-471.719
14.489790,1061.212,-486.681,1058.689,-479.200
14.495300,1061.212,-486.681,1059.951,-482.940
14.500560,1061.212,-486.681,1060.582,-484.810
14.505870,1061.212,-486.681,1060.897,-485.745
14.512260,1069.079,-519.945,1064.988,-502.845
14.518350,1069.079,-519.945,1067.033,-511.395
14.523820,1069.079,-519.945,1068.056,-515.670
14.529850,1069.079,-519.945,1068.568,-517.807
14.535420,1075.027,-541.485,1071.797,-529.646
14.541250,1075.027,-541.485,1073.412,-535.566
14.547440,1075.027,-541.485,1074.220,-538.525
14.552780,1075.027,-541.485,1074.624,-540.005
14.558080,1075.027,-541.485,1074.825,-540.745
14.563600,1080.596,-549.906,1077.711,-545.325
14.569370,1080.596,-549.906,1079.153,-547.615
14.574820,1080.596,-549.906,1079.874,-548.761
14.580560,1080.596,-549.906,1080.235,-549.333
14.585570,1080.596,-549.906,1080.415,-549.619
14.590800,1080.596,-549.906,1080.506,-549.762
14.596130,1084.198,-554.715,1082.352,-552.238
14.601150,1084.198,-554.715,1083.275,-553.476
14.606620,1084.198,-554.715,1083.737,-554.096
14.611870,1084.198,-554.715,1083.968,-554.405
14.616880,1084.198,-554.715,1084.083,-554.560
14.622050,1084.198,-554.715,1084.141,-554.637
14.627470,1077.958,-488.547,1081.049,-521.592
14.632810,1077.958,-488.547,1079.504,-505.070
14.638160,1077.958,-488.547,1078.731,-496.809
14.643120,1077.958,-488.547,1078.344,-492.678
14.648310,1077.958,-488.547,1078.151,-490.613
14.653930,979.400,-24.423,1028.776,-257.518
14.659110,979.400,-24.423,1004.088,-140.970
14.664770,979.400,-24.423,991.744,-82.697
14.670920,979.400,-24.423,985.572,-53.560
14.676830,979.400,-24.423,982.486,-38.991
14.682780,979.400,-24.423,980.943,-31.707
14.688270,864.352,454.477,922.648,211.385
14.693370,864.352,454.477,893.500,332.931
14.699330,864.352,454.477,878.926,393.704
14.704450,864.352,454.477,871.639,424.091
14.709490,864.352,454.477,867.996,439.284
14.715380,809.284,672.734,838.640,556.009
14.720660,809.284,672.734,823.962,614.371
14.725560,809.284,672.734,816.623,643.553
14.731460,809.284,672.734,812.953,658.143
14.736570,809.284,672.734,811.118,665.438
14.741650,809.284,672.734,810.201,669.086
14.747280,791.657,757.834,800.929,713.460
14.752430,791.657,757.834,796.293,735.647
14.757570,791.657,757.834,793.975,746.740
14.763450,791.657,757.834,792.816,752.287
14.768600,791.657,757.834,792.236,755.060
14.773490,791.657,757.834,791.947,756.447
14.779380,792.091,798.962,792.019,777.704
14.784290,792.091,798.962,792.054,788.333
14.789490,792.091,798.962,792.072,793.647
14.795270,792.091,798.962,792.081,796.305
14.800660,792.091,798.962,792.086,797.633
14.806210,793.112,814.184,792.599,805.909
14.811580,793.112,814.184,792.856,810.047
14.816960,793.112,814.184,792.984,812.116
14.822730,793.112,814.184,793.048,813.150
14.828480,793.112,814.184,793.080,813.667
14.833310,793.112,814.184,793.096,813.926
14.838250,793.112,814.184,793.104,814.055
14.843750,793.421,821.968,793.262,818.011
14.849440,793.421,821.968,793.342,819.989
14.854310,793.421,821.968,793.381,820.979
14.859280,793.421,821.968,793.401,821.473
14.864310,793.421,821.968,793.411,821.720
14.870170,919.405,951.245,856.408,886.483
14.875410,919.405,951.245,887.907,918.864
14.881050,919.405,951.245,903.656,935.054
14.886070,919.405,951.245,911.530,943.150
14.891130,919.405,951.245,915.468,947.197
14.896850,1203.123,1184.193,1059.295,1065.695
14.902580,1203.123,1184.193,1131.209,1124.944
14.908050,1203.123,1184.193,1167.166,1154.569
14.913890,1203.123,1184.193,1185.145,1169.381
14.919470,1203.123,1184.193,1194.134,1176.787
14.924270,1203.123,1184.193,1198.628,1180.490
14.929360,1371.107,1232.207,1284.868,1206.349
14.934790,1371.107,1232.207,1327.988,1219.278
14.939890,1371.107,1232.207,1349.548,1225.742
14.944870,1371.107,1232.207,1360.328,1228.975
14.952030,1371.107,1232.207,1365.718,1230.591
14.959470,1442.844,1235.994,1404.281,1233.292
14.966420,1442.844,1235.994,1423.563,1234.643
14.974270,1442.844,1235.994,1433.203,1235.319
14.980590,1442.844,1235.994,1438.024,1235.656
14.985870,1467.319,1246.693,1452.671,1241.175
14.990820,1467.319,1246.693,1459.995,1243.934
14.996580,1467.319,1246.693,1463.657,1245.314
15.002070,1467.319,1246.693,1465.488,1246.004
15.007310,1467.319,1246.693,1466.404,1246.349
15.013100,1467.319,1246.693,1466.861,1246.521
15.019500,1501.936,1318.606,1484.398,1282.563
15.025280,1501.936,1318.606,1493.167,1300.585
15.032140,1501.936,1318.606,1497.551,1309.595
15.037580,1501.936,1318.606,1499.743,1314.101
15.043030,1501.936,1318.606,1500.839,1316.353
15.048540,1439.167,1253.667,1470.003,1285.010
15.053660,1439.167,1253.667,1454.585,1269.338
15.059600,1439.167,1253.667,1446.876,1261.502
15.065180,1439.167,1253.667,1443.022,1257.584
15.069990,1439.167,1253.667,1441.095,1255.625
15.075270,1439.167,1253.667,1440.131,1254.646
15.080590,1356.646,1205.326,1398.388,1229.986
15.085680,1356.646,1205.326,1377.517,1217.656
15.091370,1356.646,1205.326,1367.082,1211.491
15.096900,1356.646,1205.326,1361.864,1208.408
15.101760,1356.646,1205.326,1359.255,1206.867
15.106720,1356.646,1205.326,1357.950,1206.096
15.111600,1356.646,1205.326,1357.298,1205.711
15.116610,1243.291,1139.661,1300.294,1172.686
15.122890,1243.291,1139.661,1271.793,1156.174
15.128320,1243.291,1139.661,1257.542,1147.918
15.133310,1243.291,1139.661,1250.416,1143.790
15.138930,1243.291,1139.661,1246.854,1141.726
15.144270,1110.323,1063.726,1178.588,1102.726
15.150080,1110.323,1063.726,1144.456,1083.226
15.155130,1110.323,1063.726,1127.390,1073.476
15.160190,1110.323,1063.726,1118.856,1068.601
15.165730,1110.323,1063.726,1114.590,1066.163
15.170620,1110.323,1063.726,1112.457,1064.944
15.175620,1007.581,1001.727,1060.019,1033.336
15.181880,1007.581,1001.727,1033.800,1017.531
15.187150,1007.581,1001.727,1020.691,1009.629
15.192010,1007.581,1001.727,1014.136,1005.678
15.197530,1007.581,1001.727,1010.859,1003.703
15.204250,945.822,957.009,978.341,980.356
15.210720,945.822,957.009,962.082,968.683
15.216530,945.822,957.009,953.952,962.846
15.221370,945.822,957.009,949.887,959.928
15.226890,945.822,957.009,947.855,958.468
15.232180,945.822,957.009,946.839,957.739
15.237330,904.823,934.015,925.831,945.877
15.242450,904.823,934.015,915.327,939.946
15.248210,904.823,934.015,910.075,936.980
15.253260,904.823,934.015,907.449,935.498
15.258100,877.436,922.038,892.443,928.768
15.263990,877.436,922.038,884.939,925.403
15.269090,877.436,922.038,881.188,923.721
15.274350,877.436,922.038,879.312,922.880
15.280580,877.436,922.038,878.374,922.459
15.285790,877.436,922.038,877.905,922.249
15.291060,871.171,909.302,874.538,915.775
15.296070,871.171,909.302,872.854,912.539
15.301210,871.171,909.302,872.013,910.920
15.307410,871.171,909.302,871.592,910.111
15.312460,871.171,909.302,871.381,909.707
15.317240,871.171,909.302,871.276,909.504
15.322570,957.596,924.966,914.436,917.235
15.327720,957.596,924.966,936.016,921.101
15.333390,957.596,924.966,946.806,923.033
15.339000,957.596,924.966,952.201,924.000
15.344340,957.596,924.966,954.898,924.483
15.349310,1007.135,935.660,981.017,930.072
15.354130,1007.135,935.660,994.076,932.866
15.359060,1007.135,935.660,1000.606,934.263
15.364740,1007.135,935.660,1003.870,934.962
15.369750,1007.135,935.660,1005.503,935.311
15.374510,1007.135,935.660,1006.319,935.486
15.379410,1007.135,935.660,1006.727,935.573
15.384810,1069.762,950.654,1038.244,943.113
15.390050,1069.762,950.654,1054.003,946.883
15.395570,1069.762,950.654,1061.882,948.769
15.400950,1069.762,950.654,1065.822,949.711
15.406430,1069.762,950.654,1067.792,950.182
15.411320,1069.762,950.654,1068.777,950.418
15.416690,1144.869,971.273,1106.823,960.845
15.422000,1144.869,971.273,1125.846,966.059
15.427410,1144.869,971.273,1135.358,968.666
15.432920,1144.869,971.273,1140.113,969.969
15.437910,1144.869,971.273,1142.491,970.621
15.442740,1144.869,971.273,1143.680,970.947
15.448940,1216.628,986.986,1180.154,978.966
15.454920,1216.628,986.986,1198.391,982.976
15.459950,1216.628,986.986,1207.509,984.981
15.466600,1216.628,986.986,1212.068,985.984
15.471990,1216.628,986.986,1214.348,986.485
15.477260,1269.445,997.885,1241.897,992.185
15.483830,1269.445,997.885,1255.671,995.035
15.489510,1269.445,997.885,1262.558,996.460
15.495970,1269.445,997.885,1266.002,997.172
15.501790,1269.445,997.885,1267.724,997.529
15.507370,1307.830,1007.955,1287.777,1002.742
15.514090,1307.830,1007.955,1297.803,1005.348
15.520740,1307.830,1007.955,1302.816,1006.652
15.526230,1307.830,1007.955,1305.323,1007.303
15.532080,1307.830,1007.955,1306.576,1007.629
15.537680,1333.602,1021.782,1320.089,1014.706
15.543200,1333.602,1021.782,1326.845,1018.244
15.549740,1333.602,1021.782,1330.224,1020.013
15.555220,1333.602,1021.782,1331.913,1020.898
15.560840,1333.602,1021.782,1332.757,1021.340
15.566020,1350.090,1024.869,1341.424,1023.105
15.571310,1350.090,1024.869,1345.757,1023.987
15.577780,1350.090,1024.869,1347.923,1024.428
15.584260,1350.090,1024.869,1349.007,1024.649
15.589630,1350.090,1024.869,1349.548,1024.759
15.594900,1362.157,1027.370,1355.853,1026.065
15.600630,1362.157,1027.370,1359.005,1026.718
15.607200,1362.157,1027.370,1360.581,1027.044
15.614350,1362.157,1027.370,1361.369,1027.207
15.620200,1362.157,1027.370,1361.763,1027.289
15.625990,1370.868,1029.593,1366.315,1028.441
15.631770,1370.868,1029.593,1368.591,1029.017
15.638320,1370.868,1029.593,1369.729,1029.305
15.644190,1370.868,1029.593,1370.299,1029.449
15.649600,1370.868,1029.593,1370.583,1029.521
15.655430,1394.847,1030.478,1382.715,1030.000
15.661050,1394.847,1030.478,1388.781,1030.239
15.667980,1394.847,1030.478,1391.814,1030.358
15.673760,1394.847,1030.478,1393.331,1030.418
15.679090,1394.847,1030.478,1394.089,1030.448
15.684790,1394.847,1030.478,1394.468,1030.463
15.690980,1564.567,1036.694,1479.518,1033.578
15.698630,1564.567,1036.694,1522.042,1035.136
15.704600,1564.567,1036.694,1543.305,1035.915
15.710110,1564.567,1036.694,1553.936,1036.304
15.716500,1776.090,1066.165,1665.013,1051.235
15.721930,1776.090,1066.165,1720.551,1058.700
15.728560,1776.090,1066.165,1748.321,1062.432
15.734260,1776.090,1066.165,1762.205,1064.299
15.739240,1776.090,1066.165,1769.147,1065.232
15.745160,1912.549,1070.453,1840.848,1067.842
15.750910,1912.549,1070.453,1876.698,1069.147
15.756890,1912.549,1070.453,1894.623,1069.800
15.763030,1912.549,1070.453,1903.586,1070.126
15.768870,1912.549,1070.453,1908.067,1070.289
15.774300,1912.549,1070.453,1910.308,1070.371
15.780630,1992.323,1072.493,1951.315,1071.432
15.786720,1992.323,1072.493,1971.819,1071.962
15.792960,1992.323,1072.493,1982.071,1072.227
15.799140,1992.323,1072.493,1987.197,1072.360
15.805440,2034.429,1074.124,2010.813,1073.242
15.811750,2034.429,1074.124,2022.621,1073.683
15.818350,2034.429,1074.124,2028.525,1073.904
15.825050,2034.429,1074.124,2031.477,1074.014
15.831020,2034.429,1074.124,2032.953,1074.069
15.836860,2053.735,1074.884,2043.344,1074.477
15.843820,2053.735,1074.884,2048.540,1074.680
15.850380,2053.735,1074.884,2051.138,1074.782
15.856530,2053.735,1074.884,2052.437,1074.833
15.862180,2060.749,1073.264,2056.593,1074.049
15.867960,2060.749,1073.264,2058.670,1073.656
15.874460,2060.749,1073.264,2059.709,1073.460
15.880840,2060.749,1073.264,2060.229,1073.362
15.886600,2060.749,1073.264,2060.489,1073.313
15.892060,2060.749,1073.264,2060.619,1073.289
15.897890,2061.577,1078.036,2061.098,1075.662
15.905200,2061.577,1078.036,2061.338,1076.849
15.912030,2061.577,1078.036,2061.458,1077.442
15.918190,2061.577,1078.036,2061.518,1077.739
15.923700,2060.959,1077.533,2061.238,1077.636
15.929490,2060.959,1077.533,2061.099,1077.584
15.935670,2060.959,1077.533,2061.029,1077.558
15.941350,2060.959,1077.533,2060.994,1077.545
15.947070,2060.959,1077.533,2060.976,1077.539
15.955030,2068.107,1073.469,2064.542,1075.504
15.961230,2068.107,1073.469,2066.325,1074.487
15.968030,2068.107,1073.469,2067.216,1073.978
15.974070,2068.107,1073.469,2067.662,1073.724
15.980290,2068.107,1073.469,2067.885,1073.596
15.986220,2154.179,1070.435,2111.032,1072.016
15.992060,2154.179,1070.435,2132.605,1071.225
15.998610,2154.179,1070.435,2143.392,1070.830
16.004340,2154.179,1070.435,2148.786,1070.632
16.009960,2154.179,1070.435,2151.482,1070.533
16.019120,2264.876,1075.027,2208.179,1072.780
16.026370,2264.876,1075.027,2236.528,1073.903
16.033200,2264.876,1075.027,2250.702,1074.465
16.038610,2264.876,1075.027,2257.789,1074.746
16.045370,2264.876,1075.027,2261.333,1074.886
16.051110,2349.709,1077.149,2305.521,1076.018
16.056740,2349.709,1077.149,2327.615,1076.583
16.062570,2349.709,1077.149,2338.662,1076.866
16.067910,2349.709,1077.149,2344.186,1077.008
16.073090,2349.709,1077.149,2346.947,1077.079
16.079120,2410.285,1078.619,2378.616,1077.849
16.084340,2410.285,1078.619,2394.451,1078.234
16.089980,2410.285,1078.619,2402.368,1078.427
16.095280,2410.285,1078.619,2406.327,1078.523
16.100290,2410.285,1078.619,2408.306,1078.571
16.105930,2442.896,1085.519,2425.601,1082.045
16.111570,2442.896,1085.519,2434.249,1083.782
16.116920,2442.896,1085.519,2438.572,1084.651
16.122350,2442.896,1085.519,2440.734,1085.085
16.127750,2442.896,1085.519,2441.815,1085.302
16.132720,2442.896,1085.519,2442.356,1085.411
16.138470,2464.724,1090.286,2453.540,1087.848
16.143890,2464.724,1090.286,2459.132,1089.067
16.149650,2464.724,1090.286,2461.928,1089.677
16.155280,2464.724,1090.286,2463.326,1089.981
16.160310,2464.724,1090.286,2464.025,1090.134
16.166060,2480.577,1092.427,2472.301,1091.281
16.171540,2480.577,1092.427,2476.439,1091.854
16.176870,2480.577,1092.427,2478.508,1092.140
16.182540,2480.577,1092.427,2479.542,1092.284
16.187940,2480.577,1092.427,2480.060,1092.355
16.192800,2480.577,1092.427,2480.318,1092.391
16.198470,2484.923,1097.699,2482.621,1095.045
16.204440,2484.923,1097.699,2483.772,1096.372
16.210570,2484.923,1097.699,2484.347,1097.035
16.216780,2484.923,1097.699,2484.635,1097.367
16.222370,2484.923,1097.699,2484.779,1097.533
16.228110,2421.358,1108.783,2453.068,1103.158
16.233480,2421.358,1108.783,2437.213,1105.971
16.239030,2421.358,1108.783,2429.286,1107.377
16.244430,2421.358,1108.783,2425.322,1108.080
16.256930,1945.844,1150.958,2185.583,1129.519
16.270640,1945.844,1150.958,2065.713,1140.239
16.277080,1945.844,1150.958,2005.778,1145.599
16.282900,1945.844,1150.958,1975.811,1148.278
16.287620,931.224,1152.582,1453.517,1150.430
16.291990,931.224,1152.582,1192.370,1151.506
16.297040,931.224,1152.582,1061.797,1152.044
16.302040,931.224,1152.582,996.510,1152.313
16.306710,931.224,1152.582,963.867,1152.448
16.311500,931.224,1152.582,947.545,1152.515
16.316390,333.548,1188.439,640.547,1170.477
16.321190,333.548,1188.439,487.047,1179.458
16.325990,333.548,1188.439,410.298,1183.949
16.331320,333.548,1188.439,371.923,1186.194
16.336080,333.548,1188.439,352.735,1187.317
16.341340,333.548,1188.439,343.142,1187.878
16.346600,78.485,1184.290,210.813,1186.084
16.351430,78.485,1184.290,144.649,1185.187
16.356740,78.485,1184.290,111.567,1184.739
16.362100,78.485,1184.290,95.026,1184.514
16.367140,78.485,1184.290,86.756,1184.402
16.372520,78.485,1184.290,82.621,1184.346
16.378270,-4.270,1175.947,39.175,1180.147
16.383640,-4.270,1175.947,17.453,1178.047
16.389450,-4.270,1175.947,6.591,1176.997
16.394650,-4.270,1175.947,1.161,1176.472
16.399840,-4.270,1175.947,-1.555,1176.209
16.405440,-4.270,1175.947,-2.912,1176.078
16.410880,-40.564,1165.489,-21.738,1170.784
16.416600,-40.564,1165.489,-31.151,1168.137
16.422820,-40.564,1165.489,-35.858,1166.813
16.428090,-40.564,1165.489,-38.211,1166.151
16.433360,-40.564,1165.489,-39.388,1165.820
16.438630,-41.571,1157.252,-40.479,1161.536
16.443550,-41.571,1157.252,-41.025,1159.394
16.449410,-41.571,1157.252,-41.298,1158.323
16.454340,-41.571,1157.252,-41.434,1157.787
16.459170,-41.571,1157.252,-41.502,1157.520
16.464120,-41.571,1157.252,-41.537,1157.386
16.469450,-53.493,1148.925,-47.515,1153.155
16.474400,-53.493,1148.925,-50.504,1151.040
16.479930,-53.493,1148.925,-51.999,1149.982
16.485620,-53.493,1148.925,-52.746,1149.454
16.490650,-53.493,1148.925,-53.120,1149.189
16.496210,-53.493,1148.925,-53.307,1149.057
16.501990,-60.245,1149.631,-56.776,1149.344
16.506810,-60.245,1149.631,-58.510,1149.488
16.512610,-60.245,1149.631,-59.378,1149.559
16.518290,-60.245,1149.631,-59.811,1149.595
16.523200,-60.245,1149.631,-60.028,1149.613
16.528870,-60.245,1149.631,-60.137,1149.622
16.534470,63.675,1037.860,1.769,1093.741
16.539750,63.675,1037.860,32.722,1065.801
16.545640,63.675,1037.860,48.199,1051.831
16.550560,63.675,1037.860,55.937,1044.845
16.555250,63.675,1037.860,59.806,1041.353
16.560590,475.486,613.111,267.646,827.232
16.566090,475.486,613.111,371.566,720.172
16.571480,475.486,613.111,423.526,666.642
16.576670,475.486,613.111,449.506,639.877
16.581990,475.486,613.111,462.496,626.494
16.586930,475.486,613.111,468.991,619.803
16.592370,791.483,267.312,630.237,443.558
16.597880,791.483,267.312,710.860,355.435
16.603470,791.483,267.312,751.171,311.374
16.609200,791.483,267.312,771.327,289.343
16.614560,791.483,267.312,781.405,278.328
16.619650,946.626,104.992,864.015,191.660
16.625030,946.626,104.992,905.321,148.326
16.630360,946.626,104.992,925.973,126.659
16.635720,946.626,104.992,936.300,115.825
16.640710,946.626,104.992,941.463,110.409
16.645860,946.626,104.992,944.044,107.700
16.650920,1026.336,30.946,985.190,69.323
16.655960,1026.336,30.946,1005.763,50.135
16.661160,1026.336,30.946,1016.049,40.541
16.666470,1026.336,30.946,1021.193,35.744
16.672520,1026.336,30.946,1023.764,33.345
16.678070,1052.942,6.085,1038.353,19.715
16.683530,1052.942,6.085,1045.648,12.900
16.688880,1052.942,6.085,1049.295,9.493
16.694150,1052.942,6.085,1051.119,7.789
16.699370,1052.942,6.085,1052.030,6.937
16.704800,1052.942,6.085,1052.486,6.511
16.710450,1067.454,-16.880,1059.970,-5.185
16.716430,1067.454,-16.880,1063.712,-11.032
16.722790,1067.454,-16.880,1065.583,-13.956
16.728270,1067.454,-16.880,1066.519,-15.418
16.734250,1067.454,-16.880,1066.987,-16.149
16.739630,1074.529,-28.135,1070.758,-22.142
16.745010,1074.529,-28.135,1072.643,-25.139
16.751190,1074.529,-28.135,1073.586,-26.637
16.756770,1074.529,-28.135,1074.058,-27.386
16.761780,1074.529,-28.135,1074.293,-27.761
16.767260,1074.529,-28.135,1074.411,-27.948
16.772560,1069.737,-26.869,1072.074,-27.409
16.777930,1069.737,-26.869,1070.906,-27.139
16.784120,1069.737,-26.869,1070.322,-27.004
16.789250,1069.737,-26.869,1070.030,-26.937
16.794540,1069.737,-26.869,1069.884,-26.903
16.799820,1069.737,-26.869,1069.811,-26.886
16.804730,1069.737,-26.869,1069.774,-26.878
16.810090,1068.125,-37.594,1068.949,-32.236
16.817150,1068.125,-37.594,1068.537,-34.915
16.822780,1068.125,-37.594,1068.331,-36.255
16.828370,1068.125,-37.594,1068.228,-36.924
16.835010,1062.643,-69.891,1065.435,-53.407
16.843460,1062.643,-69.891,1064.039,-61.649
16.850310,1062.643,-69.891,1063.341,-65.770
16.855760,1062.643,-69.891,1062.992,-67.830
16.864530,1059.245,-92.180,1061.118,-80.005
16.872140,1059.245,-92.180,1060.182,-86.093
16.879330,1059.245,-92.180,1059.714,-89.137
16.885250,1059.245,-92.180,1059.479,-90.659
16.891020,1054.758,-111.528,1057.119,-101.094
16.897380,1054.758,-111.528,1055.938,-106.311
16.902550,1054.758,-111.528,1055.348,-108.920
16.908980,1054.758,-111.528,1055.053,-110.224
16.915110,1054.758,-111.528,1054.905,-110.876
16.921080,1057.714,-124.931,1056.310,-117.904
16.927200,1057.714,-124.931,1057.012,-121.418
16.933650,1057.714,-124.931,1057.363,-123.175
16.940830,1057.714,-124.931,1057.539,-124.053
16.947790,1057.714,-124.931,1057.626,-124.492
16.956520,1060.893,-134.869,1059.260,-129.681
16.963790,1060.893,-134.869,1060.076,-132.275
16.970230,1060.893,-134.869,1060.485,-133.572
16.975820,1060.893,-134.869,1060.689,-134.220
16.981800,1060.893,-134.869,1060.791,-134.545
16.987800,1063.674,-140.441,1062.232,-137.493
16.994380,1063.674,-140.441,1062.953,-138.967
17.001860,1063.674,-140.441,1063.313,-139.704
17.008960,1063.674,-140.441,1063.493,-140.072
17.016390,1075.757,-142.436,1069.625,-141.254
17.023410,1075.757,-142.436,1072.691,-141.845
17.030560,1075.757,-142.436,1074.224,-142.140
17.036000,1075.757,-142.436,1074.990,-142.288
17.040680,1159.477,-125.966,1117.233,-134.127
17.046890,1159.477,-125.966,1138.355,-130.046
17.052900,1159.477,-125.966,1148.916,-128.006
17.058170,1159.477,-125.966,1154.196,-126.986
17.064260,1159.477,-125.966,1156.837,-126.476
17.069140,1159.477,-125.966,1158.157,-126.221
17.074130,1257.620,-104.555,1207.888,-115.388
17.080300,1257.620,-104.555,1232.754,-109.972
17.086700,1257.620,-104.555,1245.187,-107.264
17.092390,1257.620,-104.555,1251.404,-105.910
17.099010,1257.620,-104.555,1254.512,-105.233
17.104290,1346.671,-89.889,1300.591,-97.561
17.109240,1346.671,-89.889,1323.631,-93.725
17.116370,1346.671,-89.889,1335.151,-91.807
17.122600,1346.671,-89.889,1340.911,-90.848
17.129600,1346.671,-89.889,1343.791,-90.369
17.136690,1421.619,-73.057,1382.705,-81.713
17.143540,1421.619,-73.057,1402.162,-77.385
17.150350,1421.619,-73.057,1411.890,-75.221
17.156460,1421.619,-73.057,1416.755,-74.139
17.163000,1681.844,216.401,1549.299,71.131
17.168780,1681.844,216.401,1615.571,143.766
17.176060,1681.844,216.401,1648.708,180.084
17.183020,1681.844,216.401,1665.276,198.242
17.188870,1681.844,216.401,1673.560,207.322
17.194680,2148.243,665.861,1910.901,436.591
17.199240,2148.243,665.861,2029.572,551.226
17.206450,2148.243,665.861,2088.908,608.544
17.213260,2148.243,665.861,2118.575,637.202
17.220310,2148.243,665.861,2133.409,651.532
17.227470,2432.015,909.423,2282.712,780.478
17.236450,2432.015,909.423,2357.364,844.950
17.241500,2432.015,909.423,2394.689,877.187
17.247620,2432.015,909.423,2413.353,893.305
17.253610,2543.409,988.723,2478.381,941.014
17.259230,2543.409,988.723,2510.895,964.869
17.265530,2543.409,988.723,2527.152,976.796
17.271310,2543.409,988.723,2535.281,982.760
17.277320,2543.409,988.723,2539.345,985.742
17.282460,2577.524,1012.052,2558.435,998.897
17.288430,2577.524,1012.052,2567.979,1005.475
17.293970,2577.524,1012.052,2572.751,1008.763
17.300690,2577.524,1012.052,2575.138,1010.408
17.306740,2577.524,1012.052,2576.331,1011.230
17.312410,2574.339,1023.794,2575.335,1017.512
17.319020,2574.339,1023.794,2574.837,1020.653
17.324100,2574.339,1023.794,2574.588,1022.224
17.329490,2574.339,1023.794,2574.463,1023.009
17.334480,2574.339,1023.794,2574.401,1023.402
17.339040,2574.339,1023.794,2574.370,1023.598
17.343980,2593.046,1036.344,2583.708,1029.971
17.349650,2593.046,1036.344,2588.377,1033.158
17.354600,2593.046,1036.344,2590.711,1034.751
17.359740,2593.046,1036.344,2591.879,1035.548
17.365550,2593.046,1036.344,2592.462,1035.946
17.370480,2593.046,1036.344,2592.754,1036.145
17.375740,2613.210,1048.803,2602.982,1042.474
17.380710,2613.210,1048.803,2608.096,1045.639
17.385960,2613.210,1048.803,2610.653,1047.221
17.391310,2613.210,1048.803,2611.932,1048.012
17.397580,2613.210,1048.803,2612.571,1048.408
17.403660,2633.574,1084.431,2623.073,1066.420
17.410060,2633.574,1084.431,2628.324,1075.425
17.417120,2633.574,1084.431,2630.949,1079.928
17.423720,2633.574,1084.431,2632.262,1082.180
17.429130,2633.574,1084.431,2632.918,1083.305
17.434410,2636.429,1120.769,2634.673,1102.037
17.439800,2636.429,1120.769,2635.551,1111.403
17.445050,2636.429,1120.769,2635.990,1116.086
17.450650,2636.429,1120.769,2636.209,1118.427
17.455810,2636.429,1120.769,2636.319,1119.598
17.460770,2636.429,1120.769,2636.374,1120.183
17.466380,2645.674,1143.208,2641.024,1131.696
17.471780,2645.674,1143.208,2643.349,1137.452
17.477140,2645.674,1143.208,2644.512,1140.330
17.482940,2645.674,1143.208,2645.093,1141.769
17.489040,2645.674,1143.208,2645.384,1142.489
17.494360,2645.674,1143.208,2645.529,1142.849
17.500400,2651.389,1155.587,2648.459,1149.218
17.506810,2651.389,1155.587,2649.924,1152.402
17.513850,2651.389,1155.587,2650.656,1153.995
17.520320,2651.389,1155.587,2651.022,1154.791
17.526330,2659.373,1163.722,2655.198,1159.256
17.532120,2659.373,1163.722,2657.285,1161.489
17.540610,2659.373,1163.722,2658.329,1162.605
17.547010,2659.373,1163.722,2658.851,1163.164
17.552570,2659.373,1163.722,2659.112,1163.443
17.558160,2664.289,1170.320,2661.700,1166.881
17.564540,2664.289,1170.320,2662.995,1168.601
17.570200,2664.289,1170.320,2663.642,1169.460
17.575980,2664.289,1170.320,2663.965,1169.890
17.582630,2664.289,1170.320,2664.127,1170.105
17.590000,2668.625,1174.420,2666.376,1172.263
17.597720,2668.625,1174.420,2667.501,1173.341
17.605210,2668.625,1174.420,2668.063,1173.881
17.612600,2668.625,1174.420,2668.344,1174.150
17.619750,2671.487,1178.687,2669.916,1176.419
17.627370,2671.487,1178.687,2670.702,1177.553
17.634870,2671.487,1178.687,2671.094,1178.120
17.643970,2671.487,1178.687,2671.291,1178.403
17.651000,2671.961,1177.670,2671.626,1178.036
17.658640,2671.961,1177.670,2671.794,1177.853
17.665200,2671.961,1177.670,2671.878,1177.761
17.671460,2671.961,1177.670,2671.919,1177.716
17.676850,2667.559,1176.932,2669.739,1177.323
17.683120,2667.559,1176.932,2668.649,1177.127
17.690360,2667.559,1176.932,2668.104,1177.030
17.697750,2667.559,1176.932,2667.832,1176.980
17.704240,2667.559,1176.932,2667.696,1176.956
17.710450,2667.062,1177.543,2667.379,1177.250
17.717350,2667.062,1177.543,2667.220,1177.396
17.724220,2667.062,1177.543,2667.141,1177.470
17.731200,2667.062,1177.543,2667.102,1177.506
17.738130,2668.169,1176.772,2667.635,1177.139
17.744610,2668.169,1176.772,2667.902,1176.956
17.752590,2668.169,1176.772,2668.036,1176.864
17.759110,2668.169,1176.772,2668.103,1176.818
17.765800,2668.781,1175.935,2668.442,1176.376
17.772620,2668.781,1175.935,2668.611,1176.156
17.778990,2668.781,1175.935,2668.696,1176.045
17.785550,2668.781,1175.935,2668.739,1175.990
17.791310,2668.781,1175.935,2668.760,1175.962
17.797920,2668.286,1175.766,2668.523,1175.864
17.804620,2668.286,1175.766,2668.404,1175.815
17.811090,2668.286,1175.766,2668.345,1175.791
17.817810,2668.286,1175.766,2668.315,1175.779
17.823620,2668.286,1175.766,2668.301,1175.772
17.831810,2668.053,1174.975,2668.177,1175.374
17.839170,2668.053,1174.975,2668.115,1175.175
17.845650,2668.053,1174.975,2668.084,1175.075
17.852130,2668.053,1174.975,2668.068,1175.025
17.858300,2668.702,1172.904,2668.385,1173.964
17.865520,2668.702,1172.904,2668.543,1173.434
17.872110,2668.702,1172.904,2668.623,1173.169
17.879600,2668.702,1172.904,2668.662,1173.036
17.885960,2668.702,1172.904,2668.682,1172.970
17.893280,2668.831,1170.540,2668.756,1171.755
17.901710,2668.831,1170.540,2668.794,1171.147
17.909840,2668.831,1170.540,2668.813,1170.844
17.916470,2669.122,1168.759,2668.967,1169.802
17.923600,2669.122,1168.759,2669.045,1169.281
17.931310,2669.122,1168.759,2669.083,1169.020
17.938180,2669.122,1168.759,2669.103,1168.890
17.946430,2670.759,1164.961,2669.931,1166.925
17.955060,2670.759,1164.961,2670.345,1165.943
17.963300,2670.759,1164.961,2670.552,1165.452
17.970130,2670.759,1164.961,2670.655,1165.206
17.976750,2671.682,1160.995,2671.168,1163.101
17.984870,2671.682,1160.995,2671.425,1162.048
17.992890,2671.682,1160.995,2671.554,1161.521
18.001020,2671.682,1160.995,2671.618,1161.258
18.009030,2673.146,1157.397,2672.382,1159.327
18.019810,2673.146,1157.397,2672.764,1158.362
18.028130,2673.146,1157.397,2672.955,1157.879
18.035370,2673.146,1157.397,2673.051,1157.638
18.041490,2673.302,1152.924,2673.176,1155.281
18.048370,2673.302,1152.924,2673.239,1154.103
18.054630,2673.302,1152.924,2673.271,1153.513
18.060350,2673.302,1152.924,2673.286,1153.219
18.066090,2673.302,1152.924,2673.294,1153.071
18.070790,2673.302,1152.924,2673.298,1152.998
18.075840,2672.755,1148.554,2673.026,1150.776
18.082710,2672.755,1148.554,2672.891,1149.665
18.088570,2672.755,1148.554,2672.823,1149.109
18.094090,2672.755,1148.554,2672.789,1148.832
18.101040,2672.188,1144.722,2672.488,1146.777
18.107460,2672.188,1144.722,2672.338,1145.749
18.113700,2672.188,1144.722,2672.263,1145.235
18.119140,2672.188,1144.722,2672.226,1144.979
18.125800,2672.188,1144.722,2672.207,1144.850
18.130950,2672.188,1144.722,2672.197,1144.786
18.136720,2671.064,1140.818,2671.631,1142.802
18.143220,2671.064,1140.818,2671.348,1141.810
18.150540,2671.064,1140.818,2671.206,1141.314
18.157220,2671.064,1140.818,2671.135,1141.066
18.166310,2670.642,1138.019,2670.889,1139.543
18.175110,2670.642,1138.019,2670.766,1138.781
18.183110,2670.642,1138.019,2670.704,1138.400
18.191740,2670.268,1136.628,2670.486,1137.514
18.198480,2670.268,1136.628,2670.377,1137.071
18.206410,2670.268,1136.628,2670.323,1136.849
18.213250,2670.268,1136.628,2670.295,1136.739
18.221720,2669.950,1134.678,2670.123,1135.708
18.229440,2669.950,1134.678,2670.037,1135.193
18.237290,2669.950,1134.678,2669.994,1134.936
18.244060,2669.950,1134.678,2669.972,1134.807
18.252360,2669.957,1132.413,2669.964,1133.610
18.258930,2669.957,1132.413,2669.960,1133.012
18.265800,2669.957,1132.413,2669.958,1132.713
18.271770,2669.957,1132.413,2669.958,1132.563
18.277130,2669.957,1132.413,2669.957,1132.488
18.284970,2668.936,1129.645,2669.446,1131.067
18.292200,2668.936,1129.645,2669.191,1130.356
18.299670,2668.936,1129.645,2669.063,1130.000
18.306080,2668.936,1129.645,2669.000,1129.823
18.314000,2668.113,1127.032,2668.556,1128.427
18.320790,2668.113,1127.032,2668.334,1127.729
18.326970,2668.113,1127.032,2668.224,1127.381
18.333150,2668.113,1127.032,2668.168,1127.206
18.338520,2668.113,1127.032,2668.140,1127.119
18.344900,2668.198,1125.786,2668.169,1126.453
18.351490,2668.198,1125.786,2668.184,1126.119
18.357480,2668.198,1125.786,2668.191,1125.953
18.364140,2668.198,1125.786,2668.195,1125.869
18.369990,2665.553,1124.732,2666.874,1125.301
18.376310,2665.553,1124.732,2666.214,1125.016
18.383030,2665.553,1124.732,2665.883,1124.874
18.388860,2665.553,1124.732,2665.718,1124.803
18.394800,2665.553,1124.732,2665.636,1124.767
18.403280,2665.041,1128.030,2665.338,1126.399
18.410700,2665.041,1128.030,2665.189,1127.215
18.417830,2665.041,1128.030,2665.115,1127.623
18.424120,2665.041,1128.030,2665.078,1127.826
18.430410,2572.833,1116.243,2618.955,1122.035
18.435830,2572.833,1116.243,2595.894,1119.139
18.442000,2572.833,1116.243,2584.363,1117.691
18.448340,2572.833,1116.243,2578.598,1116.967
18.453720,2572.833,1116.243,2575.715,1116.605
18.459190,2572.833,1116.243,2574.274,1116.424
18.464950,2572.833,1116.243,2573.553,1116.333
18.470810,2572.833,1116.243,2573.193,1116.288
18.476560,2572.833,1116.243,2573.013,1116.266
18.507750,1677.365,974.153,2125.189,1045.209
18.525700,1270.034,1020.978,1697.612,1033.094
18.533000,1270.034,1020.978,1483.823,1027.036
18.538100,1270.034,1020.978,1376.929,1024.007
18.542500,1270.034,1020.978,1323.482,1022.493
18.547530,1270.034,1020.978,1296.758,1021.736
18.553230,1358.208,957.726,1327.483,989.731
18.558160,1358.208,957.726,1342.845,973.728
18.564100,1358.208,957.726,1350.526,965.727
18.570500,1358.208,957.726,1354.367,961.727
18.575940,1358.208,957.726,1356.287,959.726
18.582360,1358.208,957.726,1357.247,958.726
18.588250,1342.021,942.409,1349.634,950.568
18.594590,1342.021,942.409,1345.828,946.488
18.609260,1342.021,942.409,1343.924,944.449
18.615670,1342.021,942.409,1342.973,943.429
18.622410,992.511,1014.240,1167.742,978.835
18.629820,992.511,1014.240,1080.127,996.537
18.636860,992.511,1014.240,1036.319,1005.389
18.643520,911.463,1016.085,973.891,1010.737
18.650220,911.463,1016.085,942.677,1013.411
18.658840,911.463,1016.085,927.070,1014.748
18.667270,911.463,1016.085,919.266,1015.416
18.674670,867.869,1021.003,893.567,1018.210
18.681080,867.869,1021.003,880.718,1019.607
18.687790,867.869,1021.003,874.293,1020.305
18.694050,867.869,1021.003,871.081,1020.654
18.699230,867.869,1021.003,869.475,1020.829
18.706370,832.998,1023.773,851.236,1022.301
18.712760,832.998,1023.773,842.117,1023.037
18.719970,832.998,1023.773,837.557,1023.405
18.726310,832.998,1023.773,835.278,1023.589
18.733020,826.351,1017.808,830.814,1020.698
18.739610,826.351,1017.808,828.583,1019.253
18.745130,826.351,1017.808,827.467,1018.531
18.750360,826.351,1017.808,826.909,1018.169
18.755570,826.351,1017.808,826.630,1017.989
18.760520,826.351,1017.808,826.490,1017.898
18.766670,861.949,1013.681,844.220,1015.790
18.771840,861.949,1013.681,853.085,1014.735
18.777000,861.949,1013.681,857.517,1014.208
18.782460,861.949,1013.681,859.733,1013.944
18.787450,861.949,1013.681,860.841,1013.813
18.792030,861.949,1013.681,861.395,1013.747
18.796880,893.548,1009.883,877.472,1011.815
18.802110,893.548,1009.883,885.510,1010.849
18.807500,893.548,1009.883,889.529,1010.366
18.812000,893.548,1009.883,891.538,1010.124
18.817790,893.548,1009.883,892.543,1010.004
18.822700,893.548,1009.883,893.046,1009.943
18.828140,913.192,1008.666,903.119,1009.305
18.833840,913.192,1008.666,908.156,1008.985
18.839320,913.192,1008.666,910.674,1008.826
18.844480,913.192,1008.666,911.933,1008.746
18.850800,913.192,1008.666,912.563,1008.706
18.856500,923.672,1007.934,918.117,1008.320
18.862130,923.672,1007.934,920.895,1008.127
18.868600,923.672,1007.934,922.284,1008.031
18.873700,923.672,1007.934,922.978,1007.983
18.879470,923.672,1007.934,923.325,1007.958
18.886380,934.053,1007.232,928.689,1007.595
18.891870,934.053,1007.232,931.371,1007.413
18.898470,934.053,1007.232,932.712,1007.323
18.903750,934.053,1007.232,933.382,1007.277
18.909630,934.053,1007.232,933.717,1007.255
18.915680,940.577,1009.034,937.147,1008.144
18.920840,940.577,1009.034,938.862,1008.589
18.926840,940.577,1009.034,939.719,1008.812
18.932080,940.577,1009.034,940.148,1008.923
18.936840,940.577,1009.034,940.362,1008.979
18.943360,940.577,1009.034,940.470,1009.007
18.951890,946.767,1010.798,943.618,1009.903
18.961320,946.767,1010.798,945.193,1010.350
18.973510,946.767,1010.798,945.980,1010.574
18.980200,936.640,1016.604,941.310,1013.589
18.987800,936.640,1016.604,938.975,1015.096
18.995550,936.640,1016.604,937.808,1015.850
19.002530,936.640,1016.604,937.224,1016.227
19.009180,895.033,1032.360,916.128,1024.294
19.018650,895.033,1032.360,905.581,1028.327
19.027270,895.033,1032.360,900.307,1030.344
19.034530,832.070,1055.797,866.188,1043.070
19.041180,832.070,1055.797,849.129,1049.433
19.047450,832.070,1055.797,840.599,1052.615
19.053480,832.070,1055.797,836.334,1054.206
19.057680,832.070,1055.797,834.202,1055.001
19.062860,832.070,1055.797,833.136,1055.399
19.069260,769.761,1077.017,801.448,1066.208
19.074640,769.761,1077.017,785.605,1071.613
19.081450,769.761,1077.017,777.683,1074.315
19.087960,769.761,1077.017,773.722,1075.666
19.093010,769.761,1077.017,771.742,1076.342
19.099890,722.628,1088.217,747.185,1082.279
19.105890,722.628,1088.217,734.907,1085.248
19.111580,722.628,1088.217,728.767,1086.732
19.117820,722.628,1088.217,725.698,1087.474
19.122500,722.628,1088.217,724.163,1087.845
19.127660,751.488,1070.007,737.825,1078.926
19.133050,751.488,1070.007,744.656,1074.467
19.137930,751.488,1070.007,748.072,1072.237
19.144680,751.488,1070.007,749.780,1071.122
19.149800,751.488,1070.007,750.634,1070.564
19.154750,751.488,1070.007,751.061,1070.286
19.160900,777.779,1060.458,764.420,1065.372
19.166330,777.779,1060.458,771.099,1062.915
19.173960,777.779,1060.458,774.439,1061.687
19.179940,777.779,1060.458,776.109,1061.073
19.186700,793.723,1054.008,784.916,1057.541
19.192310,793.723,1054.008,789.320,1055.774
19.198870,793.723,1054.008,791.521,1054.891
19.207720,793.723,1054.008,792.622,1054.450
19.214640,793.723,1054.008,793.173,1054.229
19.220970,820.422,1043.402,806.797,1048.816
19.227910,820.422,1043.402,813.609,1046.109
19.234510,820.422,1043.402,817.016,1044.756
19.242130,820.422,1043.402,818.719,1044.079
19.251130,813.721,1046.679,816.220,1045.379
19.260150,813.721,1046.679,814.970,1046.029
19.265950,813.721,1046.679,814.345,1046.354
19.271760,813.721,1046.679,814.033,1046.516
19.277400,840.428,1037.494,827.231,1042.005
19.283410,840.428,1037.494,833.830,1039.750
19.289540,840.428,1037.494,837.129,1038.622
19.295180,840.428,1037.494,838.779,1038.058
19.299970,840.428,1037.494,839.604,1037.776
19.305120,840.428,1037.494,840.016,1037.635
19.310750,868.690,1032.281,854.353,1034.958
19.317490,868.690,1032.281,861.522,1033.620
19.324730,868.690,1032.281,865.106,1032.951
19.331580,868.690,1032.281,866.898,1032.616
19.338560,898.635,1025.104,882.766,1028.860
19.346690,898.635,1025.104,890.700,1026.982
19.354010,898.635,1025.104,894.668,1026.043
19.359630,898.635,1025.104,896.651,1025.573
19.366200,898.635,1025.104,897.643,1025.339
19.371380,924.253,1020.705,910.948,1023.022
19.375970,924.253,1020.705,917.601,1021.864
19.382310,924.253,1020.705,920.927,1021.285
19.387780,924.253,1020.705,922.590,1020.995
19.392960,924.253,1020.705,923.422,1020.850
19.399190,939.693,1023.792,931.557,1022.321
19.404400,939.693,1023.792,935.625,1023.056
19.411290,939.693,1023.792,937.659,1023.424
19.416770,939.693,1023.792,938.676,1023.608
19.421680,939.693,1023.792,939.184,1023.700
19.427630,945.533,1021.944,942.359,1022.822
19.433770,945.533,1021.944,943.946,1022.383
19.441120,945.533,1021.944,944.740,1022.163
19.447490,945.533,1021.944,945.136,1022.054
19.454770,945.533,1021.944,945.335,1021.999
19.460150,945.134,1023.421,945.234,1022.710
19.465630,945.134,1023.421,945.184,1023.066
19.471490,945.134,1023.421,945.159,1023.244
19.476540,945.134,1023.421,945.146,1023.332
19.481750,945.134,1023.421,945.140,1023.377
19.488470,944.983,1027.448,945.061,1025.413
19.494410,944.983,1027.448,945.022,1026.430
19.502840,944.983,1027.448,945.002,1026.939
19.508150,944.983,1027.448,944.993,1027.194
19.513440,944.983,1027.448,944.988,1027.321
19.532810,921.509,1023.569,933.248,1025.445
19.541400,921.509,1023.569,927.379,1024.507
19.548920,921.509,1023.569,924.444,1024.038
19.556070,764.948,986.244,844.696,1005.141
19.562920,764.948,986.244,804.822,995.693
19.569310,764.948,986.244,784.885,990.968
19.574680,764.948,986.244,774.917,988.606
19.580650,524.666,923.916,649.791,956.261
19.586800,524.666,923.916,587.229,940.088
19.593250,524.666,923.916,555.948,932.002
19.600230,524.666,923.916,540.307,927.959
19.605730,524.666,923.916,532.487,925.937
19.611350,524.666,923.916,528.577,924.927
19.616990,336.742,873.789,432.659,899.358
19.632480,336.742,873.789,384.701,886.574
