time,pos_x,pos_y,corrected_pos_x,corrected_pos_y
0.003141,939.032,-64.596,469.516,-32.298
0.029830,939.032,-64.596,704.274,-48.447
0.037326,939.032,-64.596,821.653,-56.522
0.044648,904.596,-64.857,863.125,-60.689
0.050241,904.596,-64.857,883.861,-62.773
0.056376,904.596,-64.857,894.229,-63.815
0.063708,904.596,-64.857,899.413,-64.336
0.072491,909.567,-66.255,904.490,-65.295
0.084425,909.567,-66.255,907.028,-65.775
0.092593,909.567,-66.255,908.297,-66.015
0.099669,926.606,-61.745,917.452,-63.880
0.106573,926.606,-61.745,922.029,-62.813
0.114302,926.606,-61.745,924.317,-62.279
0.121173,926.606,-61.745,925.461,-62.012
0.128078,936.183,-57.304,930.822,-59.658
0.134663,936.183,-57.304,933.502,-58.481
0.142561,936.183,-57.304,934.843,-57.892
0.149335,936.183,-57.304,935.513,-57.598
0.156496,932.998,-54.767,934.255,-56.183
0.168487,932.998,-54.767,933.627,-55.475
0.176951,932.998,-54.767,933.312,-55.121
0.183653,924.292,-51.585,928.802,-53.353
0.191122,924.292,-51.585,926.547,-52.469
0.198082,924.292,-51.585,925.419,-52.027
0.204562,924.292,-51.585,924.855,-51.806
0.211680,924.292,-51.585,924.573,-51.695
0.218049,933.660,-47.742,929.117,-49.719
0.224947,933.660,-47.742,931.388,-48.730
0.231985,933.660,-47.742,932.524,-48.236
0.238219,933.660,-47.742,933.092,-47.989
0.244728,933.660,-47.742,933.376,-47.865
0.251492,945.492,-40.775,939.434,-44.320
0.259235,945.492,-40.775,942.463,-42.548
0.267097,945.492,-40.775,943.977,-41.662
0.274085,947.184,-33.249,945.580,-37.455
0.282328,947.184,-33.249,946.382,-35.352
0.290569,947.184,-33.249,946.783,-34.301
0.297803,947.184,-33.249,946.983,-33.775
0.304867,942.760,-23.954,944.872,-28.864
0.312743,942.760,-23.954,943.816,-26.409
0.319846,942.760,-23.954,943.288,-25.182
0.327553,942.760,-23.954,943.024,-24.568
0.334276,942.760,-23.954,942.892,-24.261
0.341503,954.282,-15.815,948.587,-20.038
0.348520,954.282,-15.815,951.434,-17.927
0.355366,954.282,-15.815,952.858,-16.871
0.363154,954.282,-15.815,953.570,-16.343
0.370322,967.464,-5.831,960.517,-11.087
0.377441,967.464,-5.831,963.990,-8.459
0.384057,967.464,-5.831,965.727,-7.145
0.391296,967.464,-5.831,966.595,-6.488
0.398471,977.873,5.149,972.234,-0.669
0.405387,977.873,5.149,975.054,2.240
0.412707,977.873,5.149,976.463,3.694
0.419305,977.873,5.149,977.168,4.422
0.426363,986.266,14.248,981.717,9.335
0.432961,986.266,14.248,983.992,11.792
0.440094,986.266,14.248,985.129,13.020
0.447038,986.266,14.248,985.698,13.634
0.453655,986.266,14.248,985.982,13.941
0.460775,995.079,25.887,990.530,19.914
0.467465,995.079,25.887,992.805,22.900
0.474557,995.079,25.887,993.942,24.394
0.480983,995.079,25.887,994.510,25.140
0.488133,1003.058,37.089,998.784,31.114
0.495773,1003.058,37.089,1000.921,34.101
0.503533,1003.058,37.089,1001.990,35.595
0.510946,1003.058,37.089,1002.524,36.342
0.518320,1009.109,47.346,1005.816,41.844
0.525662,1009.109,47.346,1007.462,44.595
0.533149,1009.109,47.346,1008.285,45.970
0.540051,1009.109,47.346,1008.697,46.658
0.547283,1015.505,55.340,1012.101,50.999
0.555079,1015.505,55.340,1013.803,53.169
0.563171,1015.505,55.340,1014.654,54.254
0.570386,1015.505,55.340,1015.080,54.797
0.578383,1019.450,62.158,1017.265,58.477
0.586038,1019.450,62.158,1018.357,60.318
0.594151,1019.450,62.158,1018.903,61.238
0.600863,1019.450,62.158,1019.177,61.698
0.607675,1029.991,57.260,1024.584,59.479
0.615020,1029.991,57.260,1027.287,58.370
0.622047,1029.991,57.260,1028.639,57.815
0.629329,1029.991,57.260,1029.315,57.537
0.635596,1029.991,57.260,1029.653,57.399
0.642578,1040.473,-10.537,1035.063,23.431
0.649138,1040.473,-10.537,1037.768,6.447
0.656319,1040.473,-10.537,1039.120,-2.045
0.663613,1040.473,-10.537,1039.796,-6.291
0.670582,1058.837,-146.867,1049.317,-76.579
0.678682,1058.837,-146.867,1054.077,-111.723
0.686023,1058.837,-146.867,1056.457,-129.295
0.692987,1058.837,-146.867,1057.647,-138.081
0.699668,1073.613,-277.664,1065.630,-207.873
0.706637,1073.613,-277.664,1069.622,-242.768
0.713863,1073.613,-277.664,1071.618,-260.216
0.720623,1073.613,-277.664,1072.615,-268.940
0.727603,1073.613,-277.664,1073.115,-273.302
0.734963,1083.154,-362.525,1078.134,-317.913
0.742238,1083.154,-362.525,1080.644,-340.219
0.749096,1083.154,-362.525,1081.899,-351.372
0.756074,1083.154,-362.525,1082.527,-356.948
0.763744,1085.902,-414.978,1084.214,-385.963
0.772600,1085.902,-414.978,1085.058,-400.470
0.779532,1085.902,-414.978,1085.480,-407.724
0.786220,1085.902,-414.978,1085.691,-411.351
0.793220,1087.266,-435.334,1086.479,-423.342
0.799974,1087.266,-435.334,1086.873,-429.338
0.806789,1087.266,-435.334,1087.069,-432.336
0.813604,1087.266,-435.334,1087.168,-433.835
0.820220,1085.487,-445.294,1086.327,-439.565
0.827194,1085.487,-445.294,1085.907,-442.429
0.834903,1085.487,-445.294,1085.697,-443.862
0.841415,1085.487,-445.294,1085.592,-444.578
0.847991,1085.487,-445.294,1085.540,-444.936
0.861891,1084.300,-441.865,1084.920,-443.401
0.872644,1084.300,-441.865,1084.610,-442.633
0.882878,1065.697,-403.521,1075.154,-423.077
0.893308,1065.697,-403.521,1070.426,-413.299
0.903861,1065.697,-403.521,1068.062,-408.410
0.915030,1014.544,-134.206,1041.303,-271.308
0.926382,1014.544,-134.206,1027.923,-202.757
0.940711,956.342,179.968,992.133,-11.395
0.948118,956.342,179.968,974.237,84.287
0.954347,956.342,179.968,965.290,132.127
0.961467,956.342,179.968,960.816,156.048
0.968209,956.342,179.968,958.579,168.008
0.976239,928.628,364.412,943.603,266.210
0.982917,928.628,364.412,936.115,315.311
0.989656,928.628,364.412,932.372,339.862
0.996071,928.628,364.412,930.500,352.137
1.003248,923.268,454.472,926.884,403.305
1.011120,923.268,454.472,925.076,428.888
1.020514,923.268,454.472,924.172,441.680
1.028548,923.268,454.472,923.720,448.076
1.036611,918.607,498.711,921.164,473.394
1.043679,918.607,498.711,919.885,486.052
1.050752,918.607,498.711,919.246,492.382
1.057286,918.607,498.711,918.926,495.546
1.064260,909.868,519.545,914.397,507.546
1.070470,909.868,519.545,912.132,513.546
1.077446,909.868,519.545,911.000,516.545
1.083951,909.868,519.545,910.434,518.045
1.090261,909.868,519.545,910.151,518.795
1.097237,847.107,605.551,878.629,562.173
1.104400,847.107,605.551,862.868,583.862
1.112009,847.107,605.551,854.987,594.707
1.119818,847.107,605.551,851.047,600.129
1.127554,601.400,884.732,726.223,742.431
1.134784,601.400,884.732,663.811,813.581
1.142415,601.400,884.732,632.606,849.157
1.149667,601.400,884.732,617.003,866.945
1.156711,399.238,1112.975,508.120,989.960
1.164233,399.238,1112.975,453.679,1051.467
1.171032,399.238,1112.975,426.459,1082.221
1.178391,399.238,1112.975,412.848,1097.598
1.185174,312.916,1206.667,362.882,1152.132
1.192717,312.916,1206.667,337.899,1179.399
1.199543,312.916,1206.667,325.407,1193.033
1.206500,312.916,1206.667,319.161,1199.850
1.213415,275.276,1255.333,297.218,1227.592
1.220033,275.276,1255.333,286.247,1241.463
1.227304,275.276,1255.333,280.761,1248.398
1.234177,275.276,1255.333,278.018,1251.866
1.240868,275.276,1255.333,276.647,1253.600
1.247879,256.708,1281.610,266.678,1267.605
1.254591,256.708,1281.610,261.693,1274.607
1.261763,256.708,1281.610,259.201,1278.109
1.268405,256.708,1281.610,257.955,1279.859
1.275142,249.739,1294.641,253.847,1287.250
1.282047,249.739,1294.641,251.793,1290.946
1.289814,249.739,1294.641,250.766,1292.794
1.296990,249.739,1294.641,250.253,1293.718
1.304236,343.282,1184.528,296.767,1239.123
1.310988,343.282,1184.528,320.025,1211.825
1.318623,343.282,1184.528,331.653,1198.177
1.325551,343.282,1184.528,337.468,1191.352
1.332313,421.630,1085.646,379.549,1138.499
1.338778,421.630,1085.646,400.590,1112.072
1.346312,421.630,1085.646,411.110,1098.859
1.352931,421.630,1085.646,416.370,1092.252
1.359695,421.630,1085.646,419.000,1088.949
1.366386,585.638,858.305,502.319,973.627
1.372641,585.638,858.305,543.979,915.966
1.379886,585.638,858.305,564.808,887.135
1.386649,585.638,858.305,575.223,872.720
1.393978,708.578,681.252,641.900,776.986
1.401007,708.578,681.252,675.239,729.119
1.408137,708.578,681.252,691.908,705.186
1.414858,708.578,681.252,700.243,693.219
1.421068,708.578,681.252,704.410,687.236
1.428185,779.496,592.695,741.953,639.965
1.434829,779.496,592.695,760.725,616.330
1.442345,779.496,592.695,770.111,604.513
1.448990,779.496,592.695,774.803,598.604
1.455670,815.864,543.561,795.334,571.082
1.462814,815.864,543.561,805.599,557.322
1.469887,815.864,543.561,810.731,550.442
1.476674,815.864,543.561,813.297,547.001
1.483095,834.146,521.358,823.722,534.180
1.490412,834.146,521.358,828.934,527.769
1.497487,834.146,521.358,831.540,524.563
1.504464,834.146,521.358,832.843,522.961
1.511394,834.146,521.358,833.494,522.159
1.518114,844.804,508.593,839.149,515.376
1.525780,844.804,508.593,841.977,511.985
1.533727,844.804,508.593,843.391,510.289
1.541423,844.804,508.593,844.097,509.441
1.549088,848.743,500.073,846.420,504.757
1.556714,848.743,500.073,847.582,502.415
1.564422,848.743,500.073,848.162,501.244
1.571073,848.743,500.073,848.453,500.659
1.578253,850.608,499.173,849.531,499.916
1.585859,850.608,499.173,850.070,499.544
1.593212,850.608,499.173,850.339,499.359
1.600195,850.608,499.173,850.474,499.266
1.606941,850.141,501.453,850.307,500.359
1.614019,850.141,501.453,850.224,500.906
1.620932,850.141,501.453,850.182,501.180
1.627947,850.141,501.453,850.161,501.316
1.635404,849.873,503.126,850.017,502.221
1.643312,849.873,503.126,849.945,502.674
1.651053,849.873,503.126,849.909,502.900
1.658237,849.873,503.126,849.891,503.013
1.665192,863.375,482.923,856.633,492.968
1.672128,863.375,482.923,860.004,487.946
1.679708,863.375,482.923,861.690,485.435
1.686526,863.375,482.923,862.532,484.179
1.693604,863.375,482.923,862.954,483.551
1.700795,903.644,428.663,883.299,456.107
1.708508,903.644,428.663,893.472,442.385
1.715253,903.644,428.663,898.558,435.524
1.722466,903.644,428.663,901.101,432.093
1.730639,935.468,380.269,918.285,406.181
1.738299,935.468,380.269,926.876,393.225
1.745571,935.468,380.269,931.172,386.747
1.752164,935.468,380.269,933.320,383.508
1.759340,960.764,342.698,947.042,363.103
1.765916,960.764,342.698,953.903,352.900
1.773331,960.764,342.698,957.333,347.799
1.780305,960.764,342.698,959.048,345.249
1.787601,980.275,319.132,969.662,332.190
1.795498,980.275,319.132,974.969,325.661
1.803460,980.275,319.132,977.622,322.396
1.810513,980.275,319.132,978.949,320.764
1.817787,993.149,302.479,986.049,311.621
1.824848,993.149,302.479,989.599,307.050
1.832611,993.149,302.479,991.374,304.764
1.839398,993.149,302.479,992.261,303.622
1.846197,1001.327,288.293,996.794,295.957
1.853025,1001.327,288.293,999.061,292.125
1.860138,1001.327,288.293,1000.194,290.209
1.866973,1001.327,288.293,1000.761,289.251
1.873357,1001.327,288.293,1001.044,288.772
1.880835,1007.643,281.360,1004.344,285.066
1.887835,1007.643,281.360,1005.993,283.213
1.895163,1007.643,281.360,1006.818,282.286
1.902539,1007.643,281.360,1007.231,281.823
1.909726,1013.999,274.409,1010.615,278.116
1.917073,1013.999,274.409,1012.307,276.263
1.924871,1013.999,274.409,1013.153,275.336
1.932014,1013.999,274.409,1013.576,274.873
1.939966,1018.900,268.531,1016.238,271.702
1.946998,1018.900,268.531,1017.569,270.117
1.954109,1018.900,268.531,1018.235,269.324
1.961333,1018.900,268.531,1018.568,268.927
1.968289,1020.949,264.337,1019.758,266.632
1.975349,1020.949,264.337,1020.353,265.485
1.983864,1020.949,264.337,1020.651,264.911
1.993918,1020.949,264.337,1020.800,264.624
2.002560,1023.421,261.933,1022.111,263.278
2.010062,1023.421,261.933,1022.766,262.606
2.016626,1023.421,261.933,1023.094,262.269
2.023328,1023.421,261.933,1023.257,262.101
2.030337,1026.854,258.902,1025.056,260.502
2.037261,1026.854,258.902,1025.955,259.702
2.044881,1026.854,258.902,1026.405,259.302
2.051341,1026.854,258.902,1026.630,259.102
2.057591,1026.736,256.678,1026.683,257.890
2.064872,1026.736,256.678,1026.709,257.284
2.071817,1026.736,256.678,1026.722,256.981
2.078565,1026.736,256.678,1026.729,256.829
2.085388,1026.736,256.678,1026.732,256.754
2.092236,1027.073,256.700,1026.903,256.727
2.098957,1027.073,256.700,1026.988,256.713
2.105568,1027.073,256.700,1027.031,256.707
2.112456,1027.073,256.700,1027.052,256.703
2.119342,1026.783,253.210,1026.917,254.957
2.126499,1026.783,253.210,1026.850,254.084
2.134901,1026.783,253.210,1026.816,253.647
2.142716,1026.783,253.210,1026.800,253.429
2.151373,1132.115,269.589,1079.458,261.509
2.159567,1132.115,269.589,1105.786,265.549
2.168137,1132.115,269.589,1118.951,267.569
2.175570,1132.115,269.589,1125.533,268.579
2.182866,1316.430,318.080,1220.982,293.329
2.189638,1316.430,318.080,1268.706,305.704
2.197113,1316.430,318.080,1292.568,311.892
2.203531,1316.430,318.080,1304.499,314.986
2.210804,1462.964,352.808,1383.731,333.897
2.217983,1462.964,352.808,1423.347,343.353
2.224981,1462.964,352.808,1443.156,348.081
2.231846,1462.964,352.808,1453.060,350.445
2.238172,1462.964,352.808,1458.012,351.626
2.245351,1560.313,377.395,1509.163,364.511
2.252415,1560.313,377.395,1534.738,370.953
2.259480,1560.313,377.395,1547.526,374.174
2.266410,1560.313,377.395,1553.920,375.784
2.273718,1626.055,398.807,1589.988,387.296
2.281537,1626.055,398.807,1608.021,393.051
2.288798,1626.055,398.807,1617.038,395.929
2.295749,1626.055,398.807,1621.547,397.368
2.302528,1664.210,411.003,1642.878,404.185
2.309021,1664.210,411.003,1653.544,407.594
2.316016,1664.210,411.003,1658.877,409.298
2.323030,1664.210,411.003,1661.543,410.151
2.330071,1583.042,378.182,1622.292,394.166
2.337040,1583.042,378.182,1602.667,386.174
2.345398,1583.042,378.182,1592.854,382.178
2.354206,1583.042,378.182,1587.948,380.180
2.363929,1530.232,361.387,1559.090,370.783
2.373107,1530.232,361.387,1544.661,366.085
2.382348,1530.232,361.387,1537.446,363.736
2.391460,1469.863,342.661,1503.655,353.199
2.400962,1469.863,342.661,1486.759,347.930
2.410682,1469.863,342.661,1478.311,345.295
2.419795,1382.162,315.373,1430.237,330.334
2.429879,1382.162,315.373,1406.200,322.854
2.438587,1382.162,315.373,1394.181,319.114
2.446447,1382.162,315.373,1388.172,317.243
2.455977,1303.084,293.078,1345.628,305.161
2.464068,1303.084,293.078,1324.356,299.119
2.471013,1303.084,293.078,1313.720,296.099
2.480220,1236.772,277.651,1275.246,286.875
2.488691,1236.772,277.651,1256.009,282.263
2.497221,1236.772,277.651,1246.390,279.957
2.504315,1236.772,277.651,1241.581,278.804
2.512468,1197.000,264.714,1219.291,271.759
2.520508,1197.000,264.714,1208.146,268.236
2.529346,1197.000,264.714,1202.573,266.475
2.537276,1197.000,264.714,1199.787,265.594
2.546194,1167.585,252.999,1183.686,259.296
2.554324,1167.585,252.999,1175.636,256.147
2.563026,1167.585,252.999,1171.610,254.573
2.570097,1167.585,252.999,1169.598,253.786
2.579134,1147.313,243.443,1158.455,248.614
2.588397,1147.313,243.443,1152.884,246.029
2.596189,1147.313,243.443,1150.098,244.736
2.603003,1138.676,241.388,1144.387,243.062
2.610825,1138.676,241.388,1141.532,242.225
2.618459,1138.676,241.388,1140.104,241.807
2.626437,1138.676,241.388,1139.390,241.597
2.633837,1128.507,239.797,1133.949,240.697
2.641088,1128.507,239.797,1131.228,240.247
2.648416,1128.507,239.797,1129.868,240.022
2.655554,1128.507,239.797,1129.188,239.909
2.662618,1123.324,238.786,1126.256,239.347
2.669876,1123.324,238.786,1124.790,239.067
2.677821,1123.324,238.786,1124.057,238.926
2.685231,1123.324,238.786,1123.691,238.856
2.692305,1119.532,237.049,1121.611,237.952
2.699759,1119.532,237.049,1120.572,237.500
2.707269,1119.532,237.049,1120.052,237.275
2.714764,1119.532,237.049,1119.792,237.162
2.722156,1117.947,232.709,1118.869,234.935
2.730549,1117.947,232.709,1118.408,233.822
2.738062,1117.947,232.709,1118.177,233.265
2.745452,1117.947,232.709,1118.062,232.987
2.752530,1116.806,229.768,1117.434,231.378
2.760081,1116.806,229.768,1117.120,230.573
2.768497,1116.806,229.768,1116.963,230.170
2.775773,1116.806,229.768,1116.884,229.969
2.783142,1113.567,226.758,1115.225,228.364
2.790074,1113.567,226.758,1114.396,227.561
2.797944,1113.567,226.758,1113.981,227.159
2.804996,1113.567,226.758,1113.774,226.959
2.812472,1106.048,225.726,1109.911,226.342
2.820135,1106.048,225.726,1107.979,226.034
2.828625,1106.048,225.726,1107.014,225.880
2.835773,1106.048,225.726,1106.531,225.803
2.843844,1094.580,227.469,1100.555,226.636
2.850778,1094.580,227.469,1097.568,227.052
2.857801,1094.580,227.469,1096.074,227.260
2.864880,1094.580,227.469,1095.327,227.364
2.872031,1094.580,227.469,1094.953,227.416
2.879882,1085.123,228.626,1090.038,228.021
2.887046,1085.123,228.626,1087.581,228.324
2.894581,1085.123,228.626,1086.352,228.475
2.901579,1085.123,228.626,1085.738,228.551
2.909016,1075.607,230.978,1080.672,229.764
2.916247,1075.607,230.978,1078.139,230.371
2.923295,1075.607,230.978,1076.873,230.674
2.930241,1075.607,230.978,1076.240,230.826
2.937891,1067.660,232.565,1071.950,231.696
2.945880,1067.660,232.565,1069.805,232.131
2.953185,1067.660,232.565,1068.732,232.348
2.960816,1067.660,232.565,1068.196,232.457
2.968565,1059.604,235.286,1063.900,233.871
2.975276,1059.604,235.286,1061.752,234.579
2.983335,1059.604,235.286,1060.678,234.933
2.990248,1059.604,235.286,1060.141,235.109
2.998312,1053.611,238.113,1056.876,236.611
3.006005,1053.611,238.113,1055.244,237.362
3.014254,1053.611,238.113,1054.427,237.737
3.021131,1053.611,238.113,1054.019,237.925
3.028836,1048.423,242.128,1051.221,240.026
3.035735,1048.423,242.128,1049.822,241.077
3.043354,1048.423,242.128,1049.122,241.602
3.050065,1048.423,242.128,1048.772,241.865
3.056675,1046.165,244.869,1047.469,243.367
3.063824,1046.165,244.869,1046.817,244.118
3.071170,1046.165,244.869,1046.491,244.494
3.077981,1046.165,244.869,1046.328,244.681
3.084490,1043.289,248.561,1044.809,246.621
3.091736,1043.289,248.561,1044.049,247.591
3.099070,1043.289,248.561,1043.669,248.076
3.105825,1043.289,248.561,1043.479,248.319
3.112339,1043.289,248.561,1043.384,248.440
3.119168,1038.396,251.212,1040.890,249.826
3.127247,1038.396,251.212,1039.643,250.519
3.134736,1038.396,251.212,1039.019,250.865
3.142411,1038.396,251.212,1038.708,251.039
3.150443,1036.873,252.749,1037.791,251.894
3.157692,1036.873,252.749,1037.332,252.321
3.164995,1036.873,252.749,1037.103,252.535
3.171749,1036.873,252.749,1036.988,252.642
3.179284,1034.417,253.439,1035.703,253.040
3.186564,1034.417,253.439,1035.060,253.240
3.193942,1034.417,253.439,1034.739,253.339
3.200885,1034.417,253.439,1034.578,253.389
3.207978,1032.038,253.358,1033.308,253.373
3.214978,1032.038,253.358,1032.673,253.366
3.222142,1032.038,253.358,1032.355,253.362
3.229177,1032.038,253.358,1032.196,253.360
3.236701,1031.052,253.000,1031.624,253.180
3.243912,1031.052,253.000,1031.338,253.090
3.251923,1031.052,253.000,1031.195,253.045
3.258593,1031.052,253.000,1031.123,253.022
3.265924,1030.906,251.794,1031.015,252.408
3.272692,1030.906,251.794,1030.960,252.101
3.280032,1030.906,251.794,1030.933,251.948
3.287182,1030.906,251.794,1030.920,251.871
3.294042,1030.906,251.794,1030.913,251.833
3.300798,1030.952,250.828,1030.932,251.331
3.307828,1030.952,250.828,1030.942,251.079
3.315419,1030.952,250.828,1030.947,250.954
3.322137,1030.952,250.828,1030.949,250.891
3.329350,1030.710,250.838,1030.830,250.865
3.336020,1030.710,250.838,1030.770,250.851
3.343443,1030.710,250.838,1030.740,250.845
3.350163,1030.710,250.838,1030.725,250.841
3.357063,1034.932,218.908,1032.829,234.875
3.364447,1034.932,218.908,1033.881,226.891
3.371986,1034.932,218.908,1034.406,222.899
3.379093,1034.932,218.908,1034.669,220.904
3.385959,1034.932,218.908,1034.801,219.906
3.393922,1044.713,136.378,1039.757,178.142
3.402737,1044.713,136.378,1042.235,157.260
3.410347,1044.713,136.378,1043.474,146.819
3.424105,1056.664,48.559,1050.069,97.689
3.439114,1056.664,48.559,1053.366,73.124
3.446136,1056.664,48.559,1055.015,60.842
3.451850,1067.049,-18.411,1061.032,21.215
3.457692,1067.049,-18.411,1064.040,1.402
3.464451,1067.049,-18.411,1065.544,-8.504
3.469921,1067.049,-18.411,1066.297,-13.458
3.475596,1067.049,-18.411,1066.673,-15.934
3.482109,1074.582,-63.044,1070.627,-39.489
3.487914,1074.582,-63.044,1072.604,-51.266
3.494818,1074.582,-63.044,1073.593,-57.155
3.501153,1074.582,-63.044,1074.088,-60.099
3.507091,1079.526,-91.244,1076.807,-75.672
3.514184,1079.526,-91.244,1078.167,-83.458
3.521027,1079.526,-91.244,1078.846,-87.351
3.528367,1079.526,-91.244,1079.186,-89.297
3.535270,1079.526,-91.244,1079.356,-90.271
3.542493,1079.211,-106.098,1079.284,-98.185
3.549842,1079.211,-106.098,1079.247,-102.142
3.556650,1079.211,-106.098,1079.229,-104.120
3.563544,1079.211,-106.098,1079.220,-105.109
3.570184,1080.062,-112.701,1079.641,-108.905
3.577537,1080.062,-112.701,1079.852,-110.803
3.584949,1080.062,-112.701,1079.957,-111.752
3.591992,1080.062,-112.701,1080.010,-112.227
3.599034,1081.184,-119.859,1080.597,-116.043
3.605875,1081.184,-119.859,1080.890,-117.951
3.613073,1081.184,-119.859,1081.037,-118.905
3.620196,1081.184,-119.859,1081.110,-119.382
3.627418,1081.184,-119.859,1081.147,-119.620
3.634528,1081.880,-124.714,1081.514,-122.167
3.641724,1081.880,-124.714,1081.697,-123.441
3.649616,1081.880,-124.714,1081.789,-124.077
3.656585,1081.880,-124.714,1081.835,-124.396
3.663758,1082.317,-128.510,1082.076,-126.453
3.671014,1082.317,-128.510,1082.197,-127.481
3.678128,1082.317,-128.510,1082.257,-127.995
3.684998,1082.317,-128.510,1082.287,-128.253
3.692555,1080.107,-131.748,1081.197,-130.001
3.700319,1080.107,-131.748,1080.652,-130.875
3.707513,1080.107,-131.748,1080.380,-131.311
3.714608,1080.107,-131.748,1080.243,-131.530
3.721182,1078.729,-135.341,1079.486,-133.435
3.727831,1078.729,-135.341,1079.108,-134.388
3.734659,1078.729,-135.341,1078.918,-134.864
3.740711,1078.729,-135.341,1078.824,-135.102
3.747500,1078.729,-135.341,1078.776,-135.222
3.753852,1089.311,-250.418,1084.044,-192.820
3.760143,1089.311,-250.418,1086.678,-221.619
3.766674,1089.311,-250.418,1087.995,-236.019
3.772508,1089.311,-250.418,1088.653,-243.218
3.779398,1094.064,-419.757,1091.358,-331.488
3.786078,1094.064,-419.757,1092.711,-375.623
3.794119,1094.064,-419.757,1093.387,-397.690
3.800794,1094.064,-419.757,1093.726,-408.724
3.806821,1094.064,-419.757,1093.895,-414.241
3.813874,1091.623,-519.923,1092.759,-467.082
3.820515,1091.623,-519.923,1092.191,-493.502
3.828060,1091.623,-519.923,1091.907,-506.712
3.834441,1091.623,-519.923,1091.765,-513.318
3.841063,1093.366,-576.242,1092.566,-544.780
3.848488,1093.366,-576.242,1092.966,-560.511
3.856626,1093.366,-576.242,1093.166,-568.377
3.863513,1093.366,-576.242,1093.266,-572.309
3.869387,1093.366,-576.242,1093.316,-574.276
3.875783,1096.811,-612.454,1095.063,-593.365
3.882472,1096.811,-612.454,1095.937,-602.909
3.889129,1096.811,-612.454,1096.374,-607.681
3.895578,1096.811,-612.454,1096.593,-610.067
3.901804,1099.602,-630.643,1098.097,-620.355
3.908738,1099.602,-630.643,1098.850,-625.499
3.915416,1099.602,-630.643,1099.226,-628.071
3.922273,1099.602,-630.643,1099.414,-629.357
3.929795,1099.602,-630.643,1099.508,-630.000
3.937594,1108.243,-634.963,1103.875,-632.481
3.944236,1108.243,-634.963,1106.059,-633.722
3.951421,1108.243,-634.963,1107.151,-634.343
3.958623,1108.243,-634.963,1107.697,-634.653
3.966068,1121.253,-647.529,1114.475,-641.091
3.973885,1121.253,-647.529,1117.864,-644.310
3.981276,1121.253,-647.529,1119.559,-645.919
3.987642,1121.253,-647.529,1120.406,-646.724
3.994797,1117.211,-660.844,1118.809,-653.784
4.002652,1117.211,-660.844,1118.010,-657.314
4.009526,1117.211,-660.844,1117.611,-659.079
4.017824,1117.211,-660.844,1117.411,-659.961
4.025269,1119.862,-640.685,1118.636,-650.323
4.032825,1119.862,-640.685,1119.249,-645.504
4.039720,1119.862,-640.685,1119.556,-643.094
4.046335,1119.862,-640.685,1119.709,-641.890
4.052787,1122.838,-613.282,1121.274,-627.586
4.059234,1122.838,-613.282,1122.056,-620.434
4.066000,1122.838,-613.282,1122.447,-616.858
4.072269,1122.838,-613.282,1122.643,-615.070
4.078409,1122.838,-613.282,1122.740,-614.176
4.084371,1122.838,-613.282,1122.789,-613.729
4.090384,1122.838,-613.282,1122.814,-613.506
4.097163,1122.838,-613.282,1122.826,-613.394
4.103509,1122.838,-613.282,1122.832,-613.338
4.110289,1122.838,-613.282,1122.835,-613.310
4.116815,1122.838,-613.282,1122.837,-613.296
4.123490,1122.838,-613.282,1122.837,-613.289
4.130744,1122.838,-613.282,1122.838,-613.286
4.137816,1122.838,-613.282,1122.838,-613.284
4.145140,1122.838,-613.282,1122.838,-613.283
4.152793,1122.838,-613.282,1122.838,-613.283
4.161006,1122.838,-613.282,1122.838,-613.283
4.167605,1122.838,-613.282,1122.838,-613.282
4.174712,1137.008,-470.480,1129.923,-541.881
4.182111,1137.008,-470.480,1133.466,-506.181
4.189303,1137.008,-470.480,1135.237,-488.330
4.195768,1137.008,-470.480,1136.123,-479.405
4.203435,1165.741,-266.237,1150.932,-372.821
4.209522,1165.741,-266.237,1158.337,-319.529
4.216303,1165.741,-266.237,1162.039,-292.883
4.222381,1165.741,-266.237,1163.890,-279.560
4.228530,1165.741,-266.237,1164.816,-272.899
4.234985,1125.503,-158.537,1145.159,-215.718
4.240912,1125.503,-158.537,1135.331,-187.128
4.248240,1125.503,-158.537,1130.417,-172.832
4.254495,1125.503,-158.537,1127.960,-165.685
4.261359,1105.399,-27.818,1116.679,-96.752
4.267770,1105.399,-27.818,1111.039,-62.285
4.274062,1105.399,-27.818,1108.219,-45.052
4.280928,1105.399,-27.818,1106.809,-36.435
4.286921,1105.399,-27.818,1106.104,-32.127
4.293430,1100.139,44.885,1103.122,6.379
4.299644,1100.139,44.885,1101.630,25.632
4.305983,1100.139,44.885,1100.885,35.258
4.313342,1100.139,44.885,1100.512,40.071
4.319938,1100.139,44.885,1100.326,42.478
4.326647,1084.251,85.378,1092.288,63.928
4.333166,1084.251,85.378,1088.270,74.653
4.339774,1084.251,85.378,1086.260,80.015
4.346869,1084.251,85.378,1085.255,82.697
4.353394,1084.251,85.378,1084.753,84.037
4.359818,1084.251,85.378,1084.502,84.708
4.366279,1084.251,85.378,1084.376,85.043
4.372878,1084.251,85.378,1084.313,85.210
4.379517,1084.251,85.378,1084.282,85.294
4.385984,923.057,17.266,1003.669,51.280
4.391696,923.057,17.266,963.363,34.273
4.398459,923.057,17.266,943.210,25.770
4.405516,923.057,17.266,933.133,21.518
4.411957,877.399,54.866,905.266,38.192
4.418782,877.399,54.866,891.333,46.529
4.425409,877.399,54.866,884.366,50.698
4.432401,877.399,54.866,880.883,52.782
4.438487,877.399,54.866,879.141,53.824
4.445092,823.657,119.705,851.399,86.765
4.451601,823.657,119.705,837.528,103.235
4.457981,823.657,119.705,830.593,111.470
4.464825,823.657,119.705,827.125,115.588
4.471900,823.657,119.705,825.391,117.646
4.479173,823.657,119.705,824.524,118.676
4.485877,823.657,119.705,824.091,119.190
4.493627,823.657,119.705,823.874,119.448
4.500953,823.657,119.705,823.766,119.576
4.509729,823.657,119.705,823.711,119.641
4.521598,823.657,119.705,823.684,119.673
4.530679,823.657,119.705,823.671,119.689
4.540268,823.657,119.705,823.664,119.697
4.549891,823.657,119.705,823.661,119.701
4.558115,823.657,119.705,823.659,119.703
4.565141,823.657,119.705,823.658,119.704
4.571419,823.657,119.705,823.658,119.705
4.578322,823.657,119.705,823.657,119.705
4.584786,823.657,119.705,823.657,119.705
4.591415,823.657,119.705,823.657,119.705
4.597987,823.657,119.705,823.657,119.705
4.604889,823.657,119.705,823.657,119.705
4.611716,823.657,119.705,823.657,119.705
4.617303,823.657,119.705,823.657,119.705
4.623234,823.657,119.705,823.657,119.705
4.629086,823.657,119.705,823.657,119.705
4.635185,823.657,119.705,823.657,119.705
4.641679,823.657,119.705,823.657,119.705
4.648269,823.657,119.705,823.657,119.705
4.654263,823.657,119.705,823.657,119.705
4.660164,823.657,119.705,823.657,119.705
4.666425,823.657,119.705,823.657,119.705
4.672817,823.657,119.705,823.657,119.705
4.678833,823.657,119.705,823.657,119.705
4.684584,823.657,119.705,823.657,119.705
4.690165,823.657,119.705,823.657,119.705
4.696230,823.657,119.705,823.657,119.705
4.702471,823.657,119.705,823.657,119.705
4.708254,823.657,119.705,823.657,119.705
4.714585,706.827,363.550,765.242,241.628
4.720821,706.827,363.550,736.034,302.589
4.727151,706.827,363.550,721.430,333.070
4.734098,706.827,363.550,714.128,348.310
4.740173,706.827,363.550,710.477,355.930
4.747691,846.025,396.454,778.251,376.192
4.754255,846.025,396.454,812.138,386.323
4.761280,846.025,396.454,829.082,391.388
4.767230,846.025,396.454,837.554,393.921
4.773133,846.025,396.454,841.789,395.187
4.779896,1082.812,427.820,962.301,411.503
4.786200,1082.812,427.820,1022.556,419.662
4.793199,1082.812,427.820,1052.684,423.741
4.799718,1082.812,427.820,1067.748,425.780
4.805693,1082.812,427.820,1075.280,426.800
4.812271,1145.528,437.313,1110.404,432.057
4.818597,1145.528,437.313,1127.966,434.685
4.825309,1145.528,437.313,1136.747,435.999
4.831568,1145.528,437.313,1141.138,436.656
4.837570,1229.881,417.787,1185.509,427.222
4.843661,1229.881,417.787,1207.695,422.504
4.850113,1229.881,417.787,1218.788,420.145
4.856450,1229.881,417.787,1224.334,418.966
4.862740,1229.881,417.787,1227.108,418.377
4.869222,1299.392,387.267,1263.250,402.822
4.876626,1299.392,387.267,1281.321,395.044
4.883936,1299.392,387.267,1290.356,391.155
4.890748,1299.392,387.267,1294.874,389.211
4.897289,1297.977,357.692,1296.426,373.451
4.904319,1297.977,357.692,1297.201,365.571
4.911605,1297.977,357.692,1297.589,361.631
4.919530,1297.977,357.692,1297.783,359.661
4.926517,1283.284,342.262,1290.534,350.962
4.933642,1283.284,342.262,1286.909,346.612
4.940456,1283.284,342.262,1285.097,344.437
4.947400,1283.284,342.262,1284.190,343.350
4.955331,1285.449,331.904,1284.820,337.627
4.963330,1285.449,331.904,1285.134,334.765
4.971038,1285.449,331.904,1285.292,333.335
4.979491,1285.449,331.904,1285.370,332.619
4.986259,1285.449,331.904,1285.410,332.262
4.993273,1280.573,321.484,1282.991,326.873
5.000596,1280.573,321.484,1281.782,324.178
5.007057,1280.573,321.484,1281.177,322.831
5.014348,1280.573,321.484,1280.875,322.157
5.021379,1272.739,310.041,1276.807,316.099
5.029616,1272.739,310.041,1274.773,313.070
5.037177,1272.739,310.041,1273.756,311.556
5.044378,1272.739,310.041,1273.247,310.799
5.051639,1264.760,302.574,1269.004,306.687
5.058083,1264.760,302.574,1266.882,304.630
5.072713,1264.760,302.574,1265.821,303.602
5.078808,1256.842,299.956,1261.331,301.779
5.084500,1256.842,299.956,1259.086,300.867
5.090070,1256.842,299.956,1257.964,300.412
5.096472,1256.842,299.956,1257.403,300.184
5.101988,1256.842,299.956,1257.122,300.070
5.108097,1260.298,297.930,1258.710,299.000
5.114304,1260.298,297.930,1259.504,298.465
5.120272,1260.298,297.930,1259.901,298.197
5.126873,1260.298,297.930,1260.099,298.063
5.133520,1260.298,297.930,1260.198,297.997
5.139896,1270.016,293.365,1265.107,295.681
5.146346,1270.016,293.365,1267.562,294.523
5.154031,1270.016,293.365,1268.789,293.944
5.162213,1270.016,293.365,1269.402,293.655
5.169334,1286.418,286.811,1277.910,290.233
5.175956,1286.418,286.811,1282.164,288.522
5.183306,1286.418,286.811,1284.291,287.667
5.189703,1286.418,286.811,1285.354,287.239
5.196264,1286.418,286.811,1285.886,287.025
5.203095,1305.364,277.044,1295.625,282.034
5.210012,1305.364,277.044,1300.494,279.539
5.217361,1305.364,277.044,1302.929,278.291
5.223628,1305.364,277.044,1304.146,277.667
5.231238,1317.162,270.002,1310.654,273.835
5.237617,1317.162,270.002,1313.908,271.919
5.245134,1317.162,270.002,1315.535,270.960
5.251934,1317.162,270.002,1316.348,270.481
5.258530,1299.919,272.475,1308.133,271.478
5.265810,1299.919,272.475,1304.026,271.976
5.272678,1299.919,272.475,1301.972,272.225
5.280422,1299.919,272.475,1300.945,272.350
5.286854,1299.919,272.475,1300.432,272.412
5.294232,1214.765,331.984,1257.598,302.198
5.301546,1214.765,331.984,1236.181,317.091
5.308388,1214.765,331.984,1225.473,324.537
5.315852,1214.765,331.984,1220.119,328.260
5.322446,954.093,556.866,1087.106,442.563
5.329255,954.093,556.866,1020.600,499.715
5.335596,954.093,556.866,987.346,528.290
5.341292,954.093,556.866,970.720,542.578
5.347413,954.093,556.866,962.407,549.722
5.353537,632.286,747.836,797.346,648.779
5.359622,632.286,747.836,714.816,698.308
5.366282,632.286,747.836,673.551,723.072
5.372190,632.286,747.836,652.918,735.454
5.378340,632.286,747.836,642.602,741.645
5.384542,471.567,803.816,557.085,772.731
5.390388,471.567,803.816,514.326,788.274
5.396973,471.567,803.816,492.946,796.045
5.402979,471.567,803.816,482.257,799.931
5.408803,471.567,803.816,476.912,801.874
5.415117,401.763,795.649,439.337,798.761
5.421211,401.763,795.649,420.550,797.205
5.428377,401.763,795.649,411.156,796.427
5.434551,401.763,795.649,406.460,796.038
5.441025,370.827,780.669,388.643,788.354
5.447426,370.827,780.669,379.735,784.512
5.453535,370.827,780.669,375.281,782.590
5.459986,370.827,780.669,373.054,781.630
5.466383,370.827,780.669,371.940,781.150
5.472572,356.420,770.834,364.180,775.992
5.478992,356.420,770.834,360.300,773.413
5.485703,356.420,770.834,358.360,772.123
5.491810,356.420,770.834,357.390,771.479
5.497946,356.420,770.834,356.905,771.156
5.504185,234.165,778.154,295.535,774.655
5.510406,234.165,778.154,264.850,776.404
5.517467,234.165,778.154,249.508,777.279
5.523596,234.165,778.154,241.836,777.716
5.529978,234.165,778.154,238.001,777.935
5.536449,19.368,797.968,128.684,787.951
5.542776,19.368,797.968,74.026,792.960
5.550299,19.368,797.968,46.697,795.464
5.557184,19.368,797.968,33.033,796.716
5.564791,-108.140,801.149,-37.554,798.932
5.572231,-108.140,801.149,-72.847,800.040
5.580437,-108.140,801.149,-90.493,800.595
5.586897,-108.140,801.149,-99.317,800.872
5.593382,-173.190,798.766,-136.253,799.819
5.599712,-173.190,798.766,-154.722,799.293
5.605877,-173.190,798.766,-163.956,799.029
5.612577,-173.190,798.766,-168.573,798.898
5.618448,-173.190,798.766,-170.881,798.832
5.624517,-210.233,807.129,-190.557,802.980
5.631620,-210.233,807.129,-200.395,805.054
5.638094,-210.233,807.129,-205.314,806.091
5.644400,-210.233,807.129,-207.773,806.610
5.650984,-228.749,815.735,-218.261,811.172
5.657412,-228.749,815.735,-223.505,813.454
5.664276,-228.749,815.735,-226.127,814.594
5.670858,-228.749,815.735,-227.438,815.165
5.677107,-228.749,815.735,-228.094,815.450
5.683514,-252.492,822.874,-240.293,819.162
5.689281,-252.492,822.874,-246.393,821.018
5.695431,-252.492,822.874,-249.443,821.946
5.701323,-252.492,822.874,-250.967,822.410
5.707739,-252.492,822.874,-251.730,822.642
5.714685,-261.806,829.421,-256.768,826.032
5.720808,-261.806,829.421,-259.287,827.726
5.727406,-261.806,829.421,-260.546,828.574
5.733664,-261.806,829.421,-261.176,828.997
5.739357,-261.806,829.421,-261.491,829.209
5.745716,-264.124,832.573,-262.808,830.891
5.751923,-264.124,832.573,-263.466,831.732
5.764883,-264.124,832.573,-263.795,832.152
5.778423,-283.474,844.075,-273.635,838.114
5.786070,-283.474,844.075,-278.554,841.094
5.791830,-283.474,844.075,-281.014,842.584
5.798388,-283.474,844.075,-282.244,843.330
5.804668,-284.530,846.120,-283.387,844.725
5.810371,-284.530,846.120,-283.959,845.422
5.816929,-284.530,846.120,-284.244,845.771
5.822876,-284.530,846.120,-284.387,845.946
5.829065,-284.530,846.120,-284.459,846.033
5.835094,-280.860,848.268,-282.659,847.151
5.840910,-280.860,848.268,-281.760,847.710
5.847574,-280.860,848.268,-281.310,847.989
5.853060,-280.860,848.268,-281.085,848.129
5.858450,-280.860,848.268,-280.972,848.199
5.864542,-290.261,852.000,-285.617,850.099
5.870527,-290.261,852.000,-287.939,851.050
5.876970,-290.261,852.000,-289.100,851.525
5.883266,-290.261,852.000,-289.680,851.763
5.888798,-290.261,852.000,-289.970,851.881
5.895306,-293.173,852.073,-291.572,851.977
5.902473,-293.173,852.073,-292.372,852.025
5.909946,-293.173,852.073,-292.773,852.049
5.916477,-293.173,852.073,-292.973,852.061
5.922495,-293.173,852.073,-293.073,852.067
5.929064,-296.655,852.453,-294.864,852.260
5.935345,-296.655,852.453,-295.759,852.357
5.944208,-296.655,852.453,-296.207,852.405
5.951918,-296.655,852.453,-296.431,852.429
5.958759,-299.490,851.314,-297.960,851.872
5.966574,-299.490,851.314,-298.725,851.593
5.974295,-299.490,851.314,-299.107,851.453
5.981167,-299.490,851.314,-299.299,851.383
5.987923,-302.144,849.937,-300.721,850.660
5.994709,-302.144,849.937,-301.433,850.299
6.001947,-302.144,849.937,-301.788,850.118
6.010523,-302.144,849.937,-301.966,850.027
6.018959,-303.699,847.344,-302.832,848.686
6.026371,-303.699,847.344,-303.266,848.015
6.033930,-303.699,847.344,-303.482,847.680
6.040083,-303.699,847.344,-303.591,847.512
6.046465,-304.184,844.853,-303.887,846.183
6.052748,-304.184,844.853,-304.035,845.518
6.059052,-304.184,844.853,-304.110,845.186
6.065437,-304.184,844.853,-304.147,845.019
6.071293,-304.184,844.853,-304.165,844.936
6.077320,-301.747,840.914,-302.956,842.925
6.084200,-301.747,840.914,-302.351,841.920
6.090910,-301.747,840.914,-302.049,841.417
6.097721,-301.747,840.914,-301.898,841.166
6.103992,-301.747,840.914,-301.822,841.040
6.110674,-176.393,797.901,-239.107,819.470
6.117771,-176.393,797.901,-207.750,808.685
6.123955,-176.393,797.901,-192.071,803.293
6.130280,-176.393,797.901,-184.232,800.597
6.136141,165.670,668.923,-9.281,734.760
6.142757,165.670,668.923,78.194,701.842
6.150625,165.670,668.923,121.932,685.383
6.158554,165.670,668.923,143.801,677.153
6.167664,439.055,565.728,291.428,621.440
6.175354,439.055,565.728,365.242,593.584
6.183094,439.055,565.728,402.148,579.656
6.190083,439.055,565.728,420.602,572.692
6.197124,589.026,502.537,504.814,537.614
6.204105,589.026,502.537,546.920,520.076
6.211607,589.026,502.537,567.973,511.306
6.218653,589.026,502.537,578.500,506.921
6.225233,589.026,502.537,583.763,504.729
6.232628,665.447,471.927,624.605,488.328
6.240004,665.447,471.927,645.026,480.127
6.247215,665.447,471.927,655.237,476.027
6.254425,665.447,471.927,660.342,473.977
6.261395,704.770,453.086,682.556,463.531
6.269102,704.770,453.086,693.663,458.308
6.276314,704.770,453.086,699.216,455.697
6.283669,704.770,453.086,701.993,454.391
6.291212,727.548,441.236,714.771,447.814
6.298920,727.548,441.236,721.159,444.525
6.306160,727.548,441.236,724.354,442.881
6.313408,727.548,441.236,725.951,442.059
6.321384,740.574,432.214,733.263,437.136
6.328747,740.574,432.214,736.919,434.675
6.336273,740.574,432.214,738.746,433.445
6.343163,740.574,432.214,739.660,432.829
6.350641,748.481,426.165,744.071,429.497
6.357683,748.481,426.165,746.276,427.831
6.365515,748.481,426.165,747.379,426.998
6.372311,748.481,426.165,747.930,426.581
6.380804,751.862,422.242,749.896,424.412
6.387772,751.862,422.242,750.879,423.327
6.395208,751.862,422.242,751.371,422.784
6.401972,751.862,422.242,751.617,422.513
6.408503,755.730,420.748,753.673,421.630
6.415064,755.730,420.748,754.701,421.189
6.421417,755.730,420.748,755.216,420.968
6.428593,755.730,420.748,755.473,420.858
6.434738,755.730,420.748,755.601,420.803
6.440895,759.812,417.168,757.707,418.985
6.447058,759.812,417.168,758.759,418.077
6.453678,759.812,417.168,759.286,417.622
6.460104,759.812,417.168,759.549,417.395
6.466564,759.812,417.168,759.681,417.282
6.473093,745.591,365.564,752.636,391.423
6.479723,745.591,365.564,749.113,378.493
6.486383,745.591,365.564,747.352,372.029
6.492599,745.591,365.564,746.471,368.796
6.499313,713.689,281.694,730.080,325.245
6.505655,713.689,281.694,721.884,303.469
6.512283,713.689,281.694,717.787,292.582
6.518656,713.689,281.694,715.738,287.138
6.525780,713.689,281.694,714.713,284.416
6.532669,691.289,213.166,703.001,248.791
6.539085,691.289,213.166,697.145,230.978
6.545656,691.289,213.166,694.217,222.072
6.552494,691.289,213.166,692.753,217.619
6.558857,668.052,169.703,680.403,193.661
6.565542,668.052,169.703,674.227,181.682
6.571873,668.052,169.703,671.140,175.693
6.577915,668.052,169.703,669.596,172.698
6.584215,668.052,169.703,668.824,171.201
6.590471,657.122,135.988,662.973,153.594
6.596416,657.122,135.988,660.048,144.791
6.602758,657.122,135.988,658.585,140.389
6.608938,657.122,135.988,657.853,138.189
6.615108,657.122,135.988,657.488,137.088
6.620882,646.546,113.468,652.017,125.278
6.626879,646.546,113.468,649.281,119.373
6.633701,646.546,113.468,647.913,116.421
6.639729,646.546,113.468,647.230,114.945
6.646385,646.546,113.468,646.888,114.206
6.652994,640.560,98.572,643.724,106.389
6.659227,640.560,98.572,642.142,102.480
6.666319,640.560,98.572,641.351,100.526
6.672520,640.560,98.572,640.955,99.549
6.678324,640.560,98.572,640.758,99.060
6.684973,641.570,86.776,641.164,92.918
6.690838,641.570,86.776,641.367,89.847
6.697330,641.570,86.776,641.468,88.312
6.703571,641.570,86.776,641.519,87.544
6.709806,582.981,-4.300,612.250,41.622
6.716364,582.981,-4.300,597.615,18.661
6.722479,582.981,-4.300,590.298,7.180
6.729078,582.981,-4.300,586.639,1.440
6.735153,582.981,-4.300,584.810,-1.430
6.741560,517.778,-116.565,551.294,-58.998
6.747898,517.778,-116.565,534.536,-87.782
6.754385,517.778,-116.565,526.157,-102.173
6.760424,517.778,-116.565,521.968,-109.369
6.766537,517.778,-116.565,519.873,-112.967
6.772398,517.778,-116.565,518.825,-114.766
6.778486,477.770,-186.264,498.298,-150.515
6.785690,477.770,-186.264,488.034,-168.390
6.792356,477.770,-186.264,482.902,-177.327
6.798498,477.770,-186.264,480.336,-181.796
6.804934,456.811,-232.278,468.573,-207.037
6.811255,456.811,-232.278,462.692,-219.657
6.818579,456.811,-232.278,459.751,-225.967
6.824656,456.811,-232.278,458.281,-229.123
6.831049,442.467,-255.624,450.374,-242.373
6.837563,442.467,-255.624,446.420,-248.999
6.844063,442.467,-255.624,444.443,-252.311
6.851051,442.467,-255.624,443.455,-253.968
6.857458,442.467,-255.624,442.961,-254.796
6.865000,436.499,-269.191,439.730,-261.994
6.872162,436.499,-269.191,438.114,-265.593
6.878977,436.499,-269.191,437.306,-267.392
6.885128,436.499,-269.191,436.903,-268.292
6.891022,444.021,-340.182,440.462,-304.237
6.898062,444.021,-340.182,442.241,-322.209
6.904726,444.021,-340.182,443.131,-331.196
6.910864,444.021,-340.182,443.576,-335.689
6.917973,444.021,-340.182,443.799,-337.935
6.925657,441.737,-409.458,442.768,-373.697
6.933720,441.737,-409.458,442.253,-391.578
6.940313,441.737,-409.458,441.995,-400.518
6.947636,441.737,-409.458,441.866,-404.988
6.955030,440.995,-451.659,441.431,-428.324
6.962725,440.995,-451.659,441.213,-439.991
6.970654,440.995,-451.659,441.104,-445.825
6.977293,440.995,-451.659,441.050,-448.742
6.984333,442.501,-479.611,441.775,-464.176
6.990723,442.501,-479.611,442.138,-471.894
6.997599,442.501,-479.611,442.319,-475.752
7.004221,442.501,-479.611,442.410,-477.682
7.010988,444.305,-496.148,443.358,-486.915
7.019278,444.305,-496.148,443.831,-491.532
7.027187,444.305,-496.148,444.068,-493.840
7.034397,444.305,-496.148,444.187,-494.994
7.041042,444.305,-496.148,444.246,-495.571
7.048199,443.607,-507.258,443.926,-501.414
7.054703,443.607,-507.258,443.767,-504.336
7.060835,443.607,-507.258,443.687,-505.797
7.067274,443.607,-507.258,443.647,-506.527
7.073671,441.367,-513.730,442.507,-510.129
7.080084,441.367,-513.730,441.937,-511.929
7.086954,441.367,-513.730,441.652,-512.830
7.093229,441.367,-513.730,441.510,-513.280
7.099606,441.367,-513.730,441.439,-513.505
7.106009,371.327,-514.311,406.383,-513.908
7.112083,371.327,-514.311,388.855,-514.110
7.118763,371.327,-514.311,380.091,-514.210
7.124594,371.327,-514.311,375.709,-514.261
7.131001,371.327,-514.311,373.518,-514.286
7.137392,265.482,-510.887,319.500,-512.586
7.143597,265.482,-510.887,292.491,-511.737
7.150333,265.482,-510.887,278.987,-511.312
7.156576,265.482,-510.887,272.234,-511.099
7.163555,173.731,-506.175,222.983,-508.637
7.170137,173.731,-506.175,198.357,-507.406
7.176914,173.731,-506.175,186.044,-506.790
7.184423,173.731,-506.175,179.888,-506.482
7.191061,173.731,-506.175,176.809,-506.328
7.198982,104.823,-501.382,140.816,-503.855
7.205555,104.823,-501.382,122.820,-502.619
7.211952,104.823,-501.382,113.821,-502.000
7.218163,104.823,-501.382,109.322,-501.691
7.224440,59.165,-502.118,84.243,-501.904
7.231041,59.165,-502.118,71.704,-502.011
7.237364,59.165,-502.118,65.434,-502.065
7.243328,59.165,-502.118,62.299,-502.091
7.249651,59.165,-502.118,60.732,-502.105
7.256191,27.173,-499.904,43.953,-501.004
7.262194,27.173,-499.904,35.563,-500.454
7.268572,27.173,-499.904,31.368,-500.179
7.274944,27.173,-499.904,29.270,-500.042
7.280937,27.173,-499.904,28.222,-499.973
7.287302,4.753,-497.827,16.487,-498.900
7.293325,4.753,-497.827,10.620,-498.363
7.300167,4.753,-497.827,7.686,-498.095
7.306765,4.753,-497.827,6.220,-497.961
7.313166,-13.120,-499.062,-3.450,-498.512
7.319971,-13.120,-499.062,-8.285,-498.787
7.326159,-13.120,-499.062,-10.703,-498.925
7.333221,-13.120,-499.062,-11.911,-498.993
7.339851,-13.120,-499.062,-12.516,-499.028
7.346066,-25.588,-499.592,-19.052,-499.310
7.352392,-25.588,-499.592,-22.320,-499.451
7.358494,-25.588,-499.592,-23.954,-499.522
7.365000,-25.588,-499.592,-24.771,-499.557
7.370722,-25.588,-499.592,-25.179,-499.575
7.376822,-36.013,-496.736,-30.596,-498.155
7.383200,-36.013,-496.736,-33.304,-497.445
7.389872,-36.013,-496.736,-34.659,-497.091
7.395876,-36.013,-496.736,-35.336,-496.913
7.402189,-36.013,-496.736,-35.674,-496.824
7.408531,-43.999,-496.368,-39.837,-496.596
7.415581,-43.999,-496.368,-41.918,-496.482
7.421854,-43.999,-496.368,-42.959,-496.425
7.428205,-43.999,-496.368,-43.479,-496.396
7.434292,-48.813,-494.853,-46.146,-495.625
7.440990,-48.813,-494.853,-47.479,-495.239
7.447706,-48.813,-494.853,-48.146,-495.046
7.454130,-48.813,-494.853,-48.479,-494.950
7.460026,-48.813,-494.853,-48.646,-494.901
7.466850,-50.394,-494.997,-49.520,-494.949
7.473129,-50.394,-494.997,-49.957,-494.973
7.479786,-50.394,-494.997,-50.175,-494.985
7.486059,-50.394,-494.997,-50.284,-494.991
7.492426,-50.394,-494.997,-50.339,-494.994
7.498859,-50.852,-494.149,-50.595,-494.572
7.504936,-50.852,-494.149,-50.724,-494.360
7.511515,-50.852,-494.149,-50.788,-494.255
7.517860,-50.852,-494.149,-50.820,-494.202
7.524046,-50.852,-494.149,-50.836,-494.175
7.530722,-78.330,-493.781,-64.583,-493.978
7.536938,-78.330,-493.781,-71.456,-493.880
7.543360,-78.330,-493.781,-74.893,-493.830
7.549887,-78.330,-493.781,-76.611,-493.806
7.556450,-146.543,-500.736,-111.577,-497.271
7.562923,-146.543,-500.736,-129.060,-499.003
7.570114,-146.543,-500.736,-137.801,-499.870
7.576439,-146.543,-500.736,-142.172,-500.303
7.583172,-146.543,-500.736,-144.357,-500.519
7.589401,-219.774,-508.887,-182.066,-504.703
7.595737,-219.774,-508.887,-200.920,-506.795
7.602854,-219.774,-508.887,-210.347,-507.841
7.609165,-219.774,-508.887,-215.060,-508.364
7.615231,-288.147,-516.068,-251.604,-512.216
7.621742,-288.147,-516.068,-269.876,-514.142
7.628103,-288.147,-516.068,-279.011,-515.105
7.635077,-288.147,-516.068,-283.579,-515.586
7.641016,-288.147,-516.068,-285.863,-515.827
7.647549,-340.466,-519.525,-313.165,-517.676
7.653788,-340.466,-519.525,-326.816,-518.601
7.660227,-340.466,-519.525,-333.641,-519.063
7.666527,-340.466,-519.525,-337.054,-519.294
7.672413,-340.466,-519.525,-338.760,-519.409
7.679096,-376.924,-521.106,-357.842,-520.257
7.685759,-376.924,-521.106,-367.383,-520.682
7.692505,-376.924,-521.106,-372.153,-520.893
7.698830,-376.924,-521.106,-374.539,-521.000
7.704891,-376.924,-521.106,-375.731,-521.053
7.711702,-405.170,-524.269,-390.451,-522.661
7.718395,-405.170,-524.269,-397.810,-523.465
7.725128,-405.170,-524.269,-401.490,-523.867
7.731649,-405.170,-524.269,-403.330,-524.068
7.738342,-425.401,-528.915,-414.366,-526.492
7.745749,-425.401,-528.915,-419.884,-527.703
7.752901,-425.401,-528.915,-422.643,-528.309
7.759039,-425.401,-528.915,-424.022,-528.612
7.765488,-425.401,-528.915,-424.712,-528.764
7.772335,-437.173,-530.695,-430.942,-529.729
7.778378,-437.173,-530.695,-434.058,-530.212
7.785440,-437.173,-530.695,-435.616,-530.453
7.792215,-437.173,-530.695,-436.394,-530.574
7.800098,-445.755,-529.633,-441.075,-530.103
7.806665,-445.755,-529.633,-443.415,-529.868
7.813541,-445.755,-529.633,-444.585,-529.750
7.820232,-445.755,-529.633,-445.170,-529.692
7.826298,-445.755,-529.633,-445.462,-529.662
7.833469,-452.641,-529.061,-449.051,-529.361
7.839962,-452.641,-529.061,-450.846,-529.211
7.846428,-452.641,-529.061,-451.743,-529.136
7.852522,-452.641,-529.061,-452.192,-529.098
7.858803,-446.462,-383.945,-449.327,-456.522
7.865524,-446.462,-383.945,-447.895,-420.234
7.872206,-446.462,-383.945,-447.178,-402.089
7.878418,-446.462,-383.945,-446.820,-393.017
7.885303,-446.462,-383.945,-446.641,-388.481
7.891884,-371.191,254.051,-408.916,-67.215
7.899710,-371.191,254.051,-390.053,93.418
7.906818,-371.191,254.051,-380.622,173.734
7.913387,-371.191,254.051,-375.906,213.892
7.919855,-313.833,681.813,-344.870,447.853
7.925787,-313.833,681.813,-329.351,564.833
7.933020,-313.833,681.813,-321.592,623.323
7.939093,-313.833,681.813,-317.713,652.568
7.946514,-313.833,681.813,-315.773,667.191
7.955038,-289.201,855.389,-302.487,761.290
7.963409,-289.201,855.389,-295.844,808.339
7.971041,-289.201,855.389,-292.522,831.864
7.978117,-278.094,931.235,-285.308,881.549
7.985167,-278.094,931.235,-281.701,906.392
7.992153,-278.094,931.235,-279.898,918.813
7.998934,-278.094,931.235,-278.996,925.024
8.005341,-278.094,931.235,-278.545,928.129
8.013689,-264.692,961.454,-271.619,944.792
8.021862,-264.692,961.454,-268.156,953.123
8.030020,-264.692,961.454,-266.424,957.289
8.036613,-264.692,961.454,-265.558,959.372
8.043196,272.964,1087.986,3.703,1023.679
8.049625,272.964,1087.986,138.334,1055.833
8.056438,272.964,1087.986,205.649,1071.909
8.062571,272.964,1087.986,239.306,1079.948
8.069124,1271.019,1147.495,755.163,1113.721
8.075214,1271.019,1147.495,1013.091,1130.608
8.085175,1271.019,1147.495,1142.055,1139.052
8.094585,1271.019,1147.495,1206.537,1143.273
8.108305,1959.176,1089.773,1582.857,1116.523
8.115559,1959.176,1089.773,1771.016,1103.148
8.121063,1959.176,1089.773,1865.096,1096.461
8.126383,1959.176,1089.773,1912.136,1093.117
8.133106,2242.528,1064.928,2077.332,1079.022
8.138494,2242.528,1064.928,2159.930,1071.975
8.144791,2242.528,1064.928,2201.229,1068.451
8.151173,2242.528,1064.928,2221.878,1066.690
8.157049,2242.528,1064.928,2232.203,1065.809
8.164040,2367.158,1046.498,2299.680,1056.153
8.169851,2367.158,1046.498,2333.419,1051.325
8.176386,2367.158,1046.498,2350.289,1048.912
8.182611,2367.158,1046.498,2358.724,1047.705
8.188263,2367.158,1046.498,2362.941,1047.101
8.195478,2410.822,1040.291,2386.881,1043.696
8.202852,2410.822,1040.291,2398.852,1041.994
8.209673,2410.822,1040.291,2404.837,1041.142
8.216028,2410.822,1040.291,2407.830,1040.717
8.222208,2424.708,1045.951,2416.269,1043.334
8.228371,2424.708,1045.951,2420.489,1044.642
8.235077,2424.708,1045.951,2422.599,1045.297
8.241400,2424.708,1045.951,2423.653,1045.624
8.247469,2424.708,1045.951,2424.181,1045.787
8.253702,2439.543,1047.448,2431.862,1046.618
8.260151,2439.543,1047.448,2435.703,1047.033
8.267174,2439.543,1047.448,2437.623,1047.240
8.273518,2439.543,1047.448,2438.583,1047.344
8.279829,2439.543,1047.448,2439.063,1047.396
8.286379,2419.171,1104.847,2429.117,1076.122
8.292921,2419.171,1104.847,2424.144,1090.484
8.299221,2419.171,1104.847,2421.658,1097.666
8.306057,2419.171,1104.847,2420.415,1101.256
8.313366,2388.526,1148.367,2404.470,1124.811
8.320631,2388.526,1148.367,2396.498,1136.589
8.327471,2388.526,1148.367,2392.512,1142.478
8.334639,2388.526,1148.367,2390.519,1145.422
8.341480,2327.435,1165.396,2358.977,1155.409
8.348404,2327.435,1165.396,2343.206,1160.403
8.355230,2327.435,1165.396,2335.321,1162.900
8.361406,2327.435,1165.396,2331.378,1164.148
8.368176,2327.435,1165.396,2329.407,1164.772
8.374744,2072.657,1172.677,2201.032,1168.724
8.381163,2072.657,1172.677,2136.845,1170.701
8.387959,2072.657,1172.677,2104.751,1171.689
8.393919,2072.657,1172.677,2088.704,1172.183
8.400854,1090.625,1150.999,1589.665,1161.591
8.406754,1090.625,1150.999,1340.145,1156.295
8.413244,1090.625,1150.999,1215.385,1153.647
8.420115,1090.625,1150.999,1153.005,1152.323
8.426218,1090.625,1150.999,1121.815,1151.661
8.433052,227.318,1135.418,674.567,1143.539
8.438940,227.318,1135.418,450.942,1139.479
8.445435,227.318,1135.418,339.130,1137.448
8.452101,227.318,1135.418,283.224,1136.433
8.457985,227.318,1135.418,255.271,1135.926
8.464384,-122.090,1134.094,66.591,1135.010
8.470556,-122.090,1134.094,-27.750,1134.552
8.477360,-122.090,1134.094,-74.920,1134.323
8.483561,-122.090,1134.094,-98.505,1134.208
8.489511,-122.090,1134.094,-110.297,1134.151
8.495340,-244.962,1123.348,-177.630,1128.749
8.501808,-244.962,1123.348,-211.296,1126.049
8.508499,-244.962,1123.348,-228.129,1124.698
8.514732,-244.962,1123.348,-236.545,1124.023
8.520882,-244.962,1123.348,-240.753,1123.686
8.527332,-296.948,1116.896,-268.851,1120.291
8.533825,-296.948,1116.896,-282.899,1118.593
8.540218,-296.948,1116.896,-289.923,1117.745
8.546173,-296.948,1116.896,-293.436,1117.320
8.552689,-315.816,1118.684,-304.626,1118.002
8.560038,-315.816,1118.684,-310.221,1118.343
8.567532,-315.816,1118.684,-313.018,1118.513
8.574759,-315.816,1118.684,-314.417,1118.599
8.581318,-315.816,1118.684,-315.117,1118.641
8.588097,-327.327,1118.168,-321.222,1118.405
8.594687,-327.327,1118.168,-324.274,1118.286
8.601543,-327.327,1118.168,-325.801,1118.227
8.607765,-327.327,1118.168,-326.564,1118.197
8.614105,-331.527,1113.215,-329.045,1115.706
8.620838,-331.527,1113.215,-330.286,1114.461
8.631277,-331.527,1113.215,-330.906,1113.838
8.639280,-331.527,1113.215,-331.217,1113.526
8.646881,-337.969,1110.663,-334.593,1112.095
8.654606,-337.969,1110.663,-336.281,1111.379
8.662819,-337.969,1110.663,-337.125,1111.021
8.670944,-337.969,1110.663,-337.547,1110.842
8.679043,-340.757,1108.898,-339.152,1109.870
8.686707,-340.757,1108.898,-339.955,1109.384
8.693811,-340.757,1108.898,-340.356,1109.141
8.700783,-340.757,1108.898,-340.556,1109.020
8.707848,-340.798,1107.473,-340.677,1108.247
8.716316,-340.798,1107.473,-340.738,1107.860
8.724306,-340.798,1107.473,-340.768,1107.667
8.732780,-320.887,1109.562,-330.827,1108.614
8.741058,-320.887,1109.562,-325.857,1109.088
8.748325,-320.887,1109.562,-323.372,1109.325
8.755251,-320.887,1109.562,-322.129,1109.443
8.761997,-320.887,1109.562,-321.508,1109.503
8.769930,-301.692,1111.021,-311.600,1110.262
8.776131,-301.692,1111.021,-306.646,1110.641
8.782482,-301.692,1111.021,-304.169,1110.831
8.788664,-301.692,1111.021,-302.930,1110.926
8.794630,-291.851,1112.774,-297.391,1111.850
8.800833,-291.851,1112.774,-294.621,1112.312
8.807388,-291.851,1112.774,-293.236,1112.543
8.813591,-291.851,1112.774,-292.543,1112.658
8.820486,-291.851,1112.774,-292.197,1112.716
8.826595,-286.604,1113.579,-289.401,1113.148
8.833229,-286.604,1113.579,-288.002,1113.364
8.839745,-286.604,1113.579,-287.303,1113.471
8.845816,-286.604,1113.579,-286.953,1113.525
8.852301,-286.604,1113.579,-286.779,1113.552
8.858465,-283.147,1113.266,-284.963,1113.409
8.864601,-283.147,1113.266,-284.055,1113.338
8.871317,-283.147,1113.266,-283.601,1113.302
8.877375,-283.147,1113.266,-283.374,1113.284
8.883787,-283.147,1113.266,-283.260,1113.275
8.890331,-279.569,1113.197,-281.414,1113.236
8.896664,-279.569,1113.197,-280.492,1113.217
8.903593,-279.569,1113.197,-280.030,1113.207
8.909714,-279.569,1113.197,-279.799,1113.202
8.916840,-275.201,1112.782,-277.500,1112.992
8.923416,-275.201,1112.782,-276.351,1112.887
8.929989,-275.201,1112.782,-275.776,1112.834
8.936968,-275.201,1112.782,-275.489,1112.808
8.945333,-271.141,1111.664,-273.315,1112.236
8.956049,-271.141,1111.664,-272.228,1111.950
8.967419,-271.141,1111.664,-271.684,1111.807
8.976093,-258.559,1109.935,-265.122,1110.871
8.984850,-258.559,1109.935,-261.840,1110.403
8.993507,-258.559,1109.935,-260.200,1110.169
9.001154,-258.559,1109.935,-259.379,1110.052
9.008652,-236.999,1110.195,-248.189,1110.124
9.019314,-236.999,1110.195,-242.594,1110.159
9.028618,-236.999,1110.195,-239.796,1110.177
9.036850,-214.930,1109.924,-227.363,1110.051
9.045345,-214.930,1109.924,-221.147,1109.987
9.052805,-214.930,1109.924,-218.038,1109.956
9.059378,-214.930,1109.924,-216.484,1109.940
9.066660,-196.144,1111.339,-206.314,1110.639
9.074097,-196.144,1111.339,-201.229,1110.989
9.081400,-196.144,1111.339,-198.687,1111.164
9.089205,-196.144,1111.339,-197.416,1111.251
9.095869,-179.223,1107.437,-188.320,1109.344
9.103270,-179.223,1107.437,-183.772,1108.390
9.109453,-179.223,1107.437,-181.497,1107.914
9.117607,-179.223,1107.437,-180.360,1107.675
9.123560,-179.223,1107.437,-179.792,1107.556
9.129425,-165.974,1109.173,-172.883,1108.365
9.136248,-165.974,1109.173,-169.428,1108.769
9.143120,-165.974,1109.173,-167.701,1108.971
9.151085,-165.974,1109.173,-166.837,1109.072
9.158987,-155.028,1112.942,-160.933,1111.007
9.166803,-155.028,1112.942,-157.980,1111.975
9.174948,-155.028,1112.942,-156.504,1112.459
9.184002,-155.028,1112.942,-155.766,1112.700
9.191795,-144.702,1115.325,-150.234,1114.013
9.199753,-144.702,1115.325,-147.468,1114.669
9.207836,-144.702,1115.325,-146.085,1114.997
9.215652,-144.702,1115.325,-145.394,1115.161
9.223831,-137.093,1119.486,-141.243,1117.323
9.232351,-137.093,1119.486,-139.168,1118.405
9.239620,-137.093,1119.486,-138.131,1118.945
9.246050,-137.093,1119.486,-137.612,1119.216
9.253639,-131.380,1122.934,-134.496,1121.075
9.260149,-131.380,1122.934,-132.938,1122.004
9.267841,-131.380,1122.934,-132.159,1122.469
9.274296,-131.380,1122.934,-131.770,1122.701
9.281876,-126.990,1125.928,-129.380,1124.314
9.288006,-126.990,1125.928,-128.185,1125.121
9.295479,-126.990,1125.928,-127.587,1125.524
9.303091,-126.990,1125.928,-127.289,1125.726
9.309835,-123.846,1131.311,-125.567,1128.519
9.316071,-123.846,1131.311,-124.707,1129.915
9.325420,-123.846,1131.311,-124.276,1130.613
9.332270,-123.846,1131.311,-124.061,1130.962
9.338612,-121.093,1134.126,-122.577,1132.544
9.344452,-121.093,1134.126,-121.835,1133.335
9.351112,-121.093,1134.126,-121.464,1133.731
9.358097,-121.093,1134.126,-121.279,1133.929
9.364605,-121.093,1134.126,-121.186,1134.028
9.371557,-118.722,1135.106,-119.954,1134.567
9.377621,-118.722,1135.106,-119.338,1134.836
9.384495,-118.722,1135.106,-119.030,1134.971
9.390793,-118.722,1135.106,-118.876,1135.038
9.396553,-118.722,1135.106,-118.799,1135.072
9.403271,-115.028,1135.912,-116.914,1135.492
9.409451,-115.028,1135.912,-115.971,1135.702
9.416134,-115.028,1135.912,-115.500,1135.807
9.422184,-115.028,1135.912,-115.264,1135.859
9.428139,-124.144,1059.600,-119.704,1097.730
9.435211,-124.144,1059.600,-121.924,1078.665
9.501524,-124.144,1059.600,-123.034,1069.133
9.507700,-124.144,1059.600,-123.589,1064.366
9.513405,-124.144,1059.600,-123.866,1061.983
9.519934,-232.151,848.628,-178.009,955.306
9.525505,-232.151,848.628,-205.080,901.967
9.531307,-232.151,848.628,-218.615,875.297
9.537083,-232.151,848.628,-225.383,861.963
9.543009,-232.151,848.628,-228.767,855.295
9.551394,-267.842,835.475,-248.305,845.385
9.558388,-267.842,835.475,-258.074,840.430
9.566383,-267.842,835.475,-262.958,837.953
9.573826,-267.842,835.475,-265.400,836.714
9.580568,-255.768,854.339,-260.584,845.526
9.586973,-255.768,854.339,-258.176,849.933
9.594156,-255.768,854.339,-256.972,852.136
9.600702,-255.768,854.339,-256.370,853.237
9.606981,-255.768,854.339,-256.069,853.788
9.613525,-247.619,867.235,-251.844,860.512
9.620197,-247.619,867.235,-249.732,863.874
9.628574,-247.619,867.235,-248.675,865.554
9.635834,-247.619,867.235,-248.147,866.395
9.643183,-243.637,869.141,-245.892,867.768
9.650362,-243.637,869.141,-244.764,868.455
9.658310,-243.637,869.141,-244.201,868.798
9.665653,-243.637,869.141,-243.919,868.969
9.672436,-237.443,877.383,-240.681,873.176
9.678808,-237.443,877.383,-239.062,875.280
9.686157,-237.443,877.383,-238.252,876.331
9.692482,-237.443,877.383,-237.848,876.857
9.699244,-228.185,887.958,-233.016,882.408
9.705994,-228.185,887.958,-230.601,885.183
9.712687,-228.185,887.958,-229.393,886.571
9.719774,-228.185,887.958,-228.789,887.265
9.726221,-228.185,887.958,-228.487,887.612
9.733860,-220.544,900.298,-224.515,893.955
9.740307,-220.544,900.298,-222.530,897.127
9.747721,-220.544,900.298,-221.537,898.712
9.754242,-220.544,900.298,-221.040,899.505
9.761015,-213.031,909.120,-217.036,904.312
9.769030,-213.031,909.120,-215.034,906.716
9.775932,-213.031,909.120,-214.033,907.918
9.782673,-213.031,909.120,-213.532,908.519
9.789335,-213.031,909.120,-213.282,908.819
9.796595,-206.771,917.918,-210.026,913.369
9.803978,-206.771,917.918,-208.399,915.643
9.810781,-206.771,917.918,-207.585,916.781
9.817308,-206.771,917.918,-207.178,917.349
9.823597,-203.541,924.538,-205.359,920.944
9.829851,-203.541,924.538,-204.450,922.741
9.836861,-203.541,924.538,-203.995,923.639
9.843195,-203.541,924.538,-203.768,924.088
9.849470,-203.541,924.538,-203.654,924.313
9.855902,-200.579,927.703,-202.117,926.008
9.862053,-200.579,927.703,-201.348,926.856
9.868837,-200.579,927.703,-200.963,927.280
9.874655,-200.579,927.703,-200.771,927.491
9.880478,-200.579,927.703,-200.675,927.597
9.886635,-196.474,929.629,-198.574,928.613
9.892876,-196.474,929.629,-197.524,929.121
9.899597,-196.474,929.629,-196.999,929.375
9.905642,-196.474,929.629,-196.736,929.502
9.911329,-194.804,932.312,-195.770,930.907
9.917871,-194.804,932.312,-195.287,931.609
9.924326,-194.804,932.312,-195.046,931.961
9.930521,-194.804,932.312,-194.925,932.136
9.936853,-194.804,932.312,-194.865,932.224
9.943111,-193.357,934.379,-194.111,933.301
9.949287,-193.357,934.379,-193.734,933.840
9.957054,-193.357,934.379,-193.546,934.109
9.964224,-193.357,934.379,-193.451,934.244
9.971601,-191.699,935.651,-192.575,934.948
9.979557,-191.699,935.651,-192.137,935.299
9.987453,-191.699,935.651,-191.918,935.475
9.993900,-191.699,935.651,-191.809,935.563
10.001280,-191.699,935.651,-191.754,935.607
10.008880,-190.412,937.942,-191.083,936.775
10.018140,-190.412,937.942,-190.748,937.358
10.026040,-190.412,937.942,-190.580,937.650
10.035230,-188.613,939.548,-189.596,938.599
10.043890,-188.613,939.548,-189.105,939.073
10.052060,-188.613,939.548,-188.859,939.310
10.058680,-188.613,939.548,-188.736,939.429
10.066200,-186.697,940.288,-187.716,939.858
10.073020,-186.697,940.288,-187.206,940.073
10.080130,-186.697,940.288,-186.951,940.181
10.086850,-186.697,940.288,-186.824,940.234
10.093550,-187.482,943.565,-187.153,941.900
10.100640,-187.482,943.565,-187.317,942.733
10.107820,-187.482,943.565,-187.399,943.149
10.114530,-187.482,943.565,-187.441,943.357
10.121130,-187.482,943.565,-187.461,943.461
10.128310,-186.114,953.121,-186.788,948.291
10.136070,-186.114,953.121,-186.451,950.706
10.143450,-186.114,953.121,-186.283,951.913
10.150700,-186.114,953.121,-186.199,952.517
10.157820,-184.052,966.396,-185.125,959.457
10.164460,-184.052,966.396,-184.589,962.926
10.172050,-184.052,966.396,-184.320,964.661
10.179270,-184.052,966.396,-184.186,965.529
10.187170,-180.544,979.739,-182.365,972.634
10.194320,-180.544,979.739,-181.455,976.186
10.201740,-180.544,979.739,-180.999,977.962
10.209150,-180.544,979.739,-180.772,978.850
10.216610,-176.528,991.403,-178.650,985.127
10.224660,-176.528,991.403,-177.589,988.265
10.233270,-176.528,991.403,-177.058,989.834
10.240100,-176.528,991.403,-176.793,990.619
10.246610,-174.819,1000.906,-175.806,995.762
10.254140,-174.819,1000.906,-175.312,998.334
10.261480,-174.819,1000.906,-175.066,999.620
10.268530,-174.819,1000.906,-174.942,1000.263
10.274600,-174.962,1009.457,-174.952,1004.860
10.280950,-174.962,1009.457,-174.957,1007.158
10.287990,-174.962,1009.457,-174.960,1008.308
10.294400,-174.962,1009.457,-174.961,1008.882
10.300970,-174.962,1009.457,-174.962,1009.170
10.307280,-170.849,1019.283,-172.905,1014.226
10.313420,-170.849,1019.283,-171.877,1016.755
10.320570,-170.849,1019.283,-171.363,1018.019
10.327110,-170.849,1019.283,-171.106,1018.651
10.334170,-164.904,1027.061,-168.005,1022.856
10.340810,-164.904,1027.061,-166.455,1024.958
10.347270,-164.904,1027.061,-165.679,1026.010
10.354130,-164.904,1027.061,-165.292,1026.535
10.360130,-164.904,1027.061,-165.098,1026.798
10.366360,-160.566,1032.306,-162.832,1029.552
10.373040,-160.566,1032.306,-161.699,1030.929
10.380920,-160.566,1032.306,-161.132,1031.618
10.388140,-160.566,1032.306,-160.849,1031.962
10.394570,-159.011,1038.854,-159.930,1035.408
10.401250,-159.011,1038.854,-159.470,1037.131
10.407530,-159.011,1038.854,-159.241,1037.992
10.413770,-159.011,1038.854,-159.126,1038.423
10.420030,-159.011,1038.854,-159.068,1038.638
10.425970,-156.926,1042.289,-157.997,1040.464
10.432290,-156.926,1042.289,-157.462,1041.376
10.439930,-156.926,1042.289,-157.194,1041.833
10.446720,-156.926,1042.289,-157.060,1042.061
10.453460,-156.926,1042.289,-156.993,1042.175
10.459600,-141.804,1049.103,-149.398,1045.639
10.466100,-141.804,1049.103,-145.601,1047.371
10.472700,-141.804,1049.103,-143.702,1048.237
10.478710,-141.804,1049.103,-142.753,1048.670
10.485450,-93.846,1062.163,-118.300,1055.416
10.491910,-93.846,1062.163,-106.073,1058.789
10.498370,-93.846,1062.163,-99.960,1060.476
10.505490,-93.846,1062.163,-96.903,1061.319
10.511620,-93.846,1062.163,-95.375,1061.741
10.522210,-39.812,1077.659,-67.593,1069.700
10.532300,-39.812,1077.659,-53.703,1073.680
10.542160,-39.812,1077.659,-46.757,1075.669
10.555200,7.814,1090.070,-19.472,1082.870
10.562840,7.814,1090.070,-5.829,1086.470
10.569420,7.814,1090.070,0.993,1088.270
10.575350,7.814,1090.070,4.403,1089.170
10.606960,70.055,1109.383,37.229,1099.276
10.614550,70.055,1109.383,53.642,1104.330
10.623210,70.055,1109.383,61.849,1106.856
10.629270,70.055,1109.383,65.952,1108.120
10.635650,70.055,1109.383,68.004,1108.751
10.641860,89.142,1114.734,78.573,1111.743
10.648660,89.142,1114.734,83.857,1113.239
10.655460,89.142,1114.734,86.500,1113.987
10.661900,89.142,1114.734,87.821,1114.361
10.669050,101.446,1116.981,94.634,1115.671
10.675470,101.446,1116.981,98.040,1116.326
10.683050,101.446,1116.981,99.743,1116.654
10.691540,101.446,1116.981,100.595,1116.817
10.699870,111.547,1119.329,106.071,1118.073
10.707430,111.547,1119.329,108.809,1118.701
10.714810,111.547,1119.329,110.178,1119.015
10.721850,111.547,1119.329,110.863,1119.172
10.728440,118.821,1121.899,114.842,1120.536
10.736520,118.821,1121.899,116.832,1121.218
10.743960,118.821,1121.899,117.827,1121.558
10.750900,118.821,1121.899,118.324,1121.729
10.757180,123.694,1122.173,121.009,1121.951
10.763900,123.694,1122.173,122.351,1122.062
10.772220,123.694,1122.173,123.023,1122.118
10.779440,123.694,1122.173,123.358,1122.146
10.787040,123.694,1122.173,123.526,1122.159
10.794910,128.643,1120.874,126.084,1121.517
10.804060,128.643,1120.874,127.364,1121.196
10.811680,128.643,1120.874,128.003,1121.035
10.819550,140.353,1118.204,134.178,1119.620
10.829100,140.353,1118.204,137.266,1118.912
10.837330,140.353,1118.204,138.809,1118.558
10.845540,140.353,1118.204,139.581,1118.381
10.853810,150.690,1115.557,145.135,1116.969
10.861400,150.690,1115.557,147.913,1116.263
10.870120,150.690,1115.557,149.301,1115.910
10.878180,158.216,1113.901,153.759,1114.906
10.885710,158.216,1113.901,155.988,1114.403
10.893910,158.216,1113.901,157.102,1114.152
10.901250,158.216,1113.901,157.659,1114.026
10.908020,163.980,1113.944,160.819,1113.985
10.915680,163.980,1113.944,162.400,1113.964
10.925330,163.980,1113.944,163.190,1113.954
10.934610,163.980,1113.944,163.585,1113.949
10.941970,169.569,1114.867,166.577,1114.408
10.948920,169.569,1114.867,168.073,1114.638
10.957100,169.569,1114.867,168.821,1114.753
10.964440,169.569,1114.867,169.195,1114.810
10.972610,173.760,1116.749,171.477,1115.780
10.981360,173.760,1116.749,172.619,1116.264
10.990260,173.760,1116.749,173.189,1116.507
10.998560,173.760,1116.749,173.474,1116.628
11.006920,176.405,1119.434,174.940,1118.031
11.015710,176.405,1119.434,175.672,1118.733
11.023050,176.405,1119.434,176.039,1119.083
11.030220,178.530,1122.514,177.284,1120.799
11.040750,178.530,1122.514,177.907,1121.656
11.052760,178.530,1122.514,178.218,1122.085
11.061340,178.770,1127.364,178.494,1124.725
11.070800,178.770,1127.364,178.632,1126.044
11.078380,178.770,1127.364,178.701,1126.704
11.086500,178.770,1127.364,178.736,1127.034
11.094460,178.004,1131.510,178.370,1129.272
11.102420,178.004,1131.510,178.187,1130.391
11.109810,178.004,1131.510,178.095,1130.951
11.118110,178.004,1131.510,178.050,1131.231
11.126010,177.234,1134.511,177.642,1132.871
11.134190,177.234,1134.511,177.438,1133.691
11.142650,177.234,1134.511,177.336,1134.101
11.151330,176.035,1137.581,176.685,1135.841
11.160110,176.035,1137.581,176.360,1136.711
11.168390,176.035,1137.581,176.198,1137.146
11.175090,176.035,1137.581,176.116,1137.364
11.182930,174.258,1139.951,175.187,1138.657
11.191150,174.258,1139.951,174.723,1139.304
11.198260,174.258,1139.951,174.491,1139.627
11.206790,174.258,1139.951,174.374,1139.789
11.213840,173.624,1141.003,173.999,1140.396
11.222610,173.624,1141.003,173.812,1140.700
11.229880,173.624,1141.003,173.718,1140.851
11.238250,173.624,1141.003,173.671,1140.927
11.245810,172.462,1140.771,173.066,1140.849
11.254100,172.462,1140.771,172.764,1140.810
11.261080,172.462,1140.771,172.613,1140.791
11.269530,172.462,1140.771,172.537,1140.781
11.276620,171.709,1140.288,172.123,1140.534
11.285260,171.709,1140.288,171.916,1140.411
11.292720,171.709,1140.288,171.812,1140.349
11.300220,171.709,1140.288,171.761,1140.318
11.307220,170.997,1140.266,171.379,1140.292
11.316690,170.997,1140.266,171.188,1140.279
11.324460,170.997,1140.266,171.092,1140.272
11.331960,171.018,1139.851,171.055,1140.062
11.340680,171.018,1139.851,171.037,1139.957
11.349680,171.018,1139.851,171.028,1139.904
11.356400,171.018,1139.851,171.023,1139.878
11.363920,171.246,1139.147,171.134,1139.512
11.371810,171.246,1139.147,171.190,1139.330
11.379730,171.246,1139.147,171.218,1139.238
11.386810,171.246,1139.147,171.232,1139.193
11.395540,171.706,1138.055,171.469,1138.624
11.403980,171.706,1138.055,171.588,1138.340
11.410710,171.706,1138.055,171.647,1138.198
11.417470,171.706,1138.055,171.676,1138.126
11.423550,171.772,1136.822,171.724,1137.474
11.430660,171.772,1136.822,171.748,1137.148
11.437980,171.772,1136.822,171.760,1136.985
11.445600,171.772,1136.822,171.766,1136.903
11.452050,172.104,1135.160,171.935,1136.031
11.458100,172.104,1135.160,172.020,1135.596
11.464540,172.104,1135.160,172.062,1135.378
11.471340,172.104,1135.160,172.083,1135.269
11.477260,172.104,1135.160,172.094,1135.214
11.483550,173.059,1133.086,172.577,1134.150
11.489620,173.059,1133.086,172.818,1133.618
11.495560,173.059,1133.086,172.939,1133.352
11.503040,173.059,1133.086,172.999,1133.219
11.509060,173.059,1133.086,173.029,1133.152
11.515400,174.315,1129.914,173.672,1131.533
11.521860,174.315,1129.914,173.993,1130.723
11.528550,174.315,1129.914,174.154,1130.318
11.535730,174.315,1129.914,174.234,1130.116
11.541710,174.315,1129.914,174.275,1130.015
11.548340,175.408,1127.381,174.842,1128.698
11.555950,175.408,1127.381,175.125,1128.040
11.563110,175.408,1127.381,175.267,1127.710
11.569790,175.408,1127.381,175.337,1127.546
11.576520,213.783,1098.566,194.560,1113.056
11.582970,213.783,1098.566,204.172,1105.811
11.589840,213.783,1098.566,208.978,1102.188
11.596440,213.783,1098.566,211.380,1100.377
11.602950,405.289,887.766,308.335,994.071
11.611880,405.289,887.766,356.812,940.919
11.619560,405.289,887.766,381.050,914.342
11.626600,405.289,887.766,393.169,901.054
11.633730,622.851,656.938,508.010,778.996
11.640120,622.851,656.938,565.431,717.967
11.646820,622.851,656.938,594.141,687.453
11.653670,622.851,656.938,608.496,672.196
11.660520,622.851,656.938,615.674,664.567
11.667310,749.477,529.185,682.575,596.876
11.674220,749.477,529.185,716.026,563.030
11.680730,749.477,529.185,732.752,546.108
11.687470,749.477,529.185,741.114,537.646
11.693720,811.721,459.594,776.418,498.620
11.700320,811.721,459.594,794.070,479.107
11.706850,811.721,459.594,802.895,469.351
11.713080,811.721,459.594,807.308,464.473
11.719560,811.721,459.594,809.515,462.033
11.725980,839.928,433.488,824.721,447.761
11.732330,839.928,433.488,832.324,440.625
11.739160,839.928,433.488,836.126,437.056
11.745480,839.928,433.488,838.027,435.272
11.752150,839.928,433.488,838.977,434.380
11.760540,853.252,421.099,846.115,427.740
11.768600,853.252,421.099,849.683,424.419
11.776050,853.252,421.099,851.468,422.759
11.784010,860.882,411.894,856.175,417.326
11.792170,860.882,411.894,858.529,414.610
11.802320,860.882,411.894,859.705,413.252
11.809800,860.882,411.894,860.294,412.573
11.817670,865.311,409.856,862.802,411.215
11.824800,865.311,409.856,864.057,410.535
11.832570,865.311,409.856,864.684,410.196
11.839720,865.311,409.856,864.997,410.026
11.847270,867.705,405.071,866.351,407.548
11.855700,867.705,405.071,867.028,406.310
11.864330,867.705,405.071,867.367,405.690
11.870480,867.705,405.071,867.536,405.381
11.878550,866.120,405.378,866.828,405.379
11.886210,866.120,405.378,866.474,405.378
11.893950,866.120,405.378,866.297,405.378
11.901260,866.120,405.378,866.209,405.378
11.908250,866.869,401.879,866.539,403.628
11.914390,866.869,401.879,866.704,402.754
11.921190,866.869,401.879,866.786,402.316
11.928630,866.869,401.879,866.828,402.097
11.934800,866.869,401.879,866.848,401.988
11.941140,868.159,403.589,867.504,402.788
11.947100,868.159,403.589,867.832,403.189
11.953790,868.159,403.589,867.995,403.389
11.959420,868.159,403.589,868.077,403.489
11.965310,869.858,404.219,868.968,403.854
11.972760,869.858,404.219,869.413,404.036
11.980360,869.858,404.219,869.636,404.127
11.987650,869.858,404.219,869.747,404.173
11.995030,869.858,404.219,869.803,404.196
12.003220,870.807,404.862,870.305,404.529
12.010690,870.807,404.862,870.556,404.696
12.018620,870.807,404.862,870.682,404.779
12.024910,870.807,404.862,870.744,404.821
12.032540,867.968,407.367,869.356,406.094
12.039980,867.968,407.367,868.662,406.731
12.048940,867.968,407.367,868.315,407.049
12.056990,803.902,517.126,836.108,462.088
12.064680,803.902,517.126,820.005,489.607
12.072840,803.902,517.126,811.954,503.367
12.080160,803.902,517.126,807.928,510.246
12.087240,640.241,787.362,724.085,648.804
12.093590,640.241,787.362,682.163,718.083
12.100380,640.241,787.362,661.202,752.722
12.106970,640.241,787.362,650.722,770.042
12.113000,640.241,787.362,645.482,778.702
12.119630,521.649,972.903,583.566,875.802
12.125950,521.649,972.903,552.607,924.353
12.133220,521.649,972.903,537.128,948.628
12.139610,521.649,972.903,529.389,960.765
12.146060,521.649,972.903,525.519,966.834
12.152960,459.577,1072.689,492.548,1019.761
12.159420,459.577,1072.689,476.063,1046.225
12.165950,459.577,1072.689,467.820,1059.457
12.172400,459.577,1072.689,463.698,1066.073
12.178860,431.752,1122.438,447.725,1094.256
12.185530,431.752,1122.438,439.739,1108.347
12.193140,431.752,1122.438,435.745,1115.393
12.199980,431.752,1122.438,433.749,1118.916
12.206450,431.752,1122.438,432.750,1120.677
12.213190,419.530,1143.458,426.140,1132.068
12.219970,419.530,1143.458,422.835,1137.763
12.227380,419.530,1143.458,421.182,1140.611
12.238190,403.647,1136.031,412.414,1138.321
12.245930,403.647,1136.031,408.031,1137.176
12.254200,403.647,1136.031,405.839,1136.603
12.260720,403.647,1136.031,404.743,1136.317
12.267000,403.647,1136.031,404.195,1136.174
12.273610,389.254,1124.320,396.724,1130.247
12.279990,389.254,1124.320,392.989,1127.283
12.286640,389.254,1124.320,391.122,1125.802
12.292440,389.254,1124.320,390.188,1125.061
12.298400,378.887,1125.000,384.537,1125.030
12.304970,378.887,1125.000,381.712,1125.015
12.311420,378.887,1125.000,380.299,1125.007
12.317910,378.887,1125.000,379.593,1125.004
12.323790,378.887,1125.000,379.240,1125.002
12.330100,373.030,1127.433,376.135,1126.218
12.336300,373.030,1127.433,374.583,1126.825
12.342290,373.030,1127.433,373.807,1127.129
12.348830,373.030,1127.433,373.419,1127.281
12.354980,373.030,1127.433,373.224,1127.357
12.360990,368.281,1127.643,370.753,1127.500
12.367050,368.281,1127.643,369.517,1127.571
12.373730,368.281,1127.643,368.899,1127.607
12.380090,368.281,1127.643,368.590,1127.625
12.386850,368.281,1127.643,368.436,1127.634
12.393770,364.547,1129.567,366.491,1128.600
12.400340,364.547,1129.567,365.519,1129.084
12.407950,364.547,1129.567,365.033,1129.325
12.414730,364.547,1129.567,364.790,1129.446
12.421960,340.082,1132.610,352.436,1131.028
12.428730,340.082,1132.610,346.259,1131.819
12.437020,340.082,1132.610,343.170,1132.215
12.446640,340.082,1132.610,341.626,1132.413
12.455120,312.858,1135.208,327.242,1133.811
12.463120,312.858,1135.208,320.050,1134.510
12.470490,312.858,1135.208,316.454,1134.859
12.477310,312.858,1135.208,314.656,1135.034
12.484790,289.594,1137.532,302.125,1136.283
12.492630,289.594,1137.532,295.860,1136.907
12.501990,289.594,1137.532,292.727,1137.219
12.509300,270.528,1140.211,281.627,1138.715
12.516810,270.528,1140.211,276.078,1139.463
12.525090,270.528,1140.211,273.303,1139.837
12.532240,270.528,1140.211,271.915,1140.024
12.539520,256.547,1141.011,264.231,1140.518
12.547010,256.547,1141.011,260.389,1140.764
12.554880,256.547,1141.011,258.468,1140.887
12.562440,256.547,1141.011,257.508,1140.949
12.571400,246.760,1140.645,252.134,1140.797
12.579200,246.760,1140.645,249.447,1140.721
12.587430,246.760,1140.645,248.103,1140.683
12.595150,246.760,1140.645,247.431,1140.664
12.602790,237.103,1139.791,242.267,1140.227
12.610320,237.103,1139.791,239.685,1140.009
12.619940,237.103,1139.791,238.394,1139.900
12.627290,237.103,1139.791,237.749,1139.845
12.634820,232.367,1138.946,235.058,1139.395
12.641540,232.367,1138.946,233.712,1139.170
12.649250,232.367,1138.946,233.039,1139.058
12.656840,232.367,1138.946,232.703,1139.002
12.663680,230.044,1138.575,231.373,1138.788
12.671360,230.044,1138.575,230.709,1138.682
12.678700,230.044,1138.575,230.376,1138.628
12.686020,230.044,1138.575,230.210,1138.602
12.692550,227.750,1138.384,228.980,1138.493
12.699440,227.750,1138.384,228.365,1138.439
12.707000,227.750,1138.384,228.057,1138.411
12.714330,227.750,1138.384,227.903,1138.398
12.720810,225.162,1138.061,226.533,1138.229
12.727820,225.162,1138.061,225.848,1138.145
12.737130,225.162,1138.061,225.505,1138.103
12.744500,225.162,1138.061,225.334,1138.082
12.752210,222.634,1137.099,223.984,1137.591
12.759000,222.634,1137.099,223.309,1137.345
12.766430,222.634,1137.099,222.972,1137.222
12.773790,222.634,1137.099,222.803,1137.161
12.780940,222.634,1137.099,222.719,1137.130
12.788650,221.063,1136.080,221.891,1136.605
12.795260,221.063,1136.080,221.477,1136.343
12.802890,221.063,1136.080,221.270,1136.211
12.809870,221.063,1136.080,221.167,1136.146
12.817410,220.283,1135.755,220.725,1135.950
12.823890,220.283,1135.755,220.504,1135.853
12.830860,220.283,1135.755,220.394,1135.804
12.837970,220.283,1135.755,220.339,1135.780
12.844370,218.920,1135.202,219.630,1135.491
12.851480,218.920,1135.202,219.275,1135.346
12.860590,218.920,1135.202,219.098,1135.274
12.868370,218.920,1135.202,219.009,1135.238
12.875640,218.031,1134.011,218.520,1134.625
12.881330,218.031,1134.011,218.275,1134.318
12.889270,218.031,1134.011,218.153,1134.165
12.895520,218.031,1134.011,218.092,1134.088
12.902840,217.087,1132.761,217.589,1133.425
12.910190,217.087,1132.761,217.338,1133.093
12.917360,217.087,1132.761,217.213,1132.927
12.923920,217.087,1132.761,217.150,1132.844
12.930040,217.087,1132.761,217.119,1132.803
12.937710,216.007,1132.051,216.563,1132.427
12.944340,216.007,1132.051,216.285,1132.239
12.951820,216.007,1132.051,216.146,1132.145
12.958190,216.007,1132.051,216.076,1132.098
12.965320,215.019,1131.372,215.547,1131.735
12.972030,215.019,1131.372,215.283,1131.553
12.978360,215.019,1131.372,215.151,1131.463
12.985610,215.019,1131.372,215.085,1131.417
12.992990,213.806,1130.581,214.445,1130.999
13.000920,213.806,1130.581,214.126,1130.790
13.008860,213.806,1130.581,213.966,1130.686
13.015880,213.806,1130.581,213.886,1130.634
13.023830,212.799,1129.561,213.342,1130.097
13.030650,212.799,1129.561,213.071,1129.829
13.038250,212.799,1129.561,212.935,1129.695
13.045920,212.799,1129.561,212.867,1129.628
13.053500,211.993,1128.388,212.430,1129.008
13.062590,211.993,1128.388,212.212,1128.698
13.071780,211.993,1128.388,212.102,1128.543
13.082040,211.993,1128.388,212.048,1128.465
13.089410,211.444,1126.996,211.746,1127.731
13.096740,211.444,1126.996,211.595,1127.363
13.104070,211.444,1126.996,211.519,1127.180
13.112080,211.444,1126.996,211.482,1127.088
13.119030,210.225,1124.827,210.853,1125.957
13.126130,210.225,1124.827,210.539,1125.392
13.132910,210.225,1124.827,210.382,1125.110
13.141160,210.225,1124.827,210.303,1124.969
13.147980,315.224,1041.178,262.763,1083.073
13.160930,315.224,1041.178,288.994,1062.126
13.170560,315.224,1041.178,302.109,1051.652
13.182800,712.455,644.437,507.282,848.045
13.191490,712.455,644.437,609.869,746.241
13.198840,712.455,644.437,661.162,695.339
13.205960,972.691,318.265,816.927,506.802
13.212510,972.691,318.265,894.809,412.533
13.221680,972.691,318.265,933.750,365.399
13.227620,972.691,318.265,953.221,341.832
13.234620,1073.255,174.982,1013.238,258.407
13.241890,1073.255,174.982,1043.246,216.694
13.248860,1073.255,174.982,1058.250,195.838
13.255740,1073.255,174.982,1065.753,185.410
13.262020,1073.255,174.982,1069.504,180.196
13.269030,1116.907,113.910,1093.206,147.053
13.275310,1116.907,113.910,1105.056,130.481
13.282140,1116.907,113.910,1110.982,122.195
13.288650,1116.907,113.910,1113.945,118.052
13.294950,1136.629,90.564,1125.287,104.308
13.301420,1136.629,90.564,1130.958,97.436
13.307520,1136.629,90.564,1133.794,94.000
13.313810,1136.629,90.564,1135.211,92.282
13.320220,1136.629,90.564,1135.920,91.423
13.327040,1148.580,78.254,1142.250,84.838
13.333520,1148.580,78.254,1145.415,81.546
13.340220,1148.580,78.254,1146.997,79.900
13.346440,1148.580,78.254,1147.789,79.077
13.352620,1148.580,78.254,1148.184,78.665
13.359100,1152.992,75.059,1150.588,76.862
13.364910,1152.992,75.059,1151.790,75.960
13.371760,1152.992,75.059,1152.391,75.509
13.378620,1152.992,75.059,1152.692,75.284
13.385580,1157.885,72.545,1155.288,73.915
13.392020,1157.885,72.545,1156.587,73.230
13.398280,1157.885,72.545,1157.236,72.887
13.406040,1157.885,72.545,1157.560,72.716
13.412940,1157.885,72.545,1157.722,72.631
13.419770,1171.305,73.940,1164.514,73.285
13.426360,1171.305,73.940,1167.909,73.613
13.432890,1171.305,73.940,1169.607,73.777
13.440280,1171.305,73.940,1170.456,73.858
13.446370,1173.452,75.945,1171.954,74.902
13.453080,1173.452,75.945,1172.703,75.424
13.459760,1173.452,75.945,1173.078,75.685
13.466340,1173.452,75.945,1173.265,75.815
13.473080,1173.452,75.945,1173.359,75.880
13.479640,1172.826,78.979,1173.092,77.430
13.486470,1172.826,78.979,1172.959,78.204
13.493260,1172.826,78.979,1172.892,78.592
13.499410,1172.826,78.979,1172.859,78.785
13.506060,1171.634,79.551,1172.247,79.168
13.512580,1171.634,79.551,1171.940,79.360
13.519690,1171.634,79.551,1171.787,79.456
13.526140,1171.634,79.551,1171.711,79.504
13.532310,1171.634,79.551,1171.672,79.527
13.539110,1168.774,81.231,1170.223,80.379
13.545980,1168.774,81.231,1169.499,80.805
13.554010,1168.774,81.231,1169.136,81.018
13.561120,1168.774,81.231,1168.955,81.125
13.569150,1167.221,82.336,1168.088,81.730
13.577710,1167.221,82.336,1167.655,82.033
13.585950,1167.221,82.336,1167.438,82.184
13.593270,1167.221,82.336,1167.330,82.260
13.600490,1166.339,80.330,1166.834,81.295
13.607910,1166.339,80.330,1166.587,80.813
13.615790,1166.339,80.330,1166.463,80.571
13.623660,1166.339,80.330,1166.401,80.451
13.631520,1163.713,78.073,1165.057,79.262
13.639950,1163.713,78.073,1164.385,78.667
13.647810,1163.713,78.073,1164.049,78.370
13.655960,1163.713,78.073,1163.881,78.221
13.663850,1160.803,74.246,1162.342,76.234
13.671590,1160.803,74.246,1161.573,75.240
13.678650,1160.803,74.246,1161.188,74.743
13.685720,1160.803,74.246,1160.996,74.495
13.692770,1159.058,70.450,1160.027,72.472
13.699180,1159.058,70.450,1159.542,71.461
13.706600,1159.058,70.450,1159.300,70.955
13.713200,1159.058,70.450,1159.179,70.703
13.720250,1156.419,68.587,1157.799,69.645
13.730800,1156.419,68.587,1157.109,69.116
13.737950,1156.419,68.587,1156.764,68.852
13.744200,1156.419,68.587,1156.591,68.719
13.751670,1155.364,67.290,1155.978,68.005
13.758580,1155.364,67.290,1155.671,67.647
13.766130,1155.364,67.290,1155.517,67.468
13.772920,1155.364,67.290,1155.441,67.379
13.780000,1083.572,161.203,1119.506,114.291
13.786610,1083.572,161.203,1101.539,137.747
13.793040,1083.572,161.203,1092.555,149.475
13.799930,1083.572,161.203,1088.064,155.339
13.806490,1083.572,161.203,1085.818,158.271
13.813570,744.216,509.340,915.017,333.805
13.820820,744.216,509.340,829.617,421.573
13.827310,744.216,509.340,786.917,465.456
13.833590,744.216,509.340,765.566,487.398
13.840140,458.507,797.086,612.037,642.242
13.846490,458.507,797.086,535.272,719.664
13.853350,458.507,797.086,496.889,758.375
13.859770,458.507,797.086,477.698,777.730
13.865830,458.507,797.086,468.102,787.408
13.872990,329.472,940.930,398.787,864.169
13.879480,329.472,940.930,364.130,902.549
13.886180,329.472,940.930,346.801,921.739
13.892550,329.472,940.930,338.137,931.334
13.898320,329.472,940.930,333.804,936.132
13.905330,272.405,1006.418,303.105,971.275
13.911970,272.405,1006.418,287.755,988.847
13.920630,272.405,1006.418,280.080,997.632
13.927710,272.405,1006.418,276.242,1002.025
13.936220,249.523,1038.671,262.882,1020.348
13.944270,249.523,1038.671,256.203,1029.510
13.952990,249.523,1038.671,252.863,1034.090
13.961190,238.873,1055.788,245.868,1044.939
13.968780,238.873,1055.788,242.370,1050.364
13.976650,238.873,1055.788,240.621,1053.076
13.984600,238.873,1055.788,239.747,1054.432
13.992310,234.587,1059.059,237.167,1056.745
14.000730,234.587,1059.059,235.877,1057.902
14.010230,234.587,1059.059,235.232,1058.480
14.019640,228.951,1065.549,232.092,1062.015
14.031050,228.951,1065.549,230.521,1063.781
14.039160,228.951,1065.549,229.736,1064.665
14.046560,228.951,1065.549,229.344,1065.107
14.053960,225.931,1065.237,227.637,1065.172
14.061960,225.931,1065.237,226.784,1065.204
14.072520,225.931,1065.237,226.358,1065.221
14.083620,224.879,1063.025,225.618,1064.123
14.093170,224.879,1063.025,225.249,1063.574
14.099840,224.879,1063.025,225.064,1063.300
14.107130,224.879,1063.025,224.971,1063.162
14.113210,223.274,1064.179,224.123,1063.671
14.121280,223.274,1064.179,223.698,1063.925
14.130440,223.274,1064.179,223.486,1064.052
14.137870,223.274,1064.179,223.380,1064.116
14.145320,222.945,1065.837,223.162,1064.976
14.152920,222.945,1065.837,223.053,1065.406
14.160360,222.945,1065.837,222.999,1065.622
14.166220,222.945,1065.837,222.972,1065.729
14.172770,222.830,1068.721,222.901,1067.225
14.180540,222.830,1068.721,222.865,1067.973
14.188220,222.830,1068.721,222.848,1068.347
14.193960,222.830,1068.721,222.839,1068.534
14.199830,222.830,1068.721,222.834,1068.628
14.206480,222.782,1069.917,222.808,1069.272
14.212390,222.782,1069.917,222.795,1069.594
14.219880,222.782,1069.917,222.789,1069.756
14.226260,222.782,1069.917,222.786,1069.836
14.232510,223.219,1070.466,223.002,1070.151
14.239100,223.219,1070.466,223.111,1070.309
14.245650,223.219,1070.466,223.165,1070.387
14.253860,223.219,1070.466,223.192,1070.427
14.260900,222.784,1070.191,222.988,1070.309
14.268480,222.784,1070.191,222.886,1070.250
14.275820,222.784,1070.191,222.835,1070.220
14.286660,222.784,1070.191,222.810,1070.206
14.295690,223.221,1071.040,223.015,1070.623
14.304770,223.221,1071.040,223.118,1070.831
14.314320,223.221,1071.040,223.169,1070.935
14.323950,224.327,1072.273,223.748,1071.604
14.332980,224.327,1072.273,224.037,1071.938
14.342150,224.327,1072.273,224.182,1072.105
14.351510,226.678,1073.318,225.430,1072.712
14.360640,226.678,1073.318,226.054,1073.015
14.369950,226.678,1073.318,226.366,1073.167
14.379090,226.678,1073.318,226.522,1073.242
14.390340,329.579,960.441,278.050,1016.842
14.398560,329.579,960.441,303.815,988.641
14.408040,329.579,960.441,316.697,974.541
14.417910,610.099,619.520,463.398,797.031
14.427660,610.099,619.520,536.748,708.275
14.438380,610.099,619.520,573.423,663.898
14.447590,808.815,380.513,691.119,522.205
14.457530,808.815,380.513,749.967,451.359
14.467310,808.815,380.513,779.391,415.936
14.475780,906.162,266.092,842.777,341.014
14.484050,906.162,266.092,874.470,303.553
14.493560,906.162,266.092,890.316,284.823
14.501350,906.162,266.092,898.239,275.458
14.509370,947.139,210.476,922.689,242.967
14.518060,947.139,210.476,934.914,226.721
14.526210,947.139,210.476,941.027,218.599
14.535190,966.027,186.268,953.527,202.433
14.542220,966.027,186.268,959.777,194.350
14.550520,966.027,186.268,962.902,190.309
14.558460,966.027,186.268,964.464,188.288
14.565930,969.652,172.074,967.058,180.181
14.573060,969.652,172.074,968.355,176.128
14.581860,969.652,172.074,969.004,174.101
14.590170,969.652,172.074,969.328,173.088
14.598200,977.990,167.898,973.659,170.493
14.604290,977.990,167.898,975.824,169.196
14.612540,977.990,167.898,976.907,168.547
14.620270,977.990,167.898,977.448,168.223
14.627120,979.326,166.185,978.387,167.204
14.634490,979.326,166.185,978.856,166.694
14.642950,979.326,166.185,979.091,166.440
14.650080,979.326,166.185,979.208,166.312
14.656320,979.342,160.645,979.275,163.478
14.664090,979.342,160.645,979.309,162.061
14.670910,979.342,160.645,979.325,161.353
14.678030,979.342,160.645,979.334,160.999
14.683710,981.597,160.926,980.466,160.963
14.690320,981.597,160.926,981.031,160.944
14.696330,981.597,160.926,981.314,160.935
14.703040,981.597,160.926,981.456,160.931
14.709010,981.597,160.926,981.527,160.928
14.715050,982.474,164.760,982.000,162.844
14.721620,982.474,164.760,982.237,163.802
14.727920,982.474,164.760,982.356,164.281
14.733890,982.474,164.760,982.415,164.521
14.740120,982.474,164.760,982.444,164.640
14.746110,1015.361,123.702,998.903,144.171
14.752360,1015.361,123.702,1007.132,133.936
14.758910,1015.361,123.702,1011.246,128.819
14.765150,1015.361,123.702,1013.303,126.260
14.771480,1015.361,123.702,1014.332,124.981
14.780520,1048.125,56.936,1031.228,90.959
14.788740,1048.125,56.936,1039.677,73.948
14.796030,1048.125,56.936,1043.901,65.442
14.802700,1048.125,56.936,1046.013,61.189
14.808900,1075.600,4.726,1060.806,32.958
14.815540,1075.600,4.726,1068.203,18.842
14.822600,1075.600,4.726,1071.901,11.784
14.828610,1075.600,4.726,1073.751,8.255
14.834780,1075.600,4.726,1074.675,6.491
14.840800,1094.306,-31.327,1084.491,-12.418
14.847070,1094.306,-31.327,1089.398,-21.872
14.854010,1094.306,-31.327,1091.852,-26.599
14.860360,1094.306,-31.327,1093.079,-28.963
14.866560,1104.944,-56.284,1099.011,-42.624
14.873590,1104.944,-56.284,1101.978,-49.454
14.880180,1104.944,-56.284,1103.461,-52.869
14.886400,1104.944,-56.284,1104.202,-54.577
14.893310,1104.944,-56.284,1104.573,-55.431
14.899690,1107.668,-70.225,1106.121,-62.828
14.906470,1107.668,-70.225,1106.894,-66.526
14.913150,1107.668,-70.225,1107.281,-68.376
14.919260,1107.668,-70.225,1107.475,-69.300
14.925260,1107.668,-70.225,1107.572,-69.763
14.931350,1115.865,-83.413,1111.718,-76.588
14.938430,1115.865,-83.413,1113.791,-80.001
14.944740,1115.865,-83.413,1114.828,-81.707
14.950720,1115.865,-83.413,1115.346,-82.560
14.957300,1122.901,-91.049,1119.123,-86.804
14.963610,1122.901,-91.049,1121.012,-88.926
14.970940,1122.901,-91.049,1121.956,-89.988
14.977160,1122.901,-91.049,1122.428,-90.518
14.983510,1122.901,-91.049,1122.665,-90.783
14.990100,1126.677,-94.884,1124.671,-92.834
14.996270,1126.677,-94.884,1125.674,-93.859
15.004320,1126.677,-94.884,1126.176,-94.371
15.011520,1126.677,-94.884,1126.427,-94.628
15.019740,1129.495,-96.897,1127.961,-95.762
15.027700,1129.495,-96.897,1128.728,-96.329
15.035640,1129.495,-96.897,1129.111,-96.613
15.042300,1129.495,-96.897,1129.303,-96.755
15.049410,1130.164,-99.697,1129.734,-98.226
15.056370,1130.164,-99.697,1129.949,-98.962
15.064480,1130.164,-99.697,1130.057,-99.329
15.073920,1130.164,-99.697,1130.110,-99.513
15.084710,1131.232,-102.976,1130.671,-101.245
15.092680,1131.232,-102.976,1130.951,-102.111
15.099290,1131.232,-102.976,1131.091,-102.543
15.106250,1131.232,-102.976,1131.161,-102.760
15.113560,1132.275,-163.203,1131.718,-132.982
15.120710,1132.275,-163.203,1131.996,-148.093
15.127650,1132.275,-163.203,1132.135,-155.648
15.134110,1132.275,-163.203,1132.205,-159.426
15.141910,1140.840,-245.087,1136.522,-202.256
15.149860,1140.840,-245.087,1138.681,-223.672
15.158440,1140.840,-245.087,1139.760,-234.380
15.164840,1140.840,-245.087,1140.300,-239.733
15.172370,1149.047,-315.282,1144.674,-277.507
15.178910,1149.047,-315.282,1146.860,-296.395
15.185950,1149.047,-315.282,1147.954,-305.838
15.192560,1149.047,-315.282,1148.500,-310.560
15.199130,1152.507,-363.793,1150.504,-337.177
15.206080,1152.507,-363.793,1151.505,-350.485
15.212740,1152.507,-363.793,1152.006,-357.139
15.219590,1152.507,-363.793,1152.257,-360.466
15.225880,1152.507,-363.793,1152.382,-362.130
15.232110,1152.470,-395.224,1152.426,-378.677
15.239320,1152.470,-395.224,1152.448,-386.950
15.245790,1152.470,-395.224,1152.459,-391.087
15.253060,1152.470,-395.224,1152.465,-393.155
15.260750,1160.110,-413.414,1156.287,-403.284
15.268060,1160.110,-413.414,1158.198,-408.349
15.275140,1160.110,-413.414,1159.154,-410.881
15.281560,1160.110,-413.414,1159.632,-412.147
15.287820,1161.393,-428.611,1160.512,-420.379
15.294160,1161.393,-428.611,1160.953,-424.495
15.301560,1161.393,-428.611,1161.173,-426.553
15.308280,1161.393,-428.611,1161.283,-427.582
15.314560,1161.393,-428.611,1161.338,-428.097
15.321910,1166.095,-435.081,1163.716,-431.589
15.328140,1166.095,-435.081,1164.906,-433.335
15.334770,1166.095,-435.081,1165.500,-434.208
15.341360,1166.095,-435.081,1165.797,-434.645
15.347750,1166.095,-435.081,1165.946,-434.863
15.354100,1165.422,-440.348,1165.684,-437.606
15.360450,1165.422,-440.348,1165.553,-438.977
15.367050,1165.422,-440.348,1165.487,-439.663
15.373450,1165.422,-440.348,1165.454,-440.005
15.379880,1162.920,-379.202,1164.187,-409.604
15.386130,1162.920,-379.202,1163.554,-394.403
15.392340,1162.920,-379.202,1163.237,-386.802
15.398220,1162.920,-379.202,1163.079,-383.002
15.404550,1162.920,-379.202,1163.000,-381.102
15.410760,1154.321,-140.374,1158.660,-260.738
15.416760,1154.321,-140.374,1156.490,-200.556
15.423860,1154.321,-140.374,1155.406,-170.465
15.430280,1154.321,-140.374,1154.863,-155.420
15.436310,1154.321,-140.374,1154.592,-147.897
15.443560,1143.005,102.400,1148.799,-22.749
15.450150,1143.005,102.400,1145.902,39.826
15.457440,1143.005,102.400,1144.453,71.113
15.463290,1143.005,102.400,1143.729,86.756
15.469220,1143.005,102.400,1143.367,94.578
15.475500,1141.523,250.237,1142.445,172.408
15.481370,1141.523,250.237,1141.984,211.323
15.488380,1141.523,250.237,1141.753,230.780
15.494780,1141.523,250.237,1141.638,240.509
15.501190,1136.556,330.163,1139.097,285.336
15.507980,1136.556,330.163,1137.826,307.749
15.514200,1136.556,330.163,1137.191,318.956
15.520870,1136.556,330.163,1136.873,324.559
15.527090,1136.556,330.163,1136.714,327.361
15.533230,1135.208,372.794,1135.961,350.077
15.539680,1135.208,372.794,1135.585,361.436
15.545750,1135.208,372.794,1135.397,367.115
15.552330,1135.208,372.794,1135.303,369.954
15.559280,1135.208,372.794,1135.256,371.374
15.566350,1078.334,400.155,1106.795,385.765
15.573640,1078.334,400.155,1092.564,392.960
15.581070,1078.334,400.155,1085.449,396.558
15.587930,1078.334,400.155,1081.892,398.356
15.594240,777.503,544.426,929.698,471.391
15.600340,777.503,544.426,853.601,507.908
15.607440,777.503,544.426,815.552,526.167
15.613830,777.503,544.426,796.528,535.296
15.620470,463.946,690.813,630.237,613.055
15.627320,463.946,690.813,547.091,651.934
15.634410,463.946,690.813,505.519,671.373
15.641280,463.946,690.813,484.732,681.093
15.647580,463.946,690.813,474.339,685.953
15.654160,311.868,776.467,393.104,731.210
15.660410,311.868,776.467,352.486,753.838
15.666940,311.868,776.467,332.177,765.153
15.680220,311.868,776.467,322.023,770.810
15.690430,226.045,820.085,274.034,795.447
15.701980,226.045,820.085,250.039,807.766
15.708320,226.045,820.085,238.042,813.926
15.714110,174.239,842.644,206.140,828.285
15.719900,174.239,842.644,190.190,835.464
15.726140,174.239,842.644,182.214,839.054
15.731900,174.239,842.644,178.226,840.849
15.738160,174.239,842.644,176.233,841.746
15.744170,158.250,848.500,167.241,845.123
15.750190,158.250,848.500,162.745,846.812
15.757010,158.250,848.500,160.498,847.656
15.762980,158.250,848.500,159.374,848.078
15.769040,158.250,848.500,158.812,848.289
15.775370,160.256,845.135,159.534,846.712
15.782370,160.256,845.135,159.895,845.924
15.790200,160.256,845.135,160.075,845.530
15.797750,160.256,845.135,160.165,845.333
15.806150,155.484,850.700,157.825,848.016
15.813350,155.484,850.700,156.654,849.358
15.821640,155.484,850.700,156.069,850.029
15.829430,155.484,850.700,155.777,850.364
15.836890,156.935,853.483,156.356,851.923
15.843890,156.935,853.483,156.646,852.703
15.852240,156.935,853.483,156.790,853.093
15.859640,156.935,853.483,156.863,853.288
15.866910,156.875,858.099,156.869,855.694
15.875510,156.875,858.099,156.872,856.896
15.882510,156.875,858.099,156.873,857.498
15.889350,156.875,858.099,156.874,857.799
15.896540,243.623,772.538,200.248,815.168
15.903870,243.623,772.538,221.936,793.853
15.911770,243.623,772.538,232.779,783.195
15.920090,243.623,772.538,238.201,777.866
15.928090,582.535,429.646,410.368,603.756
15.935390,582.535,429.646,496.451,516.701
15.942740,582.535,429.646,539.493,473.174
15.949670,582.535,429.646,561.014,451.410
15.958230,836.047,162.743,698.530,307.076
15.970460,836.047,162.743,767.289,234.910
15.977090,836.047,162.743,801.668,198.826
15.983880,949.863,39.536,875.766,119.181
15.989750,949.863,39.536,912.814,79.359
15.995740,949.863,39.536,931.339,59.448
16.002600,949.863,39.536,940.601,49.492
16.009810,949.863,39.536,945.232,44.514
16.017190,996.219,-9.153,970.726,17.680
16.024260,996.219,-9.153,983.473,4.264
16.032370,996.219,-9.153,989.846,-2.445
16.038830,996.219,-9.153,993.033,-5.799
16.045330,1019.893,-28.707,1006.463,-17.253
16.051700,1019.893,-28.707,1013.178,-22.980
16.058770,1019.893,-28.707,1016.536,-25.844
16.066000,1019.893,-28.707,1018.215,-27.276
16.073830,1039.413,-46.081,1028.814,-36.678
16.081790,1039.413,-46.081,1034.114,-41.379
16.090850,1039.413,-46.081,1036.763,-43.730
16.098340,1039.413,-46.081,1038.088,-44.905
16.105580,1033.063,-83.409,1035.576,-64.157
16.112950,1033.063,-83.409,1034.320,-73.783
16.120210,1033.063,-83.409,1033.691,-78.596
16.126880,1033.063,-83.409,1033.377,-81.003
16.133050,1033.063,-83.409,1033.220,-82.206
16.139930,1029.545,-113.539,1031.383,-97.873
16.146540,1029.545,-113.539,1030.464,-105.706
16.153170,1029.545,-113.539,1030.005,-109.623
16.159790,1029.545,-113.539,1029.775,-111.581
16.165900,1025.017,-138.159,1027.396,-124.870
16.173910,1025.017,-138.159,1026.207,-131.515
16.183040,1025.017,-138.159,1025.612,-134.837
16.191600,1025.017,-138.159,1025.314,-136.498
16.200350,1020.859,-156.321,1023.087,-146.410
16.208930,1020.859,-156.321,1021.973,-151.365
16.216740,1020.859,-156.321,1021.416,-153.843
16.224430,1019.888,-164.650,1020.652,-159.247
16.231620,1019.888,-164.650,1020.270,-161.948
16.239210,1019.888,-164.650,1020.079,-163.299
16.246570,1019.888,-164.650,1019.984,-163.975
16.256230,1105.913,-105.042,1062.948,-134.508
16.263880,1105.913,-105.042,1084.430,-119.775
16.273080,1105.913,-105.042,1095.171,-112.408
16.280870,1105.913,-105.042,1100.542,-108.725
16.289370,1504.743,226.157,1302.643,58.716
16.297220,1504.743,226.157,1403.693,142.436
16.303860,1504.743,226.157,1454.218,184.296
16.309500,1504.743,226.157,1479.481,205.227
16.315260,2010.586,684.134,1745.033,444.680
16.322370,2010.586,684.134,1877.810,564.407
16.328870,2010.586,684.134,1944.198,624.271
16.335960,2010.586,684.134,1977.392,654.202
16.343130,2010.586,684.134,1993.989,669.168
16.350040,2245.938,897.629,2119.963,783.399
16.357840,2245.938,897.629,2182.951,840.514
16.366630,2245.938,897.629,2214.444,869.071
16.372750,2245.938,897.629,2230.191,883.350
16.380020,2349.458,989.072,2289.825,936.211
16.387170,2349.458,989.072,2319.642,962.642
16.395180,2349.458,989.072,2334.550,975.857
16.402030,2349.458,989.072,2342.004,982.465
16.410340,2391.174,1023.916,2366.589,1003.190
16.417730,2391.174,1023.916,2378.882,1013.553
16.426000,2391.174,1023.916,2385.028,1018.734
16.434710,2391.174,1023.916,2388.101,1021.325
16.442480,2413.270,1045.289,2400.685,1033.307
16.449760,2413.270,1045.289,2406.978,1039.298
16.457270,2413.270,1045.289,2410.124,1042.294
16.464230,2413.270,1045.289,2411.697,1043.791
16.472890,2417.159,1065.240,2414.428,1054.515
16.480240,2417.159,1065.240,2415.793,1059.877
16.487730,2417.159,1065.240,2416.476,1062.558
16.494400,2417.159,1065.240,2416.817,1063.899
16.502080,2418.491,1069.904,2417.654,1066.901
16.512200,2418.491,1069.904,2418.073,1068.403
16.520520,2418.491,1069.904,2418.282,1069.153
16.527930,2421.487,1078.414,2419.885,1073.784
16.534070,2421.487,1078.414,2420.686,1076.099
16.540620,2421.487,1078.414,2421.087,1077.256
16.546560,2421.487,1078.414,2421.287,1077.835
16.552590,2421.487,1078.414,2421.387,1078.125
16.558260,2426.157,1086.323,2423.772,1082.224
16.564330,2426.157,1086.323,2424.964,1084.274
16.570670,2426.157,1086.323,2425.561,1085.299
16.576900,2426.157,1086.323,2425.859,1085.811
16.582890,2426.157,1086.323,2426.008,1086.067
16.589340,2429.613,1090.129,2427.811,1088.098
16.595700,2429.613,1090.129,2428.712,1089.113
16.602350,2429.613,1090.129,2429.163,1089.621
16.608530,2429.613,1090.129,2429.388,1089.875
16.614520,2429.613,1090.129,2429.500,1090.002
16.620740,2430.869,1093.168,2430.185,1091.585
16.627270,2430.869,1093.168,2430.527,1092.376
16.634390,2430.869,1093.168,2430.698,1092.772
16.641670,2430.869,1093.168,2430.783,1092.970
16.648440,2416.542,1092.653,2423.663,1092.812
16.655070,2416.542,1092.653,2420.103,1092.732
16.662760,2416.542,1092.653,2418.323,1092.693
16.669410,2416.542,1092.653,2417.433,1092.673
16.675720,2416.542,1092.653,2416.988,1092.663
16.682220,2207.219,1125.896,2312.104,1109.279
16.688710,2207.219,1125.896,2259.661,1117.588
16.695500,2207.219,1125.896,2233.440,1121.742
16.701350,2207.219,1125.896,2220.330,1123.819
16.708090,1307.761,1176.938,1764.046,1150.378
16.713970,1307.761,1176.938,1535.904,1163.658
16.720530,1307.761,1176.938,1421.833,1170.298
16.726840,1307.761,1176.938,1364.797,1173.618
16.732540,1307.761,1176.938,1336.279,1175.278
16.738900,343.133,1186.276,839.706,1180.777
16.745190,343.133,1186.276,591.419,1183.527
16.752050,343.133,1186.276,467.276,1184.901
16.758610,343.133,1186.276,405.205,1185.589
16.764540,343.133,1186.276,374.169,1185.933
16.771190,-65.941,1193.051,154.114,1189.492
16.777360,-65.941,1193.051,44.086,1191.272
16.783950,-65.941,1193.051,-10.927,1192.162
16.790440,-65.941,1193.051,-38.434,1192.606
16.797680,-65.941,1193.051,-52.188,1192.829
16.805190,-214.895,1193.372,-133.542,1193.100
16.812760,-214.895,1193.372,-174.219,1193.236
16.820030,-214.895,1193.372,-194.557,1193.304
16.828140,-214.895,1193.372,-204.726,1193.338
16.836270,-265.575,1189.571,-235.151,1191.455
16.844380,-265.575,1189.571,-250.363,1190.513
16.851260,-265.575,1189.571,-257.969,1190.042
16.858630,-278.715,1192.346,-268.342,1191.194
16.866380,-278.715,1192.346,-273.528,1191.770
16.874420,-278.715,1192.346,-276.121,1192.058
16.881620,-278.715,1192.346,-277.418,1192.202
16.888640,-278.715,1192.346,-278.066,1192.274
16.895300,-280.575,1195.590,-279.321,1193.932
16.901470,-280.575,1195.590,-279.948,1194.761
16.909800,-280.575,1195.590,-280.261,1195.176
16.916040,-280.575,1195.590,-280.418,1195.383
16.924150,-277.950,1202.427,-279.184,1198.905
16.930500,-277.950,1202.427,-278.567,1200.666
16.937170,-277.950,1202.427,-278.259,1201.546
16.943300,-277.950,1202.427,-278.104,1201.987
16.949270,-284.658,1208.974,-281.381,1205.480
16.956240,-284.658,1208.974,-283.020,1207.227
16.962690,-284.658,1208.974,-283.839,1208.100
16.969260,-284.658,1208.974,-284.249,1208.537
16.975370,-284.658,1208.974,-284.453,1208.755
16.981310,-296.593,1201.791,-290.523,1205.273
16.987420,-296.593,1201.791,-293.558,1203.532
16.993700,-296.593,1201.791,-295.076,1202.661
16.999810,-296.593,1201.791,-295.834,1202.226
17.006220,-296.593,1201.791,-296.214,1202.008
17.013940,-382.096,1195.293,-339.155,1198.651
17.022240,-382.096,1195.293,-360.625,1196.972
17.029910,-382.096,1195.293,-371.361,1196.133
17.036640,-382.096,1195.293,-376.728,1195.713
17.044420,-467.490,1192.089,-422.109,1193.901
17.051390,-467.490,1192.089,-444.799,1192.995
17.058640,-467.490,1192.089,-456.144,1192.542
17.066240,-467.490,1192.089,-461.817,1192.316
17.073410,-522.479,1191.075,-492.148,1191.695
17.080840,-522.479,1191.075,-507.313,1191.385
17.088660,-522.479,1191.075,-514.896,1191.230
17.096590,-522.479,1191.075,-518.688,1191.152
17.104010,-557.883,1184.160,-538.286,1187.656
17.111330,-557.883,1184.160,-548.085,1185.908
17.118200,-557.883,1184.160,-552.984,1185.034
17.125340,-557.883,1184.160,-555.434,1184.597
17.131860,-582.415,1176.827,-568.924,1180.712
17.138540,-582.415,1176.827,-575.670,1178.770
17.145680,-582.415,1176.827,-579.042,1177.798
17.151700,-582.415,1176.827,-580.729,1177.313
17.158370,-582.415,1176.827,-581.572,1177.070
17.164500,-580.908,1162.513,-581.240,1169.792
17.171000,-580.908,1162.513,-581.074,1166.153
17.177470,-580.908,1162.513,-580.991,1164.333
17.183450,-580.908,1162.513,-580.950,1163.423
17.190980,-580.908,1162.513,-580.929,1162.968
17.197120,-580.908,1162.513,-580.919,1162.741
17.204630,-580.908,1162.513,-580.914,1162.627
17.212220,-580.908,1162.513,-580.911,1162.570
17.219240,-580.908,1162.513,-580.910,1162.542
17.225980,-580.908,1162.513,-580.909,1162.528
17.232330,-580.908,1162.513,-580.909,1162.521
17.239140,-580.908,1162.513,-580.908,1162.517
17.245300,-580.908,1162.513,-580.908,1162.515
17.251820,-6.639,618.241,-293.774,890.378
17.258810,-6.639,618.241,-150.206,754.309
17.266820,-6.639,618.241,-78.423,686.275
17.274220,-6.639,618.241,-42.531,652.258
17.281360,-6.639,618.241,-24.585,635.249
17.289170,256.754,360.169,116.085,497.709
17.296120,256.754,360.169,186.419,428.939
17.302830,256.754,360.169,221.587,394.554
17.309440,256.754,360.169,239.170,377.362
17.316030,655.547,278.428,447.358,327.895
17.322610,655.547,278.428,551.452,303.161
17.330030,655.547,278.428,603.500,290.794
17.336520,655.547,278.428,629.523,284.611
17.343050,881.856,203.155,755.689,243.883
17.349400,881.856,203.155,818.772,223.519
17.356370,881.856,203.155,850.314,213.337
17.362900,881.856,203.155,866.085,208.246
17.369030,881.856,203.155,873.970,205.701
17.375930,989.033,163.350,931.501,184.525
17.382110,989.033,163.350,960.267,173.938
17.388580,989.033,163.350,974.650,168.644
17.394910,989.033,163.350,981.841,165.997
17.400860,989.033,163.350,985.437,164.673
17.408160,1045.297,139.871,1015.367,152.272
17.414370,1045.297,139.871,1030.332,146.071
17.421780,1045.297,139.871,1037.815,142.971
17.428100,1045.297,139.871,1041.556,141.421
17.434610,1078.654,137.650,1060.105,139.535
17.441150,1078.654,137.650,1069.379,138.593
17.447620,1078.654,137.650,1074.017,138.121
17.454370,1078.654,137.650,1076.335,137.885
17.460710,1078.654,137.650,1077.494,137.768
17.467240,1097.353,131.464,1087.424,134.616
17.474670,1097.353,131.464,1092.388,133.040
17.481760,1097.353,131.464,1094.870,132.252
17.488600,1097.353,131.464,1096.112,131.858
17.495020,1104.829,126.399,1100.470,129.129
17.501350,1104.829,126.399,1102.650,127.764
17.508070,1104.829,126.399,1103.739,127.081
17.514630,1104.829,126.399,1104.284,126.740
17.521370,1104.829,126.399,1104.557,126.569
17.527810,1111.465,125.368,1108.011,125.968
17.534390,1111.465,125.368,1109.738,125.668
17.543000,1111.465,125.368,1110.601,125.518
17.550720,1111.465,125.368,1111.033,125.443
17.558510,1111.392,61.802,1111.213,93.622
17.565990,1111.392,61.802,1111.302,77.712
17.573630,1111.392,61.802,1111.347,69.757
17.580870,1111.392,61.802,1111.370,65.780
17.589390,1103.947,-5.784,1107.658,29.998
17.596670,1103.947,-5.784,1105.802,12.107
17.604100,1103.947,-5.784,1104.875,3.162
17.611510,1103.947,-5.784,1104.411,-1.311
17.617500,1095.539,-51.359,1099.975,-26.335
17.624540,1095.539,-51.359,1097.757,-38.847
17.632220,1095.539,-51.359,1096.648,-45.103
17.639410,1095.539,-51.359,1096.094,-48.231
17.647090,1090.372,-80.849,1093.233,-64.540
17.653600,1090.372,-80.849,1091.802,-72.694
17.661480,1090.372,-80.849,1091.087,-76.772
17.668590,1090.372,-80.849,1090.729,-78.810
17.676130,1089.130,-99.452,1089.930,-89.131
17.682560,1089.130,-99.452,1089.530,-94.292
17.690470,1089.130,-99.452,1089.330,-96.872
17.696950,1089.130,-99.452,1089.230,-98.162
17.703530,1089.130,-99.452,1089.180,-98.807
17.710200,1088.695,-110.964,1088.938,-104.886
17.716140,1088.695,-110.964,1088.816,-107.925
17.723740,1088.695,-110.964,1088.756,-109.444
17.730580,1088.695,-110.964,1088.726,-110.204
17.737180,1089.804,-117.960,1089.265,-114.082
17.743940,1089.804,-117.960,1089.535,-116.021
17.750650,1089.804,-117.960,1089.669,-116.990
17.756890,1089.804,-117.960,1089.737,-117.475
17.762740,1089.804,-117.960,1089.771,-117.717
17.770370,1186.140,0.264,1137.955,-58.727
17.778580,1186.140,0.264,1162.047,-29.231
17.785590,1186.140,0.264,1174.094,-14.484
17.792540,1186.140,0.264,1180.116,-7.110
17.800290,1604.523,467.564,1392.320,230.227
17.808380,1604.523,467.564,1498.422,348.896
17.817550,1604.523,467.564,1551.472,408.230
17.824810,1604.523,467.564,1577.998,437.897
17.832500,1997.565,890.850,1787.781,664.374
17.840030,1997.565,890.850,1892.673,777.612
17.848010,1997.565,890.850,1945.119,834.231
17.855340,1997.565,890.850,1971.342,862.541
17.863330,2178.701,1071.698,2075.021,967.119
17.872740,2178.701,1071.698,2126.861,1019.409
17.881190,2178.701,1071.698,2152.781,1045.553
17.888370,2225.800,1148.856,2189.291,1097.205
17.896070,2225.800,1148.856,2207.545,1123.030
17.903720,2225.800,1148.856,2216.672,1135.943
17.911010,2225.800,1148.856,2221.236,1142.400
17.918010,2324.330,1181.973,2272.783,1162.186
17.925680,2324.330,1181.973,2298.557,1172.080
17.932890,2324.330,1181.973,2311.443,1177.026
17.940070,2324.330,1181.973,2317.887,1179.500
17.946840,2444.018,1178.228,2380.952,1178.864
17.954110,2444.018,1178.228,2412.485,1178.546
17.963240,2444.018,1178.228,2428.251,1178.387
17.969670,2444.018,1178.228,2436.135,1178.307
17.976550,2444.018,1178.228,2440.076,1178.267
17.983760,2510.425,1164.473,2475.250,1171.370
17.991530,2510.425,1164.473,2492.838,1167.922
17.998360,2510.425,1164.473,2501.631,1166.197
18.005430,2510.425,1164.473,2506.028,1165.335
18.012910,2520.830,1150.204,2513.429,1157.770
18.020580,2520.830,1150.204,2517.129,1153.987
18.028000,2520.830,1150.204,2518.979,1152.095
18.035820,2520.830,1150.204,2519.905,1151.150
18.043980,2539.280,1151.457,2529.592,1151.303
18.052660,2539.280,1151.457,2534.436,1151.380
18.060830,2539.280,1151.457,2536.858,1151.418
18.068870,2555.759,1170.900,2546.308,1161.159
18.077000,2555.759,1170.900,2551.034,1166.030
18.084610,2555.759,1170.900,2553.396,1168.465
18.092540,2555.759,1170.900,2554.578,1169.682
18.101500,2571.833,1189.805,2563.205,1179.744
18.109410,2571.833,1189.805,2567.519,1184.775
18.117780,2571.833,1189.805,2569.676,1187.290
18.126690,2571.833,1189.805,2570.754,1188.548
18.136020,2599.089,1197.305,2584.922,1192.927
18.145280,2599.089,1197.305,2592.005,1195.116
18.152660,2599.089,1197.305,2595.547,1196.211
18.160150,2619.109,1203.397,2607.328,1199.804
18.167240,2619.109,1203.397,2613.219,1201.600
18.174700,2619.109,1203.397,2616.164,1202.499
18.181560,2619.109,1203.397,2617.637,1202.948
18.189250,2636.527,1209.039,2627.082,1205.993
18.197560,2636.527,1209.039,2631.805,1207.516
18.206910,2636.527,1209.039,2634.166,1208.278
18.214110,2636.527,1209.039,2635.347,1208.659
18.220670,2649.146,1214.133,2642.246,1211.396
18.227750,2649.146,1214.133,2645.696,1212.764
18.235390,2649.146,1214.133,2647.421,1213.448
18.243560,2649.146,1214.133,2648.283,1213.791
18.250510,2655.842,1217.050,2652.063,1215.420
18.258150,2655.842,1217.050,2653.953,1216.235
18.266760,2655.842,1217.050,2654.897,1216.642
18.279710,2661.295,1220.915,2658.096,1218.779
18.295470,2661.295,1220.915,2659.696,1219.847
18.303600,2661.295,1220.915,2660.496,1220.381
18.309880,2665.395,1222.237,2662.945,1221.309
18.316140,2665.395,1222.237,2664.170,1221.773
18.322410,2665.395,1222.237,2664.782,1222.005
18.328640,2665.395,1222.237,2665.088,1222.121
18.333670,2665.395,1222.237,2665.241,1222.179
18.339530,2669.083,1223.719,2667.162,1222.949
18.345780,2669.083,1223.719,2668.123,1223.334
18.351630,2669.083,1223.719,2668.603,1223.526
18.358820,2669.083,1223.719,2668.843,1223.622
18.366110,2669.083,1223.719,2668.963,1223.670
18.373400,2672.200,1222.313,2670.582,1222.992
18.379560,2672.200,1222.313,2671.391,1222.653
18.385700,2672.200,1222.313,2671.795,1222.483
18.392140,2672.200,1222.313,2671.998,1222.398
18.398080,2672.200,1222.313,2672.099,1222.356
18.404860,2673.319,1217.756,2672.709,1220.056
18.411490,2673.319,1217.756,2673.014,1218.906
18.417860,2673.319,1217.756,2673.167,1218.331
18.424620,2673.319,1217.756,2673.243,1218.044
18.430930,2673.767,1215.631,2673.505,1216.837
18.437540,2673.767,1215.631,2673.636,1216.234
18.444470,2673.767,1215.631,2673.702,1215.933
18.451520,2673.767,1215.631,2673.734,1215.782
18.458160,2673.767,1215.631,2673.751,1215.707
18.465110,2674.345,1215.032,2674.048,1215.369
18.472030,2674.345,1215.032,2674.196,1215.200
18.478830,2674.345,1215.032,2674.271,1215.116
18.485500,2674.345,1215.032,2674.308,1215.074
18.492410,2676.204,1213.325,2675.256,1214.199
18.499200,2676.204,1213.325,2675.730,1213.762
18.506430,2676.204,1213.325,2675.967,1213.544
18.512850,2676.204,1213.325,2676.085,1213.434
18.519330,2676.204,1213.325,2676.145,1213.380
18.526260,2677.234,1209.699,2676.689,1211.540
18.533010,2677.234,1209.699,2676.961,1210.619
18.540100,2677.234,1209.699,2677.098,1210.159
18.547310,2677.234,1209.699,2677.166,1209.929
18.554260,2676.052,1206.514,2676.609,1208.222
18.560800,2676.052,1206.514,2676.331,1207.368
18.567770,2676.052,1206.514,2676.191,1206.941
18.574200,2676.052,1206.514,2676.122,1206.728
18.580690,2676.052,1206.514,2676.087,1206.621
18.587320,2668.040,1206.756,2672.063,1206.688
18.594370,2668.040,1206.756,2670.052,1206.722
18.600880,2668.040,1206.756,2669.046,1206.739
18.607400,2668.040,1206.756,2668.543,1206.747
18.613980,2466.189,1201.002,2567.366,1203.875
18.622880,2466.189,1201.002,2516.777,1202.439
18.630470,2466.189,1201.002,2491.483,1201.721
18.637800,2466.189,1201.002,2478.836,1201.362
18.645340,1920.898,1174.338,2199.867,1187.850
18.651640,1920.898,1174.338,2060.382,1181.094
18.659130,1920.898,1174.338,1990.640,1177.716
18.665370,1920.898,1174.338,1955.769,1176.027
18.671910,1481.532,1148.357,1718.650,1162.192
18.678200,1481.532,1148.357,1600.091,1155.275
18.685160,1481.532,1148.357,1540.812,1151.816
18.707160,1271.099,1148.917,1405.955,1150.367
18.715190,1271.099,1148.917,1338.527,1149.642
18.721320,1271.099,1148.917,1304.813,1149.280
18.729200,1271.099,1148.917,1287.956,1149.099
18.735380,1182.752,1142.291,1235.354,1145.695
18.741410,1182.752,1142.291,1209.053,1143.993
18.747590,1182.752,1142.291,1195.902,1143.142
18.753200,1182.752,1142.291,1189.327,1142.716
18.759960,1182.752,1142.291,1186.039,1142.503
18.765580,1144.923,1135.534,1165.481,1139.018
18.771220,1144.923,1135.534,1155.202,1137.276
18.777610,1144.923,1135.534,1150.063,1136.405
18.783260,1144.923,1135.534,1147.493,1135.969
18.789600,1144.923,1135.534,1146.208,1135.751
18.796090,1126.731,1126.016,1136.469,1130.884
18.801970,1126.731,1126.016,1131.600,1128.450
18.808590,1126.731,1126.016,1129.166,1127.233
18.814110,1126.731,1126.016,1127.948,1126.625
18.819460,1126.731,1126.016,1127.340,1126.321
18.825570,1102.995,1127.594,1115.167,1126.957
18.831000,1102.995,1127.594,1109.081,1127.275
18.836860,1102.995,1127.594,1106.038,1127.435
18.843530,1102.995,1127.594,1104.516,1127.514
18.849000,1102.995,1127.594,1103.755,1127.554
18.854340,1102.995,1127.594,1103.375,1127.574
18.860520,1097.918,1139.021,1100.646,1133.297
18.866000,1097.918,1139.021,1099.282,1136.159
18.873250,1097.918,1139.021,1098.600,1137.590
18.880270,1097.918,1139.021,1098.259,1138.305
18.887000,1080.934,1136.489,1089.597,1137.397
18.894180,1080.934,1136.489,1085.266,1136.943
18.902240,1080.934,1136.489,1083.100,1136.716
18.910690,1081.630,1128.526,1082.365,1132.621
18.917530,1081.630,1128.526,1081.997,1130.573
18.925310,1081.630,1128.526,1081.814,1129.550
18.932430,1081.630,1128.526,1081.722,1129.038
18.939100,1081.630,1128.526,1081.676,1128.782
18.945910,1078.713,1127.299,1080.194,1128.040
18.952560,1078.713,1127.299,1079.453,1127.669
18.960110,1078.713,1127.299,1079.083,1127.484
18.966710,1078.713,1127.299,1078.898,1127.391
18.973200,1070.884,1124.892,1074.891,1126.142
18.979710,1070.884,1124.892,1072.887,1125.517
18.986440,1070.884,1124.892,1071.886,1125.204
18.992390,1070.884,1124.892,1071.385,1125.048
18.997950,1070.884,1124.892,1071.135,1124.970
19.003550,1070.884,1124.892,1071.009,1124.931
19.009570,1062.603,1123.224,1066.806,1124.078
19.016020,1062.603,1123.224,1064.704,1123.651
19.021710,1062.603,1123.224,1063.654,1123.438
19.027080,1062.603,1123.224,1063.128,1123.331
19.032070,1062.603,1123.224,1062.865,1123.277
19.037980,1054.048,1119.992,1058.457,1121.635
19.044080,1054.048,1119.992,1056.252,1120.813
19.050500,1054.048,1119.992,1055.150,1120.402
19.057220,1054.048,1119.992,1054.599,1120.197
19.063420,1054.048,1119.992,1054.323,1120.094
19.070290,1043.896,1117.778,1049.109,1118.936
19.076920,1043.896,1117.778,1046.502,1118.357
19.082690,1043.896,1117.778,1045.199,1118.067
19.088210,1043.896,1117.778,1044.547,1117.922
19.094330,1030.343,1116.081,1037.445,1117.002
19.099800,1030.343,1116.081,1033.894,1116.542
19.105640,1030.343,1116.081,1032.119,1116.311
19.112740,1030.343,1116.081,1031.231,1116.196
19.118770,1030.343,1116.081,1030.787,1116.139
19.125800,1019.029,1110.884,1024.908,1113.511
19.132050,1019.029,1110.884,1021.969,1112.197
19.138880,1019.029,1110.884,1020.499,1111.541
19.144900,1019.029,1110.884,1019.764,1111.212
19.150380,1019.029,1110.884,1019.397,1111.048
19.156380,1009.029,1106.453,1014.213,1108.750
19.162140,1009.029,1106.453,1011.621,1107.602
19.167680,1009.029,1106.453,1010.325,1107.027
19.173460,1009.029,1106.453,1009.677,1106.740
19.178690,1009.029,1106.453,1009.353,1106.596
19.183840,1009.029,1106.453,1009.191,1106.525
19.189470,998.833,1107.437,1004.012,1106.981
19.194550,998.833,1107.437,1001.422,1107.209
19.199660,998.833,1107.437,1000.128,1107.323
19.204790,998.833,1107.437,999.480,1107.380
19.211100,998.833,1107.437,999.157,1107.408
19.217620,992.527,1110.909,995.842,1109.158
19.224290,992.527,1110.909,994.184,1110.033
19.231110,992.527,1110.909,993.356,1110.471
19.237650,992.527,1110.909,992.941,1110.690
19.244520,992.527,1110.909,992.734,1110.799
19.251260,986.347,1113.084,989.541,1111.941
19.258300,986.347,1113.084,987.944,1112.513
19.265190,986.347,1113.084,987.145,1112.798
19.272350,986.347,1113.084,986.746,1112.941
19.279250,982.692,1116.934,984.719,1114.938
19.285230,982.692,1116.934,983.705,1115.936
19.292470,982.692,1116.934,983.199,1116.435
19.297750,982.692,1116.934,982.945,1116.685
19.302570,982.692,1116.934,982.818,1116.809
19.308170,979.997,1120.630,981.408,1118.720
19.317280,979.997,1120.630,980.703,1119.675
19.324440,979.997,1120.630,980.350,1120.152
19.331200,979.997,1120.630,980.174,1120.391
19.335830,979.997,1120.630,980.085,1120.510
19.342190,977.198,1121.703,978.642,1121.107
19.349040,977.198,1121.703,977.920,1121.405
19.355590,977.198,1121.703,977.559,1121.554
19.363260,977.198,1121.703,977.378,1121.628
19.370260,975.539,1123.068,976.458,1122.348
19.378100,975.539,1123.068,975.999,1122.708
19.386930,975.539,1123.068,975.769,1122.888
19.393080,975.539,1123.068,975.654,1122.978
19.398340,974.677,1123.637,975.165,1123.308
19.404840,974.677,1123.637,974.921,1123.473
19.411790,974.677,1123.637,974.799,1123.555
19.416860,974.677,1123.637,974.738,1123.596
19.422450,974.677,1123.637,974.708,1123.617
19.428630,972.580,1123.803,973.644,1123.710
19.434010,972.580,1123.803,973.112,1123.757
19.439790,972.580,1123.803,972.846,1123.780
19.445770,972.580,1123.803,972.713,1123.792
19.451210,972.580,1123.803,972.647,1123.798
19.456240,972.580,1123.803,972.613,1123.801
19.461950,972.193,1122.759,972.403,1123.280
19.467680,972.193,1122.759,972.298,1123.019
19.473950,972.193,1122.759,972.245,1122.889
19.479870,972.193,1122.759,972.219,1122.824
19.485400,972.193,1122.759,972.206,1122.792
19.491210,971.986,1123.896,972.096,1123.344
19.496890,971.986,1123.896,972.041,1123.620
19.503580,971.986,1123.896,972.013,1123.758
19.509530,971.986,1123.896,972.000,1123.827
19.515100,971.986,1123.896,971.993,1123.861
19.520800,971.986,1123.896,971.989,1123.878
19.526440,971.219,1123.822,971.604,1123.850
19.532270,971.219,1123.822,971.412,1123.836
19.537430,971.219,1123.822,971.316,1123.829
19.543000,971.219,1123.822,971.268,1123.826
19.549230,971.180,1123.358,971.224,1123.592
19.555100,971.180,1123.358,971.202,1123.475
19.561300,971.180,1123.358,971.191,1123.417
19.567460,971.180,1123.358,971.186,1123.388
19.572910,971.180,1123.358,971.183,1123.373
19.578970,921.732,1026.506,946.458,1074.940
19.584250,921.732,1026.506,934.095,1050.723
19.590150,921.732,1026.506,927.914,1038.615
19.595350,921.732,1026.506,924.823,1032.561
19.600570,921.732,1026.506,923.278,1029.533
19.606090,921.732,1026.506,922.505,1028.020
19.610960,921.732,1026.506,922.119,1027.263
19.615970,921.732,1026.506,921.926,1026.885
19.621810,921.732,1026.506,921.829,1026.696
19.627800,921.732,1026.506,921.781,1026.601
19.633060,921.732,1026.506,921.757,1026.554
19.649570,921.732,1026.506,921.744,1026.530
19.658170,921.732,1026.506,921.738,1026.518
19.664830,921.732,1026.506,921.735,1026.512
19.672310,801.629,734.147,861.682,880.330
19.678570,801.629,734.147,831.656,807.238
19.684460,801.629,734.147,816.642,770.693
19.690280,801.629,734.147,809.136,752.420
19.695900,801.629,734.147,805.382,743.283
19.701490,767.167,737.687,786.275,740.485
19.707530,767.167,737.687,776.721,739.086
19.713780,767.167,737.687,771.944,738.386
19.719660,767.167,737.687,769.555,738.037
19.734530,778.564,784.177,774.060,761.107
