time,pos_x,pos_y,corrected_pos_x,corrected_pos_y
0.051641,NN,NN,NN,NN
0.350319,NN,NN,NN,NN
0.388060,NN,NN,NN,NN
0.394243,NN,NN,NN,NN
0.397255,NN,NN,NN,NN
0.401087,NN,NN,NN,NN
0.404401,NN,NN,NN,NN
0.407646,NN,NN,NN,NN
0.410771,NN,NN,NN,NN
0.413837,NN,NN,NN,NN
0.416790,NN,NN,NN,NN
0.419967,NN,NN,NN,NN
0.423065,NN,NN,NN,NN
0.426265,NN,NN,NN,NN
0.429718,NN,NN,NN,NN
0.433004,NN,NN,NN,NN
0.436647,NN,NN,NN,NN
0.439829,NN,NN,NN,NN
0.443337,NN,NN,NN,NN
0.447434,NN,NN,NN,NN
0.451047,NN,NN,NN,NN
0.454565,NN,NN,NN,NN
0.458233,NN,NN,NN,NN
0.461979,NN,NN,NN,NN
0.465763,NN,NN,NN,NN
0.469127,NN,NN,NN,NN
0.472278,NN,NN,NN,NN
0.475299,NN,NN,NN,NN
0.479890,NN,NN,NN,NN
0.483522,NN,NN,NN,NN
0.486961,NN,NN,NN,NN
0.490300,NN,NN,NN,NN
0.494764,NN,NN,NN,NN
0.499085,NN,NN,NN,NN
0.502992,NN,NN,NN,NN
0.506757,NN,NN,NN,NN
0.510471,NN,NN,NN,NN
0.513850,NN,NN,NN,NN
0.517290,NN,NN,NN,NN
0.520778,NN,NN,NN,NN
0.524232,NN,NN,NN,NN
0.527844,NN,NN,NN,NN
0.531348,NN,NN,NN,NN
0.534839,NN,NN,NN,NN
0.538234,NN,NN,NN,NN
0.541902,NN,NN,NN,NN
0.546275,NN,NN,NN,NN
0.549912,NN,NN,NN,NN
0.553188,NN,NN,NN,NN
0.556593,NN,NN,NN,NN
0.560653,NN,NN,NN,NN
0.564293,NN,NN,NN,NN
0.567726,NN,NN,NN,NN
0.570915,NN,NN,NN,NN
0.574373,NN,NN,NN,NN
0.578170,NN,NN,NN,NN
0.581421,NN,NN,NN,NN
0.584925,NN,NN,NN,NN
0.588833,NN,NN,NN,NN
0.593038,NN,NN,NN,NN
0.596982,NN,NN,NN,NN
0.601015,953.154,270.549,476.577,135.275
0.607148,953.154,270.549,714.866,202.912
0.611732,953.154,270.549,834.010,236.730
0.616133,983.994,264.635,909.002,250.683
0.620510,983.994,264.635,946.498,257.659
0.624962,983.994,264.635,965.246,261.147
0.630015,983.994,264.635,974.620,262.891
0.634814,983.994,264.635,979.307,263.763
0.639924,983.994,264.635,981.651,264.199
0.644665,1011.960,258.172,996.806,261.186
0.649396,1011.960,258.172,1004.383,259.679
0.654820,1011.960,258.172,1008.172,258.925
0.659876,1011.960,258.172,1010.066,258.549
0.664806,1011.960,258.172,1011.013,258.360
0.669263,1011.960,258.172,1011.487,258.266
0.673775,1011.960,258.172,1011.724,258.219
0.678783,939.851,218.482,975.787,238.350
0.683305,939.851,218.482,957.819,228.416
0.687941,939.851,218.482,948.835,223.449
0.693140,939.851,218.482,944.343,220.965
0.698713,939.851,218.482,942.097,219.724
0.703915,939.851,218.482,940.974,219.103
0.709343,705.707,91.744,823.341,155.423
0.714791,705.707,91.744,764.524,123.583
0.719912,705.707,91.744,735.116,107.664
0.723848,705.707,91.744,720.411,99.704
0.727429,705.707,91.744,713.059,95.724
0.731358,705.707,91.744,709.383,93.734
0.734972,418.138,-59.368,563.761,17.183
0.739118,418.138,-59.368,490.949,-21.093
0.742468,418.138,-59.368,454.544,-40.230
0.746281,418.138,-59.368,436.341,-49.799
0.749728,418.138,-59.368,427.240,-54.584
0.753155,418.138,-59.368,422.689,-56.976
0.756496,418.138,-59.368,420.413,-58.172
0.759835,418.138,-59.368,419.276,-58.770
0.763266,418.138,-59.368,418.707,-59.069
0.767741,418.138,-59.368,418.423,-59.218
0.771467,418.138,-59.368,418.280,-59.293
0.774907,418.138,-59.368,418.209,-59.331
0.779239,239.515,-155.833,328.862,-107.582
0.783324,239.515,-155.833,284.188,-131.708
0.786775,239.515,-155.833,261.852,-143.770
0.790180,239.515,-155.833,250.683,-149.802
0.793770,239.515,-155.833,245.099,-152.817
0.798341,239.515,-155.833,242.307,-154.325
0.801971,239.515,-155.833,240.911,-155.079
0.805853,239.515,-155.833,240.213,-155.456
0.809056,239.515,-155.833,239.864,-155.645
0.812570,239.515,-155.833,239.689,-155.739
0.815747,239.515,-155.833,239.602,-155.786
0.818769,239.515,-155.833,239.558,-155.810
0.821905,239.515,-155.833,239.537,-155.821
0.825038,239.515,-155.833,239.526,-155.827
0.830221,145.188,-199.052,192.357,-177.440
0.834271,145.188,-199.052,168.772,-188.246
0.838609,145.188,-199.052,156.980,-193.649
0.842402,145.188,-199.052,151.084,-196.350
0.846474,145.188,-199.052,148.136,-197.701
0.850076,145.188,-199.052,146.662,-198.376
0.853366,145.188,-199.052,145.925,-198.714
0.856711,145.188,-199.052,145.556,-198.883
0.860157,-16.905,-193.099,64.325,-195.991
0.863914,-16.905,-193.099,23.710,-194.545
0.867390,-16.905,-193.099,3.402,-193.822
0.870761,-16.905,-193.099,-6.752,-193.461
0.874350,-16.905,-193.099,-11.829,-193.280
0.877746,-16.905,-193.099,-14.367,-193.190
0.881113,-16.905,-193.099,-15.636,-193.144
0.884196,-16.905,-193.099,-16.271,-193.122
0.887775,-101.039,-189.797,-58.655,-191.459
0.891550,-101.039,-189.797,-79.847,-190.628
0.895235,-101.039,-189.797,-90.443,-190.213
0.899173,-101.039,-189.797,-95.741,-190.005
0.902858,-101.039,-189.797,-98.390,-189.901
0.906662,-101.039,-189.797,-99.714,-189.849
0.910838,-101.039,-189.797,-100.376,-189.823
0.914761,-101.039,-189.797,-100.707,-189.810
0.919204,-159.440,-187.133,-130.074,-188.471
0.923262,-159.440,-187.133,-144.757,-187.802
0.926920,-159.440,-187.133,-152.099,-187.467
0.930825,-159.440,-187.133,-155.770,-187.300
0.934420,-159.440,-187.133,-157.605,-187.216
0.938196,-159.440,-187.133,-158.523,-187.175
0.941382,-159.440,-187.133,-158.982,-187.154
0.944846,-159.440,-187.133,-159.211,-187.143
0.948569,-197.084,-184.079,-178.148,-185.611
0.951969,-197.084,-184.079,-187.616,-184.845
0.955277,-197.084,-184.079,-192.350,-184.462
0.958917,-197.084,-184.079,-194.717,-184.271
0.962575,-197.084,-184.079,-195.901,-184.175
0.966524,-197.084,-184.079,-196.492,-184.127
0.970014,-197.084,-184.079,-196.788,-184.103
0.973333,-197.084,-184.079,-196.936,-184.091
0.977127,-218.890,-183.494,-207.913,-183.792
0.981188,-218.890,-183.494,-213.402,-183.643
0.984683,-218.890,-183.494,-216.146,-183.568
0.988625,-218.890,-183.494,-217.518,-183.531
0.992601,-218.890,-183.494,-218.204,-183.512
0.996797,-218.890,-183.494,-218.547,-183.503
1.000594,-218.890,-183.494,-218.719,-183.498
1.004073,-218.890,-183.494,-218.805,-183.496
1.007764,-232.847,-182.968,-225.826,-183.232
1.011425,-232.847,-182.968,-229.336,-183.100
1.015106,-232.847,-182.968,-231.092,-183.034
1.018528,-232.847,-182.968,-231.969,-183.001
1.022163,-232.847,-182.968,-232.408,-182.985
1.025817,-232.847,-182.968,-232.628,-182.977
1.029437,-232.847,-182.968,-232.737,-182.972
1.032887,-232.847,-182.968,-232.792,-182.970
1.036321,-232.847,-182.968,-232.820,-182.969
1.040156,-244.857,-182.611,-238.838,-182.790
1.044084,-244.857,-182.611,-241.848,-182.701
1.048393,-244.857,-182.611,-243.353,-182.656
1.052191,-244.857,-182.611,-244.105,-182.634
1.055536,-244.857,-182.611,-244.481,-182.623
1.058824,-244.857,-182.611,-244.669,-182.617
1.062125,-244.857,-182.611,-244.763,-182.614
1.065297,-244.857,-182.611,-244.810,-182.613
1.068744,-249.978,-181.110,-247.394,-181.861
1.072217,-249.978,-181.110,-248.686,-181.485
1.076457,-249.978,-181.110,-249.332,-181.298
1.081222,-249.978,-181.110,-249.655,-181.204
1.085659,-249.978,-181.110,-249.817,-181.157
1.089567,-249.978,-181.110,-249.898,-181.133
1.093454,-249.978,-181.110,-249.938,-181.121
1.097774,-160.590,-152.267,-205.264,-166.694
1.102005,-160.590,-152.267,-182.927,-159.481
1.106879,-160.590,-152.267,-171.758,-155.874
1.111309,-160.590,-152.267,-166.174,-154.071
1.114951,-160.590,-152.267,-163.382,-153.169
1.118400,-160.590,-152.267,-161.986,-152.718
1.121725,-160.590,-152.267,-161.288,-152.493
1.125278,-160.590,-152.267,-160.939,-152.380
1.128982,175.204,-64.590,7.132,-108.485
1.132572,175.204,-64.590,91.168,-86.537
1.135960,175.204,-64.590,133.186,-75.564
1.139887,175.204,-64.590,154.195,-70.077
1.144735,175.204,-64.590,164.699,-67.333
1.148712,175.204,-64.590,169.951,-65.961
1.152497,175.204,-64.590,172.578,-65.276
1.156368,175.204,-64.590,173.891,-64.933
1.160643,475.548,16.336,324.719,-24.299
1.164987,475.548,16.336,400.133,-3.981
1.169354,475.548,16.336,437.840,6.177
1.173242,475.548,16.336,456.694,11.256
1.177238,475.548,16.336,466.121,13.796
1.180489,475.548,16.336,470.834,15.066
1.183910,475.548,16.336,473.191,15.701
1.187124,475.548,16.336,474.369,16.018
1.190598,651.895,60.592,563.132,38.305
1.193954,651.895,60.592,607.513,49.448
1.197872,651.895,60.592,629.704,55.020
1.202138,651.895,60.592,640.799,57.806
1.205962,651.895,60.592,646.347,59.199
1.209391,651.895,60.592,649.121,59.895
1.212988,651.895,60.592,650.508,60.244
1.217101,651.895,60.592,651.201,60.418
1.221169,761.822,90.018,706.512,75.218
1.224632,761.822,90.018,734.167,82.618
1.228315,761.822,90.018,747.994,86.318
1.233159,761.822,90.018,754.908,88.168
1.237109,761.822,90.018,758.365,89.093
1.240399,761.822,90.018,760.093,89.556
1.243665,761.822,90.018,760.958,89.787
1.247103,761.822,90.018,761.390,89.902
1.250735,815.086,100.835,788.238,95.369
1.254147,815.086,100.835,801.662,98.102
1.257778,815.086,100.835,808.374,99.469
1.261910,815.086,100.835,811.730,100.152
1.265860,815.086,100.835,813.408,100.494
1.269315,815.086,100.835,814.247,100.664
1.272525,815.086,100.835,814.666,100.750
1.275565,815.086,100.835,814.876,100.793
1.279417,839.693,114.181,827.284,107.487
1.282963,839.693,114.181,833.488,110.834
1.286180,839.693,114.181,836.591,112.507
1.290274,839.693,114.181,838.142,113.344
1.294515,839.693,114.181,838.917,113.762
1.298566,839.693,114.181,839.305,113.971
1.302506,839.693,114.181,839.499,114.076
1.306381,839.693,114.181,839.596,114.128
1.310145,845.295,304.953,842.445,209.541
1.313766,845.295,304.953,843.870,257.247
1.317340,845.295,304.953,844.583,281.100
1.320820,845.295,304.953,844.939,293.026
1.324697,845.295,304.953,845.117,298.990
1.328441,845.295,304.953,845.206,301.971
1.331793,845.295,304.953,845.250,303.462
1.334903,845.295,304.953,845.273,304.208
1.338471,845.295,304.953,845.284,304.580
1.342539,876.359,505.123,860.821,404.852
1.346290,876.359,505.123,868.590,454.988
1.349976,876.359,505.123,872.475,480.055
1.353600,876.359,505.123,874.417,492.589
1.357438,876.359,505.123,875.388,498.856
1.361009,876.359,505.123,875.873,501.990
1.364474,876.359,505.123,876.116,503.557
1.367934,876.359,505.123,876.237,504.340
1.371621,908.879,624.350,892.558,564.345
1.374979,908.879,624.350,900.718,594.347
1.378639,908.879,624.350,904.798,609.348
1.382760,908.879,624.350,906.838,616.849
1.386833,908.879,624.350,907.858,620.599
1.390264,908.879,624.350,908.368,622.474
1.394011,908.879,624.350,908.623,623.412
1.397563,908.879,624.350,908.751,623.881
1.401276,929.680,687.976,919.215,655.928
1.404494,929.680,687.976,924.448,671.952
1.407740,929.680,687.976,927.064,679.964
1.411411,929.680,687.976,928.372,683.970
1.415416,929.680,687.976,929.026,685.973
1.418975,929.680,687.976,929.353,686.974
1.422089,929.680,687.976,929.516,687.475
1.425342,929.680,687.976,929.598,687.725
1.428699,929.680,687.976,929.639,687.850
1.432471,935.262,711.885,932.450,699.868
1.436064,935.262,711.885,933.856,705.877
1.439709,935.262,711.885,934.559,708.881
1.443374,935.262,711.885,934.910,710.383
1.447077,935.262,711.885,935.086,711.134
1.450543,935.262,711.885,935.174,711.510
1.453844,935.262,711.885,935.218,711.698
1.457069,935.262,711.885,935.240,711.792
1.460370,944.814,722.793,940.027,717.292
1.464077,944.814,722.793,942.420,720.043
1.467864,944.814,722.793,943.617,721.418
1.471606,944.814,722.793,944.215,722.106
1.475710,944.814,722.793,944.514,722.449
1.480270,944.814,722.793,944.664,722.621
1.483819,944.814,722.793,944.739,722.707
1.487085,944.814,722.793,944.776,722.750
1.490496,945.176,732.390,944.976,727.570
1.493986,945.176,732.390,945.076,729.980
1.497795,945.176,732.390,945.126,731.185
1.501987,945.176,732.390,945.151,731.787
1.505855,945.176,732.390,945.164,732.088
1.509691,945.176,732.390,945.170,732.239
1.513944,945.176,732.390,945.173,732.314
1.517624,945.176,732.390,945.175,732.352
1.521321,947.128,737.203,946.152,734.778
1.524928,947.128,737.203,946.640,735.990
1.528471,947.128,737.203,946.884,736.597
1.532432,947.128,737.203,947.006,736.900
1.535876,947.128,737.203,947.067,737.052
1.539327,947.128,737.203,947.098,737.127
1.542658,947.128,737.203,947.113,737.165
1.546149,947.128,737.203,947.121,737.184
1.549644,947.128,737.203,947.125,737.194
1.553388,944.888,731.466,946.006,734.330
1.556793,944.888,731.466,945.447,732.898
1.560598,944.888,731.466,945.167,732.182
1.564659,944.888,731.466,945.027,731.824
1.568680,944.888,731.466,944.958,731.645
1.571970,944.888,731.466,944.923,731.555
1.575240,944.888,731.466,944.905,731.511
1.578840,944.888,731.466,944.896,731.488
1.582396,949.545,710.503,947.221,720.995
1.585823,949.545,710.503,948.383,715.749
1.589429,949.545,710.503,948.964,713.126
1.593121,949.545,710.503,949.255,711.814
1.597207,949.545,710.503,949.400,711.158
1.600710,949.545,710.503,949.473,710.831
1.603829,949.545,710.503,949.509,710.667
1.608025,949.545,710.503,949.527,710.585
1.612655,952.636,696.781,951.081,703.683
1.616557,952.636,696.781,951.859,700.232
1.620075,952.636,696.781,952.247,698.507
1.623792,952.636,696.781,952.442,697.644
1.627590,952.636,696.781,952.539,697.213
1.631299,952.636,696.781,952.587,696.997
1.634434,952.636,696.781,952.612,696.889
1.637794,952.636,696.781,952.624,696.835
1.640687,955.532,686.533,954.078,691.684
1.644318,955.532,686.533,954.805,689.109
1.647814,955.532,686.533,955.169,687.821
1.651134,955.532,686.533,955.351,687.177
1.655922,955.532,686.533,955.442,686.855
1.659481,955.532,686.533,955.487,686.694
1.663139,955.532,686.533,955.510,686.614
1.666600,955.532,686.533,955.521,686.573
1.670465,955.532,686.533,955.527,686.553
1.674099,955.592,677.845,955.559,682.199
1.677779,955.592,677.845,955.576,680.022
1.681474,955.592,677.845,955.584,678.934
1.685483,955.592,677.845,955.588,678.389
1.688902,955.592,677.845,955.590,678.117
1.692142,955.592,677.845,955.591,677.981
1.695799,955.592,677.845,955.592,677.913
1.699239,955.592,677.845,955.592,677.879
1.703240,956.451,669.745,956.022,673.812
1.706699,956.451,669.745,956.236,671.779
1.710116,956.451,669.745,956.344,670.762
1.713903,956.451,669.745,956.397,670.254
1.717941,956.451,669.745,956.424,670.000
1.721348,956.451,669.745,956.438,669.872
1.724431,956.451,669.745,956.444,669.809
1.727683,956.451,669.745,956.448,669.777
1.731063,956.451,669.745,956.449,669.761
1.734593,956.335,658.554,956.392,664.158
1.737633,956.335,658.554,956.364,661.356
1.740817,956.335,658.554,956.349,659.955
1.744104,956.335,658.554,956.342,659.254
1.748621,956.335,658.554,956.339,658.904
1.752315,956.335,658.554,956.337,658.729
1.755440,956.335,658.554,956.336,658.641
1.758596,956.335,658.554,956.335,658.598
1.761958,955.335,648.095,955.835,653.346
1.765720,955.335,648.095,955.585,650.721
1.768947,955.335,648.095,955.460,649.408
1.772062,955.335,648.095,955.398,648.751
1.775402,955.335,648.095,955.367,648.423
1.779069,955.335,648.095,955.351,648.259
1.782469,955.335,648.095,955.343,648.177
1.785699,955.335,648.095,955.339,648.136
1.788998,955.335,648.095,955.337,648.115
1.792158,952.248,639.412,953.793,643.764
1.796190,952.248,639.412,953.020,641.588
1.799541,952.248,639.412,952.634,640.500
1.802809,952.248,639.412,952.441,639.956
1.806484,952.248,639.412,952.345,639.684
1.810064,952.248,639.412,952.296,639.548
1.813713,952.248,639.412,952.272,639.480
1.817105,952.248,639.412,952.260,639.446
1.820454,952.248,639.412,952.254,639.429
1.824186,948.347,633.360,950.301,636.395
1.827763,948.347,633.360,949.324,634.877
1.832416,948.347,633.360,948.836,634.119
1.836545,948.347,633.360,948.592,633.739
1.840405,948.347,633.360,948.470,633.550
1.843953,948.347,633.360,948.408,633.455
1.847658,948.347,633.360,948.378,633.407
1.850994,948.347,633.360,948.363,633.384
1.854497,947.453,628.269,947.908,630.826
1.857927,947.453,628.269,947.681,629.548
1.861434,947.453,628.269,947.567,628.909
1.865152,947.453,628.269,947.510,628.589
1.868454,947.453,628.269,947.482,628.429
1.871787,947.453,628.269,947.468,628.349
1.874980,947.453,628.269,947.460,628.309
1.878916,947.453,628.269,947.457,628.289
1.882148,947.453,628.269,947.455,628.279
1.885735,945.596,607.530,946.526,617.904
1.889081,945.596,607.530,946.061,612.717
1.892247,945.596,607.530,945.829,610.123
1.896170,945.596,607.530,945.712,608.826
1.899548,945.596,607.530,945.654,608.178
1.902629,945.596,607.530,945.625,607.854
1.905602,945.596,607.530,945.611,607.692
1.908647,945.596,607.530,945.604,607.611
1.911708,945.596,607.530,945.600,607.570
1.915274,944.257,586.035,944.929,596.803
1.918836,944.257,586.035,944.593,591.419
1.922632,944.257,586.035,944.425,588.727
1.926436,944.257,586.035,944.341,587.381
1.930199,944.257,586.035,944.299,586.708
1.933549,944.257,586.035,944.278,586.371
1.936940,944.257,586.035,944.268,586.203
1.940671,944.257,586.035,944.263,586.119
1.944749,940.665,565.901,942.464,576.010
1.948826,940.665,565.901,941.565,570.956
1.952841,940.665,565.901,941.115,568.429
1.956936,940.665,565.901,940.890,567.165
1.960841,940.665,565.901,940.778,566.533
1.964437,940.665,565.901,940.722,566.217
1.968057,940.665,565.901,940.693,566.059
1.971427,940.665,565.901,940.679,565.980
1.975087,936.358,546.556,938.519,556.268
1.978725,936.358,546.556,937.438,551.412
1.982554,936.358,546.556,936.898,548.984
1.986536,936.358,546.556,936.628,547.770
1.990068,936.358,546.556,936.493,547.163
1.994322,936.358,546.556,936.426,546.860
1.999310,936.358,546.556,936.392,546.708
2.003130,936.358,546.556,936.375,546.632
2.006714,936.524,530.756,936.450,538.694
2.010050,936.524,530.756,936.487,534.725
2.013759,936.524,530.756,936.505,532.740
2.018050,936.524,530.756,936.515,531.748
2.021871,936.524,530.756,936.519,531.252
2.025276,936.524,530.756,936.522,531.004
2.029007,936.524,530.756,936.523,530.880
2.032967,936.524,530.756,936.523,530.818
2.036826,933.968,514.835,935.246,522.826
2.040453,933.968,514.835,934.607,518.831
2.043900,933.968,514.835,934.288,516.833
2.048248,933.968,514.835,934.128,515.834
2.051996,933.968,514.835,934.048,515.335
2.055221,933.968,514.835,934.008,515.085
2.058599,933.968,514.835,933.988,514.960
2.062677,933.968,514.835,933.978,514.898
2.066773,932.900,504.911,933.439,509.905
2.070919,932.900,504.911,933.169,507.408
2.074339,932.900,504.911,933.034,506.160
2.078622,932.900,504.911,932.967,505.536
2.082726,932.900,504.911,932.933,505.224
2.086981,932.900,504.911,932.916,505.068
2.091284,932.900,504.911,932.908,504.989
2.095503,932.257,499.749,932.582,502.369
2.100088,932.257,499.749,932.420,501.059
2.104488,932.257,499.749,932.338,500.404
2.108677,932.257,499.749,932.298,500.077
2.119439,932.257,499.749,932.277,499.913
2.129324,931.859,498.329,932.068,499.121
2.133164,931.859,498.329,931.964,498.725
2.136743,931.859,498.329,931.911,498.527
2.140272,931.859,498.329,931.885,498.428
2.144046,931.859,498.329,931.872,498.378
2.147554,931.859,498.329,931.865,498.353
2.151495,931.859,498.329,931.862,498.341
2.154803,933.249,495.529,932.556,496.935
2.159119,933.249,495.529,932.902,496.232
2.163723,933.249,495.529,933.076,495.880
2.167429,933.249,495.529,933.162,495.705
2.170842,933.249,495.529,933.206,495.617
2.174809,933.249,495.529,933.227,495.573
2.178467,933.249,495.529,933.238,495.551
2.182309,933.249,495.529,933.244,495.540
2.185686,934.342,493.117,933.793,494.328
2.189108,934.342,493.117,934.067,493.722
2.192025,934.342,493.117,934.204,493.419
2.195388,934.342,493.117,934.273,493.268
2.198918,934.342,493.117,934.307,493.192
2.202073,934.342,493.117,934.324,493.154
2.205208,934.342,493.117,934.333,493.135
2.208314,934.342,493.117,934.337,493.126
2.211401,934.342,493.117,934.339,493.121
2.214489,934.342,493.117,934.341,493.119
2.218102,936.277,492.758,935.309,492.938
2.222038,936.277,492.758,935.793,492.848
2.225761,936.277,492.758,936.035,492.803
2.230122,936.277,492.758,936.156,492.781
2.234199,936.277,492.758,936.217,492.769
2.238615,936.277,492.758,936.247,492.764
2.242375,936.277,492.758,936.262,492.761
2.246455,937.964,491.950,937.113,492.355
2.250346,937.964,491.950,937.539,492.153
2.253953,937.964,491.950,937.752,492.051
2.258060,937.964,491.950,937.858,492.001
2.262207,937.964,491.950,937.911,491.975
2.266129,937.964,491.950,937.938,491.963
2.269969,937.964,491.950,937.951,491.956
2.273287,937.964,491.950,937.958,491.953
2.276835,949.085,485.990,943.521,488.971
2.280563,949.085,485.990,946.303,487.480
2.283936,949.085,485.990,947.694,486.735
2.287142,949.085,485.990,948.389,486.362
2.290813,949.085,485.990,948.737,486.176
2.294047,949.085,485.990,948.911,486.083
2.297565,949.085,485.990,948.998,486.036
2.301476,949.085,485.990,949.041,486.013
2.304683,949.085,485.990,949.063,486.001
2.308481,1107.165,388.080,1028.114,437.041
2.312195,1107.165,388.080,1067.639,412.560
2.316046,1107.165,388.080,1087.402,400.320
2.319664,1107.165,388.080,1097.283,394.200
2.323026,1107.165,388.080,1102.224,391.140
2.326225,1107.165,388.080,1104.694,389.610
2.330203,1107.165,388.080,1105.930,388.845
2.333497,1107.165,388.080,1106.547,388.463
2.336926,1334.747,245.849,1220.647,317.156
2.340280,1334.747,245.849,1277.697,281.503
2.343451,1334.747,245.849,1306.222,263.676
2.347347,1334.747,245.849,1320.485,254.763
2.351312,1334.747,245.849,1327.616,250.306
2.355000,1334.747,245.849,1331.181,248.078
2.358873,1334.747,245.849,1332.964,246.963
2.362635,1334.747,245.849,1333.856,246.406
2.366347,1490.604,163.125,1412.230,204.766
2.369944,1490.604,163.125,1451.417,183.945
2.373274,1490.604,163.125,1471.011,173.535
2.377585,1490.604,163.125,1480.808,168.330
2.381824,1490.604,163.125,1485.706,165.728
2.385489,1490.604,163.125,1488.155,164.426
2.389531,1490.604,163.125,1489.380,163.776
2.393188,1490.604,163.125,1489.992,163.450
2.396747,1573.085,119.826,1531.538,141.638
2.400370,1573.085,119.826,1552.312,130.732
2.403622,1573.085,119.826,1562.698,125.279
2.408174,1573.085,119.826,1567.891,122.553
2.412375,1573.085,119.826,1570.488,121.189
2.416113,1573.085,119.826,1571.786,120.508
2.419677,1573.085,119.826,1572.436,120.167
2.423866,1573.085,119.826,1572.760,119.996
2.428629,1628.162,101.690,1600.461,110.843
2.432465,1628.162,101.690,1614.311,106.267
2.436366,1628.162,101.690,1621.237,103.978
2.440369,1628.162,101.690,1624.699,102.834
2.443592,1628.162,101.690,1626.431,102.262
2.446945,1628.162,101.690,1627.296,101.976
2.450307,1628.162,101.690,1627.729,101.833
2.453385,1628.162,101.690,1627.945,101.761
2.457002,1659.851,91.701,1643.898,96.731
2.461352,1659.851,91.701,1651.875,94.216
2.465137,1659.851,91.701,1655.863,92.959
2.469346,1659.851,91.701,1657.857,92.330
2.473026,1659.851,91.701,1658.854,92.015
2.476565,1659.851,91.701,1659.353,91.858
2.480105,1659.851,91.701,1659.602,91.780
2.483962,1659.851,91.701,1659.727,91.740
2.488070,1675.401,88.616,1667.564,90.178
2.491465,1675.401,88.616,1671.482,89.397
2.494452,1675.401,88.616,1673.441,89.006
2.498246,1675.401,88.616,1674.421,88.811
2.502911,1675.401,88.616,1674.911,88.714
2.506638,1675.401,88.616,1675.156,88.665
2.510209,1675.401,88.616,1675.278,88.640
2.513767,1675.401,88.616,1675.339,88.628
2.517144,1680.499,84.046,1677.919,86.337
2.520784,1680.499,84.046,1679.209,85.192
2.523846,1680.499,84.046,1679.854,84.619
2.527240,1680.499,84.046,1680.177,84.333
2.531641,1680.499,84.046,1680.338,84.189
2.535644,1680.499,84.046,1680.418,84.118
2.539158,1680.499,84.046,1680.459,84.082
2.542585,1680.499,84.046,1680.479,84.064
2.546061,1680.499,84.046,1680.489,84.055
2.549929,1683.249,81.776,1681.869,82.916
2.553006,1683.249,81.776,1682.559,82.346
2.556181,1683.249,81.776,1682.904,82.061
2.559825,1683.249,81.776,1683.077,81.919
2.563950,1683.249,81.776,1683.163,81.847
2.567541,1683.249,81.776,1683.206,81.812
2.570856,1683.249,81.776,1683.228,81.794
2.574237,1683.249,81.776,1683.239,81.785
2.577654,1682.230,77.213,1682.734,79.499
2.581572,1682.230,77.213,1682.482,78.356
2.584919,1682.230,77.213,1682.356,77.784
2.588412,1682.230,77.213,1682.293,77.499
2.592072,1682.230,77.213,1682.262,77.356
2.595643,1682.230,77.213,1682.246,77.284
2.599299,1682.230,77.213,1682.238,77.249
2.602718,1682.230,77.213,1682.234,77.231
2.606122,1682.230,77.213,1682.232,77.222
2.609945,1683.810,76.552,1683.021,76.887
2.613704,1683.810,76.552,1683.415,76.719
2.617736,1683.810,76.552,1683.613,76.635
2.621881,1683.810,76.552,1683.711,76.593
2.625387,1683.810,76.552,1683.760,76.572
2.628942,1683.810,76.552,1683.785,76.562
2.632363,1683.810,76.552,1683.797,76.557
2.635470,1683.810,76.552,1683.804,76.554
2.639293,1685.178,76.292,1684.491,76.423
2.642653,1685.178,76.292,1684.835,76.358
2.646022,1685.178,76.292,1685.007,76.325
2.649725,1685.178,76.292,1685.093,76.308
2.653488,1685.178,76.292,1685.135,76.300
2.656867,1685.178,76.292,1685.157,76.296
2.660365,1685.178,76.292,1685.168,76.294
2.664097,1685.178,76.292,1685.173,76.293
2.667437,1685.178,76.292,1685.176,76.293
2.671233,1687.243,76.396,1686.209,76.344
2.674744,1687.243,76.396,1686.726,76.370
2.678152,1687.243,76.396,1686.984,76.383
2.682060,1687.243,76.396,1687.114,76.389
2.687576,1687.243,76.396,1687.178,76.392
2.692834,1687.243,76.396,1687.210,76.394
2.697730,1687.243,76.396,1687.227,76.395
2.702572,1689.019,75.028,1688.123,75.711
2.707496,1689.019,75.028,1688.571,75.370
2.711756,1689.019,75.028,1688.795,75.199
2.717752,1689.019,75.028,1688.907,75.113
2.722034,1689.019,75.028,1688.963,75.071
2.725596,1689.019,75.028,1688.991,75.049
2.729367,1690.700,74.447,1689.846,74.748
2.733308,1690.700,74.447,1690.273,74.597
2.737044,1690.700,74.447,1690.487,74.522
2.740701,1690.700,74.447,1690.593,74.484
2.743941,1690.700,74.447,1690.647,74.465
2.747842,1690.700,74.447,1690.673,74.456
2.751351,1690.700,74.447,1690.687,74.451
2.754476,1690.700,74.447,1690.693,74.449
2.757407,1690.700,74.447,1690.697,74.448
2.761169,1692.645,73.172,1691.671,73.810
2.764789,1692.645,73.172,1692.158,73.491
2.768598,1692.645,73.172,1692.402,73.332
2.772093,1692.645,73.172,1692.523,73.252
2.775769,1692.645,73.172,1692.584,73.212
2.779625,1692.645,73.172,1692.615,73.192
2.783001,1692.645,73.172,1692.630,73.182
2.786445,1692.645,73.172,1692.637,73.177
2.789695,1692.415,71.147,1692.526,72.162
2.793200,1692.415,71.147,1692.471,71.654
2.797093,1692.415,71.147,1692.443,71.401
2.800721,1692.415,71.147,1692.429,71.274
2.804245,1692.415,71.147,1692.422,71.210
2.807672,1692.415,71.147,1692.419,71.178
2.811065,1692.415,71.147,1692.417,71.163
2.814755,1692.415,71.147,1692.416,71.155
2.818001,1692.415,71.147,1692.416,71.151
2.822268,1692.911,69.833,1692.664,70.492
2.826757,1692.911,69.833,1692.787,70.162
2.831544,1692.911,69.833,1692.849,69.998
2.835293,1692.911,69.833,1692.880,69.915
2.838726,1692.911,69.833,1692.896,69.874
2.842114,1692.911,69.833,1692.904,69.853
2.845472,1692.911,69.833,1692.907,69.843
2.848814,1692.911,69.833,1692.909,69.838
2.852259,1692.725,67.998,1692.817,68.918
2.855551,1692.725,67.998,1692.771,68.458
2.859076,1692.725,67.998,1692.748,68.228
2.862907,1692.725,67.998,1692.737,68.113
2.866516,1692.725,67.998,1692.731,68.055
2.869802,1692.725,67.998,1692.728,68.027
2.873276,1692.725,67.998,1692.727,68.012
2.876501,1692.725,67.998,1692.726,68.005
2.879899,1693.179,65.761,1692.952,66.883
2.883459,1693.179,65.761,1693.065,66.322
2.887066,1693.179,65.761,1693.122,66.042
2.890730,1693.179,65.761,1693.150,65.901
2.894505,1693.179,65.761,1693.165,65.831
2.898396,1693.179,65.761,1693.172,65.796
2.902305,1693.179,65.761,1693.175,65.779
2.906148,1693.179,65.761,1693.177,65.770
2.909691,1660.085,77.218,1676.631,71.494
2.913361,1660.085,77.218,1668.358,74.356
2.916941,1660.085,77.218,1664.222,75.787
2.920697,1660.085,77.218,1662.153,76.502
2.924667,1660.085,77.218,1661.119,76.860
2.928607,1660.085,77.218,1660.602,77.039
2.932589,1660.085,77.218,1660.344,77.128
2.935867,1660.085,77.218,1660.214,77.173
2.939220,1660.085,77.218,1660.150,77.196
2.942591,1360.404,241.548,1510.277,159.372
2.945729,1360.404,241.548,1435.340,200.460
2.949145,1360.404,241.548,1397.872,221.004
2.952539,1360.404,241.548,1379.138,231.276
2.956015,1360.404,241.548,1369.771,236.412
2.959304,1360.404,241.548,1365.087,238.980
2.962461,1360.404,241.548,1362.745,240.264
2.966662,1360.404,241.548,1361.574,240.906
2.971322,973.187,457.779,1167.381,349.343
2.975000,973.187,457.779,1070.284,403.561
2.979268,973.187,457.779,1021.736,430.670
2.984435,973.187,457.779,997.462,444.225
2.987966,973.187,457.779,985.325,451.002
2.991388,973.187,457.779,979.256,454.391
2.994983,973.187,457.779,976.222,456.085
2.999099,973.187,457.779,974.705,456.932
3.002974,754.880,587.007,864.792,521.970
3.006377,754.880,587.007,809.836,554.488
3.009705,754.880,587.007,782.358,570.748
3.014230,754.880,587.007,768.619,578.877
3.017460,754.880,587.007,761.749,582.942
3.020359,754.880,587.007,758.315,584.975
3.023272,754.880,587.007,756.597,585.991
3.026190,754.880,587.007,755.739,586.499
3.029620,754.880,587.007,755.309,586.753
3.033126,643.546,664.644,699.428,625.698
3.036232,643.546,664.644,671.487,645.171
3.039495,643.546,664.644,657.516,654.907
3.042977,643.546,664.644,650.531,659.775
3.046636,643.546,664.644,647.039,662.210
3.050054,643.546,664.644,645.292,663.427
3.053219,643.546,664.644,644.419,664.035
3.056592,643.546,664.644,643.982,664.339
3.060366,643.546,664.644,643.764,664.492
3.064087,596.412,697.256,620.088,680.874
3.067440,596.412,697.256,608.250,689.065
3.070816,596.412,697.256,602.331,693.160
3.074524,596.412,697.256,599.371,695.208
3.078305,596.412,697.256,597.891,696.232
3.082376,596.412,697.256,597.151,696.744
3.085811,596.412,697.256,596.781,697.000
3.089403,596.412,697.256,596.596,697.128
3.093566,577.869,714.798,587.233,705.963
3.097831,577.869,714.798,582.551,710.381
3.101772,577.869,714.798,580.210,712.589
3.105920,577.869,714.798,579.040,713.694
3.109276,577.869,714.798,578.455,714.246
3.113590,577.869,714.798,578.162,714.522
3.117364,577.869,714.798,578.016,714.660
3.121167,566.711,722.922,572.363,718.791
3.124591,566.711,722.922,569.537,720.857
3.127946,566.711,722.922,568.124,721.889
3.131602,566.711,722.922,567.418,722.406
3.135190,566.711,722.922,567.064,722.664
3.138741,566.711,722.922,566.888,722.793
3.141889,566.711,722.922,566.799,722.857
3.144966,566.711,722.922,566.755,722.890
3.148685,566.711,722.922,566.733,722.906
3.152287,556.730,731.716,561.731,727.311
3.156314,556.730,731.716,559.231,729.513
3.159846,556.730,731.716,557.980,730.615
3.163589,556.730,731.716,557.355,731.165
3.168210,556.730,731.716,557.043,731.441
3.172038,556.730,731.716,556.886,731.578
3.175881,556.730,731.716,556.808,731.647
3.179632,556.730,731.716,556.769,731.682
3.183944,549.792,734.669,553.281,733.175
3.187510,549.792,734.669,551.537,733.922
3.190834,549.792,734.669,550.664,734.296
3.194703,549.792,734.669,550.228,734.482
3.198570,549.792,734.669,550.010,734.576
3.202106,549.792,734.669,549.901,734.622
3.204928,549.792,734.669,549.847,734.646
3.207819,549.792,734.669,549.820,734.658
3.210732,549.792,734.669,549.806,734.663
3.214692,481.199,804.062,515.502,769.362
3.218049,481.199,804.062,498.351,786.712
3.221276,481.199,804.062,489.775,795.387
3.224714,481.199,804.062,485.487,799.724
3.228184,481.199,804.062,483.343,801.893
3.233109,481.199,804.062,482.271,802.977
3.237122,481.199,804.062,481.735,803.519
3.240434,481.199,804.062,481.467,803.791
3.244124,376.534,898.536,429.000,851.163
3.248503,376.534,898.536,402.767,874.850
3.252124,376.534,898.536,389.651,886.693
3.255967,376.534,898.536,383.092,892.614
3.259439,376.534,898.536,379.813,895.575
3.264322,376.534,898.536,378.174,897.055
3.267529,376.534,898.536,377.354,897.796
3.270452,376.534,898.536,376.944,898.166
3.273535,299.727,958.062,338.336,928.114
3.276840,299.727,958.062,319.032,943.088
3.280520,299.727,958.062,309.379,950.575
3.283745,299.727,958.062,304.553,954.319
3.287221,299.727,958.062,302.140,956.191
3.291008,299.727,958.062,300.934,957.127
3.294614,299.727,958.062,300.331,957.594
3.298384,299.727,958.062,300.029,957.828
3.301894,299.727,958.062,299.878,957.945
3.305776,250.339,991.689,275.109,974.817
3.309198,250.339,991.689,262.724,983.253
3.312878,250.339,991.689,256.531,987.471
3.316668,250.339,991.689,253.435,989.580
3.320078,250.339,991.689,251.887,990.635
3.323550,250.339,991.689,251.113,991.162
3.327255,250.339,991.689,250.726,991.425
3.330719,250.339,991.689,250.532,991.557
3.334090,232.671,1010.486,241.602,1001.022
3.337483,232.671,1010.486,237.137,1005.754
3.341380,232.671,1010.486,234.904,1008.120
3.344722,232.671,1010.486,233.788,1009.303
3.348406,232.671,1010.486,233.229,1009.895
3.351976,232.671,1010.486,232.950,1010.190
3.355228,232.671,1010.486,232.811,1010.338
3.358432,232.671,1010.486,232.741,1010.412
3.361467,232.671,1010.486,232.706,1010.449
3.364909,220.888,1022.883,226.797,1016.666
3.368375,220.888,1022.883,223.842,1019.774
3.371965,220.888,1022.883,222.365,1021.329
3.375595,220.888,1022.883,221.626,1022.106
3.379382,220.888,1022.883,221.257,1022.494
3.382790,220.888,1022.883,221.072,1022.688
3.385977,220.888,1022.883,220.980,1022.786
3.389256,220.888,1022.883,220.934,1022.834
3.392128,220.888,1022.883,220.911,1022.859
3.395704,214.296,1030.264,217.604,1026.561
3.399184,214.296,1030.264,215.950,1028.413
3.402840,214.296,1030.264,215.123,1029.338
3.406237,214.296,1030.264,214.710,1029.801
3.409561,214.296,1030.264,214.503,1030.033
3.412747,214.296,1030.264,214.400,1030.148
3.416174,214.296,1030.264,214.348,1030.206
3.419417,214.296,1030.264,214.322,1030.235
3.422671,214.296,1030.264,214.309,1030.250
3.426146,210.733,1029.028,212.521,1029.639
3.429419,210.733,1029.028,211.627,1029.333
3.432912,210.733,1029.028,211.180,1029.180
3.436486,210.733,1029.028,210.956,1029.104
3.440135,210.733,1029.028,210.844,1029.066
3.443368,210.733,1029.028,210.789,1029.047
3.446680,210.733,1029.028,210.761,1029.037
3.450232,210.733,1029.028,210.747,1029.032
3.453404,211.078,1027.379,210.913,1028.206
3.457325,211.078,1027.379,210.996,1027.792
3.460475,211.078,1027.379,211.037,1027.585
3.464235,211.078,1027.379,211.058,1027.482
3.468148,211.078,1027.379,211.068,1027.430
3.471677,211.078,1027.379,211.073,1027.405
3.474874,211.078,1027.379,211.076,1027.392
3.477936,211.078,1027.379,211.077,1027.385
3.481290,211.078,1027.379,211.078,1027.382
3.484434,216.876,1023.222,213.977,1025.302
3.487660,216.876,1023.222,215.427,1024.262
3.490858,216.876,1023.222,216.151,1023.742
3.494058,216.876,1023.222,216.514,1023.482
3.498025,216.876,1023.222,216.695,1023.352
3.501781,216.876,1023.222,216.785,1023.287
3.505263,216.876,1023.222,216.831,1023.255
3.508512,216.876,1023.222,216.853,1023.238
3.512516,216.876,1023.222,216.865,1023.230
3.517461,209.494,1009.082,213.180,1016.156
3.521143,209.494,1009.082,211.337,1012.619
3.524624,209.494,1009.082,210.416,1010.851
3.528413,209.494,1009.082,209.955,1009.966
3.532370,209.494,1009.082,209.725,1009.524
3.535958,209.494,1009.082,209.610,1009.303
3.539357,209.494,1009.082,209.552,1009.193
3.542480,209.494,1009.082,209.523,1009.137
3.546361,204.654,994.163,207.089,1001.650
3.549875,204.654,994.163,205.872,997.907
3.553370,204.654,994.163,205.263,996.035
3.556860,204.654,994.163,204.959,995.099
3.560463,204.654,994.163,204.807,994.631
3.563897,204.654,994.163,204.730,994.397
3.567138,204.654,994.163,204.692,994.280
3.570715,204.654,994.163,204.673,994.221
3.573779,204.654,994.163,204.664,994.192
3.577348,199.359,982.753,202.011,988.473
3.580935,199.359,982.753,200.685,985.613
3.584309,199.359,982.753,200.022,984.183
3.588354,199.359,982.753,199.690,983.468
3.592100,199.359,982.753,199.524,983.110
3.595727,199.359,982.753,199.441,982.932
3.599037,199.359,982.753,199.400,982.842
3.602084,199.359,982.753,199.379,982.798
3.605397,194.434,973.851,196.906,978.325
3.608751,194.434,973.851,195.670,976.088
3.611924,194.434,973.851,195.052,974.970
3.615812,194.434,973.851,194.743,974.411
3.619499,194.434,973.851,194.588,974.131
3.623109,194.434,973.851,194.511,973.991
3.626736,194.434,973.851,194.472,973.921
3.630253,194.434,973.851,194.453,973.886
3.633581,194.434,973.851,194.443,973.869
3.637920,189.012,962.493,191.727,968.181
3.641682,189.012,962.493,190.369,965.337
3.645202,189.012,962.493,189.690,963.915
3.649074,189.012,962.493,189.351,963.204
3.652713,189.012,962.493,189.181,962.849
3.655863,189.012,962.493,189.096,962.671
3.659369,189.012,962.493,189.054,962.582
3.662588,189.012,962.493,189.033,962.538
3.666176,185.026,948.099,187.029,955.318
3.669577,185.026,948.099,186.027,951.709
3.672616,185.026,948.099,185.526,949.904
3.675796,185.026,948.099,185.276,949.002
3.679235,185.026,948.099,185.151,948.550
3.682930,185.026,948.099,185.088,948.325
3.686250,185.026,948.099,185.057,948.212
3.689694,185.026,948.099,185.041,948.156
3.692994,185.026,948.099,185.033,948.127
3.696245,179.974,935.128,182.504,941.628
3.700008,179.974,935.128,181.239,938.378
3.703305,179.974,935.128,180.606,936.753
3.706729,179.974,935.128,180.290,935.940
3.710134,179.974,935.128,180.132,935.534
3.713671,179.974,935.128,180.053,935.331
3.717008,179.974,935.128,180.013,935.229
3.720294,179.974,935.128,179.993,935.179
3.723598,179.974,935.128,179.984,935.153
3.727006,176.056,924.697,178.020,929.925
3.730985,176.056,924.697,177.038,927.311
3.734707,176.056,924.697,176.547,926.004
3.738464,176.056,924.697,176.302,925.351
3.741920,176.056,924.697,176.179,925.024
3.745109,176.056,924.697,176.117,924.861
3.748452,176.056,924.697,176.087,924.779
3.751519,176.056,924.697,176.071,924.738
3.754425,176.056,924.697,176.064,924.718
3.758041,171.873,919.604,173.968,922.161
3.761809,171.873,919.604,172.920,920.882
3.765240,171.873,919.604,172.397,920.243
3.768820,171.873,919.604,172.135,919.923
3.772367,171.873,919.604,172.004,919.764
3.775742,171.873,919.604,171.938,919.684
3.779908,171.873,919.604,171.905,919.644
3.783966,171.873,919.604,171.889,919.624
3.787469,168.986,919.126,170.438,919.375
3.790724,168.986,919.126,169.712,919.250
3.793880,168.986,919.126,169.349,919.188
3.797537,168.986,919.126,169.168,919.157
3.801375,168.986,919.126,169.077,919.142
3.804431,168.986,919.126,169.032,919.134
3.807902,168.986,919.126,169.009,919.130
3.811248,168.986,919.126,168.998,919.128
3.814474,168.986,919.126,168.992,919.127
3.817777,189.362,899.093,179.177,909.110
3.821062,189.362,899.093,184.270,904.101
3.824271,189.362,899.093,186.816,901.597
3.827894,189.362,899.093,188.089,900.345
3.831952,189.362,899.093,188.726,899.719
3.835428,189.362,899.093,189.044,899.406
3.838852,189.362,899.093,189.203,899.249
3.842168,189.362,899.093,189.283,899.171
3.845565,189.362,899.093,189.323,899.132
3.849252,319.066,784.024,254.195,841.578
3.852520,319.066,784.024,286.630,812.801
3.855996,319.066,784.024,302.848,798.412
3.859522,319.066,784.024,310.957,791.218
3.863328,319.066,784.024,315.012,787.621
3.866753,319.066,784.024,317.039,785.822
3.869916,319.066,784.024,318.053,784.923
3.873101,319.066,784.024,318.560,784.473
3.876260,481.513,660.707,400.037,722.590
3.879910,481.513,660.707,440.775,691.649
3.883062,481.513,660.707,461.144,676.178
3.886498,481.513,660.707,471.329,668.443
3.890077,481.513,660.707,476.421,664.575
3.893391,481.513,660.707,478.967,662.641
3.896605,481.513,660.707,480.240,661.674
3.899725,481.513,660.707,480.877,661.191
3.903136,481.513,660.707,481.195,660.949
3.906693,581.071,563.237,531.133,612.093
3.910314,581.071,563.237,556.102,587.665
3.913792,581.071,563.237,568.586,575.451
3.917366,581.071,563.237,574.829,569.344
3.921272,581.071,563.237,577.950,566.290
3.924672,581.071,563.237,579.510,564.764
3.927980,581.071,563.237,580.290,564.000
3.931405,581.071,563.237,580.681,563.619
3.934752,581.071,563.237,580.876,563.428
3.938541,641.643,516.218,611.259,539.823
3.942126,641.643,516.218,626.451,528.021
3.946158,641.643,516.218,634.047,522.120
3.950398,641.643,516.218,637.845,519.169
3.954391,641.643,516.218,639.744,517.694
3.958136,641.643,516.218,640.693,516.956
3.961558,641.643,516.218,641.168,516.587
3.965382,641.643,516.218,641.405,516.403
3.969652,670.562,483.359,655.983,499.881
3.973098,670.562,483.359,663.272,491.620
3.976612,670.562,483.359,666.917,487.489
3.980850,670.562,483.359,668.739,485.424
3.984163,670.562,483.359,669.650,484.392
3.987552,670.562,483.359,670.106,483.875
3.990897,670.562,483.359,670.334,483.617
3.994028,670.562,483.359,670.448,483.488
3.997277,695.982,467.682,683.215,475.585
4.002259,695.982,467.682,689.598,471.633
4.006252,695.982,467.682,692.790,469.658
4.010633,695.982,467.682,694.386,468.670
4.015064,695.982,467.682,695.184,468.176
4.018650,695.982,467.682,695.583,467.929
4.021721,695.982,467.682,695.782,467.805
4.024592,695.982,467.682,695.882,467.744
4.027887,703.040,459.858,699.461,463.801
4.031586,703.040,459.858,701.251,461.830
4.034916,703.040,459.858,702.145,460.844
4.038562,703.040,459.858,702.593,460.351
4.042067,703.040,459.858,702.816,460.105
4.045494,703.040,459.858,702.928,459.981
4.049304,703.040,459.858,702.984,459.920
4.052360,703.040,459.858,703.012,459.889
4.055433,703.040,459.858,703.026,459.874
4.058746,705.247,450.858,704.137,455.366
4.061986,705.247,450.858,704.692,453.112
4.065575,705.247,450.858,704.970,451.985
4.069213,705.247,450.858,705.108,451.421
4.072735,705.247,450.858,705.178,451.139
4.075917,705.247,450.858,705.213,450.999
4.079234,705.247,450.858,705.230,450.928
4.082565,705.247,450.858,705.239,450.893
4.085686,705.247,450.858,705.243,450.875
4.088878,702.984,450.954,704.114,450.915
4.092054,702.984,450.954,703.549,450.934
4.095590,702.984,450.954,703.267,450.944
4.099810,702.984,450.954,703.125,450.949
4.104229,702.984,450.954,703.055,450.952
4.107923,702.984,450.954,703.019,450.953
4.111847,702.984,450.954,703.002,450.954
4.116022,702.984,450.954,702.993,450.954
4.120454,704.706,449.961,703.850,450.457
4.124478,704.706,449.961,704.278,450.209
4.128185,704.706,449.961,704.492,450.085
4.132288,704.706,449.961,704.599,450.023
4.135693,704.706,449.961,704.653,449.992
4.138826,704.706,449.961,704.679,449.976
4.142128,704.706,449.961,704.693,449.969
4.145479,704.706,449.961,704.699,449.965
4.148955,705.080,451.391,704.890,450.678
4.152289,705.080,451.391,704.985,451.034
4.155621,705.080,451.391,705.032,451.212
4.159081,705.080,451.391,705.056,451.301
4.162580,705.080,451.391,705.068,451.346
4.166132,705.080,451.391,705.074,451.368
4.169703,705.080,451.391,705.077,451.379
4.174153,705.080,451.391,705.079,451.385
4.178739,702.926,447.371,704.002,449.378
4.183242,702.926,447.371,703.464,448.374
4.187269,702.926,447.371,703.195,447.872
4.191265,702.926,447.371,703.061,447.621
4.194825,702.926,447.371,702.993,447.496
4.199030,702.926,447.371,702.960,447.433
4.203514,702.926,447.371,702.943,447.402
4.207243,702.926,447.371,702.934,447.386
4.210660,673.740,428.868,688.337,438.127
4.214063,673.740,428.868,681.039,433.498
4.217444,673.740,428.868,677.389,431.183
4.221343,673.740,428.868,675.565,430.025
4.225057,673.740,428.868,674.652,429.447
4.228270,673.740,428.868,674.196,429.157
4.231429,673.740,428.868,673.968,429.013
4.234586,673.740,428.868,673.854,428.940
4.238460,673.740,428.868,673.797,428.904
4.242122,488.770,337.158,581.283,383.031
4.245409,488.770,337.158,535.026,360.095
4.249319,488.770,337.158,511.898,348.627
4.253583,488.770,337.158,500.334,342.893
4.257230,488.770,337.158,494.552,340.026
4.260709,488.770,337.158,491.661,338.592
4.263965,488.770,337.158,490.215,337.875
4.267327,488.770,337.158,489.492,337.517
4.270901,253.153,213.768,371.323,275.643
4.273863,253.153,213.768,312.238,244.706
4.276896,253.153,213.768,282.696,229.237
4.279990,253.153,213.768,267.924,221.503
4.283884,253.153,213.768,260.539,217.636
4.287682,253.153,213.768,256.846,215.702
4.290903,253.153,213.768,255.000,214.735
4.294334,253.153,213.768,254.076,214.252
4.298685,253.153,213.768,253.615,214.010
4.302543,84.580,122.280,169.098,168.145
4.306370,84.580,122.280,126.839,145.212
4.309788,84.580,122.280,105.710,133.746
4.313488,84.580,122.280,95.145,128.013
4.317096,84.580,122.280,89.863,125.146
4.326796,84.580,122.280,87.222,123.713
4.336558,-74.798,-25.995,6.212,48.859
4.340628,-74.798,-25.995,-34.293,11.432
4.344614,-74.798,-25.995,-54.546,-7.281
4.348052,-74.798,-25.995,-64.672,-16.638
4.351213,-74.798,-25.995,-69.735,-21.316
4.354020,-74.798,-25.995,-72.267,-23.656
4.356756,-74.798,-25.995,-73.533,-24.825
4.359715,-74.798,-25.995,-74.165,-25.410
4.362779,-74.798,-25.995,-74.482,-25.702
4.365849,-74.798,-25.995,-74.640,-25.849
4.368645,-74.798,-25.995,-74.719,-25.922
4.371927,-74.798,-25.995,-74.759,-25.958
4.375549,-74.798,-25.995,-74.779,-25.977
4.378469,-74.798,-25.995,-74.788,-25.986
4.381601,-74.798,-25.995,-74.793,-25.990
4.384513,-74.798,-25.995,-74.796,-25.993
4.387799,-74.798,-25.995,-74.797,-25.994
4.390737,-74.798,-25.995,-74.798,-25.994
4.393949,-74.798,-25.995,-74.798,-25.995
4.397497,-74.798,-25.995,-74.798,-25.995
4.400934,-74.798,-25.995,-74.798,-25.995
4.404506,-74.798,-25.995,-74.798,-25.995
4.407481,-74.798,-25.995,-74.798,-25.995
4.410685,-74.798,-25.995,-74.798,-25.995
4.413757,-74.798,-25.995,-74.798,-25.995
4.416943,-74.798,-25.995,-74.798,-25.995
4.420150,-212.585,-167.649,-143.692,-96.822
4.423443,-212.585,-167.649,-178.138,-132.236
4.427206,-212.585,-167.649,-195.362,-149.942
4.430848,-212.585,-167.649,-203.973,-158.796
4.434420,-212.585,-167.649,-208.279,-163.223
4.438011,-212.585,-167.649,-210.432,-165.436
4.441823,-212.585,-167.649,-211.508,-166.543
4.445697,-212.585,-167.649,-212.047,-167.096
4.449462,-212.585,-167.649,-212.316,-167.373
4.453178,25.641,-39.591,-93.337,-103.482
4.456640,25.641,-39.591,-33.848,-71.536
4.460486,25.641,-39.591,-4.104,-55.564
4.464392,25.641,-39.591,10.768,-47.577
4.467734,25.641,-39.591,18.205,-43.584
4.471166,25.641,-39.591,21.923,-41.587
4.474234,25.641,-39.591,23.782,-40.589
4.477401,25.641,-39.591,24.711,-40.090
4.480392,25.641,-39.591,25.176,-39.840
4.483983,120.846,-3.532,73.011,-21.686
4.487411,120.846,-3.532,96.929,-12.609
4.490833,120.846,-3.532,108.887,-8.070
4.494571,120.846,-3.532,114.867,-5.801
4.498052,120.846,-3.532,117.856,-4.666
4.501441,120.846,-3.532,119.351,-4.099
4.504786,120.846,-3.532,120.099,-3.815
4.508087,120.846,-3.532,120.472,-3.674
4.511283,254.535,85.666,187.504,40.996
4.514889,254.535,85.666,221.019,63.331
4.518521,254.535,85.666,237.777,74.499
4.522328,254.535,85.666,246.156,80.083
4.526391,254.535,85.666,250.346,82.875
4.530512,254.535,85.666,252.440,84.270
4.534008,254.535,85.666,253.488,84.968
4.537297,254.535,85.666,254.011,85.317
4.540441,254.535,85.666,254.273,85.492
4.543851,395.428,167.564,324.851,126.528
4.547062,395.428,167.564,360.139,147.046
4.550808,395.428,167.564,377.784,157.305
4.554536,395.428,167.564,386.606,162.434
4.557891,395.428,167.564,391.017,164.999
4.561154,395.428,167.564,393.222,166.281
4.564379,395.428,167.564,394.325,166.923
4.567867,395.428,167.564,394.877,167.243
4.571019,395.428,167.564,395.152,167.403
4.574385,499.095,236.964,447.124,202.184
4.577497,499.095,236.964,473.109,219.574
4.581018,499.095,236.964,486.102,228.269
4.585233,499.095,236.964,492.599,232.617
4.588822,499.095,236.964,495.847,234.791
4.592114,499.095,236.964,497.471,235.877
4.595730,499.095,236.964,498.283,236.421
4.599501,499.095,236.964,498.689,236.693
4.603125,569.443,288.060,534.066,262.376
4.606465,569.443,288.060,551.754,275.218
4.609677,569.443,288.060,560.598,281.639
4.613884,569.443,288.060,565.021,284.850
4.617848,569.443,288.060,567.232,286.455
4.621077,569.443,288.060,568.337,287.257
4.624214,569.443,288.060,568.890,287.659
4.627242,569.443,288.060,569.166,287.859
4.630690,569.443,288.060,569.304,287.960
4.634476,614.255,315.872,591.780,301.916
4.637523,614.255,315.872,603.018,308.894
4.640648,614.255,315.872,608.636,312.383
4.644249,614.255,315.872,611.446,314.128
4.648229,614.255,315.872,612.851,315.000
4.651694,614.255,315.872,613.553,315.436
4.654939,614.255,315.872,613.904,315.654
4.658319,614.255,315.872,614.080,315.763
4.662177,641.531,336.878,627.805,326.321
4.665905,641.531,336.878,634.668,331.600
4.669415,641.531,336.878,638.099,334.239
4.672701,641.531,336.878,639.815,335.559
4.676687,641.531,336.878,640.673,336.219
4.680230,641.531,336.878,641.102,336.548
4.683553,641.531,336.878,641.316,336.713
4.686850,641.531,336.878,641.424,336.796
4.689967,641.531,336.878,641.477,336.837
4.693240,651.297,345.600,646.387,341.219
4.697426,651.297,345.600,648.842,343.410
4.700954,651.297,345.600,650.070,344.505
4.704442,651.297,345.600,650.684,345.053
4.707977,651.297,345.600,650.991,345.327
4.711131,651.297,345.600,651.144,345.463
4.714477,651.297,345.600,651.221,345.532
4.717782,651.297,345.600,651.259,345.566
4.721170,651.297,345.600,651.278,345.583
4.724591,648.366,351.222,649.822,348.402
4.727750,648.366,351.222,649.094,349.812
4.731270,648.366,351.222,648.730,350.517
4.734827,648.366,351.222,648.548,350.869
4.738885,648.366,351.222,648.457,351.045
4.742225,648.366,351.222,648.412,351.134
4.745168,648.366,351.222,648.389,351.178
4.748460,648.366,351.222,648.378,351.200
4.751635,648.366,351.222,648.372,351.211
4.755157,635.826,328.306,642.099,339.758
4.758268,635.826,328.306,638.962,334.032
4.761233,635.826,328.306,637.394,331.169
4.764620,635.826,328.306,636.610,329.738
4.768456,635.826,328.306,636.218,329.022
4.771794,635.826,328.306,636.022,328.664
4.775054,635.826,328.306,635.924,328.485
4.778061,635.826,328.306,635.875,328.396
4.781397,635.826,328.306,635.850,328.351
4.784779,626.279,314.007,631.065,321.179
4.787945,626.279,314.007,628.672,317.593
4.791241,626.279,314.007,627.475,315.800
4.794631,626.279,314.007,626.877,314.903
4.798594,626.279,314.007,626.578,314.455
4.802255,626.279,314.007,626.428,314.231
4.805727,626.279,314.007,626.354,314.119
4.809147,626.279,314.007,626.316,314.063
4.812442,626.279,314.007,626.298,314.035
4.816865,622.215,305.579,624.256,309.807
4.820399,622.215,305.579,623.235,307.693
4.823784,622.215,305.579,622.725,306.636
4.827387,622.215,305.579,622.470,306.108
4.831179,622.215,305.579,622.342,305.843
4.835237,622.215,305.579,622.279,305.711
4.839300,622.215,305.579,622.247,305.645
4.842695,622.215,305.579,622.231,305.612
4.846358,619.069,299.342,620.650,302.477
4.850267,619.069,299.342,619.859,300.909
4.854096,619.069,299.342,619.464,300.126
4.857971,619.069,299.342,619.266,299.734
4.862007,619.069,299.342,619.168,299.538
4.865881,619.069,299.342,619.118,299.440
4.869531,619.069,299.342,619.093,299.391
4.873205,616.560,293.764,617.827,296.577
4.877295,616.560,293.764,617.194,295.170
4.881442,616.560,293.764,616.877,294.467
4.885618,616.560,293.764,616.719,294.115
4.889836,616.560,293.764,616.640,293.940
4.893414,616.560,293.764,616.600,293.852
4.897201,616.560,293.764,616.580,293.808
4.900978,616.560,293.764,616.570,293.786
4.904850,639.101,309.428,627.835,301.607
4.908892,639.101,309.428,633.468,305.517
4.912599,639.101,309.428,636.284,307.473
4.916648,639.101,309.428,637.693,308.450
4.920617,639.101,309.428,638.397,308.939
4.924325,639.101,309.428,638.749,309.183
4.927807,639.101,309.428,638.925,309.306
4.931454,639.101,309.428,639.013,309.367
4.935513,683.734,342.575,661.373,325.971
4.939571,683.734,342.575,672.554,334.273
4.943276,683.734,342.575,678.144,338.424
4.947344,683.734,342.575,680.939,340.500
4.951162,683.734,342.575,682.336,341.538
4.955256,683.734,342.575,683.035,342.056
4.959305,683.734,342.575,683.385,342.316
4.962760,683.734,342.575,683.559,342.446
4.967007,737.169,376.153,710.364,359.299
4.970777,737.169,376.153,723.767,367.726
4.974351,737.169,376.153,730.468,371.939
4.978476,737.169,376.153,733.819,374.046
4.982721,737.169,376.153,735.494,375.099
4.986818,737.169,376.153,736.332,375.626
4.990619,737.169,376.153,736.751,375.889
4.994462,784.657,397.352,760.704,386.621
4.998259,784.657,397.352,772.680,391.986
5.002022,784.657,397.352,778.669,394.669
5.005893,784.657,397.352,781.663,396.011
5.009538,784.657,397.352,783.160,396.681
5.013329,784.657,397.352,783.908,397.017
5.017352,784.657,397.352,784.283,397.184
5.020868,784.657,397.352,784.470,397.268
5.024360,820.655,423.468,802.562,410.368
5.028225,820.655,423.468,811.609,416.918
5.032379,820.655,423.468,816.132,420.193
5.036628,820.655,423.468,818.394,421.831
5.040887,820.655,423.468,819.524,422.649
5.044753,820.655,423.468,820.090,423.059
5.049840,820.655,423.468,820.372,423.264
5.053387,820.655,423.468,820.514,423.366
5.057222,846.282,436.821,833.398,430.093
5.061089,846.282,436.821,839.840,433.457
5.065022,846.282,436.821,843.061,435.139
5.069013,846.282,436.821,844.671,435.980
5.072521,846.282,436.821,845.476,436.400
5.076140,846.282,436.821,845.879,436.611
5.079963,846.282,436.821,846.080,436.716
5.083414,846.282,436.821,846.181,436.768
5.086789,863.298,444.567,854.739,440.667
5.090261,863.298,444.567,859.018,442.617
5.093916,863.298,444.567,861.158,443.592
5.097410,863.298,444.567,862.228,444.079
5.100858,863.298,444.567,862.763,444.323
5.104088,863.298,444.567,863.030,444.445
5.107326,863.298,444.567,863.164,444.506
5.111992,863.298,444.567,863.231,444.536
5.117014,869.640,451.572,866.435,448.054
5.121176,869.640,451.572,868.038,449.813
5.125115,869.640,451.572,868.839,450.692
5.129155,869.640,451.572,869.240,451.132
5.132874,869.640,451.572,869.440,451.352
5.136446,869.640,451.572,869.540,451.462
5.140409,869.640,451.572,869.590,451.517
5.144252,869.640,451.572,869.615,451.544
5.148873,873.628,454.885,871.621,453.215
5.152842,873.628,454.885,872.625,454.050
5.157556,873.628,454.885,873.126,454.467
5.161515,873.628,454.885,873.377,454.676
5.165141,873.628,454.885,873.502,454.781
5.168630,873.628,454.885,873.565,454.833
5.172385,873.628,454.885,873.596,454.859
5.176224,878.749,459.792,876.173,457.325
5.180316,878.749,459.792,877.461,458.559
5.184733,878.749,459.792,878.105,459.175
5.189928,878.749,459.792,878.427,459.484
5.194432,878.749,459.792,878.588,459.638
5.198856,878.749,459.792,878.669,459.715
5.203131,878.749,459.792,878.709,459.753
5.207711,879.938,460.129,879.323,459.941
5.211804,879.938,460.129,879.631,460.035
5.216383,879.938,460.129,879.784,460.082
5.220849,879.938,460.129,879.861,460.106
5.224547,879.938,460.129,879.900,460.118
5.228139,879.938,460.129,879.919,460.123
5.232303,879.938,460.129,879.929,460.126
5.236495,883.208,465.497,881.568,462.812
5.240516,883.208,465.497,882.388,464.154
5.244665,883.208,465.497,882.798,464.825
5.249110,883.208,465.497,883.003,465.161
5.254047,883.208,465.497,883.105,465.329
5.258549,883.208,465.497,883.157,465.413
5.262447,883.208,465.497,883.182,465.455
5.266689,883.008,468.348,883.095,466.902
5.270578,883.008,468.348,883.051,467.625
5.273852,883.008,468.348,883.029,467.987
5.277354,883.008,468.348,883.018,468.168
5.280989,883.008,468.348,883.013,468.258
5.285110,883.008,468.348,883.010,468.303
5.288830,883.008,468.348,883.009,468.326
5.292696,883.008,468.348,883.008,468.337
5.296890,885.155,470.924,884.082,469.631
5.300959,885.155,470.924,884.618,470.277
5.304964,885.155,470.924,884.887,470.601
5.308932,885.155,470.924,885.021,470.763
5.313258,885.155,470.924,885.088,470.843
5.317454,885.155,470.924,885.121,470.884
5.321377,885.155,470.924,885.138,470.904
5.324971,885.155,470.924,885.147,470.914
5.328944,884.642,475.201,884.894,473.058
5.333033,884.642,475.201,884.768,474.129
5.336845,884.642,475.201,884.705,474.665
5.340761,884.642,475.201,884.674,474.933
5.344333,884.642,475.201,884.658,475.067
5.347917,884.642,475.201,884.650,475.134
5.351207,884.642,475.201,884.646,475.168
5.354574,884.642,475.201,884.644,475.184
5.358379,830.830,556.055,857.737,515.620
5.362023,830.830,556.055,844.283,535.837
5.365972,830.830,556.055,837.557,545.946
5.369979,830.830,556.055,834.193,551.001
5.374071,830.830,556.055,832.511,553.528
5.377807,830.830,556.055,831.671,554.791
5.382045,830.830,556.055,831.250,555.423
5.385489,830.830,556.055,831.040,555.739
5.389255,703.783,739.412,767.411,647.576
5.393370,703.783,739.412,735.597,693.494
5.397734,703.783,739.412,719.690,716.453
5.402052,703.783,739.412,711.736,727.933
5.405737,703.783,739.412,707.759,733.673
5.409337,703.783,739.412,705.771,736.543
5.412656,703.783,739.412,704.777,737.977
5.416284,614.086,872.328,659.431,805.153
5.419846,614.086,872.328,636.759,838.740
5.422995,614.086,872.328,625.423,855.534
5.426644,614.086,872.328,619.754,863.931
5.430826,614.086,872.328,616.920,868.129
5.435142,614.086,872.328,615.503,870.229
5.439240,614.086,872.328,614.795,871.278
5.442988,614.086,872.328,614.440,871.803
5.446720,522.495,924.575,568.468,898.189
5.450929,522.495,924.575,545.481,911.382
5.454628,522.495,924.575,533.988,917.979
5.458782,522.495,924.575,528.241,921.277
5.462861,522.495,924.575,525.368,922.926
5.466871,522.495,924.575,523.931,923.751
5.470854,522.495,924.575,523.213,924.163
5.474994,522.495,924.575,522.854,924.369
5.478587,466.561,977.738,494.708,951.054
5.482265,466.561,977.738,480.635,964.396
5.486564,466.561,977.738,473.598,971.067
5.490944,466.561,977.738,470.080,974.403
5.494747,466.561,977.738,468.321,976.070
5.498607,466.561,977.738,467.441,976.904
5.502322,466.561,977.738,467.001,977.321
5.505921,466.561,977.738,466.781,977.530
5.510079,490.926,1032.449,478.854,1004.989
5.513740,490.926,1032.449,484.890,1018.719
5.518168,490.926,1032.449,487.908,1025.584
5.522359,490.926,1032.449,489.417,1029.016
5.526024,490.926,1032.449,490.171,1030.733
5.529785,490.926,1032.449,490.549,1031.591
5.533988,490.926,1032.449,490.737,1032.020
5.538448,474.199,1048.127,482.468,1040.073
5.542789,474.199,1048.127,478.334,1044.100
5.546877,474.199,1048.127,476.266,1046.114
5.550945,474.199,1048.127,475.233,1047.120
5.554798,474.199,1048.127,474.716,1047.624
5.558941,474.199,1048.127,474.457,1047.875
5.562588,474.199,1048.127,474.328,1048.001
5.566677,474.199,1048.127,474.264,1048.064
5.570477,465.569,1053.565,469.916,1050.814
5.574127,465.569,1053.565,467.743,1052.190
5.578095,465.569,1053.565,466.656,1052.877
5.582640,465.569,1053.565,466.113,1053.221
5.586559,465.569,1053.565,465.841,1053.393
5.589776,465.569,1053.565,465.705,1053.479
5.592910,465.569,1053.565,465.637,1053.522
5.596095,465.569,1053.565,465.603,1053.543
5.599681,465.631,1056.624,465.617,1055.083
5.603141,465.631,1056.624,465.624,1055.854
5.606249,465.631,1056.624,465.627,1056.239
5.609754,465.631,1056.624,465.629,1056.431
5.613282,465.631,1056.624,465.630,1056.527
5.617164,465.631,1056.624,465.630,1056.575
5.620411,465.631,1056.624,465.630,1056.600
5.623783,465.631,1056.624,465.630,1056.612
5.626934,465.631,1056.624,465.630,1056.618
5.630762,468.940,1053.401,467.285,1055.009
5.634414,468.940,1053.401,468.113,1054.205
5.638048,468.940,1053.401,468.527,1053.803
5.641497,468.940,1053.401,468.734,1053.602
5.645114,468.940,1053.401,468.837,1053.501
5.649211,468.940,1053.401,468.889,1053.451
5.652463,468.940,1053.401,468.915,1053.426
5.655459,468.940,1053.401,468.928,1053.413
5.658780,467.755,1053.617,468.341,1053.515
5.662551,467.755,1053.617,468.048,1053.566
5.666110,467.755,1053.617,467.901,1053.592
5.669641,467.755,1053.617,467.828,1053.604
5.673143,467.755,1053.617,467.791,1053.611
5.676418,467.755,1053.617,467.773,1053.614
5.679692,467.755,1053.617,467.764,1053.616
5.682971,467.755,1053.617,467.759,1053.616
5.686549,467.755,1053.617,467.757,1053.617
5.690023,466.046,1052.956,466.901,1053.287
5.693679,466.046,1052.956,466.474,1053.121
5.697159,466.046,1052.956,466.260,1053.039
5.701014,466.046,1052.956,466.153,1052.998
5.704540,466.046,1052.956,466.099,1052.977
5.708151,466.046,1052.956,466.072,1052.967
5.711537,466.046,1052.956,466.059,1052.961
5.715065,466.046,1052.956,466.052,1052.959
5.718853,463.907,1053.025,464.980,1052.992
5.722479,463.907,1053.025,464.443,1053.009
5.725678,463.907,1053.025,464.175,1053.017
5.728944,463.907,1053.025,464.041,1053.021
5.732939,463.907,1053.025,463.974,1053.023
5.736558,463.907,1053.025,463.940,1053.024
5.740376,463.907,1053.025,463.923,1053.025
5.743534,463.907,1053.025,463.915,1053.025
5.746640,463.907,1053.025,463.911,1053.025
5.750262,463.486,1053.855,463.698,1053.440
5.753677,463.486,1053.855,463.592,1053.647
5.757087,463.486,1053.855,463.539,1053.751
5.760390,463.486,1053.855,463.513,1053.803
5.764111,463.486,1053.855,463.499,1053.829
5.767722,463.486,1053.855,463.493,1053.842
5.771145,463.486,1053.855,463.489,1053.848
5.774288,463.486,1053.855,463.488,1053.852
5.778320,463.486,1053.855,463.487,1053.853
5.782142,464.852,1053.418,464.170,1053.635
5.786509,464.852,1053.418,464.511,1053.527
5.790224,464.852,1053.418,464.682,1053.472
5.794139,464.852,1053.418,464.767,1053.445
5.797922,464.852,1053.418,464.810,1053.432
5.803056,464.852,1053.418,464.831,1053.425
5.807262,464.852,1053.418,464.842,1053.421
5.810629,464.181,1053.437,464.511,1053.429
5.816316,464.181,1053.437,464.346,1053.433
5.821202,464.181,1053.437,464.264,1053.435
5.824368,464.181,1053.437,464.223,1053.436
5.828596,464.181,1053.437,464.202,1053.437
5.832069,464.181,1053.437,464.192,1053.437
5.836730,464.181,1053.437,464.186,1053.437
5.841551,461.056,1051.839,462.621,1052.638
5.844682,461.056,1051.839,461.839,1052.238
5.849297,461.056,1051.839,461.448,1052.038
5.852847,461.056,1051.839,461.252,1051.938
5.857999,461.056,1051.839,461.154,1051.888
5.861816,461.056,1051.839,461.105,1051.864
5.864962,461.056,1051.839,461.081,1051.851
5.869257,461.056,1051.839,461.069,1051.845
5.872504,462.038,1048.884,461.553,1050.364
5.876642,462.038,1048.884,461.796,1049.624
5.880001,462.038,1048.884,461.917,1049.254
5.884823,462.038,1048.884,461.977,1049.069
5.889217,462.038,1048.884,462.008,1048.976
5.892158,462.038,1048.884,462.023,1048.930
5.896006,462.038,1048.884,462.031,1048.907
5.899014,462.038,1048.884,462.034,1048.895
5.903199,512.875,968.537,487.455,1008.716
5.906085,512.875,968.537,500.165,988.627
5.910419,512.875,968.537,506.520,978.582
5.913802,512.875,968.537,509.698,973.560
5.918596,512.875,968.537,511.286,971.048
5.921661,512.875,968.537,512.081,969.793
5.926163,512.875,968.537,512.478,969.165
5.930945,623.098,794.624,567.788,881.894
5.934513,623.098,794.624,595.443,838.259
5.939124,623.098,794.624,609.270,816.441
5.942401,623.098,794.624,616.184,805.532
5.947511,623.098,794.624,619.641,800.078
5.951872,623.098,794.624,621.369,797.351
5.954702,623.098,794.624,622.234,795.987
5.958698,623.098,794.624,622.666,795.305
5.961650,716.118,656.372,669.392,725.839
5.966115,716.118,656.372,692.755,691.106
5.969343,716.118,656.372,704.436,673.739
5.973786,716.118,656.372,710.277,665.056
5.976871,716.118,656.372,713.197,660.714
5.981241,716.118,656.372,714.657,658.543
5.984504,716.118,656.372,715.388,657.458
5.988981,716.118,656.372,715.752,656.915
5.992277,766.527,578.627,741.140,617.771
5.995399,766.527,578.627,753.834,598.199
6.000107,766.527,578.627,760.180,588.413
6.003958,766.527,578.627,763.354,583.520
6.007434,766.527,578.627,764.940,581.074
6.010251,766.527,578.627,765.734,579.850
6.013130,766.527,578.627,766.131,579.239
6.016016,766.527,578.627,766.329,578.933
6.019145,801.816,531.149,784.072,555.041
6.022167,801.816,531.149,792.944,543.095
6.025121,801.816,531.149,797.380,537.122
6.029591,801.816,531.149,799.598,534.135
6.034288,801.816,531.149,800.707,532.642
6.037753,801.816,531.149,801.261,531.895
6.042145,801.816,531.149,801.538,531.522
6.045266,801.816,531.149,801.677,531.335
6.048647,801.816,531.149,801.746,531.242
6.052240,816.136,501.292,808.941,516.267
6.055628,816.136,501.292,812.538,508.780
6.058959,816.136,501.292,814.337,505.036
6.062463,816.136,501.292,815.236,503.164
6.066441,816.136,501.292,815.686,502.228
6.070288,816.136,501.292,815.911,501.760
6.074127,816.136,501.292,816.023,501.526
6.079244,816.136,501.292,816.080,501.409
6.084466,829.103,481.903,822.591,491.656
6.087811,829.103,481.903,825.847,486.780
6.093059,829.103,481.903,827.475,484.341
6.097564,829.103,481.903,828.289,483.122
6.101531,829.103,481.903,828.696,482.513
6.106645,829.103,481.903,828.899,482.208
6.111529,844.139,476.265,836.519,479.236
6.115479,844.139,476.265,840.329,477.751
6.122047,844.139,476.265,842.234,477.008
6.128495,844.139,476.265,843.186,476.636
6.133660,844.139,476.265,843.662,476.451
6.138091,844.139,476.265,843.901,476.358
6.141749,878.401,445.369,861.151,460.863
6.146359,878.401,445.369,869.776,453.116
6.149865,878.401,445.369,874.088,449.242
6.154871,878.401,445.369,876.244,447.306
6.159349,878.401,445.369,877.322,446.337
6.162473,878.401,445.369,877.862,445.853
6.166827,878.401,445.369,878.131,445.611
6.170040,1078.757,324.804,978.444,385.207
6.175133,1078.757,324.804,1028.600,355.005
6.181450,1078.757,324.804,1053.679,339.904
6.187904,1078.757,324.804,1066.218,332.354
6.191660,1078.757,324.804,1072.487,328.579
6.197910,1078.757,324.804,1075.622,326.691
6.203526,1286.460,157.895,1181.041,242.293
6.208025,1286.460,157.895,1233.750,200.094
6.211612,1286.460,157.895,1260.105,178.995
6.217340,1286.460,157.895,1273.283,168.445
6.221582,1286.460,157.895,1279.871,163.170
6.224384,1286.460,157.895,1283.166,160.533
6.228226,1286.460,157.895,1284.813,159.214
6.231285,1316.917,45.605,1300.865,102.410
6.236026,1316.917,45.605,1308.891,74.007
6.239108,1316.917,45.605,1312.904,59.806
6.244374,1316.917,45.605,1314.911,52.706
6.249404,1316.917,45.605,1315.914,49.155
6.252915,1316.917,45.605,1316.416,47.380
6.257474,1316.917,45.605,1316.666,46.493
6.260762,1316.917,45.605,1316.792,46.049
6.265767,1290.564,-1.820,1303.678,22.115
6.269605,1290.564,-1.820,1297.121,10.147
6.273906,1290.564,-1.820,1293.843,4.164
6.278081,1290.564,-1.820,1292.204,1.172
6.281162,1290.564,-1.820,1291.384,-0.324
6.286015,1290.564,-1.820,1290.974,-1.072
6.289905,1290.564,-1.820,1290.769,-1.446
6.292817,1271.112,-20.679,1280.941,-11.062
6.296244,1271.112,-20.679,1276.026,-15.870
6.299460,1271.112,-20.679,1273.569,-18.274
6.302444,1271.112,-20.679,1272.341,-19.476
6.306229,1271.112,-20.679,1271.726,-20.077
6.311064,1271.112,-20.679,1271.419,-20.378
6.314114,1271.112,-20.679,1271.266,-20.528
6.317458,1271.112,-20.679,1271.189,-20.603
6.320699,1271.112,-20.679,1271.150,-20.641
6.324492,1256.558,-31.027,1263.854,-25.834
6.327689,1256.558,-31.027,1260.206,-28.430
6.330846,1256.558,-31.027,1258.382,-29.729
6.334944,1256.558,-31.027,1257.470,-30.378
6.338736,1256.558,-31.027,1257.014,-30.702
6.342060,1256.558,-31.027,1256.786,-30.865
6.345235,1256.558,-31.027,1256.672,-30.946
6.348518,1256.558,-31.027,1256.615,-30.986
6.351937,1256.558,-31.027,1256.587,-31.007
6.355594,1247.457,-37.901,1252.022,-34.454
6.359015,1247.457,-37.901,1249.740,-36.178
6.362140,1247.457,-37.901,1248.598,-37.039
6.366175,1247.457,-37.901,1248.028,-37.470
6.369877,1247.457,-37.901,1247.742,-37.686
6.373385,1247.457,-37.901,1247.600,-37.793
6.376685,1247.457,-37.901,1247.529,-37.847
6.379730,1247.457,-37.901,1247.493,-37.874
6.383001,1247.457,-37.901,1247.475,-37.888
6.388013,1240.467,-35.387,1243.971,-36.637
6.391129,1240.467,-35.387,1242.219,-36.012
6.394594,1240.467,-35.387,1241.343,-35.699
6.398633,1240.467,-35.387,1240.905,-35.543
6.402271,1240.467,-35.387,1240.686,-35.465
6.405488,1240.467,-35.387,1240.576,-35.426
6.408640,1240.467,-35.387,1240.522,-35.406
6.411582,1240.467,-35.387,1240.494,-35.397
6.415068,1217.332,6.113,1228.913,-14.642
6.419202,1217.332,6.113,1223.122,-4.265
6.422740,1217.332,6.113,1220.227,0.924
6.426468,1217.332,6.113,1218.779,3.518
6.430348,1217.332,6.113,1218.056,4.815
6.434008,1217.332,6.113,1217.694,5.464
6.437521,1217.332,6.113,1217.513,5.788
6.440768,1217.332,6.113,1217.422,5.950
6.443919,1200.681,37.813,1209.052,21.882
6.447459,1200.681,37.813,1204.866,29.847
6.450833,1200.681,37.813,1202.774,33.830
6.454012,1200.681,37.813,1201.727,35.822
6.457804,1200.681,37.813,1201.204,36.817
6.461760,1200.681,37.813,1200.943,37.315
6.465274,1200.681,37.813,1200.812,37.564
6.468586,1200.681,37.813,1200.746,37.689
6.471883,1200.681,37.813,1200.714,37.751
6.475333,1163.071,105.296,1181.892,71.523
6.478945,1163.071,105.296,1172.482,88.410
6.482337,1163.071,105.296,1167.776,96.853
6.486229,1163.071,105.296,1165.424,101.075
6.489788,1163.071,105.296,1164.247,103.185
6.493319,1163.071,105.296,1163.659,104.241
6.496660,1163.071,105.296,1163.365,104.768
6.500310,1163.071,105.296,1163.218,105.032
6.503531,1163.071,105.296,1163.145,105.164
6.507276,1122.141,176.687,1142.643,140.926
6.510489,1122.141,176.687,1132.392,158.806
6.513605,1122.141,176.687,1127.266,167.747
6.517338,1122.141,176.687,1124.703,172.217
6.521158,1122.141,176.687,1123.422,174.452
6.524809,1122.141,176.687,1122.781,175.570
6.528142,1122.141,176.687,1122.461,176.128
6.531478,1122.141,176.687,1122.301,176.408
6.535077,1089.896,231.931,1106.098,204.169
6.538410,1089.896,231.931,1097.997,218.050
6.542171,1089.896,231.931,1093.946,224.991
6.545994,1089.896,231.931,1091.921,228.461
6.550389,1089.896,231.931,1090.908,230.196
6.553974,1089.896,231.931,1090.402,231.063
6.557307,1089.896,231.931,1090.149,231.497
6.560721,1089.896,231.931,1090.022,231.714
6.563827,1089.896,231.931,1089.959,231.822
6.567918,1065.884,262.463,1077.921,247.143
6.571018,1065.884,262.463,1071.903,254.803
6.574482,1065.884,262.463,1068.893,258.633
6.578426,1065.884,262.463,1067.389,260.548
6.581976,1065.884,262.463,1066.636,261.506
6.585154,1065.884,262.463,1066.260,261.984
6.588460,1065.884,262.463,1066.072,262.224
6.591476,1065.884,262.463,1065.978,262.344
6.594612,1046.091,282.503,1056.035,272.423
6.598216,1046.091,282.503,1051.063,277.463
6.601481,1046.091,282.503,1048.577,279.983
6.605383,1046.091,282.503,1047.334,281.243
6.609583,1046.091,282.503,1046.713,281.873
6.613034,1046.091,282.503,1046.402,282.188
6.616513,1046.091,282.503,1046.247,282.345
6.620381,1046.091,282.503,1046.169,282.424
6.623946,1046.091,282.503,1046.130,282.463
6.627693,941.618,273.899,993.874,278.181
6.631120,941.618,273.899,967.746,276.040
6.637900,941.618,273.899,954.682,274.970
6.644462,941.618,273.899,948.150,274.434
6.653878,941.618,273.899,944.884,274.167
6.658415,596.405,148.342,770.644,211.254
6.661963,596.405,148.342,683.525,179.798
6.665342,596.405,148.342,639.965,164.070
6.669165,596.405,148.342,618.185,156.206
6.672605,596.405,148.342,607.295,152.274
6.675551,596.405,148.342,601.850,150.308
6.678529,596.405,148.342,599.127,149.325
6.681633,596.405,148.342,597.766,148.834
6.684797,596.405,148.342,597.086,148.588
6.688149,48.430,-80.994,322.758,33.797
6.691076,48.430,-80.994,185.594,-23.599
6.694172,48.430,-80.994,117.012,-52.297
6.697571,48.430,-80.994,82.721,-66.646
6.701190,48.430,-80.994,65.575,-73.820
6.704426,48.430,-80.994,57.002,-77.407
6.707558,48.430,-80.994,52.716,-79.201
6.710485,48.430,-80.994,50.573,-80.098
6.713587,48.430,-80.994,49.501,-80.546
6.717177,-271.081,-229.380,-110.790,-154.963
6.720656,-271.081,-229.380,-190.936,-192.171
6.723794,-271.081,-229.380,-231.009,-210.776
6.727025,-271.081,-229.380,-251.045,-220.078
6.730840,-271.081,-229.380,-261.063,-224.729
6.734695,-271.081,-229.380,-266.072,-227.054
6.737868,-271.081,-229.380,-268.577,-228.217
6.740984,-271.081,-229.380,-269.829,-228.799
6.744524,-271.081,-229.380,-270.455,-229.089
6.748392,-400.435,-291.506,-335.445,-260.298
6.751953,-400.435,-291.506,-367.940,-275.902
6.755081,-400.435,-291.506,-384.188,-283.704
6.758466,-400.435,-291.506,-392.312,-287.605
6.762002,-400.435,-291.506,-396.373,-289.556
6.765320,-400.435,-291.506,-398.404,-290.531
6.768791,-400.435,-291.506,-399.420,-291.019
6.772215,-400.435,-291.506,-399.928,-291.263
6.775466,-400.435,-291.506,-400.181,-291.384
6.779133,-478.849,-311.678,-439.515,-301.531
6.782494,-478.849,-311.678,-459.182,-306.604
6.785666,-478.849,-311.678,-469.016,-309.141
6.789297,-478.849,-311.678,-473.933,-310.409
6.792745,-478.849,-311.678,-476.391,-311.043
6.796043,-478.849,-311.678,-477.620,-311.360
6.799444,-478.849,-311.678,-478.235,-311.519
6.802714,-478.849,-311.678,-478.542,-311.598
6.806087,-478.849,-311.678,-478.696,-311.638
6.810093,-505.082,-319.474,-491.889,-315.556
6.813433,-505.082,-319.474,-498.485,-317.515
6.816954,-505.082,-319.474,-501.784,-318.494
6.820645,-505.082,-319.474,-503.433,-318.984
6.824294,-505.082,-319.474,-504.257,-319.229
6.827641,-505.082,-319.474,-504.670,-319.351
6.830677,-505.082,-319.474,-504.876,-319.413
6.834284,-505.082,-319.474,-504.979,-319.443
6.837896,-494.261,-296.317,-499.620,-307.880
6.841349,-494.261,-296.317,-496.940,-302.098
6.844672,-494.261,-296.317,-495.601,-299.207
6.848544,-494.261,-296.317,-494.931,-297.762
6.852428,-494.261,-296.317,-494.596,-297.039
6.855790,-494.261,-296.317,-494.428,-296.678
6.859143,-494.261,-296.317,-494.345,-296.497
6.862508,-494.261,-296.317,-494.303,-296.407
6.865704,-494.261,-296.317,-494.282,-296.362
6.870306,-483.668,-256.107,-488.975,-276.234
6.873561,-483.668,-256.107,-486.321,-266.170
6.877056,-483.668,-256.107,-484.994,-261.139
6.881350,-483.668,-256.107,-484.331,-258.623
6.884693,-483.668,-256.107,-483.999,-257.365
6.887877,-483.668,-256.107,-483.833,-256.736
6.891075,-483.668,-256.107,-483.751,-256.421
6.894098,-483.668,-256.107,-483.709,-256.264
6.897219,-475.739,-233.754,-479.724,-245.009
6.901195,-475.739,-233.754,-477.731,-239.382
6.904208,-475.739,-233.754,-476.735,-236.568
6.907480,-475.739,-233.754,-476.237,-235.161
6.911036,-475.739,-233.754,-475.988,-234.458
6.914674,-475.739,-233.754,-475.863,-234.106
6.918303,-475.739,-233.754,-475.801,-233.930
6.921498,-475.739,-233.754,-475.770,-233.842
6.924329,-475.739,-233.754,-475.754,-233.798
6.927699,-469.190,-218.714,-472.472,-226.256
6.931182,-469.190,-218.714,-470.831,-222.485
6.934950,-469.190,-218.714,-470.011,-220.600
6.938689,-469.190,-218.714,-469.600,-219.657
6.942312,-469.190,-218.714,-469.395,-219.186
6.945601,-469.190,-218.714,-469.293,-218.950
6.949186,-469.190,-218.714,-469.241,-218.832
6.952657,-469.190,-218.714,-469.216,-218.773
6.956020,-469.190,-218.714,-469.203,-218.744
6.959466,-466.812,-209.339,-468.007,-214.042
6.963165,-466.812,-209.339,-467.409,-211.690
6.966943,-466.812,-209.339,-467.111,-210.515
6.970508,-466.812,-209.339,-466.961,-209.927
6.973842,-466.812,-209.339,-466.886,-209.633
6.977047,-466.812,-209.339,-466.849,-209.486
6.980252,-466.812,-209.339,-466.830,-209.413
6.983706,-466.812,-209.339,-466.821,-209.376
6.987064,-466.812,-209.339,-466.816,-209.358
6.990683,-465.033,-203.215,-465.925,-206.286
6.994183,-465.033,-203.215,-465.479,-204.751
6.997499,-465.033,-203.215,-465.256,-203.983
7.001295,-465.033,-203.215,-465.145,-203.599
7.004650,-465.033,-203.215,-465.089,-203.407
7.007774,-465.033,-203.215,-465.061,-203.311
7.011303,-465.033,-203.215,-465.047,-203.263
7.014717,-465.033,-203.215,-465.040,-203.239
7.018219,-462.787,-197.210,-463.914,-200.224
7.021734,-462.787,-197.210,-463.350,-198.717
7.025150,-462.787,-197.210,-463.068,-197.964
7.028635,-462.787,-197.210,-462.928,-197.587
7.032402,-462.787,-197.210,-462.857,-197.398
7.035856,-462.787,-197.210,-462.822,-197.304
7.039335,-462.787,-197.210,-462.804,-197.257
7.042601,-462.787,-197.210,-462.796,-197.233
7.045717,-462.787,-197.210,-462.791,-197.222
7.049646,-461.529,-193.607,-462.160,-195.415
7.052975,-461.529,-193.607,-461.845,-194.511
7.056356,-461.529,-193.607,-461.687,-194.059
7.060087,-461.529,-193.607,-461.608,-193.833
7.063667,-461.529,-193.607,-461.568,-193.720
7.067282,-461.529,-193.607,-461.549,-193.664
7.070820,-461.529,-193.607,-461.539,-193.636
7.074108,-461.529,-193.607,-461.534,-193.622
7.077496,-461.529,-193.607,-461.532,-193.614
7.081179,-364.252,-151.677,-412.892,-172.646
7.084822,-364.252,-151.677,-388.572,-162.162
7.088369,-364.252,-151.677,-376.412,-156.919
7.092300,-364.252,-151.677,-370.332,-154.298
7.095802,-364.252,-151.677,-367.292,-152.988
7.099691,-364.252,-151.677,-365.772,-152.333
7.103954,-364.252,-151.677,-365.012,-152.005
7.107914,-364.252,-151.677,-364.632,-151.841
7.111982,64.446,-20.626,-150.093,-86.234
7.115685,64.446,-20.626,-42.824,-53.430
7.119944,64.446,-20.626,10.811,-37.028
7.124472,64.446,-20.626,37.628,-28.827
7.128334,64.446,-20.626,51.037,-24.726
7.131826,64.446,-20.626,57.741,-22.676
7.135355,64.446,-20.626,61.094,-21.651
7.138668,487.561,90.803,274.328,34.576
7.142096,487.561,90.803,380.945,62.689
7.145350,487.561,90.803,434.253,76.746
7.148722,487.561,90.803,460.907,83.774
7.152721,487.561,90.803,474.234,87.288
7.156000,487.561,90.803,480.898,89.045
7.159218,487.561,90.803,484.230,89.924
7.162443,487.561,90.803,485.896,90.363
7.165926,487.561,90.803,486.729,90.583
7.169449,718.674,157.691,602.701,124.137
7.173212,718.674,157.691,660.688,140.914
7.178202,718.674,157.691,689.681,149.303
7.182621,718.674,157.691,704.178,153.497
7.187140,718.674,157.691,711.426,155.594
7.190983,718.674,157.691,715.050,156.643
7.194382,718.674,157.691,716.862,157.167
7.198292,718.674,157.691,717.768,157.429
7.202646,828.960,192.721,773.364,175.075
7.205940,828.960,192.721,801.162,183.898
7.209572,828.960,192.721,815.061,188.310
7.213274,828.960,192.721,822.010,190.515
7.217010,828.960,192.721,825.485,191.618
7.220200,828.960,192.721,827.223,192.170
7.223394,828.960,192.721,828.091,192.445
7.226246,828.960,192.721,828.526,192.583
7.229147,828.960,192.721,828.743,192.652
7.232691,876.093,206.761,852.418,199.706
7.236013,876.093,206.761,864.255,203.234
7.239393,876.093,206.761,870.174,204.997
7.242767,876.093,206.761,873.133,205.879
7.246635,876.093,206.761,874.613,206.320
7.251120,876.093,206.761,875.353,206.540
7.255035,876.093,206.761,875.723,206.650
7.258884,876.093,206.761,875.908,206.706
7.262856,897.520,217.569,886.714,212.137
7.267014,897.520,217.569,892.117,214.853
7.270838,897.520,217.569,894.819,216.211
7.274782,897.520,217.569,896.170,216.890
7.278988,897.520,217.569,896.845,217.229
7.283030,897.520,217.569,897.183,217.399
7.286386,897.520,217.569,897.351,217.484
7.289518,897.520,217.569,897.436,217.526
7.293047,913.098,222.159,905.267,219.843
7.296131,913.098,222.159,909.183,221.001
7.299408,913.098,222.159,911.141,221.580
7.303150,913.098,222.159,912.119,221.869
7.306400,913.098,222.159,912.609,222.014
7.309662,913.098,222.159,912.854,222.087
7.312757,913.098,222.159,912.976,222.123
7.316017,913.098,222.159,913.037,222.141
7.319292,913.098,222.159,913.068,222.150
7.322615,915.249,225.090,914.158,223.620
7.326649,915.249,225.090,914.703,224.355
7.330708,915.249,225.090,914.976,224.723
7.334948,915.249,225.090,915.112,224.907
7.338558,915.249,225.090,915.181,224.998
7.341927,915.249,225.090,915.215,225.044
7.344955,915.249,225.090,915.232,225.067
7.348139,915.249,225.090,915.240,225.079
7.351885,913.076,225.379,914.158,225.229
7.355326,913.076,225.379,913.617,225.304
7.358570,913.076,225.379,913.347,225.341
7.361921,913.076,225.379,913.211,225.360
7.365322,913.076,225.379,913.144,225.370
7.368963,913.076,225.379,913.110,225.374
7.372505,913.076,225.379,913.093,225.377
7.375698,913.076,225.379,913.085,225.378
7.378925,913.076,225.379,913.080,225.378
7.382315,917.081,229.364,915.081,227.371
7.385630,917.081,229.364,916.081,228.368
7.389130,917.081,229.364,916.581,228.866
7.392754,917.081,229.364,916.831,229.115
7.396381,917.081,229.364,916.956,229.240
7.399776,917.081,229.364,917.018,229.302
7.403837,917.081,229.364,917.050,229.333
7.407589,917.081,229.364,917.065,229.349
7.411030,918.618,230.554,917.842,229.951
7.414637,918.618,230.554,918.230,230.253
7.418642,918.618,230.554,918.424,230.403
7.422312,918.618,230.554,918.521,230.479
7.425682,918.618,230.554,918.570,230.516
7.428820,918.618,230.554,918.594,230.535
7.431847,918.618,230.554,918.606,230.545
7.435154,918.618,230.554,918.612,230.549
7.438423,918.618,230.554,918.615,230.552
7.441675,920.317,230.328,919.466,230.440
7.444971,920.317,230.328,919.892,230.384
7.448164,920.317,230.328,920.104,230.356
7.451981,920.317,230.328,920.211,230.342
7.455692,920.317,230.328,920.264,230.335
7.459270,920.317,230.328,920.291,230.331
7.462570,920.317,230.328,920.304,230.330
7.466341,920.317,230.328,920.311,230.329
7.469765,920.317,230.328,920.314,230.328
7.473070,921.298,228.419,920.806,229.374
7.476202,921.298,228.419,921.052,228.896
7.479641,921.298,228.419,921.175,228.658
7.483065,921.298,228.419,921.237,228.538
7.486877,921.298,228.419,921.267,228.479
7.490231,921.298,228.419,921.283,228.449
7.493380,921.298,228.419,921.290,228.434
7.496819,921.298,228.419,921.294,228.426
7.500319,921.298,228.419,921.296,228.423
7.503836,919.325,225.853,920.311,227.138
7.507313,919.325,225.853,919.818,226.496
7.510672,919.325,225.853,919.571,226.174
7.514175,919.325,225.853,919.448,226.014
7.518158,919.325,225.853,919.387,225.934
7.521402,919.325,225.853,919.356,225.893
7.524546,919.325,225.853,919.340,225.873
7.527971,919.325,225.853,919.333,225.863
7.531221,919.325,225.853,919.329,225.858
7.534868,973.890,231.132,946.610,228.495
7.538221,973.890,231.132,960.250,229.814
7.541599,973.890,231.132,967.070,230.473
7.545319,973.890,231.132,970.480,230.803
7.549049,973.890,231.132,972.185,230.967
7.552834,973.890,231.132,973.038,231.050
7.556250,973.890,231.132,973.464,231.091
7.559750,973.890,231.132,973.677,231.112
7.563217,1045.231,238.759,1009.454,234.935
7.567030,1045.231,238.759,1027.342,236.847
7.570400,1045.231,238.759,1036.286,237.803
7.574064,1045.231,238.759,1040.759,238.281
7.577612,1045.231,238.759,1042.995,238.520
7.580919,1045.231,238.759,1044.113,238.640
7.584249,1045.231,238.759,1044.672,238.699
7.587667,1045.231,238.759,1044.951,238.729
7.590752,1045.231,238.759,1045.091,238.744
7.594387,1101.021,230.719,1073.056,234.732
7.597498,1101.021,230.719,1087.039,232.725
7.600702,1101.021,230.719,1094.030,231.722
7.604418,1101.021,230.719,1097.526,231.221
7.607908,1101.021,230.719,1099.274,230.970
7.611464,1101.021,230.719,1100.148,230.844
7.614548,1101.021,230.719,1100.584,230.782
7.618055,1101.021,230.719,1100.803,230.750
7.621399,1101.021,230.719,1100.912,230.735
7.625233,1140.386,236.502,1120.649,233.618
7.628565,1140.386,236.502,1130.517,235.060
7.632071,1140.386,236.502,1135.452,235.781
7.635902,1140.386,236.502,1137.919,236.142
7.639841,1140.386,236.502,1139.152,236.322
7.643223,1140.386,236.502,1139.769,236.412
7.646521,1140.386,236.502,1140.077,236.457
7.649786,1140.386,236.502,1140.232,236.480
7.653641,1174.202,237.712,1157.217,237.096
7.657145,1174.202,237.712,1165.709,237.404
7.660191,1174.202,237.712,1169.956,237.558
7.663351,1174.202,237.712,1172.079,237.635
7.667208,1174.202,237.712,1173.140,237.674
7.671215,1174.202,237.712,1173.671,237.693
7.674650,1174.202,237.712,1173.937,237.703
7.677954,1174.202,237.712,1174.069,237.707
7.681210,1174.202,237.712,1174.135,237.710
7.685156,1198.148,237.803,1186.142,237.756
7.688612,1198.148,237.803,1192.145,237.779
7.692009,1198.148,237.803,1195.147,237.791
7.695711,1198.148,237.803,1196.647,237.797
7.699400,1198.148,237.803,1197.398,237.800
7.702866,1198.148,237.803,1197.773,237.801
7.705894,1198.148,237.803,1197.961,237.802
7.708929,1198.148,237.803,1198.054,237.802
7.711983,1198.148,237.803,1198.101,237.803
7.715891,1216.489,241.531,1207.295,239.667
7.719597,1216.489,241.531,1211.892,240.599
7.723095,1216.489,241.531,1214.191,241.065
7.726555,1216.489,241.531,1215.340,241.298
7.730049,1216.489,241.531,1215.914,241.414
7.733662,1216.489,241.531,1216.202,241.472
7.737535,1216.489,241.531,1216.345,241.501
7.741346,1216.489,241.531,1216.417,241.516
7.745211,1231.307,236.876,1223.862,239.196
7.749624,1231.307,236.876,1227.585,238.036
7.753597,1231.307,236.876,1229.446,237.456
7.757263,1231.307,236.876,1230.377,237.166
7.760836,1231.307,236.876,1230.842,237.021
7.764284,1231.307,236.876,1231.075,236.949
7.768177,1231.307,236.876,1231.191,236.913
7.771666,1231.307,236.876,1231.249,236.894
7.774895,1231.307,236.876,1231.278,236.885
7.778072,1231.307,236.876,1231.293,236.881
7.781084,1231.307,236.876,1231.300,236.879
7.784458,1231.307,236.876,1231.304,236.877
7.787748,1231.307,236.876,1231.305,236.877
7.791132,1231.307,236.876,1231.306,236.877
7.794662,1231.307,236.876,1231.307,236.876
7.798285,1231.307,236.876,1231.307,236.876
7.802088,1231.307,236.876,1231.307,236.876
7.805492,1231.307,236.876,1231.307,236.876
7.808895,1231.307,236.876,1231.307,236.876
7.812386,1231.307,236.876,1231.307,236.876
7.815800,1231.307,236.876,1231.307,236.876
7.819368,1231.307,236.876,1231.307,236.876
7.822239,1231.307,236.876,1231.307,236.876
7.825031,1231.307,236.876,1231.307,236.876
7.827826,1231.307,236.876,1231.307,236.876
7.831020,1231.307,236.876,1231.307,236.876
7.834406,1231.307,236.876,1231.307,236.876
7.837553,1231.307,236.876,1231.307,236.876
7.840469,1231.307,236.876,1231.307,236.876
7.843128,1231.307,236.876,1231.307,236.876
7.846195,1231.307,236.876,1231.307,236.876
7.849297,1231.307,236.876,1231.307,236.876
7.852465,1231.307,236.876,1231.307,236.876
7.855347,1231.307,236.876,1231.307,236.876
7.858280,1231.307,236.876,1231.307,236.876
7.861275,1258.793,208.883,1245.050,222.879
7.865025,1258.793,208.883,1251.922,215.881
7.869295,1258.793,208.883,1255.357,212.382
7.872921,1258.793,208.883,1257.075,210.632
7.876760,1258.793,208.883,1257.934,209.757
7.880404,1258.793,208.883,1258.364,209.320
7.883774,1258.793,208.883,1258.578,209.101
7.887144,1258.793,208.883,1258.686,208.992
7.890265,1258.793,208.883,1258.740,208.937
7.893393,1258.793,208.883,1258.766,208.910
7.897030,1252.017,189.834,1255.391,199.372
7.900669,1252.017,189.834,1253.704,194.603
7.904367,1252.017,189.834,1252.860,192.219
7.907913,1252.017,189.834,1252.438,191.027
7.911268,1252.017,189.834,1252.228,190.430
7.914324,1252.017,189.834,1252.122,190.132
7.918121,1252.017,189.834,1252.069,189.983
7.921480,1252.017,189.834,1252.043,189.909
7.924652,1244.963,195.627,1248.503,192.768
7.928112,1244.963,195.627,1246.733,194.198
7.931206,1244.963,195.627,1245.848,194.912
7.934914,1244.963,195.627,1245.405,195.270
7.938419,1244.963,195.627,1245.184,195.449
7.941942,1244.963,195.627,1245.073,195.538
7.945293,1244.963,195.627,1245.018,195.583
7.948479,1244.963,195.627,1244.990,195.605
7.952354,1244.963,195.627,1244.976,195.616
7.956079,1241.373,198.362,1243.175,196.989
7.960037,1241.373,198.362,1242.274,197.676
7.963505,1241.373,198.362,1241.824,198.019
7.967512,1241.373,198.362,1241.599,198.191
7.970987,1241.373,198.362,1241.486,198.276
7.974083,1241.373,198.362,1241.430,198.319
7.977304,1241.373,198.362,1241.401,198.341
7.980309,1241.373,198.362,1241.387,198.351
7.983404,1241.373,198.362,1241.380,198.357
7.986835,1238.475,200.143,1239.928,199.250
7.990068,1238.475,200.143,1239.201,199.696
7.993271,1238.475,200.143,1238.838,199.919
7.996809,1238.475,200.143,1238.657,200.031
8.000881,1238.475,200.143,1238.566,200.087
8.005131,1238.475,200.143,1238.521,200.115
8.008364,1238.475,200.143,1238.498,200.129
8.011499,1238.475,200.143,1238.486,200.136
8.015209,1234.277,203.211,1236.382,201.673
8.018934,1234.277,203.211,1235.329,202.442
8.022358,1234.277,203.211,1234.803,202.827
8.025854,1234.277,203.211,1234.540,203.019
8.029505,1234.277,203.211,1234.408,203.115
8.033167,1234.277,203.211,1234.342,203.163
8.036589,1234.277,203.211,1234.310,203.187
8.039843,1234.277,203.211,1234.293,203.199
8.042700,1234.277,203.211,1234.285,203.205
8.045843,1234.848,203.606,1234.567,203.406
8.049551,1234.848,203.606,1234.708,203.506
8.053175,1234.848,203.606,1234.778,203.556
8.057266,1234.848,203.606,1234.813,203.581
8.061026,1234.848,203.606,1234.831,203.593
8.064278,1234.848,203.606,1234.840,203.600
8.067654,1234.848,203.606,1234.844,203.603
8.070929,1234.848,203.606,1234.846,203.604
8.074230,1234.848,203.606,1234.847,203.605
8.078434,1237.002,203.813,1235.925,203.709
8.081860,1237.002,203.813,1236.464,203.761
8.085546,1237.002,203.813,1236.733,203.787
8.089247,1237.002,203.813,1236.868,203.800
8.092892,1237.002,203.813,1236.935,203.807
8.095901,1237.002,203.813,1236.969,203.810
8.099211,1237.002,203.813,1236.986,203.812
8.102409,1237.002,203.813,1236.994,203.813
8.106133,1240.464,203.728,1238.729,203.770
8.109528,1240.464,203.728,1239.596,203.750
8.113346,1240.464,203.728,1240.030,203.739
8.117380,1240.464,203.728,1240.247,203.734
8.121849,1240.464,203.728,1240.355,203.731
8.126291,1240.464,203.728,1240.409,203.730
8.130180,1240.464,203.728,1240.437,203.729
8.133724,1240.464,203.728,1240.450,203.729
8.137491,1244.843,205.460,1242.646,204.594
8.140913,1244.843,205.460,1243.745,205.027
8.144697,1244.843,205.460,1244.294,205.244
8.148468,1244.843,205.460,1244.568,205.352
8.152679,1244.843,205.460,1244.706,205.406
8.156130,1244.843,205.460,1244.774,205.433
8.159637,1244.843,205.460,1244.808,205.446
8.162632,1244.843,205.460,1244.826,205.453
8.165894,1244.843,205.460,1244.834,205.457
8.170063,1249.128,206.957,1246.981,206.207
8.173283,1249.128,206.957,1248.054,206.582
8.176846,1249.128,206.957,1248.591,206.769
8.180300,1249.128,206.957,1248.859,206.863
8.183897,1249.128,206.957,1248.994,206.910
8.187309,1249.128,206.957,1249.061,206.933
8.190573,1249.128,206.957,1249.094,206.945
8.194342,1249.128,206.957,1249.111,206.951
8.198330,1253.640,208.437,1251.375,207.694
8.203171,1253.640,208.437,1252.508,208.066
8.207167,1253.640,208.437,1253.074,208.251
8.210899,1253.640,208.437,1253.357,208.344
8.215000,1253.640,208.437,1253.498,208.391
8.219172,1253.640,208.437,1253.569,208.414
8.222519,1253.640,208.437,1253.604,208.426
8.225763,1253.640,208.437,1253.622,208.431
8.229263,1258.777,209.976,1256.200,209.204
8.232845,1258.777,209.976,1257.489,209.590
8.236204,1258.777,209.976,1258.133,209.783
8.239645,1258.777,209.976,1258.455,209.879
8.242960,1258.777,209.976,1258.616,209.928
8.246473,1258.777,209.976,1258.697,209.952
8.250242,1258.777,209.976,1258.737,209.964
8.253483,1258.777,209.976,1258.757,209.970
8.256540,1263.000,210.188,1260.879,210.079
8.260071,1263.000,210.188,1261.940,210.133
8.263523,1263.000,210.188,1262.470,210.161
8.267799,1263.000,210.188,1262.735,210.174
8.271400,1263.000,210.188,1262.868,210.181
8.274797,1263.000,210.188,1262.934,210.185
8.278553,1263.000,210.188,1262.967,210.186
8.281792,1263.000,210.188,1262.984,210.187
8.285046,1263.000,210.188,1262.992,210.188
8.288313,1266.055,210.178,1264.524,210.183
8.291832,1266.055,210.178,1265.289,210.181
8.295488,1266.055,210.178,1265.672,210.179
8.299137,1266.055,210.178,1265.864,210.179
8.302998,1266.055,210.178,1265.959,210.179
8.306377,1266.055,210.178,1266.007,210.178
8.309900,1266.055,210.178,1266.031,210.178
8.314308,1266.055,210.178,1266.043,210.178
8.318893,1268.102,210.566,1267.073,210.372
8.322515,1268.102,210.566,1267.587,210.469
8.326269,1268.102,210.566,1267.844,210.517
8.330200,1268.102,210.566,1267.973,210.541
8.333759,1268.102,210.566,1268.037,210.553
8.337250,1268.102,210.566,1268.070,210.560
8.340635,1268.102,210.566,1268.086,210.563
8.344063,1268.102,210.566,1268.094,210.564
8.347366,1271.144,210.859,1269.619,210.711
8.351030,1271.144,210.859,1270.381,210.785
8.354023,1271.144,210.859,1270.763,210.822
8.357203,1271.144,210.859,1270.953,210.840
8.360598,1271.144,210.859,1271.049,210.850
8.363691,1271.144,210.859,1271.096,210.854
8.366930,1271.144,210.859,1271.120,210.856
8.370466,1271.144,210.859,1271.132,210.858
8.373674,1271.144,210.859,1271.138,210.858
8.376873,1271.144,210.859,1271.141,210.858
8.380144,1273.903,210.837,1272.522,210.848
8.383682,1273.903,210.837,1273.212,210.842
8.387243,1273.903,210.837,1273.557,210.840
8.390791,1273.903,210.837,1273.730,210.838
8.394299,1273.903,210.837,1273.816,210.838
8.398270,1273.903,210.837,1273.860,210.837
8.402317,1273.903,210.837,1273.881,210.837
8.406086,1273.903,210.837,1273.892,210.837
8.410082,1271.288,216.951,1272.590,213.894
8.413633,1271.288,216.951,1271.939,215.423
8.417963,1271.288,216.951,1271.614,216.187
8.421898,1271.288,216.951,1271.451,216.569
8.425426,1271.288,216.951,1271.369,216.760
8.428482,1271.288,216.951,1271.329,216.856
8.431686,1271.288,216.951,1271.308,216.903
8.435001,1271.288,216.951,1271.298,216.927
8.438253,1239.428,237.475,1255.363,227.201
8.441648,1239.428,237.475,1247.396,232.338
8.444763,1239.428,237.475,1243.412,234.907
8.448101,1239.428,237.475,1241.420,236.191
8.452036,1239.428,237.475,1240.424,236.833
8.455278,1239.428,237.475,1239.926,237.154
8.458462,1239.428,237.475,1239.677,237.315
8.463030,1239.428,237.475,1239.553,237.395
8.467537,1239.428,237.475,1239.491,237.435
8.471632,1199.125,267.582,1219.308,252.508
8.476444,1199.125,267.582,1209.216,260.045
8.481686,1199.125,267.582,1204.171,263.813
8.485210,1199.125,267.582,1201.648,265.697
8.489630,1199.125,267.582,1200.386,266.640
8.492451,1199.125,267.582,1199.756,267.111
8.497305,1199.125,267.582,1199.440,267.346
8.501822,1159.014,301.469,1179.227,284.408
8.505032,1159.014,301.469,1169.120,292.938
8.508980,1159.014,301.469,1164.067,297.204
8.512472,1159.014,301.469,1161.541,299.337
8.516615,1159.014,301.469,1160.277,300.403
8.519770,1159.014,301.469,1159.646,300.936
8.523926,1159.014,301.469,1159.330,301.203
8.527233,1159.014,301.469,1159.172,301.336
8.531895,1126.824,324.345,1142.998,312.840
8.536211,1126.824,324.345,1134.911,318.593
8.539654,1126.824,324.345,1130.867,321.469
8.544489,1126.824,324.345,1128.846,322.907
8.547731,1126.824,324.345,1127.835,323.626
8.552479,1126.824,324.345,1127.329,323.985
8.557201,1126.824,324.345,1127.077,324.165
8.561251,1102.278,345.420,1114.677,334.792
8.566006,1102.278,345.420,1108.478,340.106
8.570671,1102.278,345.420,1105.378,342.763
8.574001,1102.278,345.420,1103.828,344.091
8.578094,1102.278,345.420,1103.053,344.755
8.580835,1102.278,345.420,1102.666,345.088
8.584917,1102.278,345.420,1102.472,345.254
8.588135,1102.278,345.420,1102.375,345.337
8.592764,1082.344,357.661,1092.360,351.499
8.595573,1082.344,357.661,1087.352,354.580
8.600060,1082.344,357.661,1084.848,356.121
8.603859,1082.344,357.661,1083.596,356.891
8.608141,1082.344,357.661,1082.970,357.276
8.611977,1082.344,357.661,1082.657,357.468
8.614878,1082.344,357.661,1082.501,357.565
8.619375,1066.456,368.461,1074.478,363.013
8.623014,1066.456,368.461,1070.467,365.737
8.627159,1066.456,368.461,1068.461,367.099
8.630302,1066.456,368.461,1067.458,367.780
8.634781,1066.456,368.461,1066.957,368.121
8.638031,1066.456,368.461,1066.706,368.291
8.642275,1066.456,368.461,1066.581,368.376
8.646591,1066.456,368.461,1066.518,368.419
8.649855,1067.438,369.507,1066.978,368.963
8.655334,1067.438,369.507,1067.208,369.235
8.658695,1067.438,369.507,1067.323,369.371
8.662394,1067.438,369.507,1067.380,369.439
8.666117,1067.438,369.507,1067.409,369.473
8.670757,1067.438,369.507,1067.424,369.490
8.673819,1067.438,369.507,1067.431,369.498
8.676634,1067.438,369.507,1067.434,369.502
8.679375,1095.846,353.096,1081.640,361.299
8.684052,1095.846,353.096,1088.743,357.198
8.687204,1095.846,353.096,1092.294,355.147
8.690313,1095.846,353.096,1094.070,354.121
8.693556,1095.846,353.096,1094.958,353.609
8.697592,1095.846,353.096,1095.402,353.352
8.701157,1095.846,353.096,1095.624,353.224
8.704296,1095.846,353.096,1095.735,353.160
8.707571,1095.846,353.096,1095.790,353.128
8.710711,1109.583,344.314,1102.686,348.721
8.713942,1109.583,344.314,1106.135,346.517
8.718966,1109.583,344.314,1107.859,345.415
8.722639,1109.583,344.314,1108.721,344.865
8.725952,1109.583,344.314,1109.152,344.589
8.729095,1109.583,344.314,1109.367,344.451
8.732222,1109.583,344.314,1109.475,344.383
8.736767,1109.583,344.314,1109.529,344.348
8.740191,1135.496,327.918,1122.512,336.133
8.743505,1135.496,327.918,1129.004,332.025
8.746302,1135.496,327.918,1132.250,329.971
8.749504,1135.496,327.918,1133.873,328.945
8.753063,1135.496,327.918,1134.685,328.431
8.756443,1135.496,327.918,1135.090,328.174
8.759842,1135.496,327.918,1135.293,328.046
8.763391,1135.496,327.918,1135.395,327.982
8.766548,1135.496,327.918,1135.445,327.950
8.769709,1170.342,307.001,1152.894,317.475
8.773071,1170.342,307.001,1161.618,312.238
8.776293,1170.342,307.001,1165.980,309.619
8.779627,1170.342,307.001,1168.161,308.310
8.783348,1170.342,307.001,1169.252,307.655
8.786940,1170.342,307.001,1169.797,307.328
8.790483,1170.342,307.001,1170.070,307.164
8.793982,1170.342,307.001,1170.206,307.083
8.797476,1170.342,307.001,1170.274,307.042
8.802420,1204.931,288.469,1187.603,297.755
8.805786,1204.931,288.469,1196.267,293.112
8.809305,1204.931,288.469,1200.599,290.791
8.812798,1204.931,288.469,1202.765,289.630
8.816265,1204.931,288.469,1203.848,289.049
8.820282,1204.931,288.469,1204.389,288.759
8.823463,1204.931,288.469,1204.660,288.614
8.826464,1204.931,288.469,1204.796,288.542
8.829361,1204.931,288.469,1204.863,288.505
8.834900,1230.366,272.884,1217.615,280.695
8.838757,1230.366,272.884,1223.990,276.790
8.843815,1230.366,272.884,1227.178,274.837
8.848297,1230.366,272.884,1228.772,273.861
8.851400,1230.366,272.884,1229.569,273.372
8.855770,1230.366,272.884,1229.967,273.128
8.858807,1230.366,272.884,1230.167,273.006
8.874632,1249.799,261.574,1239.983,267.290
8.880363,1249.799,261.574,1244.891,264.432
8.884687,1249.799,261.574,1247.345,263.003
8.889124,1249.799,261.574,1248.572,262.289
8.892239,1265.171,256.038,1256.871,259.163
8.896156,1265.171,256.038,1261.021,257.601
8.899076,1265.171,256.038,1263.096,256.819
8.903643,1265.171,256.038,1264.133,256.429
8.906834,1265.171,256.038,1264.652,256.233
8.910954,1265.171,256.038,1264.911,256.136
8.913933,1265.171,256.038,1265.041,256.087
8.917557,1265.171,256.038,1265.106,256.062
8.920576,1265.171,256.038,1265.138,256.050
8.923616,1272.987,249.177,1269.063,252.614
8.926510,1272.987,249.177,1271.025,250.895
8.929508,1272.987,249.177,1272.006,250.036
8.933125,1272.987,249.177,1272.497,249.607
8.937761,1272.987,249.177,1272.742,249.392
8.941210,1272.987,249.177,1272.865,249.285
8.944382,1272.987,249.177,1272.926,249.231
8.947870,1272.987,249.177,1272.957,249.204
8.952166,1276.241,243.543,1274.599,246.373
8.955372,1276.241,243.543,1275.420,244.958
8.958796,1276.241,243.543,1275.830,244.251
8.962400,1276.241,243.543,1276.035,243.897
8.966185,1276.241,243.543,1276.138,243.720
8.969704,1276.241,243.543,1276.189,243.631
8.972816,1276.241,243.543,1276.215,243.587
8.975790,1276.241,243.543,1276.228,243.565
8.979347,1276.241,243.543,1276.234,243.554
8.982756,1280.380,240.508,1278.307,242.031
8.986576,1280.380,240.508,1279.344,241.269
8.989897,1280.380,240.508,1279.862,240.888
8.993820,1280.380,240.508,1280.121,240.698
8.997292,1280.380,240.508,1280.251,240.603
9.000988,1280.380,240.508,1280.315,240.555
9.004734,1280.380,240.508,1280.348,240.531
9.008196,1280.380,240.508,1280.364,240.519
9.013376,1284.579,238.113,1282.471,239.316
9.017090,1284.579,238.113,1283.525,238.715
9.021156,1284.579,238.113,1284.052,238.414
9.024988,1284.579,238.113,1284.315,238.264
9.028862,1284.579,238.113,1284.447,238.188
9.033197,1284.579,238.113,1284.513,238.151
9.037157,1284.579,238.113,1284.546,238.132
9.041708,1289.502,236.827,1287.024,237.479
9.045259,1289.502,236.827,1288.263,237.153
9.049587,1289.502,236.827,1288.882,236.990
9.053282,1289.502,236.827,1289.192,236.908
9.056797,1289.502,236.827,1289.347,236.868
9.060099,1289.502,236.827,1289.424,236.847
9.063311,1289.502,236.827,1289.463,236.837
9.066479,1289.502,236.827,1289.482,236.832
9.069788,1289.502,236.827,1289.492,236.829
9.073082,1294.178,235.865,1291.835,236.347
9.076532,1294.178,235.865,1293.007,236.106
9.079615,1294.178,235.865,1293.593,235.985
9.083038,1294.178,235.865,1293.885,235.925
9.086895,1294.178,235.865,1294.032,235.895
9.090405,1294.178,235.865,1294.105,235.880
9.093992,1294.178,235.865,1294.142,235.872
9.097935,1294.178,235.865,1294.160,235.868
9.102081,1296.640,236.647,1295.400,236.258
9.105959,1296.640,236.647,1296.020,236.452
9.109486,1296.640,236.647,1296.330,236.550
9.112738,1296.640,236.647,1296.485,236.598
9.116163,1296.640,236.647,1296.562,236.623
9.119797,1296.640,236.647,1296.601,236.635
9.124195,1296.640,236.647,1296.620,236.641
9.128342,1296.640,236.647,1296.630,236.644
9.132292,1296.640,236.647,1296.635,236.645
9.136751,1298.421,237.248,1297.528,236.947
9.140793,1298.421,237.248,1297.975,237.097
9.150505,1298.421,237.248,1298.198,237.172
9.155931,1298.421,237.248,1298.310,237.210
9.160191,1298.421,237.248,1298.365,237.229
9.163973,1298.432,236.901,1298.398,237.065
9.168808,1298.432,236.901,1298.415,236.983
9.173038,1298.432,236.901,1298.423,236.942
9.176941,1298.432,236.901,1298.427,236.921
9.180820,1298.432,236.901,1298.430,236.911
9.184954,1298.432,236.901,1298.431,236.906
9.188778,1298.432,236.901,1298.431,236.903
9.193216,1298.226,238.199,1298.329,237.551
9.197197,1298.226,238.199,1298.278,237.875
9.201143,1298.226,238.199,1298.252,238.037
9.206461,1298.226,238.199,1298.239,238.118
9.210527,1298.226,238.199,1298.233,238.159
9.214499,1298.226,238.199,1298.229,238.179
9.218874,1298.226,238.199,1298.228,238.189
9.222776,1298.226,238.199,1298.227,238.194
9.226519,1298.412,238.526,1298.319,238.360
9.230476,1298.412,238.526,1298.365,238.443
9.234358,1298.412,238.526,1298.389,238.484
9.238251,1298.412,238.526,1298.400,238.505
9.241722,1298.412,238.526,1298.406,238.515
9.244839,1298.412,238.526,1298.409,238.520
9.250288,1298.412,238.526,1298.410,238.523
9.254868,1298.968,238.174,1298.689,238.348
9.258507,1298.968,238.174,1298.828,238.261
9.262302,1298.968,238.174,1298.898,238.218
9.266565,1298.968,238.174,1298.933,238.196
9.270876,1298.968,238.174,1298.950,238.185
9.274469,1298.968,238.174,1298.959,238.179
9.277998,1298.968,238.174,1298.963,238.177
9.281498,1298.968,238.174,1298.965,238.175
9.284998,1299.241,238.162,1299.103,238.169
9.288237,1299.241,238.162,1299.172,238.165
9.291655,1299.241,238.162,1299.207,238.164
9.295710,1299.241,238.162,1299.224,238.163
9.299553,1299.241,238.162,1299.233,238.162
9.303209,1299.241,238.162,1299.237,238.162
9.306541,1299.241,238.162,1299.239,238.162
9.309961,1299.241,238.162,1299.240,238.162
9.313591,1300.661,237.325,1299.950,237.744
9.317263,1300.661,237.325,1300.306,237.534
9.320761,1300.661,237.325,1300.483,237.430
9.324448,1300.661,237.325,1300.572,237.378
9.328321,1300.661,237.325,1300.616,237.351
9.331743,1300.661,237.325,1300.638,237.338
9.335482,1300.661,237.325,1300.650,237.332
9.339001,1300.661,237.325,1300.655,237.329
9.342489,1300.661,237.325,1300.658,237.327
9.346012,1301.560,236.316,1301.109,236.821
9.349379,1301.560,236.316,1301.334,236.568
9.352737,1301.560,236.316,1301.447,236.442
9.356600,1301.560,236.316,1301.503,236.379
9.359970,1301.560,236.316,1301.531,236.347
9.363037,1301.560,236.316,1301.546,236.331
9.366209,1301.560,236.316,1301.553,236.324
9.370016,1301.560,236.316,1301.556,236.320
9.373415,1301.560,236.316,1301.558,236.318
9.376989,1301.660,236.691,1301.609,236.504
9.380278,1301.660,236.691,1301.634,236.597
9.383417,1301.660,236.691,1301.647,236.644
9.387079,1301.660,236.691,1301.653,236.667
9.390577,1301.660,236.691,1301.656,236.679
9.393917,1301.660,236.691,1301.658,236.685
9.397253,1301.660,236.691,1301.659,236.688
9.400858,1301.660,236.691,1301.659,236.689
9.404530,1303.368,237.250,1302.514,236.970
9.408112,1303.368,237.250,1302.941,237.110
9.411423,1303.368,237.250,1303.155,237.180
9.414816,1303.368,237.250,1303.262,237.215
9.418575,1303.368,237.250,1303.315,237.232
9.422142,1303.368,237.250,1303.342,237.241
9.425329,1303.368,237.250,1303.355,237.246
9.428480,1303.368,237.250,1303.362,237.248
9.431711,1303.368,237.250,1303.365,237.249
9.435972,1303.506,236.845,1303.436,237.047
9.439825,1303.506,236.845,1303.471,236.946
9.443338,1303.506,236.845,1303.489,236.896
9.447418,1303.506,236.845,1303.497,236.870
9.451172,1303.506,236.845,1303.502,236.858
9.454430,1303.506,236.845,1303.504,236.851
9.458004,1303.506,236.845,1303.505,236.848
9.461151,1303.506,236.845,1303.506,236.847
9.464489,1303.435,237.036,1303.470,236.942
9.468271,1303.435,237.036,1303.452,236.989
9.471596,1303.435,237.036,1303.443,237.013
9.474995,1303.435,237.036,1303.439,237.025
9.478971,1303.435,237.036,1303.437,237.031
9.482595,1303.435,237.036,1303.436,237.033
9.487118,1303.435,237.036,1303.435,237.035
9.490631,1303.435,237.036,1303.435,237.036
9.493977,1303.435,237.036,1303.435,237.036
9.497702,1271.689,301.877,1287.562,269.457
9.501091,1271.689,301.877,1279.626,285.667
9.504559,1271.689,301.877,1275.657,293.772
9.507975,1271.689,301.877,1273.673,297.824
9.511330,1271.689,301.877,1272.681,299.851
9.514633,1271.689,301.877,1272.185,300.864
9.518114,1271.689,301.877,1271.937,301.370
9.521599,1271.689,301.877,1271.813,301.624
9.524864,1271.689,301.877,1271.751,301.750
9.528582,1209.899,507.612,1240.825,404.681
9.531820,1209.899,507.612,1225.362,456.147
9.535244,1209.899,507.612,1217.630,481.879
9.538866,1209.899,507.612,1213.765,494.746
9.542656,1209.899,507.612,1211.832,501.179
9.546055,1209.899,507.612,1210.865,504.396
9.549583,1209.899,507.612,1210.382,506.004
9.553028,1209.899,507.612,1210.140,506.808
9.556372,1170.603,711.013,1190.372,608.910
9.559654,1170.603,711.013,1180.488,659.962
9.563152,1170.603,711.013,1175.545,685.487
9.566826,1170.603,711.013,1173.074,698.250
9.570532,1170.603,711.013,1171.839,704.631
9.575043,1170.603,711.013,1171.221,707.822
9.579662,1170.603,711.013,1170.912,709.417
9.583469,1170.603,711.013,1170.758,710.215
9.587299,1147.345,821.984,1159.051,766.099
9.590658,1147.345,821.984,1153.198,794.041
9.593609,1147.345,821.984,1150.271,808.013
9.596756,1147.345,821.984,1148.808,814.998
9.600008,1147.345,821.984,1148.076,818.491
9.603434,1147.345,821.984,1147.711,820.237
9.606932,1147.345,821.984,1147.528,821.110
9.610338,1147.345,821.984,1147.436,821.547
9.613504,1147.345,821.984,1147.390,821.765
9.617188,1131.118,880.618,1139.254,851.192
9.621449,1131.118,880.618,1135.186,865.905
9.625263,1131.118,880.618,1133.152,873.261
9.628908,1131.118,880.618,1132.135,876.940
9.632187,1131.118,880.618,1131.626,878.779
9.635933,1131.118,880.618,1131.372,879.698
9.639229,1131.118,880.618,1131.245,880.158
9.642372,1131.118,880.618,1131.181,880.388
9.645613,1131.118,880.618,1131.149,880.503
9.649836,1113.982,912.865,1122.566,896.684
9.653753,1113.982,912.865,1118.274,904.774
9.657373,1113.982,912.865,1116.128,908.820
9.661152,1113.982,912.865,1115.055,910.842
9.664656,1113.982,912.865,1114.518,911.854
9.668297,1113.982,912.865,1114.250,912.359
9.671808,1113.982,912.865,1114.116,912.612
9.674948,1113.982,912.865,1114.049,912.738
9.678650,1103.536,928.109,1108.793,920.424
9.682196,1103.536,928.109,1106.165,924.267
9.685925,1103.536,928.109,1104.850,926.188
9.689896,1103.536,928.109,1104.193,927.149
9.693333,1103.536,928.109,1103.865,927.629
9.696795,1103.536,928.109,1103.701,927.869
9.700510,1103.536,928.109,1103.619,927.989
9.704075,1103.536,928.109,1103.577,928.049
9.707785,1094.771,940.457,1099.174,934.253
9.711002,1094.771,940.457,1096.972,937.355
9.714272,1094.771,940.457,1095.872,938.906
9.717886,1094.771,940.457,1095.321,939.682
9.721514,1094.771,940.457,1095.046,940.070
9.724703,1094.771,940.457,1094.908,940.264
9.727951,1094.771,940.457,1094.840,940.361
9.731096,1094.771,940.457,1094.805,940.409
9.734383,1094.771,940.457,1094.788,940.433
9.737993,1096.376,944.290,1095.582,942.361
9.741318,1096.376,944.290,1095.979,943.325
9.744596,1096.376,944.290,1096.178,943.808
9.748133,1096.376,944.290,1096.277,944.049
9.751888,1096.376,944.290,1096.327,944.169
9.755457,1096.376,944.290,1096.352,944.229
9.759003,1096.376,944.290,1096.364,944.259
9.762371,1096.376,944.290,1096.370,944.275
9.765409,1096.376,944.290,1096.373,944.282
9.769199,1096.686,946.699,1096.530,945.491
9.772652,1096.686,946.699,1096.608,946.095
9.776793,1096.686,946.699,1096.647,946.397
9.780638,1096.686,946.699,1096.666,946.548
9.784153,1096.686,946.699,1096.676,946.624
9.788080,1096.686,946.699,1096.681,946.662
9.791294,1096.686,946.699,1096.683,946.680
9.794218,1096.686,946.699,1096.685,946.690
9.797367,1094.912,949.581,1095.798,948.135
9.800848,1094.912,949.581,1095.355,948.858
9.804625,1094.912,949.581,1095.134,949.220
9.808084,1094.912,949.581,1095.023,949.400
9.811834,1094.912,949.581,1094.968,949.491
9.815523,1094.912,949.581,1094.940,949.536
9.819212,1094.912,949.581,1094.926,949.558
9.822712,1094.912,949.581,1094.919,949.570
9.826569,1094.912,949.581,1094.916,949.575
9.830540,1088.827,951.211,1091.871,950.393
9.834606,1088.827,951.211,1090.349,950.802
9.838572,1088.827,951.211,1089.588,951.007
9.842491,1088.827,951.211,1089.208,951.109
9.846304,1088.827,951.211,1089.017,951.160
9.849522,1088.827,951.211,1088.922,951.186
9.852962,1088.827,951.211,1088.875,951.198
9.856554,1088.827,951.211,1088.851,951.205
9.860069,1084.631,952.444,1086.741,951.824
9.863216,1084.631,952.444,1085.686,952.134
9.866598,1084.631,952.444,1085.158,952.289
9.870356,1084.631,952.444,1084.894,952.366
9.873789,1084.631,952.444,1084.762,952.405
9.877075,1084.631,952.444,1084.697,952.424
9.880308,1084.631,952.444,1084.664,952.434
9.883425,1084.631,952.444,1084.647,952.439
9.886976,1084.631,952.444,1084.639,952.441
9.890604,1059.483,954.383,1072.061,953.412
9.893755,1059.483,954.383,1065.772,953.898
9.896904,1059.483,954.383,1062.628,954.140
9.900455,1059.483,954.383,1061.055,954.262
9.904264,1059.483,954.383,1060.269,954.322
9.907734,1059.483,954.383,1059.876,954.353
9.910929,1059.483,954.383,1059.680,954.368
9.914213,1059.483,954.383,1059.581,954.375
9.917765,928.574,948.273,994.078,951.324
9.921408,928.574,948.273,961.326,949.799
9.924587,928.574,948.273,944.950,949.036
9.927946,928.574,948.273,936.762,948.655
9.931675,928.574,948.273,932.668,948.464
9.935301,928.574,948.273,930.621,948.369
9.938925,928.574,948.273,929.597,948.321
9.942268,928.574,948.273,929.085,948.297
9.945457,928.574,948.273,928.830,948.285
9.948910,753.977,951.962,841.403,950.123
9.952671,753.977,951.962,797.690,951.043
9.956053,753.977,951.962,775.834,951.502
9.959560,753.977,951.962,764.906,951.732
9.963081,753.977,951.962,759.441,951.847
9.966608,753.977,951.962,756.709,951.904
9.970438,753.977,951.962,755.343,951.933
9.973703,753.977,951.962,754.660,951.947
9.976833,753.977,951.962,754.319,951.955
9.980337,620.243,949.910,687.281,950.932
9.983843,620.243,949.910,653.762,950.421
9.987450,620.243,949.910,637.003,950.165
9.991005,620.243,949.910,628.623,950.037
9.994234,620.243,949.910,624.433,949.973
9.997684,620.243,949.910,622.338,949.942
10.001010,620.243,949.910,621.291,949.926
10.005300,620.243,949.910,620.767,949.918
10.008530,535.480,950.873,578.124,950.395
10.011960,535.480,950.873,556.802,950.634
10.015000,535.480,950.873,546.141,950.754
10.018690,535.480,950.873,540.811,950.814
10.022190,535.480,950.873,538.145,950.844
10.025920,535.480,950.873,536.813,950.858
10.029340,535.480,950.873,536.146,950.866
10.032510,535.480,950.873,535.813,950.870
10.035880,535.480,950.873,535.647,950.872
10.039040,479.216,961.889,507.431,956.380
10.042550,479.216,961.889,493.324,959.135
10.046110,479.216,961.889,486.270,960.512
10.049350,479.216,961.889,482.743,961.201
10.053150,479.216,961.889,480.980,961.545
10.056720,479.216,961.889,480.098,961.717
10.060020,479.216,961.889,479.657,961.803
10.063170,479.216,961.889,479.437,961.846
10.066610,479.216,961.889,479.326,961.868
10.070400,441.974,965.025,460.650,963.446
10.073810,441.974,965.025,451.312,964.236
10.076970,441.974,965.025,446.643,964.630
10.080640,441.974,965.025,444.309,964.828
10.084070,441.974,965.025,443.141,964.926
10.087670,441.974,965.025,442.558,964.976
10.091110,441.974,965.025,442.266,965.000
10.094350,441.974,965.025,442.120,965.013
10.097580,441.974,965.025,442.047,965.019
10.100940,418.163,962.480,430.105,963.749
10.104790,418.163,962.480,424.134,963.114
10.108590,418.163,962.480,421.149,962.797
10.112400,418.163,962.480,419.656,962.638
10.115780,418.163,962.480,418.910,962.559
10.119210,418.163,962.480,418.536,962.519
10.123250,418.163,962.480,418.350,962.499
10.127120,418.163,962.480,418.257,962.489
10.131270,406.931,968.233,412.594,965.361
10.135320,406.931,968.233,409.762,966.797
10.139330,406.931,968.233,408.347,967.515
10.143290,406.931,968.233,407.639,967.874
10.147090,406.931,968.233,407.285,968.054
10.150780,406.931,968.233,407.108,968.144
10.154270,406.931,968.233,407.019,968.188
10.157790,406.931,968.233,406.975,968.211
10.161320,398.199,975.506,402.587,971.859
10.164710,398.199,975.506,400.393,973.683
10.168420,398.199,975.506,399.296,974.594
10.172820,398.199,975.506,398.748,975.050
10.177060,398.199,975.506,398.473,975.278
10.180780,398.199,975.506,398.336,975.392
10.184800,398.199,975.506,398.268,975.449
10.188470,398.199,975.506,398.233,975.478
10.192330,311.478,948.684,354.856,962.081
10.196140,311.478,948.684,333.167,955.383
10.200540,311.478,948.684,322.323,952.033
10.205070,311.478,948.684,316.900,950.359
10.208930,311.478,948.684,314.189,949.521
10.212630,311.478,948.684,312.834,949.103
10.216260,311.478,948.684,312.156,948.893
10.220100,188.953,914.963,250.555,931.928
10.223570,188.953,914.963,219.754,923.446
10.226850,188.953,914.963,204.353,919.204
10.230540,188.953,914.963,196.653,917.084
10.234300,188.953,914.963,192.803,916.023
10.237770,188.953,914.963,190.878,915.493
10.240860,188.953,914.963,189.916,915.228
10.244130,188.953,914.963,189.434,915.096
10.247660,188.953,914.963,189.194,915.029
10.251330,95.168,885.882,142.181,900.455
10.255370,95.168,885.882,118.674,893.169
10.258500,95.168,885.882,106.921,889.525
10.262080,95.168,885.882,101.045,887.703
10.265470,95.168,885.882,98.106,886.793
10.268860,95.168,885.882,96.637,886.337
10.272210,95.168,885.882,95.902,886.109
10.276010,95.168,885.882,95.535,885.996
10.279560,95.168,885.882,95.352,885.939
10.283620,44.900,864.082,70.126,875.010
10.287550,44.900,864.082,57.513,869.546
10.291210,44.900,864.082,51.207,866.814
10.294650,44.900,864.082,48.054,865.448
10.297990,44.900,864.082,46.477,864.765
10.301040,44.900,864.082,45.689,864.424
10.304110,44.900,864.082,45.295,864.253
10.307480,44.900,864.082,45.097,864.168
10.311930,14.209,856.260,29.653,860.214
10.315750,14.209,856.260,21.931,858.237
10.319290,14.209,856.260,18.070,857.248
10.322810,14.209,856.260,16.140,856.754
10.326240,14.209,856.260,15.174,856.507
10.329430,14.209,856.260,14.692,856.384
10.332410,14.209,856.260,14.450,856.322
10.335570,14.209,856.260,14.330,856.291
10.338930,14.209,856.260,14.269,856.275
10.342520,1.388,848.770,7.829,852.523
10.345620,1.388,848.770,4.608,850.646
10.348840,1.388,848.770,2.998,849.708
10.352830,1.388,848.770,2.193,849.239
10.357400,1.388,848.770,1.790,849.005
10.361120,1.388,848.770,1.589,848.887
10.364410,1.388,848.770,1.489,848.829
10.367680,1.388,848.770,1.438,848.799
10.371730,40.068,844.923,20.753,846.862
10.375390,40.068,844.923,30.410,845.893
10.379100,40.068,844.923,35.239,845.408
10.382740,40.068,844.923,37.653,845.166
10.386900,40.068,844.923,38.860,845.045
10.390320,40.068,844.923,39.464,844.984
10.393430,40.068,844.923,39.766,844.954
10.396690,40.068,844.923,39.917,844.939
10.400050,40.068,844.923,39.992,844.931
10.404090,68.615,845.556,54.303,845.244
10.407280,68.615,845.556,61.459,845.400
10.410510,68.615,845.556,65.037,845.478
10.413850,68.615,845.556,66.826,845.517
10.417200,68.615,845.556,67.720,845.537
10.420720,68.615,845.556,68.167,845.546
10.423880,68.615,845.556,68.391,845.551
10.426960,68.615,845.556,68.503,845.554
10.430380,68.615,845.556,68.559,845.555
10.434240,84.335,844.747,76.447,845.151
10.438160,84.335,844.747,80.391,844.949
10.441740,84.335,844.747,82.363,844.848
10.445400,84.335,844.747,83.349,844.798
10.448930,84.335,844.747,83.842,844.773
10.452370,84.335,844.747,84.089,844.760
10.455690,84.335,844.747,84.212,844.754
10.458990,84.335,844.747,84.274,844.751
10.462220,94.752,842.863,89.513,843.807
10.466250,94.752,842.863,92.132,843.335
10.470090,94.752,842.863,93.442,843.099
10.473790,94.752,842.863,94.097,842.981
10.477290,94.752,842.863,94.424,842.922
10.480540,94.752,842.863,94.588,842.892
10.483590,94.752,842.863,94.670,842.877
10.487010,94.752,842.863,94.711,842.870
10.490470,94.752,842.863,94.731,842.866
10.494060,106.252,840.155,100.492,841.511
10.497390,106.252,840.155,103.372,840.833
10.500620,106.252,840.155,104.812,840.494
10.504380,106.252,840.155,105.532,840.325
10.507840,106.252,840.155,105.892,840.240
10.511250,106.252,840.155,106.072,840.198
10.515120,106.252,840.155,106.162,840.176
10.518780,106.252,840.155,106.207,840.166
10.522520,120.350,836.114,113.279,838.140
10.525790,120.350,836.114,116.815,837.127
10.529280,120.350,836.114,118.583,836.621
10.532510,120.350,836.114,119.466,836.368
10.536290,120.350,836.114,119.908,836.241
10.539780,120.350,836.114,120.129,836.178
10.543040,120.350,836.114,120.240,836.146
10.546660,120.350,836.114,120.295,836.130
10.550110,120.350,836.114,120.323,836.122
10.553860,134.611,832.925,127.467,834.524
10.557170,134.611,832.925,131.039,833.724
10.560720,134.611,832.925,132.825,833.324
10.564670,134.611,832.925,133.718,833.125
10.568570,134.611,832.925,134.165,833.025
10.572420,134.611,832.925,134.388,832.975
10.576650,134.611,832.925,134.500,832.950
10.580110,134.611,832.925,134.555,832.937
10.583670,150.847,830.880,142.701,831.908
10.587340,150.847,830.880,146.774,831.394
10.590480,150.847,830.880,148.810,831.137
10.594150,150.847,830.880,149.829,831.008
10.598350,150.847,830.880,150.338,830.944
10.602250,150.847,830.880,150.592,830.912
10.605660,150.847,830.880,150.720,830.896
10.608930,150.847,830.880,150.783,830.888
10.612040,150.847,830.880,150.815,830.883
10.615590,165.303,828.057,158.059,829.470
10.619120,165.303,828.057,161.681,828.764
10.622220,165.303,828.057,163.492,828.410
10.625630,165.303,828.057,164.398,828.234
10.628800,165.303,828.057,164.851,828.145
10.631900,165.303,828.057,165.077,828.101
10.635100,165.303,828.057,165.190,828.079
10.638530,165.303,828.057,165.247,828.068
10.642280,165.303,828.057,165.275,828.063
10.645800,176.532,823.548,170.904,825.805
10.648820,176.532,823.548,173.718,824.677
10.651950,176.532,823.548,175.125,824.113
10.655820,176.532,823.548,175.829,823.830
10.659740,176.532,823.548,176.181,823.689
10.663240,176.532,823.548,176.356,823.619
10.666590,176.532,823.548,176.444,823.584
10.670240,176.532,823.548,176.488,823.566
10.674220,393.751,812.843,285.120,818.204
10.677950,393.751,812.843,339.436,815.523
10.681020,393.751,812.843,366.593,814.183
10.684350,393.751,812.843,380.172,813.513
10.688440,393.751,812.843,386.962,813.178
10.691960,393.751,812.843,390.357,813.010
10.695110,393.751,812.843,392.054,812.926
10.698220,393.751,812.843,392.903,812.885
10.701480,393.751,812.843,393.327,812.864
10.705440,901.906,801.315,647.617,807.089
10.709330,901.906,801.315,774.761,804.202
10.712710,901.906,801.315,838.334,802.758
10.716580,901.906,801.315,870.120,802.037
10.720900,901.906,801.315,886.013,801.676
10.724420,901.906,801.315,893.960,801.495
10.728030,901.906,801.315,897.933,801.405
10.731340,901.906,801.315,899.920,801.360
10.735000,1279.220,807.673,1089.570,804.517
10.738660,1279.220,807.673,1184.395,806.095
10.742020,1279.220,807.673,1231.807,806.884
10.745350,1279.220,807.673,1255.513,807.279
10.748740,1279.220,807.673,1267.367,807.476
10.752590,1279.220,807.673,1273.293,807.575
10.756130,1279.220,807.673,1276.256,807.624
10.759320,1279.220,807.673,1277.738,807.649
10.762260,1279.220,807.673,1278.479,807.661
10.765700,1493.287,810.300,1385.883,808.980
10.769210,1493.287,810.300,1439.585,809.640
10.772360,1493.287,810.300,1466.436,809.970
10.775680,1493.287,810.300,1479.862,810.135
10.779340,1493.287,810.300,1486.574,810.217
10.783260,1493.287,810.300,1489.931,810.258
10.786780,1493.287,810.300,1491.609,810.279
10.790370,1493.287,810.300,1492.448,810.289
10.793800,1598.916,818.967,1545.682,814.628
10.797240,1598.916,818.967,1572.299,816.797
10.800530,1598.916,818.967,1585.607,817.882
10.803940,1598.916,818.967,1592.261,818.424
10.807700,1598.916,818.967,1595.589,818.696
10.811360,1598.916,818.967,1597.252,818.831
10.814740,1598.916,818.967,1598.084,818.899
10.818410,1598.916,818.967,1598.500,818.933
10.821660,1598.916,818.967,1598.708,818.950
10.825050,1640.882,822.275,1619.795,820.613
10.828330,1640.882,822.275,1630.338,821.444
10.831740,1640.882,822.275,1635.610,821.860
10.835270,1640.882,822.275,1638.246,822.068
10.838970,1640.882,822.275,1639.564,822.171
10.842550,1640.882,822.275,1640.223,822.223
10.846030,1640.882,822.275,1640.552,822.249
10.849290,1640.882,822.275,1640.717,822.262
10.852660,1640.882,822.275,1640.799,822.269
10.856450,1660.286,818.638,1650.542,820.454
10.859590,1660.286,818.638,1655.414,819.546
10.862990,1660.286,818.638,1657.850,819.092
10.866460,1660.286,818.638,1659.068,818.865
10.870380,1660.286,818.638,1659.677,818.752
10.873770,1660.286,818.638,1659.981,818.695
10.877040,1660.286,818.638,1660.134,818.667
10.880160,1660.286,818.638,1660.210,818.653
10.883180,1660.286,818.638,1660.248,818.646
10.886970,1660.497,815.130,1660.373,816.888
10.890330,1660.497,815.130,1660.435,816.009
10.893680,1660.497,815.130,1660.466,815.569
10.897270,1660.497,815.130,1660.482,815.350
10.900860,1660.497,815.130,1660.490,815.240
10.904460,1660.497,815.130,1660.493,815.185
10.907960,1660.497,815.130,1660.495,815.157
10.911150,1660.497,815.130,1660.496,815.144
10.914270,1660.497,815.130,1660.497,815.137
10.917490,1661.838,815.999,1661.168,815.568
10.921050,1661.838,815.999,1661.503,815.783
10.925170,1661.838,815.999,1661.671,815.891
10.929070,1661.838,815.999,1661.755,815.945
10.932510,1661.838,815.999,1661.796,815.972
10.935900,1661.838,815.999,1661.817,815.985
10.939250,1661.838,815.999,1661.828,815.992
10.942270,1661.838,815.999,1661.833,815.995
10.945810,1668.205,816.963,1665.019,816.479
10.949160,1668.205,816.963,1666.612,816.721
10.952360,1668.205,816.963,1667.409,816.842
10.956090,1668.205,816.963,1667.807,816.903
10.959770,1668.205,816.963,1668.006,816.933
10.963130,1668.205,816.963,1668.106,816.948
10.966270,1668.205,816.963,1668.156,816.956
10.969850,1668.205,816.963,1668.180,816.959
10.973170,1668.205,816.963,1668.193,816.961
10.976980,1674.750,820.019,1671.471,818.490
10.980280,1674.750,820.019,1673.110,819.255
10.983660,1674.750,820.019,1673.930,819.637
10.987790,1674.750,820.019,1674.340,819.828
10.991430,1674.750,820.019,1674.545,819.924
10.994630,1674.750,820.019,1674.647,819.971
10.997740,1674.750,820.019,1674.698,819.995
11.001230,1674.750,820.019,1674.724,820.007
11.004740,1674.750,820.019,1674.737,820.013
11.008240,1676.042,821.916,1675.389,820.964
11.011390,1676.042,821.916,1675.716,821.440
11.014560,1676.042,821.916,1675.879,821.678
11.018510,1676.042,821.916,1675.961,821.797
11.022460,1676.042,821.916,1676.001,821.856
11.025750,1676.042,821.916,1676.022,821.886
11.029120,1676.042,821.916,1676.032,821.901
11.032190,1676.042,821.916,1676.037,821.908
11.035400,1676.042,821.916,1676.040,821.912
11.038960,1677.391,821.914,1676.715,821.913
11.042100,1677.391,821.914,1677.053,821.913
11.045420,1677.391,821.914,1677.222,821.914
11.049300,1677.391,821.914,1677.307,821.914
11.052710,1677.391,821.914,1677.349,821.914
11.055960,1677.391,821.914,1677.370,821.914
11.058990,1677.391,821.914,1677.380,821.914
11.061950,1677.391,821.914,1677.386,821.914
11.064820,1677.391,821.914,1677.388,821.914
11.069140,1676.306,820.890,1676.847,821.402
11.072770,1676.306,820.890,1676.576,821.146
11.076440,1676.306,820.890,1676.441,821.018
11.080380,1676.306,820.890,1676.374,820.954
11.084010,1676.306,820.890,1676.340,820.922
11.087760,1676.306,820.890,1676.323,820.906
11.091390,1676.306,820.890,1676.314,820.898
11.094550,1676.306,820.890,1676.310,820.894
11.098160,1675.546,784.311,1675.928,802.602
11.101500,1675.546,784.311,1675.737,793.457
11.105130,1675.546,784.311,1675.641,788.884
11.108770,1675.546,784.311,1675.594,786.597
11.112450,1675.546,784.311,1675.570,785.454
11.115660,1675.546,784.311,1675.558,784.882
11.119060,1675.546,784.311,1675.552,784.597
11.128890,1655.063,610.770,1665.307,697.683
11.140100,1655.063,610.770,1660.185,654.226
11.145000,1655.063,610.770,1657.624,632.498
11.148830,1655.063,610.770,1656.344,621.634
11.152290,1655.063,610.770,1655.703,616.202
11.155860,1618.436,406.513,1637.069,511.358
11.159740,1618.436,406.513,1627.752,458.935
11.162820,1618.436,406.513,1623.094,432.724
11.166120,1618.436,406.513,1620.765,419.619
11.169910,1618.436,406.513,1619.600,413.066
11.173300,1618.436,406.513,1619.018,409.790
11.176780,1618.436,406.513,1618.727,408.151
11.179990,1618.436,406.513,1618.581,407.332
11.183200,1618.436,406.513,1618.508,406.923
11.186550,1593.563,277.107,1606.036,342.015
11.190340,1593.563,277.107,1599.799,309.561
11.193910,1593.563,277.107,1596.681,293.334
11.197750,1593.563,277.107,1595.122,285.221
11.202100,1593.563,277.107,1594.343,281.164
11.207100,1593.563,277.107,1593.953,279.136
11.211570,1593.563,277.107,1593.758,278.122
11.215320,1593.563,277.107,1593.660,277.614
11.219970,1582.810,202.968,1588.235,240.291
11.224260,1582.810,202.968,1585.523,221.629
11.228410,1582.810,202.968,1584.167,212.299
11.232160,1582.810,202.968,1583.489,207.633
11.235550,1582.810,202.968,1583.149,205.300
11.239650,1582.810,202.968,1582.980,204.134
11.242640,1582.810,202.968,1582.895,203.551
11.245530,1582.810,202.968,1582.853,203.259
11.248670,1577.694,163.501,1580.274,183.380
11.251740,1577.694,163.501,1578.984,173.441
11.254920,1577.694,163.501,1578.339,168.471
11.258280,1577.694,163.501,1578.017,165.986
11.261410,1577.694,163.501,1577.855,164.744
11.264540,1577.694,163.501,1577.775,164.123
11.267850,1577.694,163.501,1577.735,163.812
11.271420,1577.694,163.501,1577.714,163.657
11.274810,1577.694,163.501,1577.704,163.579
11.278430,1573.315,140.885,1575.510,152.232
11.281800,1573.315,140.885,1574.412,146.558
11.285650,1573.315,140.885,1573.863,143.722
11.289870,1573.315,140.885,1573.589,142.303
11.293640,1573.315,140.885,1573.452,141.594
11.297090,1573.315,140.885,1573.383,141.239
11.300750,1573.315,140.885,1573.349,141.062
11.304530,1573.315,140.885,1573.332,140.973
11.308400,1570.699,128.175,1572.016,134.574
11.311870,1570.699,128.175,1571.358,131.375
11.315630,1570.699,128.175,1571.029,129.775
11.319820,1570.699,128.175,1570.864,128.975
11.323430,1570.699,128.175,1570.782,128.575
11.326740,1570.699,128.175,1570.741,128.375
11.330110,1570.699,128.175,1570.720,128.275
11.333530,1570.699,128.175,1570.710,128.225
11.336830,1570.699,128.175,1570.705,128.200
11.340380,1568.034,117.566,1569.370,122.883
11.343460,1568.034,117.566,1568.702,120.224
11.347020,1568.034,117.566,1568.368,118.895
11.351090,1568.034,117.566,1568.201,118.230
11.354660,1568.034,117.566,1568.118,117.898
11.358170,1568.034,117.566,1568.076,117.732
11.361510,1568.034,117.566,1568.055,117.649
11.364690,1568.034,117.566,1568.045,117.607
11.367710,1564.205,114.483,1566.125,116.045
11.371410,1564.205,114.483,1565.165,115.264
11.374740,1564.205,114.483,1564.685,114.873
11.378380,1564.205,114.483,1564.445,114.678
11.381800,1564.205,114.483,1564.325,114.580
11.385090,1564.205,114.483,1564.265,114.532
11.388630,1564.205,114.483,1564.235,114.507
11.392000,1564.205,114.483,1564.220,114.495
11.395270,1564.205,114.483,1564.213,114.489
11.398550,1560.345,111.013,1562.279,112.751
11.402300,1560.345,111.013,1561.312,111.882
11.406130,1560.345,111.013,1560.828,111.448
11.410050,1560.345,111.013,1560.586,111.230
11.413590,1560.345,111.013,1560.466,111.122
11.417220,1560.345,111.013,1560.405,111.067
11.421400,1560.345,111.013,1560.375,111.040
11.425000,1560.345,111.013,1560.360,111.027
11.428560,1460.712,95.939,1510.536,103.483
11.432810,1460.712,95.939,1485.624,99.711
11.436790,1460.712,95.939,1473.168,97.825
11.440610,1460.712,95.939,1466.940,96.882
11.443960,1460.712,95.939,1463.826,96.410
11.447250,1460.712,95.939,1462.269,96.174
11.452170,1460.712,95.939,1461.491,96.056
11.456570,1460.712,95.939,1461.101,95.997
11.460860,1148.157,100.144,1304.629,98.071
11.465080,1148.157,100.144,1226.393,99.107
11.469790,1148.157,100.144,1187.275,99.625
11.474230,1148.157,100.144,1167.716,99.885
11.478020,1148.157,100.144,1157.936,100.014
11.481660,1148.157,100.144,1153.046,100.079
11.485190,1148.157,100.144,1150.602,100.111
11.488730,804.112,105.155,977.357,102.633
11.492180,804.112,105.155,890.735,103.894
11.495140,804.112,105.155,847.424,104.525
11.498170,804.112,105.155,825.768,104.840
11.501650,804.112,105.155,814.940,104.998
11.505350,804.112,105.155,809.526,105.077
11.508570,804.112,105.155,806.819,105.116
11.511840,804.112,105.155,805.466,105.136
11.515550,804.112,105.155,804.789,105.146
11.519700,587.499,115.149,696.144,110.147
11.523870,587.499,115.149,641.822,112.648
11.528680,587.499,115.149,614.660,113.899
11.533470,587.499,115.149,601.080,114.524
11.538060,587.499,115.149,594.289,114.837
11.542770,587.499,115.149,590.894,114.993
11.546670,587.499,115.149,589.197,115.071
11.550590,476.903,115.319,533.050,115.195
11.555110,476.903,115.319,504.976,115.257
11.559290,476.903,115.319,490.940,115.288
11.564140,476.903,115.319,483.921,115.304
11.568480,476.903,115.319,480.412,115.312
11.573620,476.903,115.319,478.658,115.316
11.577940,476.903,115.319,477.780,115.317
11.583570,416.803,111.367,447.292,113.342
11.589110,416.803,111.367,432.047,112.354
11.594840,416.803,111.367,424.425,111.860
11.601590,416.803,111.367,420.614,111.613
11.607230,416.803,111.367,418.708,111.490
11.613830,383.193,111.754,400.951,111.622
11.619270,383.193,111.754,392.072,111.688
11.624580,383.193,111.754,387.632,111.721
11.629650,383.193,111.754,385.413,111.737
11.634890,383.193,111.754,384.303,111.746
11.640410,362.718,110.973,373.510,111.360
11.646510,362.718,110.973,368.114,111.167
11.654590,362.718,110.973,365.416,111.070
11.660490,362.718,110.973,364.067,111.022
11.664920,362.718,110.973,363.393,110.998
11.668800,362.718,110.973,363.055,110.986
11.673740,345.095,108.823,354.075,109.904
11.677660,345.095,108.823,349.585,109.364
11.681640,345.095,108.823,347.340,109.093
11.686020,345.095,108.823,346.217,108.958
11.690390,345.095,108.823,345.656,108.890
11.694360,345.095,108.823,345.375,108.857
11.698490,345.095,108.823,345.235,108.840
11.702690,335.515,106.650,340.375,107.745
11.707100,335.515,106.650,337.945,107.197
11.711760,335.515,106.650,336.730,106.923
11.716080,335.515,106.650,336.122,106.787
11.720430,335.515,106.650,335.818,106.718
11.725040,335.515,106.650,335.666,106.684
11.728940,335.515,106.650,335.591,106.667
11.733410,330.770,102.192,333.180,104.429
11.738170,330.770,102.192,331.975,103.311
11.743520,330.770,102.192,331.372,102.751
11.748330,330.770,102.192,331.071,102.471
11.753210,330.770,102.192,330.920,102.332
11.758650,330.770,102.192,330.845,102.262
11.763470,327.381,99.352,329.113,100.807
11.769440,327.381,99.352,328.247,100.080
11.773900,327.381,99.352,327.814,99.716
11.778320,327.381,99.352,327.598,99.534
11.783290,327.381,99.352,327.490,99.443
11.788550,327.381,99.352,327.436,99.398
11.793920,323.570,97.862,325.503,98.630
11.799730,323.570,97.862,324.536,98.246
11.806000,323.570,97.862,324.053,98.054
11.811640,323.570,97.862,323.811,97.958
11.817650,323.570,97.862,323.690,97.910
11.823310,323.086,95.248,323.388,96.579
11.828300,323.086,95.248,323.237,95.914
11.836640,323.086,95.248,323.162,95.581
11.842290,323.086,95.248,323.124,95.415
11.847730,323.086,95.248,323.105,95.331
11.852670,321.922,92.558,322.514,93.945
11.857660,321.922,92.558,322.218,93.251
11.863760,321.922,92.558,322.070,92.905
11.868840,321.922,92.558,321.996,92.731
11.873520,321.922,92.558,321.959,92.645
11.878700,321.922,92.558,321.941,92.601
11.885210,322.864,90.452,322.402,91.526
11.891940,322.864,90.452,322.633,90.989
11.897890,322.864,90.452,322.748,90.720
11.903260,322.864,90.452,322.806,90.586
11.909310,322.864,90.452,322.835,90.519
11.915080,293.412,173.953,308.123,132.236
11.919850,293.412,173.953,300.768,153.094
11.925000,293.412,173.953,297.090,163.524
11.929330,293.412,173.953,295.251,168.738
11.933570,293.412,173.953,294.332,171.346
11.938380,293.412,173.953,293.872,172.649
11.942520,243.918,387.213,268.895,279.931
11.947510,243.918,387.213,256.406,333.572
11.952330,243.918,387.213,250.162,360.393
11.957490,243.918,387.213,247.040,373.803
11.961820,243.918,387.213,245.479,380.508
11.966500,243.918,387.213,244.698,383.861
11.970790,243.918,387.213,244.308,385.537
11.975250,218.939,579.770,231.624,482.654
11.980620,218.939,579.770,225.281,531.212
11.986290,218.939,579.770,222.110,555.491
11.991390,218.939,579.770,220.525,567.631
11.995820,218.939,579.770,219.732,573.700
12.000180,218.939,579.770,219.336,576.735
12.004930,182.585,685.227,200.960,630.981
12.009610,182.585,685.227,191.772,658.104
12.013410,182.585,685.227,187.178,671.666
12.018460,182.585,685.227,184.881,678.446
12.023370,182.585,685.227,183.733,681.837
12.026770,182.585,685.227,183.159,683.532
12.030070,182.585,685.227,182.872,684.379
12.033700,178.962,728.719,180.917,706.549
12.037790,178.962,728.719,179.940,717.634
12.041930,178.962,728.719,179.451,723.177
12.045600,178.962,728.719,179.207,725.948
12.049910,178.962,728.719,179.085,727.334
12.053920,178.962,728.719,179.024,728.026
12.058100,178.962,728.719,178.993,728.373
12.061930,178.962,728.719,178.978,728.546
12.066090,176.196,754.439,177.587,741.493
12.070280,176.196,754.439,176.892,747.966
12.074280,176.196,754.439,176.544,751.202
12.078420,176.196,754.439,176.370,752.821
12.082330,176.196,754.439,176.283,753.630
12.086760,176.196,754.439,176.240,754.034
12.090330,176.196,754.439,176.218,754.237
12.094020,174.681,790.081,175.449,772.159
12.097930,174.681,790.081,175.065,781.120
12.101480,174.681,790.081,174.873,785.600
12.105680,174.681,790.081,174.777,787.840
12.109210,174.681,790.081,174.729,788.960
12.112760,174.681,790.081,174.705,789.521
12.116350,174.681,790.081,174.693,789.801
12.120130,174.681,790.081,174.687,789.941
12.123640,167.006,798.369,170.846,794.155
12.127540,167.006,798.369,168.926,796.262
12.131950,167.006,798.369,167.966,797.316
12.136380,167.006,798.369,167.486,797.842
12.140650,167.006,798.369,167.246,798.106
12.144550,167.006,798.369,167.126,798.238
12.148660,167.006,798.369,167.066,798.303
12.152860,167.006,798.369,167.036,798.336
12.157270,163.532,800.827,165.284,799.582
12.161390,163.532,800.827,164.408,800.204
12.166750,163.532,800.827,163.970,800.516
12.171660,163.532,800.827,163.751,800.671
12.176430,163.532,800.827,163.642,800.749
12.180640,163.532,800.827,163.587,800.788
12.184250,128.661,804.116,146.124,802.452
12.188190,128.661,804.116,137.392,803.284
12.192420,128.661,804.116,133.027,803.700
12.196330,128.661,804.116,130.844,803.908
12.199940,128.661,804.116,129.752,804.012
12.203280,128.661,804.116,129.207,804.064
12.207350,128.661,804.116,128.934,804.090
12.211370,128.661,804.116,128.797,804.103
12.216620,1.808,818.626,65.302,811.364
12.221800,1.808,818.626,33.555,814.995
12.226840,1.808,818.626,17.681,816.810
12.232510,1.808,818.626,9.744,817.718
12.236890,1.808,818.626,5.776,818.172
12.241360,1.808,818.626,3.792,818.399
12.245330,-121.243,832.267,-58.726,825.333
12.248980,-121.243,832.267,-89.984,828.800
12.252290,-121.243,832.267,-105.614,830.534
12.256350,-121.243,832.267,-113.428,831.400
12.259640,-121.243,832.267,-117.336,831.834
12.262580,-121.243,832.267,-119.289,832.050
12.265580,-121.243,832.267,-120.266,832.159
12.268590,-121.243,832.267,-120.754,832.213
12.272640,-121.243,832.267,-120.999,832.240
12.276870,-214.818,836.300,-167.909,834.270
12.280540,-214.818,836.300,-191.363,835.285
12.284630,-214.818,836.300,-203.091,835.793
12.289880,-214.818,836.300,-208.955,836.046
12.294740,-214.818,836.300,-211.886,836.173
12.300390,-214.818,836.300,-213.352,836.237
12.305100,-282.710,840.087,-248.031,838.162
12.308660,-282.710,840.087,-265.371,839.124
12.312080,-282.710,840.087,-274.040,839.605
12.315970,-282.710,840.087,-278.375,839.846
12.320580,-282.710,840.087,-280.542,839.966
12.324450,-282.710,840.087,-281.626,840.027
12.328200,-282.710,840.087,-282.168,840.057
12.331740,-282.710,840.087,-282.439,840.072
12.335770,-327.098,835.993,-304.769,838.032
12.339430,-327.098,835.993,-315.933,837.013
12.343120,-327.098,835.993,-321.516,836.503
12.346980,-327.098,835.993,-324.307,836.248
12.350810,-327.098,835.993,-325.702,836.121
12.354460,-327.098,835.993,-326.400,836.057
12.357940,-327.098,835.993,-326.749,836.025
12.361310,-327.098,835.993,-326.924,836.009
12.365290,-351.239,839.660,-339.081,837.835
12.369130,-351.239,839.660,-345.160,838.748
12.373090,-351.239,839.660,-348.200,839.204
12.376690,-351.239,839.660,-349.719,839.432
12.380670,-351.239,839.660,-350.479,839.546
12.385480,-351.239,839.660,-350.859,839.603
12.389410,-351.239,839.660,-351.049,839.632
12.393110,-351.239,839.660,-351.144,839.646
12.396830,-359.869,845.295,-355.507,842.470
12.400720,-359.869,845.295,-357.688,843.883
12.404820,-359.869,845.295,-358.779,844.589
12.410510,-359.869,845.295,-359.324,844.942
12.415110,-359.869,845.295,-359.597,845.118
12.420820,-359.869,845.295,-359.733,845.206
12.425250,-287.508,856.789,-323.621,850.998
12.431560,-287.508,856.789,-305.564,853.893
12.436930,-287.508,856.789,-296.536,855.341
12.442860,-287.508,856.789,-292.022,856.065
12.446290,-287.508,856.789,-289.765,856.427
12.450680,-287.508,856.789,-288.636,856.608
12.454760,-287.508,856.789,-288.072,856.698
12.458350,1.078,891.176,-143.497,873.937
12.462800,1.078,891.176,-71.209,882.556
12.465990,1.078,891.176,-35.066,886.866
12.470540,1.078,891.176,-16.994,889.021
12.473950,1.078,891.176,-7.958,890.098
12.478830,1.078,891.176,-3.440,890.637
12.483050,1.078,891.176,-1.181,890.906
12.486120,440.505,948.370,219.662,919.638
12.490890,440.505,948.370,330.084,934.004
12.494010,440.505,948.370,385.294,941.187
12.498890,440.505,948.370,412.900,944.779
12.502660,440.505,948.370,426.702,946.575
12.507550,440.505,948.370,433.604,947.473
12.511790,440.505,948.370,437.054,947.921
12.514790,440.505,948.370,438.780,948.146
12.519910,724.027,1003.153,581.403,975.649
12.524400,724.027,1003.153,652.715,989.401
12.527660,724.027,1003.153,688.371,996.277
12.532220,724.027,1003.153,706.199,999.715
12.535260,724.027,1003.153,715.113,1001.434
12.539840,724.027,1003.153,719.570,1002.293
12.542960,724.027,1003.153,721.799,1002.723
12.547140,886.821,1027.828,804.310,1015.275
12.551830,886.821,1027.828,845.565,1021.551
12.555340,886.821,1027.828,866.193,1024.689
12.560030,886.821,1027.828,876.507,1026.259
12.563200,886.821,1027.828,881.664,1027.043
12.567700,886.821,1027.828,884.243,1027.435
12.572360,886.821,1027.828,885.532,1027.631
12.575410,886.821,1027.828,886.176,1027.729
12.579580,970.445,1037.984,928.311,1032.857
12.582490,970.445,1037.984,949.378,1035.420
12.586660,970.445,1037.984,959.911,1036.702
12.590460,970.445,1037.984,965.178,1037.343
12.594870,970.445,1037.984,967.812,1037.664
12.597940,970.445,1037.984,969.128,1037.824
12.602860,970.445,1037.984,969.787,1037.904
12.607230,1009.864,1043.545,989.825,1040.724
12.610160,1009.864,1043.545,999.844,1042.135
12.614240,1009.864,1043.545,1004.854,1042.840
12.618000,1009.864,1043.545,1007.359,1043.192
12.623580,1009.864,1043.545,1008.611,1043.369
12.627810,1009.864,1043.545,1009.237,1043.457
12.631110,1009.864,1043.545,1009.551,1043.501
12.635580,1009.864,1043.545,1009.707,1043.523
12.639140,1033.851,1047.891,1021.779,1045.707
12.643690,1033.851,1047.891,1027.815,1046.799
12.646800,1033.851,1047.891,1030.833,1047.345
12.651520,1033.851,1047.891,1032.342,1047.618
12.655980,1033.851,1047.891,1033.096,1047.754
12.658990,1033.851,1047.891,1033.474,1047.823
12.663290,1033.851,1047.891,1033.662,1047.857
12.666420,1069.091,1044.303,1051.377,1046.080
12.670620,1069.091,1044.303,1060.234,1045.191
12.673690,1069.091,1044.303,1064.663,1044.747
12.677810,1069.091,1044.303,1066.877,1044.525
12.681390,1069.091,1044.303,1067.984,1044.414
12.685870,1069.091,1044.303,1068.538,1044.358
12.689860,1069.091,1044.303,1068.815,1044.331
12.693100,1069.091,1044.303,1068.953,1044.317
12.697530,1039.857,1051.100,1054.405,1047.708
12.700510,1039.857,1051.100,1047.131,1049.404
12.704730,1039.857,1051.100,1043.494,1050.252
12.707940,1039.857,1051.100,1041.676,1050.676
12.712550,1039.857,1051.100,1040.766,1050.888
12.715400,1039.857,1051.100,1040.312,1050.994
12.719540,1039.857,1051.100,1040.084,1051.047
12.722710,1039.857,1051.100,1039.971,1051.074
12.727910,1024.099,1056.148,1032.035,1053.611
12.733170,1024.099,1056.148,1028.067,1054.880
12.738760,1024.099,1056.148,1026.083,1055.514
12.742630,1024.099,1056.148,1025.091,1055.831
12.747680,1024.099,1056.148,1024.595,1055.990
12.752680,1024.099,1056.148,1024.347,1056.069
12.756330,1024.099,1056.148,1024.223,1056.109
12.760830,1014.350,1052.862,1019.286,1054.485
12.763680,1014.350,1052.862,1016.818,1053.674
12.767620,1014.350,1052.862,1015.584,1053.268
12.771490,1014.350,1052.862,1014.967,1053.065
12.776280,1014.350,1052.862,1014.658,1052.963
12.780830,1014.350,1052.862,1014.504,1052.913
12.784160,1014.350,1052.862,1014.427,1052.887
12.789060,1008.532,1055.606,1011.479,1054.247
12.793580,1008.532,1055.606,1010.005,1054.926
12.796630,1008.532,1055.606,1009.269,1055.266
12.801250,1008.532,1055.606,1008.900,1055.436
12.804720,1008.532,1055.606,1008.716,1055.521
12.809090,1008.532,1055.606,1008.624,1055.563
12.811990,1008.532,1055.606,1008.578,1055.585
12.816210,1008.532,1055.606,1008.555,1055.595
12.819550,1003.219,1056.902,1005.887,1056.249
12.828660,1003.219,1056.902,1004.553,1056.575
12.833050,1003.219,1056.902,1003.886,1056.739
12.837980,1003.219,1056.902,1003.552,1056.820
12.841930,1003.219,1056.902,1003.386,1056.861
12.844500,1003.219,1056.902,1003.302,1056.882
12.847200,1003.219,1056.902,1003.261,1056.892
12.852290,998.707,1060.586,1000.984,1058.739
12.859550,998.707,1060.586,999.845,1059.662
12.865670,998.707,1060.586,999.276,1060.124
12.869790,998.707,1060.586,998.991,1060.355
12.872750,998.707,1060.586,998.849,1060.470
12.876510,998.707,1060.586,998.778,1060.528
12.879570,996.624,1061.172,997.701,1060.850
12.883750,996.624,1061.172,997.162,1061.011
12.886990,996.624,1061.172,996.893,1061.091
12.891510,996.624,1061.172,996.758,1061.131
12.894820,996.624,1061.172,996.691,1061.151
12.899150,996.624,1061.172,996.658,1061.162
12.901980,996.624,1061.172,996.641,1061.167
12.906480,996.624,1061.172,996.632,1061.169
12.910640,993.244,1060.386,994.938,1060.777
12.914210,993.244,1060.386,994.091,1060.582
12.918010,993.244,1060.386,993.667,1060.484
12.921530,993.244,1060.386,993.455,1060.435
12.924780,993.244,1060.386,993.350,1060.410
12.927940,993.244,1060.386,993.297,1060.398
12.932640,993.244,1060.386,993.270,1060.392
12.936080,993.244,1060.386,993.257,1060.389
12.939720,991.607,1060.172,992.432,1060.280
12.942960,991.607,1060.172,992.020,1060.226
12.946190,991.607,1060.172,991.814,1060.199
12.949170,991.607,1060.172,991.710,1060.185
12.952480,991.607,1060.172,991.659,1060.178
12.955810,991.607,1060.172,991.633,1060.175
12.960490,991.607,1060.172,991.620,1060.173
12.963530,991.607,1060.172,991.614,1060.172
12.966690,991.607,1060.172,991.611,1060.172
12.970110,989.808,1059.505,990.709,1059.838
12.973780,989.808,1059.505,990.259,1059.671
12.977000,989.808,1059.505,990.033,1059.588
12.981660,989.808,1059.505,989.921,1059.546
12.984930,989.808,1059.505,989.864,1059.525
12.988420,989.808,1059.505,989.836,1059.515
12.991950,989.808,1059.505,989.822,1059.510
12.995930,989.808,1059.505,989.815,1059.507
12.999230,987.825,1060.063,988.820,1059.785
13.004160,987.825,1060.063,988.322,1059.924
13.008480,987.825,1060.063,988.074,1059.993
13.011990,987.825,1060.063,987.949,1060.028
13.016120,987.825,1060.063,987.887,1060.045
13.019200,987.825,1060.063,987.856,1060.054
13.022710,987.825,1060.063,987.840,1060.058
13.025900,987.825,1060.063,987.833,1060.061
13.029050,987.825,1060.063,987.829,1060.062
13.032910,987.882,1061.430,987.855,1060.746
13.038060,987.882,1061.430,987.869,1061.088
13.042670,987.882,1061.430,987.876,1061.259
13.046060,987.882,1061.430,987.879,1061.344
13.050070,987.882,1061.430,987.881,1061.387
13.052970,987.882,1061.430,987.881,1061.408
13.056100,987.882,1061.430,987.882,1061.419
13.059120,987.882,1061.430,987.882,1061.424
13.062340,987.962,1061.995,987.922,1061.709
13.064920,987.962,1061.995,987.942,1061.852
13.067850,987.962,1061.995,987.952,1061.923
13.072170,987.962,1061.995,987.957,1061.959
13.075680,987.962,1061.995,987.959,1061.977
13.078840,987.962,1061.995,987.961,1061.986
13.082170,987.962,1061.995,987.961,1061.990
13.086230,987.962,1061.995,987.962,1061.992
13.089720,987.175,1062.651,987.568,1062.322
13.093070,987.175,1062.651,987.372,1062.487
13.097490,987.175,1062.651,987.273,1062.569
13.100830,987.175,1062.651,987.224,1062.610
13.104490,987.175,1062.651,987.200,1062.631
13.107730,987.175,1062.651,987.187,1062.641
13.111070,987.175,1062.651,987.181,1062.646
13.114360,987.175,1062.651,987.178,1062.649
13.119420,987.175,1062.651,987.177,1062.650
13.123070,986.136,1063.618,986.656,1063.134
13.126410,986.136,1063.618,986.396,1063.376
13.130280,986.136,1063.618,986.266,1063.497
13.135110,986.136,1063.618,986.201,1063.557
13.139210,986.136,1063.618,986.169,1063.588
13.142940,986.136,1063.618,986.152,1063.603
13.148690,986.136,1063.618,986.144,1063.610
13.152860,984.580,1064.246,985.362,1063.928
13.156520,984.580,1064.246,984.971,1064.087
13.160320,984.580,1064.246,984.776,1064.166
13.163970,984.580,1064.246,984.678,1064.206
13.167570,984.580,1064.246,984.629,1064.226
13.171260,984.580,1064.246,984.605,1064.236
13.174510,984.580,1064.246,984.593,1064.241
13.178100,984.580,1064.246,984.586,1064.243
13.181480,983.147,1067.060,983.867,1065.652
13.184470,983.147,1067.060,983.507,1066.356
13.187610,983.147,1067.060,983.327,1066.708
13.191040,983.147,1067.060,983.237,1066.884
13.194800,983.147,1067.060,983.192,1066.972
13.197960,983.147,1067.060,983.169,1067.016
13.201470,983.147,1067.060,983.158,1067.038
13.205210,983.147,1067.060,983.152,1067.049
13.211240,983.797,1070.078,983.475,1068.564
13.214980,983.797,1070.078,983.636,1069.321
13.219470,983.797,1070.078,983.716,1069.699
13.224120,983.797,1070.078,983.757,1069.889
13.228910,983.797,1070.078,983.777,1069.983
13.232330,983.797,1070.078,983.787,1070.031
13.235420,983.797,1070.078,983.792,1070.054
13.239930,983.797,1070.078,983.795,1070.066
13.243850,983.947,1068.979,983.871,1069.522
13.247240,983.947,1068.979,983.909,1069.251
13.250580,983.947,1068.979,983.928,1069.115
13.254580,983.947,1068.979,983.937,1069.047
13.258730,983.947,1068.979,983.942,1069.013
13.262420,983.947,1068.979,983.944,1068.996
13.266420,983.947,1068.979,983.945,1068.988
13.270500,983.947,1068.979,983.946,1068.983
13.274640,983.947,1068.979,983.946,1068.981
13.277930,983.947,1068.979,983.947,1068.980
13.281240,983.947,1068.979,983.947,1068.979
13.284500,983.947,1068.979,983.947,1068.979
13.287790,983.947,1068.979,983.947,1068.979
13.291110,983.947,1068.979,983.947,1068.979
13.293980,983.947,1068.979,983.947,1068.979
13.296780,983.947,1068.979,983.947,1068.979
13.299530,983.947,1068.979,983.947,1068.979
13.302400,983.947,1068.979,983.947,1068.979
13.305660,983.947,1068.979,983.947,1068.979
13.308740,983.947,1068.979,983.947,1068.979
13.312160,983.947,1068.979,983.947,1068.979
13.316340,983.947,1068.979,983.947,1068.979
13.320840,983.947,1068.979,983.947,1068.979
13.324250,983.947,1068.979,983.947,1068.979
13.327450,983.947,1068.979,983.947,1068.979
13.330310,983.947,1068.979,983.947,1068.979
13.333360,983.947,1068.979,983.947,1068.979
13.336240,983.947,1068.979,983.947,1068.979
13.339410,983.947,1068.979,983.947,1068.979
13.342480,983.947,1068.979,983.947,1068.979
13.345580,983.947,1068.979,983.947,1068.979
13.349200,983.947,1068.979,983.947,1068.979
13.352470,983.947,1068.979,983.947,1068.979
13.355770,983.947,1068.979,983.947,1068.979
13.358880,988.889,847.357,986.418,958.168
13.362180,988.889,847.357,987.653,902.763
13.365580,988.889,847.357,988.271,875.060
13.368900,988.889,847.357,988.580,861.208
13.372710,988.889,847.357,988.735,854.283
13.376310,988.889,847.357,988.812,850.820
13.390290,1056.700,799.777,1022.756,825.299
13.396010,1056.700,799.777,1039.728,812.538
13.400040,1056.700,799.777,1048.214,806.158
13.403240,1056.700,799.777,1052.457,802.968
13.406670,1056.700,799.777,1054.579,801.372
13.410090,1056.700,799.777,1055.639,800.575
13.413570,1056.700,799.777,1056.170,800.176
13.416650,1056.700,799.777,1056.435,799.977
13.419500,1056.700,799.777,1056.568,799.877
13.422790,1018.458,666.124,1037.513,733.001
13.426070,1018.458,666.124,1027.985,699.562
13.429340,1018.458,666.124,1023.222,682.843
13.432570,1018.458,666.124,1020.840,674.484
13.436190,1018.458,666.124,1019.649,670.304
13.439570,1018.458,666.124,1019.053,668.214
13.442830,1018.458,666.124,1018.756,667.169
13.445940,1018.458,666.124,1018.607,666.647
13.449040,1018.458,666.124,1018.532,666.386
13.451830,1018.458,666.124,1018.495,666.255
13.455020,993.086,592.455,1005.791,629.355
13.458230,993.086,592.455,999.438,610.905
13.461320,993.086,592.455,996.262,601.680
13.475050,993.086,592.455,994.674,597.068
