time,pos_x,pos_y,corrected_pos_x,corrected_pos_y
0.001678,798.504,546.916,399.252,273.458
0.020558,798.504,546.916,598.878,410.187
0.026608,797.889,544.723,698.384,477.455
0.032714,797.889,544.723,748.136,511.089
0.037619,797.889,544.723,773.013,527.906
0.042349,797.889,544.723,785.451,536.314
0.046892,797.889,544.723,791.670,540.518
0.050626,797.889,544.723,794.780,542.621
0.059427,797.297,543.944,796.038,543.282
0.065025,797.297,543.944,796.667,543.613
0.070095,797.297,543.944,796.982,543.778
0.074476,797.297,543.944,797.139,543.861
0.079415,797.297,543.944,797.218,543.902
0.096503,795.838,541.680,796.528,542.791
0.101654,795.838,541.680,796.183,542.235
0.110572,795.838,541.680,796.010,541.958
0.116559,794.413,539.425,795.211,540.691
0.120697,794.413,539.425,794.812,540.058
0.124851,794.413,539.425,794.612,539.741
0.129672,794.413,539.425,794.512,539.583
0.134869,794.413,539.425,794.463,539.504
0.139423,794.413,539.425,794.438,539.464
0.146414,793.109,537.439,793.773,538.452
0.152940,793.109,537.439,793.441,537.945
0.157311,793.109,537.439,793.275,537.692
0.162316,793.109,537.439,793.192,537.566
0.167289,793.109,537.439,793.151,537.503
0.171484,793.109,537.439,793.130,537.471
0.176660,794.247,536.694,793.688,537.082
0.181592,794.247,536.694,793.967,536.888
0.186400,794.247,536.694,794.107,536.791
0.190732,794.247,536.694,794.177,536.742
0.195597,794.247,536.694,794.212,536.718
0.199751,794.247,536.694,794.229,536.706
0.204192,795.122,535.203,794.675,535.955
0.209218,795.122,535.203,794.898,535.579
0.214202,795.122,535.203,795.010,535.391
0.218672,795.122,535.203,795.066,535.297
0.222234,795.122,535.203,795.094,535.250
0.226815,795.122,535.203,795.108,535.227
0.231771,795.122,535.203,795.115,535.215
0.236442,797.299,535.512,796.207,535.363
0.241573,797.299,535.512,796.753,535.437
0.246597,797.299,535.512,797.026,535.475
0.250828,797.299,535.512,797.162,535.493
0.256100,797.299,535.512,797.231,535.502
0.260528,797.299,535.512,797.265,535.507
0.265584,798.154,534.807,797.709,535.157
0.270532,798.154,534.807,797.932,534.982
0.276118,798.154,534.807,798.043,534.894
0.281233,798.154,534.807,798.098,534.850
0.285920,798.154,534.807,798.126,534.828
0.290437,798.154,534.807,798.140,534.817
0.295693,797.924,533.172,798.032,533.995
0.299967,797.924,533.172,797.978,533.583
0.304847,797.924,533.172,797.951,533.378
0.309749,797.924,533.172,797.938,533.275
0.314426,797.924,533.172,797.931,533.224
0.319243,797.924,533.172,797.927,533.198
0.323091,797.924,533.172,797.926,533.185
0.328281,797.981,531.230,797.953,532.207
0.333010,797.981,531.230,797.967,531.719
0.337625,797.981,531.230,797.974,531.474
0.342215,797.981,531.230,797.977,531.352
0.346790,797.981,531.230,797.979,531.291
0.351625,797.981,531.230,797.980,531.260
0.356092,798.429,529.791,798.204,530.526
0.360787,798.429,529.791,798.316,530.158
0.366145,798.429,529.791,798.372,529.975
0.370573,798.429,529.791,798.401,529.883
0.374941,798.429,529.791,798.415,529.837
0.379335,798.429,529.791,798.422,529.814
0.383971,798.429,529.791,798.425,529.803
0.389213,799.469,530.077,798.947,529.940
0.394172,799.469,530.077,799.208,530.008
0.400062,799.469,530.077,799.338,530.042
0.404285,799.469,530.077,799.404,530.060
0.408429,799.469,530.077,799.436,530.068
0.413949,799.469,530.077,799.453,530.072
0.418563,800.261,529.375,799.857,529.723
0.422920,800.261,529.375,800.059,529.549
0.428327,800.261,529.375,800.160,529.462
0.432717,800.261,529.375,800.211,529.418
0.436793,800.261,529.375,800.236,529.396
0.441154,800.261,529.375,800.249,529.385
0.446100,800.341,529.822,800.295,529.604
0.450342,800.341,529.822,800.318,529.713
0.454992,800.341,529.822,800.329,529.767
0.460838,800.341,529.822,800.335,529.794
0.465553,800.341,529.822,800.338,529.808
0.469481,800.341,529.822,800.340,529.815
0.473677,800.341,529.822,800.340,529.818
0.478446,800.116,529.273,800.228,529.546
0.482673,800.116,529.273,800.172,529.409
0.487880,800.116,529.273,800.144,529.341
0.493504,800.116,529.273,800.130,529.307
0.498269,800.116,529.273,800.123,529.290
0.502941,800.116,529.273,800.119,529.281
0.509108,800.083,528.787,800.101,529.034
0.513860,800.083,528.787,800.092,528.910
0.519291,800.083,528.787,800.088,528.849
0.523836,800.083,528.787,800.086,528.818
0.528406,800.083,528.787,800.085,528.802
0.532998,800.083,528.787,800.084,528.795
0.538490,800.478,529.316,800.281,529.055
0.549544,800.478,529.316,800.379,529.186
0.554994,800.478,529.316,800.428,529.251
0.559841,800.478,529.316,800.453,529.283
0.564475,800.478,529.316,800.465,529.300
0.569565,800.234,528.447,800.350,528.873
0.573685,800.234,528.447,800.292,528.660
0.578604,800.234,528.447,800.263,528.553
0.583854,800.234,528.447,800.248,528.500
0.588211,800.234,528.447,800.241,528.473
0.593277,800.234,528.447,800.237,528.460
0.598334,800.185,527.699,800.211,528.080
0.602168,800.185,527.699,800.198,527.889
0.605968,800.185,527.699,800.192,527.794
0.610982,800.185,527.699,800.188,527.747
0.616393,800.185,527.699,800.187,527.723
0.621076,800.185,527.699,800.186,527.711
0.626018,799.821,526.718,800.003,527.215
0.634724,799.821,526.718,799.912,526.966
0.642437,799.821,526.718,799.866,526.842
0.647438,799.821,526.718,799.844,526.780
0.651540,799.821,526.718,799.832,526.749
0.655938,799.821,526.718,799.826,526.733
0.661787,799.292,526.354,799.559,526.544
0.666931,799.292,526.354,799.426,526.449
0.671689,799.292,526.354,799.359,526.401
0.676560,799.292,526.354,799.325,526.378
0.681480,799.292,526.354,799.309,526.366
0.685694,799.292,526.354,799.300,526.360
0.694016,798.511,525.594,798.906,525.977
0.702874,798.511,525.594,798.708,525.786
0.709515,798.511,525.594,798.609,525.690
0.715370,798.511,525.594,798.560,525.642
0.719532,797.516,524.104,798.038,524.873
0.723855,797.516,524.104,797.777,524.488
0.729081,797.516,524.104,797.647,524.296
0.733476,797.516,524.104,797.581,524.200
0.738380,797.516,524.104,797.549,524.152
0.742862,797.516,524.104,797.533,524.127
0.747437,796.507,521.995,797.020,523.061
0.752125,796.507,521.995,796.763,522.528
0.756738,796.507,521.995,796.635,522.261
0.761959,796.507,521.995,796.571,522.128
0.766218,796.507,521.995,796.539,522.061
0.770765,796.507,521.995,796.523,522.028
0.775448,796.507,521.995,796.515,522.011
0.780609,794.777,519.778,795.646,520.895
0.786268,794.777,519.778,795.211,520.337
0.791850,794.777,519.778,794.994,520.058
0.796976,794.777,519.778,794.885,519.918
0.802029,794.777,519.778,794.831,519.848
0.807152,792.915,520.239,793.873,520.044
0.812982,792.915,520.239,793.394,520.141
0.818741,792.915,520.239,793.154,520.190
0.823863,792.915,520.239,793.035,520.214
0.829791,792.915,520.239,792.975,520.227
0.835335,792.915,520.239,792.945,520.233
0.841109,791.473,519.287,792.209,519.760
0.846521,791.473,519.287,791.841,519.523
0.852190,791.473,519.287,791.657,519.405
0.856955,791.473,519.287,791.565,519.346
0.862499,791.473,519.287,791.519,519.316
0.867746,791.285,519.433,791.402,519.375
0.872626,791.285,519.433,791.344,519.404
0.879206,791.285,519.433,791.314,519.419
0.889229,791.285,519.433,791.300,519.426
0.894735,791.285,519.433,791.292,519.429
0.900039,790.820,520.016,791.056,519.723
0.904997,790.820,520.016,790.938,519.869
0.910845,790.820,520.016,790.879,519.942
0.916172,790.820,520.016,790.849,519.979
0.921219,790.820,520.016,790.834,519.997
0.926299,790.820,520.016,790.827,520.007
0.932672,790.025,519.136,790.426,519.571
0.937947,790.025,519.136,790.226,519.354
0.944415,790.025,519.136,790.125,519.245
0.949628,790.025,519.136,790.075,519.190
0.954913,790.025,519.136,790.050,519.163
0.961004,789.018,519.309,789.534,519.236
0.966782,789.018,519.309,789.276,519.273
0.972506,789.018,519.309,789.147,519.291
0.978188,789.018,519.309,789.082,519.300
0.983255,789.018,519.309,789.050,519.304
0.987987,789.018,519.309,789.034,519.307
0.993974,788.065,518.951,788.549,519.129
0.998934,788.065,518.951,788.307,519.040
1.004801,788.065,518.951,788.186,518.996
1.009695,788.065,518.951,788.126,518.974
1.014930,788.065,518.951,788.095,518.962
1.020837,787.668,518.206,787.882,518.584
1.027534,787.668,518.206,787.775,518.395
1.033764,787.668,518.206,787.722,518.301
1.039365,787.668,518.206,787.695,518.254
1.044310,787.668,518.206,787.682,518.230
1.049995,788.390,518.701,788.036,518.466
1.055959,788.390,518.701,788.213,518.584
1.061172,788.390,518.701,788.302,518.643
1.067801,788.390,518.701,788.346,518.672
1.073776,788.390,518.701,788.368,518.687
1.079576,789.770,519.806,789.069,519.247
1.086015,789.770,519.806,789.419,519.526
1.091655,789.770,519.806,789.595,519.666
1.098006,789.770,519.806,789.682,519.736
1.103181,789.770,519.806,789.726,519.771
1.107697,789.770,519.806,789.748,519.789
1.114228,790.173,519.059,789.960,519.424
1.118906,790.173,519.059,790.067,519.241
1.123788,790.173,519.059,790.120,519.150
1.129133,790.173,519.059,790.146,519.104
1.134287,790.173,519.059,790.160,519.081
1.139026,790.173,519.059,790.166,519.070
1.144881,790.739,518.151,790.453,518.610
1.150239,790.739,518.151,790.596,518.380
1.155308,790.739,518.151,790.667,518.266
1.160682,790.739,518.151,790.703,518.208
1.165604,790.739,518.151,790.721,518.179
1.170685,792.023,518.452,791.372,518.315
1.177104,792.023,518.452,791.698,518.384
1.182570,792.023,518.452,791.861,518.418
1.187827,792.023,518.452,791.942,518.435
1.193388,792.023,518.452,791.983,518.443
1.198623,792.023,518.452,792.003,518.447
1.204504,792.890,519.978,792.446,519.213
1.210913,792.890,519.978,792.668,519.596
1.216143,792.890,519.978,792.779,519.787
1.221124,792.890,519.978,792.834,519.883
1.226105,792.890,519.978,792.862,519.931
1.231605,792.983,519.311,792.922,519.621
1.237247,792.983,519.311,792.952,519.466
1.242572,792.983,519.311,792.968,519.389
1.249109,792.983,519.311,792.975,519.350
1.254757,792.983,519.311,792.979,519.331
1.259226,792.983,519.311,792.981,519.321
1.265212,793.150,518.543,793.065,518.932
1.270503,793.150,518.543,793.108,518.737
1.276651,793.150,518.543,793.129,518.640
1.282334,793.150,518.543,793.140,518.592
1.287052,793.150,518.543,793.145,518.567
1.291691,793.501,518.935,793.323,518.751
1.296991,793.501,518.935,793.412,518.843
1.302157,793.501,518.935,793.457,518.889
1.307312,793.501,518.935,793.479,518.912
1.312427,793.501,518.935,793.490,518.924
1.318548,793.501,518.935,793.496,518.929
1.323624,793.652,519.245,793.574,519.087
1.329223,793.652,519.245,793.613,519.166
1.334358,793.652,519.245,793.632,519.206
1.339979,793.652,519.245,793.642,519.225
1.345056,793.652,519.245,793.647,519.235
1.350675,793.652,519.245,793.649,519.240
1.355609,793.800,519.676,793.725,519.458
1.360695,793.800,519.676,793.762,519.567
1.366034,793.800,519.676,793.781,519.621
1.370362,793.800,519.676,793.790,519.648
1.374606,793.800,519.676,793.795,519.662
1.380616,793.800,519.676,793.797,519.669
1.385326,794.143,519.922,793.970,519.795
1.389697,794.143,519.922,794.057,519.859
1.396315,794.143,519.922,794.100,519.890
1.400999,794.143,519.922,794.122,519.906
1.405109,794.143,519.922,794.132,519.914
1.410254,794.143,519.922,794.138,519.918
1.415391,794.352,519.915,794.245,519.917
1.419656,794.352,519.915,794.298,519.916
1.425103,794.352,519.915,794.325,519.916
1.429927,794.352,519.915,794.338,519.915
1.433947,794.352,519.915,794.345,519.915
1.438159,794.352,519.915,794.348,519.915
1.443317,794.323,518.963,794.336,519.439
1.448453,794.323,518.963,794.330,519.201
1.452947,794.323,518.963,794.326,519.082
1.458172,794.323,518.963,794.325,519.023
1.462911,794.323,518.963,794.324,518.993
1.467061,794.323,518.963,794.324,518.978
1.471641,794.168,518.023,794.246,518.501
1.476703,794.168,518.023,794.207,518.262
1.481394,794.168,518.023,794.187,518.143
1.487017,794.168,518.023,794.178,518.083
1.491879,794.168,518.023,794.173,518.053
1.496460,794.168,518.023,794.170,518.038
1.501031,794.168,518.023,794.169,518.031
1.506404,794.215,517.498,794.192,517.765
1.510979,794.215,517.498,794.204,517.631
1.516504,794.215,517.498,794.209,517.565
1.522757,794.215,517.498,794.212,517.532
1.529027,794.215,517.498,794.214,517.515
1.535650,793.850,516.846,794.032,517.180
1.541042,793.850,516.846,793.941,517.013
1.548284,793.850,516.846,793.896,516.930
1.553652,793.850,516.846,793.873,516.888
1.559234,793.850,516.846,793.862,516.867
1.566520,793.859,515.725,793.861,516.296
1.570685,793.859,515.725,793.860,516.011
1.577306,793.859,515.725,793.860,515.868
1.583672,793.859,515.725,793.860,515.796
1.588887,793.859,515.725,793.860,515.761
1.595583,793.890,515.968,793.875,515.865
1.600416,793.890,515.968,793.882,515.916
1.604544,793.890,515.968,793.886,515.942
1.610901,793.890,515.968,793.888,515.955
1.616395,793.890,515.968,793.889,515.962
1.621623,793.890,515.968,793.889,515.965
1.626679,793.718,515.810,793.804,515.888
1.632717,793.718,515.810,793.761,515.849
1.638405,793.718,515.810,793.740,515.829
1.644620,793.718,515.810,793.729,515.820
1.650095,793.718,515.810,793.724,515.815
1.656536,793.725,515.319,793.725,515.567
1.662724,793.725,515.319,793.725,515.443
1.667310,793.725,515.319,793.725,515.381
1.671478,793.725,515.319,793.725,515.350
1.675782,793.725,515.319,793.725,515.335
1.679914,793.725,515.319,793.725,515.327
1.685878,794.186,516.252,793.955,515.789
1.690417,794.186,516.252,794.070,516.020
1.694868,794.186,516.252,794.128,516.136
1.699556,794.186,516.252,794.157,516.194
1.704381,794.186,516.252,794.171,516.223
1.707998,794.186,516.252,794.178,516.237
1.712115,794.186,516.252,794.182,516.244
1.716749,794.551,516.178,794.366,516.211
1.720522,794.551,516.178,794.459,516.195
1.724583,794.551,516.178,794.505,516.186
1.729829,794.551,516.178,794.528,516.182
1.734511,794.551,516.178,794.539,516.180
1.738760,794.551,516.178,794.545,516.179
1.743599,794.193,514.897,794.369,515.538
1.748532,794.193,514.897,794.281,515.218
1.752865,794.193,514.897,794.237,515.058
1.757695,794.193,514.897,794.215,514.978
1.762164,794.193,514.897,794.204,514.938
1.766345,794.193,514.897,794.198,514.918
1.770252,794.193,514.897,794.195,514.908
1.774137,794.538,515.900,794.367,515.404
1.781988,794.538,515.900,794.452,515.652
1.787054,794.538,515.900,794.495,515.776
1.791631,794.538,515.900,794.517,515.838
1.797382,794.538,515.900,794.527,515.869
1.801960,794.538,515.900,794.533,515.884
1.806535,794.424,514.679,794.478,515.282
1.811704,794.424,514.679,794.451,514.981
1.817072,794.424,514.679,794.437,514.830
1.821668,794.424,514.679,794.431,514.755
1.827639,794.424,514.679,794.427,514.717
1.832810,794.424,514.679,794.426,514.698
1.837634,794.338,514.413,794.382,514.555
1.843750,794.338,514.413,794.360,514.484
1.849553,794.338,514.413,794.349,514.448
1.853740,794.338,514.413,794.343,514.430
1.857718,794.338,514.413,794.340,514.421
1.863192,794.338,514.413,794.339,514.417
1.867763,794.606,514.514,794.473,514.465
1.872138,794.606,514.514,794.539,514.490
1.877699,794.606,514.514,794.573,514.502
1.882899,794.606,514.514,794.590,514.508
1.886905,794.606,514.514,794.598,514.511
1.893028,794.606,514.514,794.602,514.512
1.904250,794.666,514.504,794.634,514.508
1.910123,794.666,514.504,794.650,514.506
1.914772,794.666,514.504,794.658,514.505
1.919420,794.666,514.504,794.662,514.504
1.925186,794.821,514.412,794.741,514.458
1.933878,794.821,514.412,794.781,514.435
1.940737,794.821,514.412,794.801,514.423
1.946034,794.821,514.412,794.811,514.418
1.950640,794.821,514.412,794.816,514.415
1.955266,794.518,514.099,794.667,514.257
1.959818,794.518,514.099,794.592,514.178
1.964413,794.518,514.099,794.555,514.138
1.969398,794.518,514.099,794.537,514.119
1.974100,794.518,514.099,794.527,514.109
1.978895,794.518,514.099,794.523,514.104
1.983221,794.518,514.099,794.520,514.101
1.987786,794.280,514.458,794.400,514.280
1.992829,794.280,514.458,794.340,514.369
1.999494,794.280,514.458,794.310,514.414
2.004606,794.280,514.458,794.295,514.436
2.008551,794.280,514.458,794.287,514.447
2.013383,794.280,514.458,794.283,514.453
2.019072,793.798,514.129,794.041,514.291
2.023676,793.798,514.129,793.919,514.210
2.029238,793.798,514.129,793.859,514.170
2.034446,793.798,514.129,793.828,514.149
2.039209,793.798,514.129,793.813,514.139
2.044307,793.798,514.129,793.806,514.134
2.049742,793.758,514.384,793.782,514.259
2.053972,793.758,514.384,793.770,514.321
2.059223,793.758,514.384,793.764,514.352
2.064748,793.758,514.384,793.761,514.368
2.069026,793.758,514.384,793.759,514.376
2.073262,793.758,514.384,793.758,514.380
2.079350,793.588,513.778,793.673,514.079
2.084646,793.588,513.778,793.630,513.929
2.090837,793.588,513.778,793.609,513.853
2.097305,793.588,513.778,793.598,513.816
2.101840,793.588,513.778,793.593,513.797
2.106870,772.106,490.300,782.850,502.048
2.112520,772.106,490.300,777.478,496.174
2.117671,772.106,490.300,774.792,493.237
2.122973,772.106,490.300,773.449,491.768
2.127411,772.106,490.300,772.778,491.034
2.132202,772.106,490.300,772.442,490.667
2.136475,681.528,389.106,726.985,439.887
2.141996,681.528,389.106,704.257,414.496
2.146656,681.528,389.106,692.893,401.801
2.151697,681.528,389.106,687.210,395.454
2.157109,681.528,389.106,684.369,392.280
2.162694,681.528,389.106,682.949,390.693
2.168694,597.929,292.429,640.439,341.561
2.173273,597.929,292.429,619.184,316.995
2.178377,597.929,292.429,608.556,304.712
2.183432,597.929,292.429,603.242,298.571
2.188939,597.929,292.429,600.585,295.500
2.193793,597.929,292.429,599.257,293.964
2.199283,554.556,222.703,576.906,258.334
2.204949,554.556,222.703,565.731,240.518
2.210453,554.556,222.703,560.143,231.611
2.215655,554.556,222.703,557.349,227.157
2.220515,554.556,222.703,555.953,224.930
2.224714,554.556,222.703,555.254,223.816
2.229647,554.556,222.703,554.905,223.260
2.234981,554.556,222.703,554.730,222.981
2.240032,554.556,222.703,554.643,222.842
2.245608,554.556,222.703,554.599,222.773
2.251618,554.556,222.703,554.577,222.738
2.256328,554.556,222.703,554.567,222.720
2.261892,554.556,222.703,554.561,222.712
2.266884,554.556,222.703,554.558,222.707
2.271920,554.556,222.703,554.557,222.705
2.277434,554.556,222.703,554.556,222.704
2.282860,554.556,222.703,554.556,222.704
2.287352,554.556,222.703,554.556,222.703
2.291919,554.556,222.703,554.556,222.703
2.297293,554.556,222.703,554.556,222.703
2.302331,554.556,222.703,554.556,222.703
2.306470,554.556,222.703,554.556,222.703
2.311183,554.556,222.703,554.556,222.703
2.315953,617.041,-145.656,585.798,38.523
2.320809,617.041,-145.656,601.420,-53.566
2.325661,617.041,-145.656,609.230,-99.611
2.331256,617.041,-145.656,613.136,-122.634
2.336826,617.041,-145.656,615.088,-134.145
2.342409,617.041,-145.656,616.065,-139.901
2.347867,565.209,-53.190,590.637,-96.546
2.351557,565.209,-53.190,577.923,-74.868
2.355890,565.209,-53.190,571.566,-64.029
2.362728,565.209,-53.190,568.387,-58.610
2.366884,565.209,-53.190,566.798,-55.900
2.371284,565.209,-53.190,566.004,-54.545
2.376461,565.209,-53.190,565.606,-53.868
2.381434,549.903,-92.054,557.754,-72.961
2.385693,549.903,-92.054,553.829,-82.508
2.391410,549.903,-92.054,551.866,-87.281
2.396584,549.903,-92.054,550.884,-89.668
2.401195,549.903,-92.054,550.393,-90.861
2.406629,549.903,-92.054,550.148,-91.458
2.411546,540.973,-76.450,545.561,-83.954
2.416559,540.973,-76.450,543.267,-80.202
2.421321,540.973,-76.450,542.120,-78.326
2.426290,540.973,-76.450,541.547,-77.388
2.431146,540.973,-76.450,541.260,-76.919
2.436499,540.973,-76.450,541.117,-76.684
2.441806,535.068,-68.131,538.092,-72.407
2.446301,535.068,-68.131,536.580,-70.269
2.451461,535.068,-68.131,535.824,-69.200
2.457367,535.068,-68.131,535.446,-68.665
2.462139,535.068,-68.131,535.257,-68.398
2.467381,535.068,-68.131,535.163,-68.265
2.472063,529.955,-46.110,532.559,-57.187
2.477032,529.955,-46.110,531.257,-51.649
2.482353,529.955,-46.110,530.606,-48.879
2.487668,529.955,-46.110,530.280,-47.495
2.492418,529.955,-46.110,530.117,-46.802
2.497676,529.955,-46.110,530.036,-46.456
2.502673,523.358,-19.315,526.697,-32.885
2.506755,523.358,-19.315,525.027,-26.100
2.511758,523.358,-19.315,524.193,-22.708
2.516561,523.358,-19.315,523.775,-21.011
2.520865,523.358,-19.315,523.567,-20.163
2.525341,523.358,-19.315,523.462,-19.739
2.530779,518.304,2.340,520.883,-8.700
2.535561,518.304,2.340,519.593,-3.180
2.539999,518.304,2.340,518.948,-0.420
2.545449,518.304,2.340,518.626,0.960
2.550089,518.304,2.340,518.465,1.650
2.555296,518.304,2.340,518.384,1.995
2.561011,514.401,20.756,516.393,11.375
2.565783,514.401,20.756,515.397,16.066
2.570159,514.401,20.756,514.899,18.411
2.575330,514.401,20.756,514.650,19.583
2.580129,514.401,20.756,514.526,20.170
2.584749,514.401,20.756,514.463,20.463
2.590054,512.933,31.878,513.698,26.170
2.595548,512.933,31.878,513.315,29.024
2.600412,512.933,31.878,513.124,30.451
2.605685,512.933,31.878,513.028,31.165
2.610940,512.933,31.878,512.980,31.521
2.616247,512.933,31.878,512.956,31.700
2.620552,512.291,41.379,512.624,36.539
2.625661,512.291,41.379,512.457,38.959
2.630692,512.291,41.379,512.374,40.169
2.635552,512.291,41.379,512.332,40.774
2.640623,512.291,41.379,512.312,41.077
2.645380,512.291,41.379,512.301,41.228
2.649797,511.669,47.761,511.985,44.494
2.655395,511.669,47.761,511.827,46.127
2.659691,511.669,47.761,511.748,46.944
2.665027,511.669,47.761,511.708,47.352
2.670075,511.669,47.761,511.688,47.556
2.675362,511.669,47.761,511.678,47.658
2.681033,511.724,53.279,511.701,50.469
2.686313,511.724,53.279,511.713,51.874
2.691443,511.724,53.279,511.718,52.577
2.696874,511.724,53.279,511.721,52.928
2.702474,511.724,53.279,511.723,53.104
2.706943,511.724,53.279,511.723,53.191
2.712112,511.255,57.591,511.489,55.391
2.717569,511.255,57.591,511.372,56.491
2.722213,511.255,57.591,511.314,57.041
2.727022,511.255,57.591,511.285,57.316
2.731780,511.255,57.591,511.270,57.453
2.736087,511.255,57.591,511.263,57.522
2.740613,509.549,59.397,510.406,58.459
2.745549,509.549,59.397,509.978,58.928
2.750279,509.549,59.397,509.764,59.162
2.754862,509.549,59.397,509.656,59.280
2.759265,509.549,59.397,509.603,59.338
2.764264,509.549,59.397,509.576,59.367
2.768342,509.549,59.397,509.563,59.382
2.772877,509.045,62.354,509.304,60.868
2.777946,509.045,62.354,509.175,61.611
2.783363,509.045,62.354,509.110,61.983
2.787559,509.045,62.354,509.078,62.168
2.791646,509.045,62.354,509.061,62.261
2.796586,509.045,62.354,509.053,62.308
2.801343,507.396,65.171,508.225,63.739
2.805861,507.396,65.171,507.810,64.455
2.810872,507.396,65.171,507.603,64.813
2.816238,507.396,65.171,507.499,64.992
2.820506,507.396,65.171,507.448,65.082
2.825668,507.396,65.171,507.422,65.126
2.832295,506.211,66.116,506.816,65.621
2.836851,506.211,66.116,506.513,65.868
2.841901,506.211,66.116,506.362,65.992
2.847732,506.211,66.116,506.286,66.054
2.851569,506.211,66.116,506.248,66.085
2.854992,506.211,66.116,506.230,66.100
2.860066,506.211,66.116,506.220,66.108
2.866005,505.904,67.661,506.062,66.884
2.870622,505.904,67.661,505.983,67.273
2.876168,505.904,67.661,505.943,67.467
2.881180,505.904,67.661,505.924,67.564
2.885621,505.904,67.661,505.914,67.612
2.890079,505.904,67.661,505.909,67.637
2.895068,507.088,68.390,506.498,68.013
2.899465,507.088,68.390,506.793,68.201
2.904734,507.088,68.390,506.941,68.296
2.910626,507.088,68.390,507.014,68.343
2.915551,507.088,68.390,507.051,68.366
2.919776,507.088,68.390,507.070,68.378
2.925530,509.813,68.346,508.441,68.362
2.930287,509.813,68.346,509.127,68.354
2.939037,509.813,68.346,509.470,68.350
2.944846,509.813,68.346,509.641,68.348
2.949457,509.813,68.346,509.727,68.347
2.954320,515.372,66.692,512.550,67.519
2.958767,515.372,66.692,513.961,67.106
2.963127,515.372,66.692,514.667,66.899
2.968175,515.372,66.692,515.019,66.795
2.972345,515.372,66.692,515.196,66.743
2.976589,515.372,66.692,515.284,66.718
2.980917,520.238,65.307,517.761,66.012
2.986298,520.238,65.307,519.000,65.659
2.990399,520.238,65.307,519.619,65.483
2.996016,520.238,65.307,519.928,65.395
3.001238,520.238,65.307,520.083,65.351
3.005952,520.238,65.307,520.161,65.329
3.010396,520.238,65.307,520.199,65.318
3.016170,524.920,63.857,522.560,64.587
3.020362,524.920,63.857,523.740,64.222
3.025084,524.920,63.857,524.330,64.040
3.030093,524.920,63.857,524.625,63.948
3.034466,524.920,63.857,524.772,63.903
3.038428,524.920,63.857,524.846,63.880
3.044442,529.940,62.606,527.393,63.243
3.049620,529.940,62.606,528.666,62.925
3.054235,529.940,62.606,529.303,62.765
3.058944,529.940,62.606,529.622,62.686
3.063908,529.940,62.606,529.781,62.646
3.068270,529.940,62.606,529.860,62.626
3.072783,534.706,61.665,532.283,62.145
3.078139,534.706,61.665,533.495,61.905
3.083578,534.706,61.665,534.101,61.785
3.089065,534.706,61.665,534.403,61.725
3.094793,534.706,61.665,534.555,61.695
3.099604,534.706,61.665,534.631,61.680
3.104379,538.819,59.776,536.725,60.728
3.109976,538.819,59.776,537.772,60.252
3.115125,538.819,59.776,538.295,60.014
3.119720,538.819,59.776,538.557,59.895
3.124025,538.819,59.776,538.688,59.835
3.129295,538.819,59.776,538.753,59.806
3.133668,543.048,57.917,540.901,58.862
3.138071,543.048,57.917,541.975,58.389
3.142776,543.048,57.917,542.511,58.153
3.148065,543.048,57.917,542.780,58.035
3.152355,543.048,57.917,542.914,57.976
3.156992,543.048,57.917,542.981,57.947
3.161321,543.048,57.917,543.015,57.932
3.166330,541.440,54.141,542.228,56.036
3.170714,541.440,54.141,541.834,55.089
3.176157,541.440,54.141,541.637,54.615
3.181140,541.440,54.141,541.539,54.378
3.185629,541.440,54.141,541.490,54.259
3.190216,541.440,54.141,541.465,54.200
3.195060,538.705,49.577,540.085,51.889
3.199225,538.705,49.577,539.395,50.733
3.203904,538.705,49.577,539.050,50.155
3.208969,538.705,49.577,538.877,49.866
3.213899,538.705,49.577,538.791,49.722
3.219106,538.705,49.577,538.748,49.650
3.223513,537.221,46.199,537.984,47.925
3.228534,537.221,46.199,537.602,47.062
3.233403,537.221,46.199,537.412,46.631
3.238979,537.221,46.199,537.316,46.415
3.243892,537.221,46.199,537.268,46.307
3.248717,537.221,46.199,537.244,46.253
3.263780,535.585,43.633,536.415,44.943
3.269221,535.585,43.633,536.000,44.288
3.273094,535.585,43.633,535.792,43.961
3.277390,535.585,43.633,535.689,43.797
3.282072,535.585,43.633,535.637,43.715
3.286861,534.256,40.859,534.946,42.287
3.291405,534.256,40.859,534.601,41.573
3.296602,534.256,40.859,534.429,41.216
3.301670,534.256,40.859,534.342,41.037
3.305895,534.256,40.859,534.299,40.948
3.310693,534.256,40.859,534.278,40.903
3.315699,533.036,38.194,533.657,39.549
3.319742,533.036,38.194,533.347,38.872
3.324137,533.036,38.194,533.191,38.533
3.329629,533.036,38.194,533.114,38.364
3.334139,533.036,38.194,533.075,38.279
3.338612,533.036,38.194,533.056,38.237
3.343970,532.805,35.946,532.930,37.091
3.349176,532.805,35.946,532.868,36.519
3.353519,532.805,35.946,532.836,36.232
3.358730,532.805,35.946,532.821,36.089
3.363649,532.805,35.946,532.813,36.017
3.368041,532.805,35.946,532.809,35.982
3.372109,532.805,35.946,532.807,35.964
3.378461,532.177,33.818,532.492,34.891
3.383385,532.177,33.818,532.335,34.355
3.388461,532.177,33.818,532.256,34.086
3.393838,532.177,33.818,532.216,33.952
3.398337,532.177,33.818,532.197,33.885
3.402390,532.177,33.818,532.187,33.852
3.407415,531.822,31.786,532.004,32.819
3.412169,531.822,31.786,531.913,32.302
3.416450,531.822,31.786,531.868,32.044
3.422599,531.822,31.786,531.845,31.915
3.427584,531.822,31.786,531.834,31.851
3.432043,531.822,31.786,531.828,31.818
3.437248,531.172,29.549,531.500,30.684
3.442475,531.172,29.549,531.336,30.116
3.447254,531.172,29.549,531.254,29.833
3.452382,531.172,29.549,531.213,29.691
3.457079,531.172,29.549,531.192,29.620
3.461746,531.172,29.549,531.182,29.584
3.466623,530.958,29.184,531.070,29.384
3.471828,530.958,29.184,531.014,29.284
3.477450,530.958,29.184,530.986,29.234
3.483178,530.958,29.184,530.972,29.209
3.487706,530.958,29.184,530.965,29.196
3.491892,530.958,29.184,530.961,29.190
3.497363,530.449,27.776,530.705,28.483
3.502235,530.449,27.776,530.577,28.130
3.506927,530.449,27.776,530.513,27.953
3.513144,530.449,27.776,530.481,27.865
3.517945,530.449,27.776,530.465,27.820
3.521961,530.449,27.776,530.457,27.798
3.527581,530.214,26.814,530.336,27.306
3.532728,530.214,26.814,530.275,27.060
3.537924,530.214,26.814,530.245,26.937
3.542671,530.214,26.814,530.229,26.876
3.547365,530.214,26.814,530.222,26.845
3.551112,530.214,26.814,530.218,26.830
3.555402,529.382,26.067,529.800,26.448
3.560659,529.382,26.067,529.591,26.258
3.565322,529.382,26.067,529.487,26.163
3.569946,529.382,26.067,529.434,26.115
3.574914,529.382,26.067,529.408,26.091
3.580059,529.382,26.067,529.395,26.079
3.584290,529.382,26.067,529.389,26.073
3.588737,531.412,26.551,530.400,26.312
3.593872,531.412,26.551,530.906,26.431
3.598948,531.412,26.551,531.159,26.491
3.603564,531.412,26.551,531.286,26.521
3.608071,531.412,26.551,531.349,26.536
3.612556,531.412,26.551,531.381,26.543
3.617500,533.041,27.453,532.211,26.998
3.621778,533.041,27.453,532.626,27.225
3.626542,533.041,27.453,532.834,27.339
3.631663,533.041,27.453,532.937,27.396
3.636374,533.041,27.453,532.989,27.424
3.640787,533.041,27.453,533.015,27.438
3.645381,534.222,28.135,533.619,27.787
3.650071,534.222,28.135,533.920,27.961
3.654406,534.222,28.135,534.071,28.048
3.659323,534.222,28.135,534.147,28.091
3.664387,534.222,28.135,534.184,28.113
3.668814,534.222,28.135,534.203,28.124
3.673088,534.222,28.135,534.212,28.130
3.678024,535.290,29.374,534.751,28.752
3.682853,535.290,29.374,535.021,29.063
3.687320,535.290,29.374,535.156,29.219
3.692283,535.290,29.374,535.223,29.296
3.696863,535.290,29.374,535.257,29.335
3.701043,535.290,29.374,535.274,29.355
3.705248,535.290,29.374,535.282,29.365
3.710285,536.262,30.311,535.772,29.838
3.715465,536.262,30.311,536.017,30.074
3.720520,536.262,30.311,536.140,30.193
3.725322,536.262,30.311,536.201,30.252
3.729839,536.262,30.311,536.232,30.281
3.733826,536.262,30.311,536.247,30.296
3.738289,537.066,31.186,536.656,30.741
3.743020,537.066,31.186,536.861,30.964
3.747688,537.066,31.186,536.963,31.075
3.752934,537.066,31.186,537.014,31.131
3.757318,537.066,31.186,537.040,31.159
3.762642,537.066,31.186,537.053,31.172
3.767127,538.237,32.119,537.645,31.646
3.771097,538.237,32.119,537.941,31.882
3.776234,538.237,32.119,538.089,32.001
3.782485,538.237,32.119,538.163,32.060
3.787283,538.237,32.119,538.200,32.090
3.791668,538.237,32.119,538.218,32.104
3.798101,538.688,33.368,538.453,32.736
3.803298,538.688,33.368,538.571,33.052
3.808740,538.688,33.368,538.629,33.210
3.814168,538.688,33.368,538.659,33.289
3.818551,538.688,33.368,538.673,33.328
3.822944,538.688,33.368,538.681,33.348
3.828001,539.175,33.731,538.928,33.540
3.832247,539.175,33.731,539.051,33.635
3.836584,539.175,33.731,539.113,33.683
3.842512,539.175,33.731,539.144,33.707
3.847452,539.175,33.731,539.159,33.719
3.852233,539.175,33.731,539.167,33.725
3.856942,540.410,34.513,539.788,34.119
3.861967,540.410,34.513,540.099,34.316
3.866469,540.410,34.513,540.254,34.415
3.871911,540.410,34.513,540.332,34.464
3.877480,540.410,34.513,540.371,34.489
3.881882,540.410,34.513,540.390,34.501
3.886589,540.410,34.513,540.400,34.507
3.891716,541.310,35.130,540.855,34.819
3.896434,541.310,35.130,541.082,34.974
3.900986,541.310,35.130,541.196,35.052
3.905993,541.310,35.130,541.253,35.091
3.910429,541.310,35.130,541.281,35.111
3.914702,541.310,35.130,541.296,35.120
3.920374,541.391,36.194,541.343,35.657
3.929953,541.391,36.194,541.367,35.926
3.935399,541.391,36.194,541.379,36.060
3.939611,541.391,36.194,541.385,36.127
3.944648,541.391,36.194,541.388,36.160
3.949793,541.423,37.390,541.405,36.775
3.953884,541.423,37.390,541.414,37.082
3.958244,541.423,37.390,541.419,37.236
3.963727,541.423,37.390,541.421,37.313
3.968267,541.423,37.390,541.422,37.351
3.972320,541.423,37.390,541.422,37.371
3.976490,541.423,37.390,541.423,37.380
3.981655,541.498,38.632,541.460,38.006
3.986308,541.498,38.632,541.479,38.319
3.991200,541.498,38.632,541.488,38.475
3.996911,541.498,38.632,541.493,38.554
4.001490,541.498,38.632,541.495,38.593
4.005978,541.498,38.632,541.496,38.612
4.010540,542.164,39.044,541.830,38.828
4.015732,542.164,39.044,541.997,38.936
4.020799,542.164,39.044,542.081,38.990
4.025581,542.164,39.044,542.123,39.017
4.030225,542.164,39.044,542.143,39.031
4.034649,542.164,39.044,542.154,39.037
4.038885,542.753,40.069,542.454,39.553
4.043885,542.753,40.069,542.603,39.811
4.048717,542.753,40.069,542.678,39.940
4.054108,542.753,40.069,542.716,40.004
4.059496,542.753,40.069,542.735,40.037
4.064242,542.753,40.069,542.744,40.053
4.068844,543.884,40.374,543.314,40.214
4.073160,543.884,40.374,543.599,40.294
4.078218,543.884,40.374,543.742,40.334
4.083067,543.884,40.374,543.813,40.354
4.087058,543.884,40.374,543.849,40.364
4.092264,543.884,40.374,543.867,40.369
4.097653,543.884,40.374,543.875,40.372
4.102654,544.689,40.529,544.282,40.451
4.107430,544.689,40.529,544.485,40.490
4.113604,544.689,40.529,544.587,40.510
4.117548,544.689,40.529,544.638,40.520
4.121144,544.689,40.529,544.663,40.525
4.126438,544.689,40.529,544.676,40.527
4.131354,545.085,41.672,544.881,41.099
4.135490,545.085,41.672,544.983,41.385
4.140253,545.085,41.672,545.034,41.529
4.145885,545.085,41.672,545.060,41.600
4.149897,545.085,41.672,545.073,41.636
4.153996,545.085,41.672,545.079,41.654
4.158200,545.085,41.672,545.082,41.663
4.163190,544.617,42.889,544.850,42.276
4.167587,544.617,42.889,544.734,42.583
4.172258,544.617,42.889,544.675,42.736
4.177473,544.617,42.889,544.646,42.813
4.182074,544.617,42.889,544.632,42.851
4.186686,544.617,42.889,544.625,42.870
4.191534,545.197,44.031,544.911,43.450
4.196031,545.197,44.031,545.054,43.741
4.199807,545.197,44.031,545.126,43.886
4.204800,545.197,44.031,545.162,43.958
4.209789,545.197,44.031,545.179,43.994
4.214252,545.197,44.031,545.188,44.013
4.218822,545.197,44.031,545.193,44.022
4.223320,545.564,45.990,545.378,45.006
4.228387,545.564,45.990,545.471,45.498
4.233480,545.564,45.990,545.517,45.744
4.238388,545.564,45.990,545.540,45.867
4.243061,545.564,45.990,545.552,45.929
4.248184,545.564,45.990,545.558,45.960
4.252894,546.014,47.130,545.786,46.545
4.257255,546.014,47.130,545.900,46.837
4.263079,546.014,47.130,545.957,46.983
4.268405,546.014,47.130,545.985,47.057
4.272739,546.014,47.130,546.000,47.093
4.277207,546.014,47.130,546.007,47.111
4.282124,547.102,49.364,546.554,48.238
4.286210,547.102,49.364,546.828,48.801
4.291076,547.102,49.364,546.965,49.083
4.296918,547.102,49.364,547.033,49.224
4.301443,547.102,49.364,547.067,49.294
4.305278,547.102,49.364,547.085,49.329
4.309894,546.681,51.614,546.883,50.472
4.316119,546.681,51.614,546.782,51.043
4.320810,546.681,51.614,546.731,51.328
4.326518,546.681,51.614,546.706,51.471
4.331501,546.681,51.614,546.693,51.542
4.335559,546.681,51.614,546.687,51.578
4.339493,546.681,51.614,546.684,51.596
4.345008,547.230,52.166,546.957,51.881
4.349456,547.230,52.166,547.094,52.023
4.353829,547.230,52.166,547.162,52.095
4.359665,547.230,52.166,547.196,52.130
4.364114,547.230,52.166,547.213,52.148
4.368420,547.230,52.166,547.222,52.157
4.373906,547.724,52.335,547.473,52.246
4.379836,547.724,52.335,547.598,52.290
4.385149,547.724,52.335,547.661,52.313
4.390033,547.724,52.335,547.692,52.324
4.395178,547.724,52.335,547.708,52.329
4.399709,547.724,52.335,547.716,52.332
4.405199,547.805,53.164,547.760,52.748
4.409958,547.805,53.164,547.783,52.956
4.415180,547.805,53.164,547.794,53.060
4.420556,547.805,53.164,547.799,53.112
4.426485,547.805,53.164,547.802,53.138
4.430856,547.805,53.164,547.803,53.151
4.435801,547.873,52.696,547.838,52.924
4.440180,547.873,52.696,547.855,52.810
4.445141,547.873,52.696,547.864,52.753
4.449585,547.873,52.696,547.868,52.724
4.454249,547.873,52.696,547.871,52.710
4.458409,547.873,52.696,547.872,52.703
4.463646,548.043,52.885,547.958,52.794
4.468902,548.043,52.885,548.000,52.840
4.474539,548.043,52.885,548.022,52.863
4.480014,548.043,52.885,548.033,52.874
4.484883,548.043,52.885,548.038,52.880
4.489171,548.043,52.885,548.041,52.883
4.493930,548.159,52.582,548.100,52.732
4.498941,548.159,52.582,548.130,52.657
4.503680,548.159,52.582,548.144,52.620
4.508962,548.159,52.582,548.152,52.601
4.512980,548.159,52.582,548.155,52.592
4.517324,548.159,52.582,548.157,52.587
4.521308,548.159,52.582,548.158,52.585
4.526539,548.244,52.447,548.201,52.516
4.531242,548.244,52.447,548.222,52.481
4.536343,548.244,52.447,548.233,52.464
4.541080,548.244,52.447,548.238,52.456
4.546300,548.244,52.447,548.241,52.451
4.551429,548.244,52.447,548.242,52.449
4.556995,548.315,52.059,548.279,52.254
4.561152,548.315,52.059,548.297,52.156
4.566558,548.315,52.059,548.306,52.108
4.570551,548.315,52.059,548.310,52.083
4.575106,548.315,52.059,548.313,52.071
4.580165,548.315,52.059,548.314,52.065
4.585599,548.298,51.715,548.306,51.890
4.590653,548.298,51.715,548.302,51.802
4.596737,548.298,51.715,548.300,51.758
4.601274,548.298,51.715,548.299,51.737
4.605611,548.298,51.715,548.298,51.726
4.609900,548.298,51.715,548.298,51.720
4.615391,548.428,51.186,548.363,51.453
4.619869,548.428,51.186,548.396,51.320
4.625584,548.428,51.186,548.412,51.253
4.631689,548.428,51.186,548.420,51.220
4.635857,548.428,51.186,548.424,51.203
4.640053,548.428,51.186,548.426,51.195
4.644886,548.514,50.860,548.470,51.027
4.649245,548.514,50.860,548.492,50.944
4.653137,548.514,50.860,548.503,50.902
4.658593,548.514,50.860,548.509,50.881
4.662868,548.514,50.860,548.512,50.870
4.666716,548.514,50.860,548.513,50.865
4.670914,548.514,50.860,548.514,50.862
4.676233,549.124,50.118,548.819,50.490
4.681256,549.124,50.118,548.972,50.304
4.686240,549.124,50.118,549.048,50.211
4.691239,549.124,50.118,549.086,50.164
4.695854,549.124,50.118,549.105,50.141
4.700179,549.124,50.118,549.115,50.129
4.704691,549.767,49.843,549.441,49.986
4.709345,549.767,49.843,549.604,49.915
4.713967,549.767,49.843,549.685,49.879
4.719467,549.767,49.843,549.726,49.861
4.724887,549.767,49.843,549.746,49.852
4.729337,549.767,49.843,549.757,49.848
4.734398,550.108,49.126,549.932,49.487
4.738745,550.108,49.126,550.020,49.306
4.743816,550.108,49.126,550.064,49.216
4.749426,550.108,49.126,550.086,49.171
4.753454,550.108,49.126,550.097,49.148
4.758490,550.108,49.126,550.103,49.137
4.763463,550.182,48.294,550.143,48.715
4.769035,550.182,48.294,550.162,48.505
4.774149,550.182,48.294,550.172,48.399
4.779856,550.182,48.294,550.177,48.346
4.784632,550.182,48.294,550.180,48.320
4.789078,550.182,48.294,550.181,48.307
4.793897,550.306,48.065,550.244,48.186
4.799752,550.306,48.065,550.275,48.125
4.803377,550.306,48.065,550.291,48.095
4.808130,550.306,48.065,550.299,48.080
4.813143,550.306,48.065,550.302,48.072
4.817370,550.306,48.065,550.304,48.069
4.820885,550.306,48.065,550.305,48.067
4.826066,550.777,46.686,550.541,47.377
4.831809,550.777,46.686,550.659,47.031
4.836589,550.777,46.686,550.718,46.859
4.841770,550.777,46.686,550.748,46.773
4.847115,550.777,46.686,550.763,46.730
4.851076,550.777,46.686,550.770,46.708
4.855480,550.220,45.009,550.495,45.858
4.860361,550.220,45.009,550.358,45.434
4.865124,550.220,45.009,550.289,45.221
4.870206,550.220,45.009,550.255,45.115
4.875254,550.220,45.009,550.237,45.062
4.879730,550.220,45.009,550.229,45.035
4.884007,550.220,45.009,550.225,45.022
4.888555,550.104,40.305,550.164,42.663
4.893909,550.104,40.305,550.134,41.484
4.898779,550.104,40.305,550.119,40.894
4.903274,550.104,40.305,550.112,40.600
4.912910,550.104,40.305,550.108,40.452
4.917887,549.946,34.933,550.027,37.693
4.922336,549.946,34.933,549.987,36.313
4.926997,549.946,34.933,549.967,35.623
4.931379,549.946,34.933,549.956,35.278
4.935732,549.946,34.933,549.951,35.106
4.940521,549.946,34.933,549.949,35.020
4.945850,549.546,29.955,549.748,32.487
4.950760,549.546,29.955,549.647,31.221
4.956117,549.546,29.955,549.597,30.588
4.961321,549.546,29.955,549.572,30.272
4.966213,549.546,29.955,549.559,30.113
4.970518,549.546,29.955,549.553,30.034
4.975455,548.503,27.344,549.028,28.689
4.980427,548.503,27.344,548.765,28.017
4.985312,548.503,27.344,548.634,27.681
4.990279,548.503,27.344,548.569,27.512
4.994548,548.503,27.344,548.536,27.428
4.999008,548.503,27.344,548.519,27.386
5.003136,548.503,27.344,548.511,27.365
5.007602,547.998,26.096,548.254,26.731
5.012212,547.998,26.096,548.126,26.413
5.017365,547.998,26.096,548.062,26.255
5.022600,547.998,26.096,548.030,26.175
5.027180,547.998,26.096,548.014,26.136
5.031868,547.998,26.096,548.006,26.116
5.036368,547.464,24.181,547.735,25.148
5.041122,547.464,24.181,547.600,24.664
5.046112,547.464,24.181,547.532,24.423
5.051873,547.464,24.181,547.498,24.302
5.056112,547.464,24.181,547.481,24.241
5.060561,547.464,24.181,547.473,24.211
5.064912,547.156,23.597,547.315,23.904
5.069571,547.156,23.597,547.236,23.750
5.073833,547.156,23.597,547.196,23.673
5.080135,547.156,23.597,547.176,23.635
5.084627,547.156,23.597,547.166,23.616
5.088928,547.156,23.597,547.161,23.606
5.094373,547.156,23.597,547.159,23.601
5.100682,546.764,22.660,546.961,23.131
5.105775,546.764,22.660,546.863,22.895
5.111140,546.764,22.660,546.813,22.778
5.116045,546.764,22.660,546.789,22.719
5.119946,546.764,22.660,546.776,22.689
5.124031,546.764,22.660,546.770,22.675
5.129117,546.082,22.067,546.426,22.371
5.133499,546.082,22.067,546.254,22.219
5.137956,546.082,22.067,546.168,22.143
5.144148,546.082,22.067,546.125,22.105
5.148438,546.082,22.067,546.104,22.086
5.151969,546.082,22.067,546.093,22.077
5.155805,545.848,21.939,545.971,22.008
5.162232,545.848,21.939,545.910,21.974
5.166870,545.848,21.939,545.879,21.956
5.171336,545.848,21.939,545.864,21.948
5.177112,545.848,21.939,545.856,21.944
5.181904,545.848,21.939,545.852,21.941
5.186666,545.836,21.978,545.844,21.960
5.191726,545.836,21.978,545.840,21.969
5.196415,545.836,21.978,545.838,21.973
5.201369,545.836,21.978,545.837,21.975
5.206323,545.836,21.978,545.836,21.977
5.210475,545.836,21.978,545.836,21.977
5.215161,545.836,21.978,545.836,21.977
5.219479,545.440,21.305,545.638,21.641
5.223586,545.440,21.305,545.539,21.473
5.229000,545.440,21.305,545.489,21.389
5.233822,545.440,21.305,545.465,21.347
5.238234,545.440,21.305,545.452,21.326
5.242970,545.440,21.305,545.446,21.315
5.247806,544.187,22.200,544.817,21.757
5.252859,544.187,22.200,544.502,21.979
5.258094,544.187,22.200,544.344,22.089
5.263320,544.187,22.200,544.266,22.144
5.267683,544.187,22.200,544.226,22.172
5.272665,544.187,22.200,544.207,22.186
5.277189,543.625,22.902,543.916,22.544
5.281763,543.625,22.902,543.771,22.723
5.286098,543.625,22.902,543.698,22.813
5.291072,543.625,22.902,543.662,22.858
5.296069,543.625,22.902,543.644,22.880
5.301288,543.625,22.902,543.635,22.891
5.305366,543.625,22.902,543.630,22.897
5.310894,543.123,23.716,543.377,23.306
5.316035,543.123,23.716,543.250,23.511
5.320668,543.123,23.716,543.187,23.613
5.326333,543.123,23.716,543.155,23.664
5.331292,543.123,23.716,543.139,23.690
5.335312,543.123,23.716,543.131,23.703
5.340175,542.327,24.322,542.729,24.013
5.344978,542.327,24.322,542.528,24.168
5.350379,542.327,24.322,542.428,24.245
5.354945,542.327,24.322,542.377,24.284
5.360458,542.327,24.322,542.352,24.303
5.364848,542.327,24.322,542.340,24.313
5.369229,541.795,25.378,542.067,24.845
5.373382,541.795,25.378,541.931,25.112
5.379265,541.795,25.378,541.863,25.245
5.384548,541.795,25.378,541.829,25.312
5.388395,541.795,25.378,541.812,25.345
5.392803,541.795,25.378,541.803,25.361
5.399034,541.539,26.546,541.671,25.954
5.404056,541.539,26.546,541.605,26.250
5.410405,541.539,26.546,541.572,26.398
5.416005,541.539,26.546,541.555,26.472
5.419947,541.539,26.546,541.547,26.509
5.424753,541.539,26.546,541.543,26.528
5.430191,541.351,26.691,541.447,26.609
5.434712,541.351,26.691,541.399,26.650
5.438889,541.351,26.691,541.375,26.670
5.445974,541.351,26.691,541.363,26.681
5.450494,541.351,26.691,541.357,26.686
5.455296,541.351,26.691,541.354,26.688
5.461374,540.994,26.956,541.174,26.822
5.466025,540.994,26.956,541.084,26.889
5.470786,540.994,26.956,541.039,26.923
5.477087,540.994,26.956,541.016,26.940
5.482052,540.994,26.956,541.005,26.948
5.486779,540.994,26.956,540.999,26.952
5.491879,540.256,27.563,540.628,27.257
5.495879,540.256,27.563,540.442,27.410
5.500448,540.256,27.563,540.349,27.486
5.505171,540.256,27.563,540.303,27.525
5.509723,540.256,27.563,540.280,27.544
5.514057,540.256,27.563,540.268,27.553
5.519173,538.921,28.634,539.595,28.094
5.524332,538.921,28.634,539.258,28.364
5.529091,538.921,28.634,539.090,28.499
5.534050,538.921,28.634,539.006,28.567
5.537843,538.921,28.634,538.963,28.601
5.542196,538.921,28.634,538.942,28.617
5.546425,538.921,28.634,538.932,28.626
5.551360,537.932,31.166,538.432,29.896
5.555884,537.932,31.166,538.182,30.531
5.560953,537.932,31.166,538.057,30.848
5.566123,537.932,31.166,537.995,31.007
5.570595,537.932,31.166,537.964,31.086
5.574826,537.932,31.166,537.948,31.126
5.580470,537.569,34.706,537.758,32.916
5.585560,537.569,34.706,537.664,33.811
5.589703,537.569,34.706,537.616,34.258
5.595093,537.569,34.706,537.592,34.482
5.599592,537.569,34.706,537.580,34.594
5.603215,537.569,34.706,537.575,34.650
5.607891,537.569,34.706,537.572,34.678
5.613729,536.452,36.967,537.012,35.823
5.618080,536.452,36.967,536.731,36.395
5.622404,536.452,36.967,536.591,36.681
5.627414,536.452,36.967,536.522,36.824
5.633006,536.452,36.967,536.487,36.896
5.637338,536.452,36.967,536.469,36.932
5.643933,536.628,40.069,536.549,38.500
5.648564,536.628,40.069,536.588,39.285
5.653718,536.628,40.069,536.608,39.677
5.659176,536.628,40.069,536.618,39.873
5.664538,536.628,40.069,536.623,39.971
5.668766,536.746,43.858,536.684,41.914
5.674298,536.746,43.858,536.715,42.886
5.679358,536.746,43.858,536.730,43.372
5.683639,536.746,43.858,536.738,43.615
5.688026,536.746,43.858,536.742,43.736
5.692765,536.746,43.858,536.744,43.797
5.697408,536.746,43.858,536.745,43.827
5.702028,535.995,47.225,536.370,45.526
5.706256,535.995,47.225,536.182,46.375
5.711358,535.995,47.225,536.089,46.800
5.716084,535.995,47.225,536.042,47.012
5.720510,535.995,47.225,536.018,47.118
5.725363,535.995,47.225,536.007,47.172
5.730253,535.618,49.199,535.812,48.185
5.734631,535.618,49.199,535.715,48.692
5.738978,535.618,49.199,535.667,48.945
5.744187,535.618,49.199,535.642,49.072
5.748963,535.618,49.199,535.630,49.135
5.753270,535.618,49.199,535.624,49.167
5.757086,535.618,49.199,535.621,49.183
5.762295,535.441,50.651,535.531,49.917
5.766688,535.441,50.651,535.486,50.284
5.771482,535.441,50.651,535.463,50.468
5.776500,535.441,50.651,535.452,50.559
5.781329,535.441,50.651,535.446,50.605
5.785885,535.441,50.651,535.444,50.628
5.790208,535.257,51.496,535.350,51.062
5.795445,535.257,51.496,535.304,51.279
5.800509,535.257,51.496,535.280,51.387
5.805505,535.257,51.496,535.269,51.442
5.809895,535.257,51.496,535.263,51.469
5.814699,535.257,51.496,535.260,51.482
5.818844,535.257,51.496,535.258,51.489
5.823232,535.606,52.096,535.432,51.793
5.828358,535.606,52.096,535.519,51.944
5.833864,535.606,52.096,535.562,52.020
5.838155,535.606,52.096,535.584,52.058
5.842307,535.606,52.096,535.595,52.077
5.847529,535.606,52.096,535.600,52.087
5.852143,537.479,51.825,536.539,51.956
5.855736,537.479,51.825,537.009,51.891
5.860755,537.479,51.825,537.244,51.858
5.865852,537.479,51.825,537.361,51.842
5.870111,537.479,51.825,537.420,51.834
5.873960,537.479,51.825,537.449,51.829
5.879953,537.479,51.825,537.464,51.827
5.884544,538.934,51.880,538.199,51.854
5.888338,538.934,51.880,538.566,51.867
5.893747,538.934,51.880,538.750,51.874
5.903505,538.934,51.880,538.842,51.877
5.908421,538.934,51.880,538.888,51.879
5.913461,540.117,52.351,539.502,52.115
5.917546,540.117,52.351,539.809,52.233
5.922187,540.117,52.351,539.963,52.292
5.927383,540.117,52.351,540.040,52.322
5.931686,540.117,52.351,540.078,52.336
5.935535,540.117,52.351,540.097,52.344
5.939972,540.117,52.351,540.107,52.348
5.944926,541.708,52.748,540.907,52.548
5.949521,541.708,52.748,541.308,52.648
5.954619,541.708,52.748,541.508,52.698
5.960238,541.708,52.748,541.608,52.723
5.964846,541.708,52.748,541.658,52.736
5.968794,541.708,52.748,541.683,52.742
5.973569,542.748,52.328,542.215,52.535
5.977947,542.748,52.328,542.482,52.431
5.981885,542.748,52.328,542.615,52.379
5.987638,542.748,52.328,542.681,52.354
6.002578,543.436,51.915,543.059,52.134
6.008243,543.436,51.915,543.247,52.025
6.012745,543.436,51.915,543.341,51.970
6.018710,543.436,51.915,543.389,51.943
6.023321,543.436,51.915,543.412,51.929
6.028150,543.436,51.915,543.424,51.922
6.033681,544.273,52.034,543.849,51.978
6.037702,544.273,52.034,544.061,52.006
6.041601,544.273,52.034,544.167,52.020
6.046869,544.273,52.034,544.220,52.027
6.051620,544.273,52.034,544.247,52.030
6.055566,544.273,52.034,544.260,52.032
6.060019,544.273,52.034,544.267,52.033
6.065372,544.681,52.123,544.474,52.078
6.069323,544.681,52.123,544.577,52.101
6.073331,544.681,52.123,544.629,52.112
6.078443,544.681,52.123,544.655,52.118
6.083656,544.681,52.123,544.668,52.120
6.088008,544.681,52.123,544.674,52.122
6.093472,544.711,52.648,544.693,52.385
6.098510,544.711,52.648,544.702,52.517
6.102934,544.711,52.648,544.706,52.582
6.107891,544.711,52.648,544.708,52.615
6.113765,544.711,52.648,544.710,52.632
6.118656,544.711,52.648,544.710,52.640
6.124010,544.027,53.878,544.368,53.259
6.129165,544.027,53.878,544.198,53.568
6.133663,544.027,53.878,544.112,53.723
6.138556,544.027,53.878,544.070,53.800
6.144185,544.027,53.878,544.048,53.839
6.148874,544.027,53.878,544.038,53.858
6.153467,543.769,54.952,543.903,54.405
6.158208,543.769,54.952,543.836,54.679
6.162944,543.769,54.952,543.803,54.815
6.168009,543.769,54.952,543.786,54.884
6.172750,543.769,54.952,543.777,54.918
6.177505,543.769,54.952,543.773,54.935
6.181769,543.769,54.952,543.771,54.943
6.186867,543.261,55.727,543.516,55.335
6.191175,543.261,55.727,543.389,55.531
6.196188,543.261,55.727,543.325,55.629
6.200731,543.261,55.727,543.293,55.678
6.205299,543.261,55.727,543.277,55.702
6.210054,543.261,55.727,543.269,55.714
6.215278,542.172,56.619,542.721,56.167
6.219887,542.172,56.619,542.446,56.393
6.224627,542.172,56.619,542.309,56.506
6.229986,542.172,56.619,542.241,56.563
6.233859,542.172,56.619,542.206,56.591
6.238058,542.172,56.619,542.189,56.605
6.242847,542.172,56.619,542.181,56.612
6.248090,541.551,57.224,541.866,56.918
6.253420,541.551,57.224,541.708,57.071
6.258636,541.551,57.224,541.629,57.147
6.264036,541.551,57.224,541.590,57.186
6.269043,541.551,57.224,541.570,57.205
6.273627,541.551,57.224,541.561,57.214
6.279301,541.140,57.296,541.350,57.255
6.284169,541.140,57.296,541.245,57.276
6.288704,541.140,57.296,541.192,57.286
6.292979,541.140,57.296,541.166,57.291
6.298051,541.140,57.296,541.153,57.294
6.302541,541.140,57.296,541.146,57.295
6.308036,541.156,57.867,541.151,57.581
6.312789,541.156,57.867,541.154,57.724
6.317485,541.156,57.867,541.155,57.796
6.322062,541.156,57.867,541.156,57.831
6.327013,541.156,57.867,541.156,57.849
6.331754,541.156,57.867,541.156,57.858
6.336622,541.149,58.228,541.153,58.043
6.341329,541.149,58.228,541.151,58.135
6.346241,541.149,58.228,541.150,58.182
6.351756,541.149,58.228,541.149,58.205
6.356613,541.149,58.228,541.149,58.216
6.361034,541.149,58.228,541.149,58.222
6.365577,540.637,58.942,540.893,58.582
6.369728,540.637,58.942,540.765,58.762
6.374423,540.637,58.942,540.701,58.852
6.380211,540.637,58.942,540.669,58.897
6.384457,540.637,58.942,540.653,58.920
6.389251,540.637,58.942,540.645,58.931
6.393647,540.637,58.942,540.641,58.937
6.398449,540.518,58.607,540.579,58.772
6.402297,540.518,58.607,540.548,58.689
6.408058,540.518,58.607,540.533,58.648
6.413039,540.518,58.607,540.525,58.627
6.417776,540.518,58.607,540.521,58.617
6.422690,540.518,58.607,540.520,58.612
6.427741,540.262,58.751,540.391,58.682
6.432266,540.262,58.751,540.326,58.717
6.436881,540.262,58.751,540.294,58.734
6.442992,540.262,58.751,540.278,58.743
6.447640,540.262,58.751,540.270,58.747
6.453051,540.262,58.751,540.266,58.749
6.458261,541.826,58.458,541.046,58.604
6.463423,541.826,58.458,541.436,58.531
6.468381,541.826,58.458,541.631,58.494
6.473243,541.826,58.458,541.729,58.476
6.478177,541.826,58.458,541.777,58.467
6.482880,541.826,58.458,541.802,58.462
6.487722,544.453,57.169,543.127,57.816
6.492344,544.453,57.169,543.790,57.493
6.497971,544.453,57.169,544.122,57.331
6.503493,544.453,57.169,544.288,57.250
6.507556,544.453,57.169,544.370,57.210
6.512604,544.453,57.169,544.412,57.189
6.518544,548.497,55.201,546.455,56.195
6.522842,548.497,55.201,547.476,55.698
6.527946,548.497,55.201,547.987,55.449
6.532970,548.497,55.201,548.242,55.325
6.537234,548.497,55.201,548.370,55.263
6.543175,548.497,55.201,548.433,55.232
6.550051,552.718,53.979,550.576,54.605
6.555864,552.718,53.979,551.647,54.292
6.562830,552.718,53.979,552.183,54.135
6.567253,552.718,53.979,552.450,54.057
6.573043,552.718,53.979,552.584,54.018
6.580969,557.119,52.020,554.852,53.019
6.586388,557.119,52.020,555.985,52.520
6.592565,557.119,52.020,556.552,52.270
6.598525,557.119,52.020,556.835,52.145
6.603833,557.119,52.020,556.977,52.083
6.611508,560.544,49.130,558.761,50.607
6.616124,560.544,49.130,559.652,49.869
6.622128,560.544,49.130,560.098,49.499
6.628624,560.544,49.130,560.321,49.315
6.634078,560.544,49.130,560.433,49.223
6.640284,563.202,47.101,561.818,48.162
6.646355,563.202,47.101,562.510,47.631
6.652619,563.202,47.101,562.856,47.366
6.657844,563.202,47.101,563.029,47.234
6.664161,563.202,47.101,563.116,47.167
6.670043,566.660,45.338,564.888,46.253
6.675528,566.660,45.338,565.774,45.795
6.682219,566.660,45.338,566.217,45.567
6.688435,566.660,45.338,566.438,45.452
6.694024,566.660,45.338,566.549,45.395
6.699142,568.732,44.185,567.641,44.790
6.704673,568.732,44.185,568.186,44.487
6.709989,568.732,44.185,568.459,44.336
6.715452,568.732,44.185,568.596,44.260
6.720236,568.732,44.185,568.664,44.223
6.724548,568.732,44.185,568.698,44.204
6.728997,569.828,43.954,569.263,44.079
6.734500,569.828,43.954,569.546,44.017
6.739382,569.828,43.954,569.687,43.985
6.744467,569.828,43.954,569.758,43.970
6.749702,569.828,43.954,569.793,43.962
6.754372,569.828,43.954,569.811,43.958
6.759284,571.567,44.765,570.689,44.362
6.764214,571.567,44.765,571.128,44.563
6.768354,571.567,44.765,571.347,44.664
6.772881,571.567,44.765,571.457,44.715
6.778030,571.567,44.765,571.512,44.740
6.782609,571.567,44.765,571.539,44.753
6.787407,571.567,44.765,571.553,44.759
6.792351,572.977,44.370,572.265,44.565
6.797611,572.977,44.370,572.621,44.467
6.802295,572.977,44.370,572.799,44.419
6.806388,572.977,44.370,572.888,44.395
6.811869,572.977,44.370,572.932,44.382
6.816092,572.977,44.370,572.954,44.376
6.820557,574.048,44.532,573.501,44.454
6.825028,574.048,44.532,573.775,44.493
6.830883,574.048,44.532,573.911,44.513
6.835834,574.048,44.532,573.980,44.522
6.840540,574.048,44.532,574.014,44.527
6.846272,574.048,44.532,574.031,44.530
6.850967,574.445,44.473,574.238,44.501
6.855353,574.445,44.473,574.342,44.487
6.861538,574.445,44.473,574.393,44.480
6.866395,574.445,44.473,574.419,44.476
6.870487,574.445,44.473,574.432,44.474
6.875546,574.445,44.473,574.439,44.473
6.880334,575.405,44.103,574.922,44.288
6.884437,575.405,44.103,575.163,44.196
6.890664,575.405,44.103,575.284,44.149
6.895766,575.405,44.103,575.344,44.126
6.900121,575.405,44.103,575.375,44.115
6.905163,575.405,44.103,575.390,44.109
6.910631,575.973,44.282,575.682,44.196
6.915996,575.973,44.282,575.828,44.239
6.920832,575.973,44.282,575.901,44.261
6.925401,575.973,44.282,575.937,44.272
6.930157,575.973,44.282,575.955,44.277
6.935313,575.973,44.282,575.964,44.280
6.940646,576.146,43.360,576.055,43.820
6.952224,576.146,43.360,576.100,43.590
6.958828,576.146,43.360,576.123,43.475
6.965746,576.146,43.360,576.134,43.418
6.971421,577.137,42.504,576.635,42.961
6.977722,577.137,42.504,576.886,42.732
6.984330,577.137,42.504,577.011,42.618
6.988887,577.137,42.504,577.074,42.561
6.994872,577.137,42.504,577.105,42.532
7.000984,577.491,41.497,577.298,42.015
7.006550,577.491,41.497,577.395,41.756
7.013772,577.491,41.497,577.443,41.626
7.020465,577.491,41.497,577.467,41.561
7.026282,577.491,41.497,577.479,41.529
7.033779,577.682,40.517,577.581,41.023
7.040584,577.682,40.517,577.631,40.770
7.047776,577.682,40.517,577.657,40.643
7.053327,577.682,40.517,577.669,40.580
7.057555,577.682,40.517,577.676,40.548
7.064191,577.645,39.863,577.660,40.206
7.069182,577.645,39.863,577.653,40.035
7.074230,577.645,39.863,577.649,39.949
7.081162,577.645,39.863,577.647,39.906
7.086125,577.645,39.863,577.646,39.885
7.092184,577.031,39.398,577.338,39.641
7.098542,577.031,39.398,577.185,39.520
7.103281,577.031,39.398,577.108,39.459
7.108709,577.031,39.398,577.069,39.428
7.113242,577.031,39.398,577.050,39.413
7.117424,577.031,39.398,577.040,39.406
7.123363,576.764,39.840,576.902,39.623
7.129741,576.764,39.840,576.833,39.731
7.135254,576.764,39.840,576.798,39.786
7.140457,576.764,39.840,576.781,39.813
7.145899,576.764,39.840,576.772,39.826
7.149638,576.764,39.840,576.768,39.833
7.154550,576.284,39.989,576.526,39.911
7.159575,576.284,39.989,576.405,39.950
7.165937,576.284,39.989,576.345,39.969
7.171090,576.284,39.989,576.315,39.979
7.175754,576.284,39.989,576.299,39.984
7.180154,575.590,40.817,575.945,40.400
7.185547,575.590,40.817,575.768,40.608
7.190079,575.590,40.817,575.679,40.713
7.195368,575.590,40.817,575.634,40.765
7.200056,575.590,40.817,575.612,40.791
7.206039,575.590,40.817,575.601,40.804
7.210493,575.590,40.817,575.596,40.810
7.216380,575.956,41.217,575.776,41.013
7.220384,575.956,41.217,575.866,41.115
7.225224,575.956,41.217,575.911,41.166
7.230616,575.956,41.217,575.934,41.191
7.235377,575.956,41.217,575.945,41.204
7.239964,575.956,41.217,575.951,41.210
7.244925,576.096,41.778,576.023,41.494
7.250123,576.096,41.778,576.059,41.636
7.254635,576.096,41.778,576.077,41.707
7.259152,576.096,41.778,576.086,41.742
7.265044,576.096,41.778,576.091,41.760
7.269179,576.096,41.778,576.093,41.769
7.273469,575.683,42.340,575.888,42.054
7.279540,575.683,42.340,575.785,42.197
7.285322,575.683,42.340,575.734,42.269
7.290546,575.683,42.340,575.708,42.304
7.295548,575.683,42.340,575.696,42.322
7.299431,575.683,42.340,575.689,42.331
7.304069,575.136,42.242,575.413,42.287
7.308014,575.136,42.242,575.274,42.264
7.313605,575.136,42.242,575.205,42.253
7.318720,575.136,42.242,575.170,42.247
7.323017,575.136,42.242,575.153,42.245
7.328139,575.136,42.242,575.144,42.243
7.332994,574.645,42.109,574.895,42.176
7.337242,574.645,42.109,574.770,42.143
7.341745,574.645,42.109,574.708,42.126
7.356362,574.645,42.109,574.676,42.118
7.361709,574.645,42.109,574.661,42.114
7.367258,574.144,42.469,574.402,42.291
7.371778,574.144,42.469,574.273,42.380
7.377958,574.144,42.469,574.209,42.425
7.382903,574.144,42.469,574.176,42.447
7.387588,574.144,42.469,574.160,42.458
7.393378,573.994,42.376,574.077,42.417
7.398554,573.994,42.376,574.036,42.396
7.402936,573.994,42.376,574.015,42.386
7.408203,573.994,42.376,574.005,42.381
7.413180,573.994,42.376,574.000,42.378
7.417234,573.994,42.376,573.997,42.377
7.421349,573.994,42.376,573.996,42.377
7.426904,574.381,42.028,574.188,42.202
7.431949,574.381,42.028,574.284,42.115
7.436999,574.381,42.028,574.332,42.072
7.441841,574.381,42.028,574.356,42.050
7.447604,574.381,42.028,574.369,42.039
7.452477,574.647,41.817,574.508,41.928
7.457199,574.647,41.817,574.577,41.873
7.461828,574.647,41.817,574.612,41.845
7.466954,574.647,41.817,574.629,41.831
7.471432,574.647,41.817,574.638,41.824
7.476133,574.647,41.817,574.643,41.821
7.482173,574.647,41.817,574.645,41.819
7.487711,574.929,41.853,574.787,41.836
7.492414,574.929,41.853,574.858,41.844
7.498239,574.929,41.853,574.894,41.848
7.503380,574.929,41.853,574.911,41.850
7.508629,574.929,41.853,574.920,41.851
7.514560,575.295,41.965,575.108,41.908
7.519463,575.295,41.965,575.201,41.937
7.524223,575.295,41.965,575.248,41.951
7.530003,575.295,41.965,575.272,41.958
7.534848,575.295,41.965,575.283,41.962
7.539800,575.295,41.965,575.289,41.964
7.545724,575.392,42.088,575.341,42.026
7.550315,575.392,42.088,575.366,42.057
7.554764,575.392,42.088,575.379,42.073
7.560242,575.392,42.088,575.385,42.081
7.565291,575.392,42.088,575.388,42.085
7.569698,575.392,42.088,575.390,42.087
7.574023,575.524,41.896,575.457,41.992
7.579729,575.524,41.896,575.490,41.944
7.584596,575.524,41.896,575.507,41.920
7.589284,575.524,41.896,575.516,41.908
7.595973,575.524,41.896,575.520,41.902
7.600088,575.524,41.896,575.522,41.899
7.604734,575.636,42.030,575.579,41.965
7.610033,575.636,42.030,575.608,41.997
7.615080,575.636,42.030,575.622,42.013
7.619347,575.636,42.030,575.629,42.022
7.624952,575.636,42.030,575.633,42.026
7.629707,575.636,42.030,575.634,42.028
7.633810,575.923,41.317,575.779,41.672
7.639044,575.923,41.317,575.851,41.494
7.643795,575.923,41.317,575.887,41.406
7.648779,575.923,41.317,575.905,41.361
7.653687,575.923,41.317,575.914,41.339
7.658165,575.923,41.317,575.919,41.328
7.662485,575.923,41.317,575.921,41.322
7.667246,576.326,41.274,576.123,41.298
7.672073,576.326,41.274,576.224,41.286
7.678055,576.326,41.274,576.275,41.280
7.682589,576.326,41.274,576.300,41.277
7.687052,576.326,41.274,576.313,41.276
7.691811,576.326,41.274,576.319,41.275
7.696493,576.794,41.405,576.557,41.340
7.701372,576.794,41.405,576.675,41.373
7.706242,576.794,41.405,576.735,41.389
7.711496,576.794,41.405,576.764,41.397
7.716690,576.794,41.405,576.779,41.401
7.720764,576.794,41.405,576.787,41.403
7.725359,577.668,41.799,577.227,41.601
7.730700,577.668,41.799,577.448,41.700
7.735491,577.668,41.799,577.558,41.749
7.740648,577.668,41.799,577.613,41.774
7.745586,577.668,41.799,577.641,41.786
7.750780,577.668,41.799,577.654,41.793
7.756439,578.978,41.960,578.316,41.876
7.761576,578.978,41.960,578.647,41.918
7.766870,578.978,41.960,578.813,41.939
7.771585,578.978,41.960,578.896,41.950
7.776762,578.978,41.960,578.937,41.955
7.781996,578.978,41.960,578.958,41.957
7.786474,578.978,41.960,578.968,41.959
7.790686,578.978,41.960,578.973,41.959
7.796032,578.978,41.960,578.976,41.960
7.800623,578.978,41.960,578.977,41.960
7.804861,578.978,41.960,578.978,41.960
7.810503,578.978,41.960,578.978,41.960
7.815891,578.978,41.960,578.978,41.960
7.820440,578.978,41.960,578.978,41.960
7.825636,578.978,41.960,578.978,41.960
7.832327,578.978,41.960,578.978,41.960
7.836748,578.978,41.960,578.978,41.960
7.840982,578.978,41.960,578.978,41.960
7.846411,578.978,41.960,578.978,41.960
7.850576,578.978,41.960,578.978,41.960
7.855282,578.978,41.960,578.978,41.960
7.861116,578.978,41.960,578.978,41.960
7.866270,578.978,41.960,578.978,41.960
7.870436,578.978,41.960,578.978,41.960
7.874916,578.978,41.960,578.978,41.960
7.881046,578.978,41.960,578.978,41.960
7.885471,578.978,41.960,578.978,41.960
7.890671,578.978,41.960,578.978,41.960
7.895775,578.978,41.960,578.978,41.960
7.899876,578.978,41.960,578.978,41.960
7.903717,578.978,41.960,578.978,41.960
7.908911,578.978,41.960,578.978,41.960
7.913519,578.978,41.960,578.978,41.960
7.918264,578.978,41.960,578.978,41.960
7.923351,578.978,41.960,578.978,41.960
7.927803,578.978,41.960,578.978,41.960
7.932030,578.978,41.960,578.978,41.960
7.936686,578.978,41.960,578.978,41.960
7.941612,578.978,41.960,578.978,41.960
7.946980,578.978,41.960,578.978,41.960
7.951862,578.978,41.960,578.978,41.960
7.956440,578.978,41.960,578.978,41.960
7.961836,578.978,41.960,578.978,41.960
7.966839,693.139,10.137,636.059,26.049
7.971748,693.139,10.137,664.599,18.093
7.976715,693.139,10.137,678.869,14.115
7.981365,693.139,10.137,686.004,12.126
7.986536,693.139,10.137,689.572,11.132
7.991369,693.139,10.137,691.356,10.634
7.995777,693.139,10.137,692.247,10.386
8.001093,679.761,-5.811,686.004,2.288
8.005970,679.761,-5.811,682.883,-1.762
8.012535,679.761,-5.811,681.322,-3.786
8.019161,679.761,-5.811,680.541,-4.798
8.027227,662.999,-9.879,671.770,-7.339
8.036940,662.999,-9.879,667.384,-8.609
8.043133,662.999,-9.879,665.191,-9.244
8.048080,662.999,-9.879,664.095,-9.561
8.052441,662.999,-9.879,663.547,-9.720
8.057341,648.320,-14.526,655.934,-12.123
8.063332,648.320,-14.526,652.127,-13.324
8.067739,648.320,-14.526,650.224,-13.925
8.072773,648.320,-14.526,649.272,-14.226
8.077854,648.320,-14.526,648.796,-14.376
8.082203,648.320,-14.526,648.558,-14.451
8.086418,648.320,-14.526,648.439,-14.488
8.091061,635.063,-20.390,641.751,-17.439
8.096722,635.063,-20.390,638.407,-18.914
8.102106,635.063,-20.390,636.735,-19.652
8.106535,635.063,-20.390,635.899,-20.021
8.116879,635.063,-20.390,635.481,-20.205
8.122879,628.802,-19.013,632.142,-19.609
8.129679,628.802,-19.013,630.472,-19.311
8.135462,628.802,-19.013,629.637,-19.162
8.140591,628.802,-19.013,629.220,-19.087
8.145840,628.802,-19.013,629.011,-19.050
8.149960,624.842,-13.539,626.926,-16.295
8.154087,624.842,-13.539,625.884,-14.917
8.159859,624.842,-13.539,625.363,-14.228
8.164459,624.842,-13.539,625.102,-13.883
8.168337,624.842,-13.539,624.972,-13.711
8.174080,624.842,-13.539,624.907,-13.625
8.179962,621.573,-8.579,623.240,-11.102
8.184530,621.573,-8.579,622.407,-9.841
8.190571,621.573,-8.579,621.990,-9.210
8.195910,621.573,-8.579,621.782,-8.894
8.200342,621.573,-8.579,621.678,-8.737
8.205442,621.573,-8.579,621.626,-8.658
8.210739,619.897,-5.253,620.761,-6.955
8.215433,619.897,-5.253,620.329,-6.104
8.220509,619.897,-5.253,620.113,-5.678
8.225822,619.897,-5.253,620.005,-5.465
8.230921,619.897,-5.253,619.951,-5.359
8.235743,619.897,-5.253,619.924,-5.306
8.241156,618.335,-3.184,619.129,-4.245
8.245800,618.335,-3.184,618.732,-3.714
8.251457,618.335,-3.184,618.533,-3.449
8.256950,618.335,-3.184,618.434,-3.317
8.261436,618.335,-3.184,618.384,-3.250
8.266365,618.335,-3.184,618.360,-3.217
8.273487,616.890,-1.442,617.625,-2.330
8.279543,616.890,-1.442,617.257,-1.886
8.285196,616.890,-1.442,617.074,-1.664
8.290512,616.890,-1.442,616.982,-1.553
8.296114,616.890,-1.442,616.936,-1.498
8.301748,614.993,-0.860,615.965,-1.179
8.306316,614.993,-0.860,615.479,-1.019
8.311884,614.993,-0.860,615.236,-0.940
8.316528,614.993,-0.860,615.115,-0.900
8.321037,614.993,-0.860,615.054,-0.880
8.325394,614.993,-0.860,615.024,-0.870
8.330568,613.354,0.134,614.189,-0.368
8.335466,613.354,0.134,613.771,-0.117
8.339867,613.354,0.134,613.562,0.009
8.345217,613.354,0.134,613.458,0.072
8.350115,613.354,0.134,613.406,0.103
8.356922,613.354,0.134,613.380,0.119
8.364887,612.604,1.025,612.992,0.572
8.371811,612.604,1.025,612.798,0.799
8.403767,611.356,1.593,612.077,1.196
8.436058,610.389,2.561,611.233,1.879
8.452034,610.054,3.035,610.643,2.457
8.462761,610.054,3.035,610.348,2.746
8.469007,610.054,3.035,610.201,2.891
8.476728,610.054,3.035,610.127,2.963
8.485088,610.142,3.611,610.135,3.287
8.492565,610.142,3.611,610.139,3.449
8.500145,610.142,3.611,610.140,3.530
8.507151,610.142,3.611,610.141,3.571
8.513947,609.432,4.388,609.787,3.980
8.520353,609.432,4.388,609.610,4.184
8.526100,609.432,4.388,609.521,4.286
8.531229,609.432,4.388,609.477,4.337
8.538134,609.432,4.388,609.454,4.363
8.544466,609.170,4.674,609.312,4.518
8.549519,609.170,4.674,609.241,4.596
8.554556,609.170,4.674,609.205,4.635
8.559057,609.170,4.674,609.188,4.654
8.565027,609.170,4.674,609.179,4.664
8.572983,608.772,5.594,608.975,5.129
8.578508,608.772,5.594,608.873,5.361
8.583891,608.772,5.594,608.823,5.478
8.590597,608.772,5.594,608.797,5.536
8.596893,608.772,5.594,608.784,5.565
8.603935,608.759,6.475,608.772,6.020
8.610094,608.759,6.475,608.765,6.247
8.617178,608.759,6.475,608.762,6.361
8.622040,608.759,6.475,608.760,6.418
8.628651,608.759,6.475,608.760,6.447
8.634342,608.818,7.044,608.789,6.745
8.643551,608.818,7.044,608.804,6.895
8.649952,608.818,7.044,608.811,6.969
8.654152,608.818,7.044,608.815,7.007
8.659149,608.818,7.044,608.816,7.025
8.666355,608.802,7.927,608.809,7.476
8.674927,608.802,7.927,608.806,7.702
8.681562,608.802,7.927,608.804,7.814
8.687815,608.802,7.927,608.803,7.871
8.696230,608.849,8.657,608.826,8.264
8.704298,608.849,8.657,608.837,8.460
8.723255,608.853,8.962,608.845,8.711
8.730623,608.853,8.962,608.849,8.836
8.737221,608.853,8.962,608.851,8.899
8.743668,608.853,8.962,608.852,8.930
8.751753,608.950,9.476,608.901,9.203
8.759081,608.950,9.476,608.926,9.339
8.768387,608.950,9.476,608.938,9.407
8.775724,608.950,9.476,608.944,9.441
8.782484,609.098,10.225,609.021,9.833
8.788260,609.098,10.225,609.060,10.029
8.793531,609.098,10.225,609.079,10.127
8.802282,609.098,10.225,609.089,10.176
8.808271,609.098,10.225,609.093,10.201
8.814123,609.396,10.763,609.245,10.482
8.821287,609.396,10.763,609.321,10.622
8.831392,609.396,10.763,609.358,10.692
8.837967,609.396,10.763,609.377,10.728
8.846756,609.218,10.896,609.298,10.812
8.854710,609.218,10.896,609.258,10.854
8.861626,609.218,10.896,609.238,10.875
8.868189,609.218,10.896,609.228,10.885
8.875164,609.121,11.229,609.174,11.057
8.882673,609.121,11.229,609.148,11.143
8.889233,609.121,11.229,609.134,11.186
8.896328,609.121,11.229,609.127,11.207
8.902809,609.170,11.719,609.149,11.463
8.910301,609.170,11.719,609.159,11.591
8.917383,609.170,11.719,609.165,11.655
8.923937,609.170,11.719,609.167,11.687
8.929916,609.170,11.719,609.169,11.703
8.935944,609.248,12.002,609.208,11.852
8.943245,609.248,12.002,609.228,11.927
8.950691,609.248,12.002,609.238,11.964
8.956192,609.248,12.002,609.243,11.983
8.962040,609.248,12.002,609.246,11.992
8.967339,609.158,12.556,609.202,12.274
8.971863,609.158,12.556,609.180,12.415
8.978901,609.158,12.556,609.169,12.486
8.984802,609.158,12.556,609.163,12.521
8.991426,609.158,12.556,609.161,12.539
8.997950,608.890,12.806,609.025,12.673
9.002840,608.890,12.806,608.958,12.740
9.007952,608.890,12.806,608.924,12.773
9.012663,608.890,12.806,608.907,12.790
9.018324,608.890,12.806,608.898,12.798
9.022398,608.890,12.806,608.894,12.802
9.028252,608.612,12.743,608.753,12.772
9.033901,608.612,12.743,608.682,12.758
9.038542,608.612,12.743,608.647,12.750
9.043667,608.612,12.743,608.629,12.746
9.048550,608.612,12.743,608.620,12.745
9.053053,608.612,12.743,608.616,12.744
9.059179,608.239,12.873,608.428,12.808
9.065159,608.239,12.873,608.334,12.841
9.070179,608.239,12.873,608.287,12.857
9.077110,608.239,12.873,608.263,12.865
9.085098,608.098,13.237,608.181,13.051
9.092325,608.098,13.237,608.139,13.144
9.100460,608.098,13.237,608.119,13.190
9.107092,608.098,13.237,608.109,13.214
9.114305,607.795,13.551,607.952,13.382
9.120829,607.795,13.551,607.873,13.467
9.133995,607.795,13.551,607.834,13.509
9.144743,607.456,13.755,607.645,13.632
9.151424,607.456,13.755,607.551,13.693
9.160067,607.456,13.755,607.503,13.724
9.168016,607.456,13.755,607.480,13.739
9.175486,607.009,13.763,607.244,13.751
9.183432,607.009,13.763,607.127,13.757
9.189232,607.009,13.763,607.068,13.760
9.193983,607.009,13.763,607.039,13.761
9.205725,606.668,14.055,606.853,13.908
9.211702,606.668,14.055,606.761,13.982
9.216980,606.668,14.055,606.715,14.019
9.221371,606.668,14.055,606.691,14.037
9.226994,606.668,14.055,606.680,14.046
9.231855,606.668,14.055,606.674,14.051
9.237516,606.449,14.014,606.562,14.032
9.241922,606.449,14.014,606.506,14.023
9.247149,606.449,14.014,606.477,14.018
9.252293,606.449,14.014,606.463,14.016
9.256098,606.449,14.014,606.456,14.015
9.261057,606.449,14.014,606.453,14.014
9.266052,606.180,13.845,606.316,13.930
9.270777,606.180,13.845,606.248,13.888
9.275370,606.180,13.845,606.214,13.866
9.281345,606.180,13.845,606.197,13.856
9.286232,606.180,13.845,606.189,13.851
9.291061,606.180,13.845,606.184,13.848
9.296936,605.638,14.203,605.911,14.025
9.301773,605.638,14.203,605.775,14.114
9.306416,605.638,14.203,605.706,14.158
9.311508,605.638,14.203,605.672,14.181
9.315767,605.638,14.203,605.655,14.192
9.319626,605.638,14.203,605.647,14.197
9.323896,605.638,14.203,605.642,14.200
9.330351,605.530,14.900,605.586,14.550
9.335266,605.530,14.900,605.558,14.725
9.340994,605.530,14.900,605.544,14.812
9.346565,605.530,14.900,605.537,14.856
9.350868,605.530,14.900,605.534,14.878
9.357534,605.570,15.424,605.552,15.151
9.365133,605.570,15.424,605.561,15.287
9.370565,605.570,15.424,605.566,15.356
9.375805,605.570,15.424,605.568,15.390
9.380785,605.570,15.424,605.569,15.407
9.385740,605.570,15.424,605.570,15.415
9.392811,605.653,15.833,605.611,15.624
9.398664,605.653,15.833,605.632,15.728
9.403017,605.653,15.833,605.643,15.780
9.407688,605.653,15.833,605.648,15.806
9.411978,605.653,15.833,605.651,15.820
9.416897,605.795,15.907,605.723,15.863
9.422396,605.795,15.907,605.759,15.885
9.429697,605.795,15.907,605.777,15.896
9.434774,605.795,15.907,605.786,15.901
9.439980,605.795,15.907,605.790,15.904
9.444838,605.795,15.907,605.793,15.906
9.449656,606.152,16.248,605.972,16.077
9.455393,606.152,16.248,606.062,16.163
9.463125,606.152,16.248,606.107,16.205
9.468340,606.152,16.248,606.130,16.227
9.474360,606.152,16.248,606.141,16.237
9.480980,606.476,16.375,606.309,16.306
9.487417,606.476,16.375,606.392,16.341
9.492952,606.476,16.375,606.434,16.358
9.498556,606.476,16.375,606.455,16.367
9.505184,606.476,16.375,606.466,16.371
9.512722,606.677,16.254,606.571,16.313
9.522156,606.677,16.254,606.624,16.283
9.534473,606.677,16.254,606.650,16.269
9.543720,607.112,16.359,606.881,16.314
9.551743,607.112,16.359,606.997,16.336
9.558945,607.112,16.359,607.055,16.348
9.566530,607.112,16.359,607.083,16.353
9.572941,607.535,16.384,607.309,16.368
9.580641,607.535,16.384,607.422,16.376
9.586939,607.535,16.384,607.479,16.380
9.593729,607.535,16.384,607.507,16.382
9.600866,607.725,15.902,607.616,16.142
9.608351,607.725,15.902,607.670,16.022
9.615723,607.725,15.902,607.698,15.962
9.622355,607.725,15.902,607.711,15.932
9.629759,607.803,15.917,607.757,15.924
9.636877,607.803,15.917,607.780,15.921
9.644342,607.803,15.917,607.792,15.919
9.652847,607.803,15.917,607.798,15.918
9.660278,607.484,16.150,607.641,16.034
9.667189,607.484,16.150,607.562,16.092
9.675566,607.484,16.150,607.523,16.121
9.682451,607.484,16.150,607.503,16.136
9.689005,607.106,16.313,607.305,16.224
9.696608,607.106,16.313,607.205,16.269
9.704153,607.106,16.313,607.156,16.291
9.710455,607.106,16.313,607.131,16.302
9.717611,607.106,16.313,607.119,16.307
9.724615,606.702,16.551,606.910,16.429
9.733509,606.702,16.551,606.806,16.490
9.740471,606.702,16.551,606.754,16.520
9.750526,606.406,17.123,606.580,16.822
9.757519,606.406,17.123,606.493,16.973
9.765081,606.406,17.123,606.450,17.048
9.771141,606.406,17.123,606.428,17.086
9.778183,606.406,17.123,606.417,17.104
9.785494,605.823,17.797,606.120,17.451
9.792179,605.823,17.797,605.972,17.624
9.799553,605.823,17.797,605.897,17.711
9.805170,605.823,17.797,605.860,17.754
9.813276,605.977,18.262,605.918,18.008
9.819529,605.977,18.262,605.948,18.135
9.826872,605.977,18.262,605.962,18.198
9.835136,605.977,18.262,605.969,18.230
9.842749,605.977,18.262,605.973,18.246
9.849771,605.977,18.262,605.975,18.254
9.857927,605.977,18.262,605.976,18.258
9.866255,605.977,18.262,605.976,18.260
9.872162,605.977,18.262,605.976,18.261
9.881145,605.977,18.262,605.977,18.261
9.888288,605.977,18.262,605.977,18.261
9.895416,605.977,18.262,605.977,18.262
9.902946,605.977,18.262,605.977,18.262
9.911188,605.977,18.262,605.977,18.262
9.918211,605.977,18.262,605.977,18.262
9.924984,605.977,18.262,605.977,18.262
9.933012,605.977,18.262,605.977,18.262
9.939819,605.977,18.262,605.977,18.262
9.946901,605.977,18.262,605.977,18.262
9.954317,605.977,18.262,605.977,18.262
9.960648,605.977,18.262,605.977,18.262
9.967548,605.977,18.262,605.977,18.262
9.974161,605.977,18.262,605.977,18.262
9.981607,605.977,18.262,605.977,18.262
9.987181,605.977,18.262,605.977,18.262
9.993591,605.977,18.262,605.977,18.262
9.999968,605.977,18.262,605.977,18.262
10.004700,605.977,18.262,605.977,18.262
10.009540,605.977,18.262,605.977,18.262
10.016800,605.977,18.262,605.977,18.262
10.021650,605.977,18.262,605.977,18.262
10.025860,605.977,18.262,605.977,18.262
10.030490,605.977,18.262,605.977,18.262
10.035850,605.977,18.262,605.977,18.262
10.039860,605.977,18.262,605.977,18.262
10.044270,605.977,18.262,605.977,18.262
10.049180,605.977,18.262,605.977,18.262
10.053840,605.977,18.262,605.977,18.262
10.058360,605.977,18.262,605.977,18.262
10.064610,605.977,18.262,605.977,18.262
10.069170,605.977,18.262,605.977,18.262
10.073490,605.977,18.262,605.977,18.262
10.078580,605.977,18.262,605.977,18.262
10.094260,581.266,-76.848,593.622,-29.293
10.099590,581.266,-76.848,587.444,-53.070
10.104390,581.266,-76.848,584.355,-64.959
10.109010,581.266,-76.848,582.811,-70.903
10.115340,580.875,-67.170,581.843,-69.037
10.119920,580.875,-67.170,581.359,-68.104
10.125070,580.875,-67.170,581.117,-67.637
10.131000,580.875,-67.170,580.996,-67.404
10.135360,580.875,-67.170,580.936,-67.287
10.139580,580.875,-67.170,580.905,-67.229
10.145200,577.664,-61.227,579.285,-64.228
10.149420,577.664,-61.227,578.474,-62.728
10.153710,577.664,-61.227,578.069,-61.978
10.158700,577.664,-61.227,577.866,-61.602
10.163000,577.664,-61.227,577.765,-61.415
10.166890,577.664,-61.227,577.714,-61.321
10.173490,573.161,-55.195,575.438,-58.258
10.180850,573.161,-55.195,574.299,-56.727
10.187690,573.161,-55.195,573.730,-55.961
10.200160,573.161,-55.195,573.446,-55.578
10.216640,568.271,-46.579,570.858,-51.079
10.226820,568.271,-46.579,569.565,-48.829
10.239810,563.855,-38.041,566.710,-43.435
10.249400,563.855,-38.041,565.282,-40.738
10.256550,563.855,-38.041,564.569,-39.389
10.264520,559.326,-31.906,561.947,-35.648
10.272160,559.326,-31.906,560.637,-33.777
10.279220,559.326,-31.906,559.982,-32.842
10.285960,559.326,-31.906,559.654,-32.374
10.292080,559.326,-31.906,559.490,-32.140
10.299570,556.325,-24.996,557.907,-28.568
10.309790,556.325,-24.996,557.116,-26.782
10.319940,556.325,-24.996,556.720,-25.889
10.326300,553.174,-18.784,554.947,-22.337
10.333420,553.174,-18.784,554.060,-20.561
10.339700,553.174,-18.784,553.617,-19.672
10.344680,553.174,-18.784,553.395,-19.228
10.349350,553.174,-18.784,553.284,-19.006
10.354710,550.720,-14.847,552.002,-16.927
10.358730,550.720,-14.847,551.361,-15.887
10.364130,550.720,-14.847,551.041,-15.367
10.368970,550.720,-14.847,550.881,-15.107
10.373070,550.720,-14.847,550.800,-14.977
10.379370,550.720,-14.847,550.760,-14.912
10.385010,547.981,-12.956,549.371,-13.934
10.389030,547.981,-12.956,548.676,-13.445
10.395930,547.981,-12.956,548.328,-13.201
10.402610,547.981,-12.956,548.154,-13.078
10.410290,547.981,-12.956,548.067,-13.017
10.419190,545.471,-10.858,546.769,-11.938
10.427770,545.471,-10.858,546.120,-11.398
10.434410,545.471,-10.858,545.796,-11.128
10.441200,545.471,-10.858,545.633,-10.993
10.448890,543.523,-10.340,544.578,-10.666
10.455850,543.523,-10.340,544.051,-10.503
10.462520,543.523,-10.340,543.787,-10.421
10.468690,543.523,-10.340,543.655,-10.380
10.474070,542.693,-10.024,543.174,-10.202
10.480560,542.693,-10.024,542.933,-10.113
10.487650,542.693,-10.024,542.813,-10.069
10.494340,542.693,-10.024,542.753,-10.047
10.507580,541.487,-8.099,542.120,-9.073
10.517010,541.487,-8.099,541.804,-8.586
10.521980,541.487,-8.099,541.646,-8.343
10.527660,541.487,-8.099,541.567,-8.221
10.534560,541.068,-6.095,541.317,-7.158
10.539630,541.068,-6.095,541.193,-6.627
10.544110,541.068,-6.095,541.130,-6.361
10.549150,541.068,-6.095,541.099,-6.228
10.554920,541.068,-6.095,541.083,-6.162
10.560020,541.068,-6.095,541.076,-6.129
10.565840,540.148,-5.369,540.612,-5.749
10.570530,540.148,-5.369,540.380,-5.559
10.576280,540.148,-5.369,540.264,-5.464
10.583610,540.148,-5.369,540.206,-5.417
10.589610,540.148,-5.369,540.177,-5.393
10.597590,539.483,-5.095,539.830,-5.244
10.604190,539.483,-5.095,539.657,-5.169
10.611520,539.483,-5.095,539.570,-5.132
10.618480,539.483,-5.095,539.527,-5.113
10.625680,538.890,-5.297,539.208,-5.205
10.632930,538.890,-5.297,539.049,-5.251
10.639070,538.890,-5.297,538.969,-5.274
10.646200,538.890,-5.297,538.929,-5.286
10.652860,538.890,-5.297,538.910,-5.292
10.665590,538.847,-5.523,538.878,-5.407
10.678160,538.847,-5.523,538.863,-5.465
10.685080,539.097,-5.445,538.980,-5.455
10.692630,539.097,-5.445,539.038,-5.450
10.703900,539.097,-5.445,539.068,-5.447
10.715640,538.834,-5.445,538.951,-5.446
10.724830,538.834,-5.445,538.892,-5.445
10.731990,538.834,-5.445,538.863,-5.445
10.739060,538.834,-5.445,538.848,-5.445
10.745030,538.834,-5.445,538.841,-5.445
10.750180,538.479,-5.313,538.660,-5.379
10.754780,538.479,-5.313,538.569,-5.346
10.762090,538.479,-5.313,538.524,-5.329
10.767020,538.479,-5.313,538.502,-5.321
10.773730,538.479,-5.313,538.490,-5.317
10.780430,538.348,-4.810,538.419,-5.063
10.786540,538.348,-4.810,538.383,-4.936
10.791750,538.348,-4.810,538.365,-4.873
10.805690,538.174,-4.444,538.270,-4.659
10.816130,538.174,-4.444,538.222,-4.551
10.824790,538.174,-4.444,538.198,-4.498
10.833280,538.174,-4.444,538.186,-4.471
10.840250,537.653,-4.445,537.919,-4.458
10.848650,537.653,-4.445,537.786,-4.452
10.855050,537.653,-4.445,537.720,-4.448
10.860140,537.653,-4.445,537.687,-4.447
10.867240,537.039,-4.264,537.363,-4.356
10.873140,537.039,-4.264,537.201,-4.310
10.880970,537.039,-4.264,537.120,-4.287
10.887660,537.039,-4.264,537.079,-4.276
10.895360,537.039,-4.264,537.059,-4.270
10.903410,537.873,-3.460,537.466,-3.865
10.911410,537.873,-3.460,537.670,-3.662
10.918670,537.873,-3.460,537.772,-3.561
10.925970,537.873,-3.460,537.822,-3.510
10.933310,540.134,-0.632,538.978,-2.071
10.940160,540.134,-0.632,539.556,-1.352
10.947320,540.134,-0.632,539.845,-0.992
10.953350,540.134,-0.632,539.990,-0.812
10.960140,542.938,3.289,541.464,1.238
10.966990,542.938,3.289,542.201,2.264
10.974170,542.938,3.289,542.570,2.776
10.981110,542.938,3.289,542.754,3.033
10.987390,545.541,5.642,544.147,4.337
10.994160,545.541,5.642,544.844,4.990
11.001280,545.541,5.642,545.193,5.316
11.008170,545.541,5.642,545.367,5.479
11.013800,545.541,5.642,545.454,5.561
11.018950,548.363,7.454,546.909,6.507
11.023650,548.363,7.454,547.636,6.981
11.030850,548.363,7.454,548.000,7.218
11.036620,548.363,7.454,548.182,7.336
11.041310,548.363,7.454,548.273,7.395
11.046160,548.363,7.454,548.318,7.425
11.053230,551.182,8.904,549.750,8.164
11.059830,551.182,8.904,550.466,8.534
11.066080,551.182,8.904,550.824,8.719
11.070220,551.182,8.904,551.003,8.811
11.075940,551.182,8.904,551.093,8.857
11.082000,553.813,10.483,552.453,9.670
11.086260,553.813,10.483,553.133,10.076
11.092560,553.813,10.483,553.473,10.279
11.098870,553.813,10.483,553.643,10.381
11.103320,553.813,10.483,553.728,10.432
11.107520,553.813,10.483,553.771,10.457
11.113510,554.561,11.866,554.166,11.161
11.120180,554.561,11.866,554.363,11.513
11.127090,554.561,11.866,554.462,11.689
11.133930,554.561,11.866,554.511,11.777
11.138890,555.730,13.667,555.121,12.722
11.144150,555.730,13.667,555.425,13.194
11.149550,555.730,13.667,555.578,13.431
11.154100,555.730,13.667,555.654,13.549
11.159050,555.730,13.667,555.692,13.608
11.163500,555.730,13.667,555.711,13.637
11.167590,555.730,13.667,555.721,13.652
11.172370,558.038,15.684,556.879,14.668
11.177840,558.038,15.684,557.459,15.176
11.182910,558.038,15.684,557.749,15.430
11.187300,558.038,15.684,557.893,15.557
11.192670,558.038,15.684,557.966,15.621
11.197650,558.038,15.684,558.002,15.653
11.202740,559.886,17.888,558.944,16.771
11.208310,559.886,17.888,559.415,17.330
11.213300,559.886,17.888,559.650,17.609
11.217340,559.886,17.888,559.768,17.749
11.221210,559.886,17.888,559.827,17.819
11.225630,559.886,17.888,559.856,17.854
11.230800,560.982,21.311,560.419,19.582
11.234950,560.982,21.311,560.701,20.447
11.239720,560.982,21.311,560.842,20.879
11.244810,560.982,21.311,560.912,21.095
11.249120,560.982,21.311,560.947,21.203
11.254030,560.982,21.311,560.965,21.257
11.259190,562.439,23.502,561.702,22.380
11.263740,562.439,23.502,562.070,22.941
11.267920,562.439,23.502,562.254,23.222
11.272970,562.439,23.502,562.346,23.362
11.277920,562.439,23.502,562.393,23.432
11.282760,562.439,23.502,562.416,23.467
11.286890,562.439,23.502,562.427,23.485
11.291560,563.964,24.276,563.196,23.880
11.296330,563.964,24.276,563.580,24.078
11.301640,563.964,24.276,563.772,24.177
11.306280,563.964,24.276,563.868,24.226
11.310480,563.964,24.276,563.916,24.251
11.315400,563.964,24.276,563.940,24.263
11.320880,564.993,25.962,564.466,25.113
11.325650,564.993,25.962,564.730,25.537
11.330800,564.993,25.962,564.861,25.750
11.335500,564.993,25.962,564.927,25.856
11.339670,564.993,25.962,564.960,25.909
11.344720,564.993,25.962,564.976,25.936
11.350700,565.197,28.160,565.086,27.048
11.356770,565.197,28.160,565.142,27.604
11.364700,565.197,28.160,565.169,27.882
11.371120,565.197,28.160,565.183,28.021
11.377930,565.197,28.160,565.190,28.091
11.385470,566.043,29.465,565.616,28.778
11.393260,566.043,29.465,565.830,29.121
11.400210,566.043,29.465,565.936,29.293
11.406120,566.043,29.465,565.989,29.379
11.414040,566.417,29.582,566.203,29.480
11.420520,566.417,29.582,566.310,29.531
11.433750,566.417,29.582,566.364,29.556
11.441490,566.157,30.919,566.260,30.238
11.457320,566.157,30.919,566.209,30.579
11.464200,566.157,30.919,566.183,30.749
11.468710,566.157,30.919,566.170,30.834
11.475580,566.261,32.815,566.215,31.825
11.483020,566.261,32.815,566.238,32.320
11.488540,566.261,32.815,566.249,32.567
11.492790,566.261,32.815,566.255,32.691
11.498720,566.261,32.815,566.258,32.753
11.504610,567.686,35.301,566.972,34.027
11.509480,567.686,35.301,567.329,34.664
11.514500,567.686,35.301,567.507,34.983
11.519250,567.686,35.301,567.596,35.142
11.523960,567.686,35.301,567.641,35.221
11.529170,567.686,35.301,567.664,35.261
11.534810,569.345,38.429,568.504,36.845
11.539970,569.345,38.429,568.924,37.637
11.544980,569.345,38.429,569.134,38.033
11.550440,569.345,38.429,569.240,38.231
11.556620,569.345,38.429,569.292,38.330
11.565020,570.577,42.098,569.934,40.214
11.570580,570.577,42.098,570.256,41.156
11.575610,570.577,42.098,570.416,41.627
11.581530,570.577,42.098,570.497,41.862
11.586070,570.577,42.098,570.537,41.980
11.590170,570.577,42.098,570.557,42.039
11.596230,569.787,44.991,570.172,43.515
11.600800,569.787,44.991,569.979,44.253
11.605470,569.787,44.991,569.883,44.622
11.888760,22.857,56.948,296.370,50.785
12.014370,101.406,51.198,198.888,50.992
12.031650,101.406,51.198,150.147,51.095
12.038160,101.406,51.198,125.776,51.146
12.046550,571.017,48.170,348.397,49.658
12.053960,571.017,48.170,459.707,48.914
12.062660,571.017,48.170,515.362,48.542
12.070570,571.017,48.170,543.190,48.356
12.079860,570.175,44.295,556.682,46.326
12.094380,570.175,44.295,563.429,45.310
12.105630,568.801,41.031,566.115,43.171
12.113950,568.801,41.031,567.458,42.101
12.120820,568.801,41.031,568.129,41.566
12.126520,568.801,41.031,568.465,41.298
12.134700,568.801,41.031,568.633,41.165
12.141170,565.791,37.249,567.212,39.207
12.148650,565.791,37.249,566.502,38.228
12.153610,565.791,37.249,566.147,37.739
12.161760,565.791,37.249,565.969,37.494
12.169810,563.769,33.131,564.869,35.312
12.192200,563.769,33.131,564.319,34.222
12.204790,561.854,29.132,563.086,31.677
12.218950,561.854,29.132,562.470,30.405
12.232580,560.308,26.824,561.389,28.615
12.243420,560.308,26.824,560.848,27.720
12.250230,560.308,26.824,560.578,27.272
12.256440,561.910,26.244,561.244,26.758
12.266080,561.910,26.244,561.577,26.501
12.271420,561.910,26.244,561.744,26.372
12.278590,561.910,26.244,561.827,26.308
12.283500,561.910,26.244,561.869,26.276
12.288380,561.910,26.244,561.890,26.260
12.292880,561.910,26.244,561.900,26.252
12.298920,561.910,26.244,561.905,26.248
12.305170,561.910,26.244,561.908,26.246
12.315290,561.910,26.244,561.909,26.245
12.319910,561.910,26.244,561.910,26.244
12.325050,561.910,26.244,561.910,26.244
12.332080,561.910,26.244,561.910,26.244
12.337180,561.910,26.244,561.910,26.244
12.342580,561.910,26.244,561.910,26.244
12.348060,561.910,26.244,561.910,26.244
12.352620,561.910,26.244,561.910,26.244
12.357090,561.910,26.244,561.910,26.244
12.364330,561.910,26.244,561.910,26.244
12.369010,561.910,26.244,561.910,26.244
12.373490,561.910,26.244,561.910,26.244
12.381070,561.910,26.244,561.910,26.244
12.386180,561.910,26.244,561.910,26.244
12.392550,561.910,26.244,561.910,26.244
12.398280,561.910,26.244,561.910,26.244
12.402490,561.910,26.244,561.910,26.244
12.407540,561.910,26.244,561.910,26.244
12.414240,561.910,26.244,561.910,26.244
12.418900,561.910,26.244,561.910,26.244
12.424840,561.910,26.244,561.910,26.244
12.431940,561.910,26.244,561.910,26.244
12.437850,817.963,-38.144,689.937,-5.950
12.442740,817.963,-38.144,753.950,-22.047
12.448350,817.963,-38.144,785.957,-30.096
12.453590,817.963,-38.144,801.960,-34.120
12.459770,817.963,-38.144,809.962,-36.132
12.464820,817.963,-38.144,813.963,-37.138
12.470610,671.169,-79.307,742.566,-58.223
12.476400,671.169,-79.307,706.867,-68.765
12.482880,671.169,-79.307,689.018,-74.036
12.487130,671.169,-79.307,680.093,-76.672
12.492240,671.169,-79.307,675.631,-77.989
12.497910,668.748,-67.435,672.190,-72.712
12.503180,668.748,-67.435,670.469,-70.074
12.509700,668.748,-67.435,669.609,-68.754
12.517310,668.748,-67.435,669.178,-68.095
12.532770,667.214,-45.545,668.196,-56.820
12.552900,667.214,-45.545,667.705,-51.183
12.565770,660.936,-27.731,664.321,-39.457
12.572930,660.936,-27.731,662.628,-33.594
12.580030,660.936,-27.731,661.782,-30.662
12.585890,660.936,-27.731,661.359,-29.197
12.592520,652.504,-11.078,656.932,-20.137
12.599600,652.504,-11.078,654.718,-15.608
12.606870,652.504,-11.078,653.611,-13.343
12.613710,652.504,-11.078,653.057,-12.211
12.620520,644.582,4.686,648.820,-3.762
12.625850,644.582,4.686,646.701,0.462
12.633030,644.582,4.686,645.641,2.574
12.639280,644.582,4.686,645.112,3.630
12.647590,644.582,4.686,644.847,4.158
12.653730,638.617,17.361,641.732,10.760
12.658650,638.617,17.361,640.174,14.060
12.666790,638.617,17.361,639.395,15.711
12.671740,638.617,17.361,639.006,16.536
12.679570,633.093,26.936,636.049,21.736
12.687910,633.093,26.936,634.571,24.336
12.696020,633.093,26.936,633.832,25.636
12.702260,633.093,26.936,633.462,26.286
12.707580,633.093,26.936,633.277,26.611
12.716100,631.129,33.820,632.203,30.215
12.722360,631.129,33.820,631.666,32.017
12.730160,631.129,33.820,631.398,32.918
12.735620,631.129,33.820,631.263,33.369
12.742160,629.943,37.029,630.603,35.199
12.751120,629.943,37.029,630.273,36.114
12.758070,629.943,37.029,630.108,36.572
12.765170,629.943,37.029,630.025,36.800
12.771430,628.234,38.695,629.129,37.748
12.776710,628.234,38.695,628.681,38.222
12.783310,628.234,38.695,628.458,38.458
12.788700,628.234,38.695,628.346,38.577
12.795740,628.234,38.695,628.290,38.636
12.800680,628.451,40.196,628.370,39.416
12.806080,628.451,40.196,628.410,39.806
12.817740,628.451,40.196,628.431,40.001
12.822850,628.451,40.196,628.441,40.099
12.827650,628.451,40.196,628.446,40.148
12.834390,627.363,41.853,627.904,41.000
12.840330,627.363,41.853,627.634,41.426
12.847850,627.363,41.853,627.498,41.640
12.852570,627.363,41.853,627.431,41.746
12.856930,627.363,41.853,627.397,41.799
12.861990,627.803,43.183,627.600,42.491
12.868230,627.803,43.183,627.702,42.837
12.873950,627.803,43.183,627.753,43.010
12.879140,627.803,43.183,627.778,43.097
12.885010,627.803,43.183,627.791,43.140
12.890070,627.413,43.316,627.602,43.228
12.895670,627.413,43.316,627.507,43.272
12.900790,627.413,43.316,627.460,43.294
12.906260,627.413,43.316,627.437,43.305
12.912430,627.413,43.316,627.425,43.311
12.917410,627.413,43.316,627.419,43.313
12.923010,627.382,43.809,627.401,43.561
12.930100,627.382,43.809,627.392,43.685
12.936120,627.382,43.809,627.387,43.747
12.941170,627.382,43.809,627.385,43.778
12.947430,627.382,43.809,627.384,43.794
12.952160,626.878,43.097,627.131,43.445
12.957250,626.878,43.097,627.004,43.271
12.964010,626.878,43.097,626.941,43.184
12.969400,626.878,43.097,626.910,43.140
12.975090,626.878,43.097,626.894,43.119
12.980910,626.900,43.137,626.897,43.128
12.987410,626.900,43.137,626.899,43.133
12.996650,626.900,43.137,626.899,43.135
13.003260,626.900,43.137,626.900,43.136
13.011740,627.085,43.416,626.992,43.276
13.017180,627.085,43.416,627.039,43.346
13.023790,627.085,43.416,627.062,43.381
13.031950,627.085,43.416,627.074,43.398
13.037750,627.085,43.416,627.079,43.407
13.045630,627.220,43.421,627.150,43.414
13.054060,627.220,43.421,627.185,43.418
13.061040,627.220,43.421,627.203,43.419
13.068230,627.220,43.421,627.212,43.420
13.074300,626.925,43.320,627.068,43.370
13.082540,626.925,43.320,626.996,43.345
13.089620,626.925,43.320,626.961,43.332
13.097410,626.925,43.320,626.943,43.326
13.103720,626.600,42.853,626.771,43.089
13.108770,626.600,42.853,626.685,42.971
13.116370,626.600,42.853,626.642,42.912
13.121310,626.600,42.853,626.621,42.882
13.127150,626.600,42.853,626.610,42.868
13.135640,626.373,42.648,626.492,42.758
13.141400,626.373,42.648,626.432,42.703
13.148760,626.373,42.648,626.403,42.675
13.152990,626.373,42.648,626.388,42.662
13.158120,626.373,42.648,626.380,42.655
13.164650,626.329,42.868,626.355,42.762
13.170730,626.329,42.868,626.342,42.815
13.177280,626.329,42.868,626.336,42.842
13.182290,626.329,42.868,626.333,42.855
13.187410,626.329,42.868,626.331,42.862
13.193830,626.354,42.987,626.342,42.925
13.201210,626.354,42.987,626.348,42.956
13.207380,626.354,42.987,626.351,42.972
13.213440,626.354,42.987,626.352,42.980
13.217980,626.354,42.987,626.353,42.983
13.226350,626.427,42.737,626.390,42.860
13.234010,626.427,42.737,626.408,42.798
13.241550,626.427,42.737,626.418,42.767
13.249270,626.427,42.737,626.422,42.752
13.256520,626.409,42.464,626.416,42.608
13.263910,626.409,42.464,626.412,42.536
13.270760,626.409,42.464,626.411,42.500
13.278410,626.409,42.464,626.410,42.482
13.285020,622.198,40.943,624.304,41.712
13.291050,622.198,40.943,623.251,41.328
13.298840,622.198,40.943,622.724,41.135
13.305030,622.198,40.943,622.461,41.039
13.312500,615.420,38.429,618.940,39.734
13.319090,615.420,38.429,617.180,39.081
13.325500,615.420,38.429,616.300,38.755
13.333250,615.420,38.429,615.860,38.592
13.339710,615.420,38.429,615.640,38.510
13.347860,608.548,36.191,612.094,37.351
13.354340,608.548,36.191,610.321,36.771
13.361810,608.548,36.191,609.434,36.481
13.368000,608.548,36.191,608.991,36.336
13.374210,602.596,33.729,605.793,35.033
13.381620,602.596,33.729,604.194,34.381
13.388290,602.596,33.729,603.395,34.055
13.395940,602.596,33.729,602.995,33.892
13.402470,602.596,33.729,602.795,33.811
13.410490,596.513,31.204,599.654,32.508
13.417770,596.513,31.204,598.083,31.856
13.424840,596.513,31.204,597.298,31.530
13.431140,596.513,31.204,596.905,31.367
13.438310,590.179,28.740,593.542,30.054
13.444410,590.179,28.740,591.861,29.397
13.450530,590.179,28.740,591.020,29.069
13.457400,590.179,28.740,590.599,28.905
13.462860,590.179,28.740,590.389,28.822
13.469220,585.560,27.148,587.975,27.985
13.474610,585.560,27.148,586.768,27.567
13.485020,585.560,27.148,586.164,27.357
13.491670,585.560,27.148,585.862,27.253
13.499960,582.046,25.731,583.954,26.492
13.505880,582.046,25.731,583.000,26.111
13.515580,582.046,25.731,582.523,25.921
13.520280,582.046,25.731,582.284,25.826
13.526420,578.255,25.256,580.269,25.541
13.532700,578.255,25.256,579.262,25.398
13.540680,578.255,25.256,578.758,25.327
13.547150,578.255,25.256,578.506,25.292
13.551540,578.255,25.256,578.380,25.274
13.556690,575.555,24.672,576.968,24.973
13.562660,575.555,24.672,576.262,24.823
13.568630,575.555,24.672,575.909,24.748
13.573830,575.555,24.672,575.732,24.710
13.581030,575.555,24.672,575.644,24.691
13.586500,574.003,24.539,574.823,24.615
13.592940,574.003,24.539,574.413,24.577
13.599900,574.003,24.539,574.208,24.558
13.604780,574.003,24.539,574.105,24.549
13.611840,574.003,24.539,574.054,24.544
13.620110,572.005,24.073,573.029,24.309
13.627240,572.005,24.073,572.517,24.191
13.634490,572.005,24.073,572.261,24.132
13.641680,572.005,24.073,572.133,24.103
13.650130,570.813,23.492,571.473,23.797
13.655140,570.813,23.492,571.143,23.644
13.663160,570.813,23.492,570.978,23.568
13.668270,570.813,23.492,570.896,23.530
13.673800,570.813,23.492,570.855,23.511
13.681340,570.498,22.949,570.676,23.230
13.687810,570.498,22.949,570.587,23.089
13.694750,570.498,22.949,570.542,23.019
13.700250,570.498,22.949,570.520,22.984
13.705490,570.498,22.949,570.509,22.966
13.710610,569.731,22.847,570.120,22.907
13.717200,569.731,22.847,569.926,22.877
13.722060,569.731,22.847,569.828,22.862
13.727210,569.731,22.847,569.780,22.855
13.734950,569.731,22.847,569.756,22.851
13.739890,568.148,22.599,568.952,22.725
13.745830,568.148,22.599,568.550,22.662
13.751910,568.148,22.599,568.349,22.630
13.757600,568.148,22.599,568.248,22.615
13.765420,568.148,22.599,568.198,22.607
13.771700,567.979,22.305,568.089,22.456
13.778080,567.979,22.305,568.034,22.381
13.784640,567.979,22.305,568.007,22.343
13.789320,567.979,22.305,567.993,22.324
13.794200,567.979,22.305,567.986,22.315
13.801490,567.451,22.090,567.718,22.202
13.807490,567.451,22.090,567.585,22.146
13.813930,567.451,22.090,567.518,22.118
13.818380,567.451,22.090,567.484,22.104
13.823480,567.451,22.090,567.467,22.097
13.830690,566.239,21.381,566.853,21.739
13.835270,566.239,21.381,566.546,21.560
13.841180,566.239,21.381,566.392,21.470
13.846710,566.239,21.381,566.315,21.426
13.851220,566.239,21.381,566.277,21.403
13.855430,566.239,21.381,566.258,21.392
13.861980,565.657,20.705,565.957,21.048
13.867060,565.657,20.705,565.807,20.877
13.873060,565.657,20.705,565.732,20.791
13.879350,565.657,20.705,565.695,20.748
13.883930,565.657,20.705,565.676,20.726
13.889540,565.805,20.613,565.740,20.670
13.914960,565.805,20.613,565.773,20.641
13.940070,565.559,21.008,565.666,20.825
13.956340,564.971,20.575,565.318,20.700
13.968930,564.971,20.575,565.144,20.637
13.976990,564.971,20.575,565.057,20.606
13.987570,563.931,19.471,564.494,20.039
13.996190,563.931,19.471,564.212,19.755
14.005200,563.931,19.471,564.071,19.613
14.016930,562.539,18.365,563.305,18.989
14.024940,562.539,18.365,562.922,18.677
14.035100,562.539,18.365,562.731,18.521
14.044220,561.599,18.762,562.165,18.641
14.053680,561.599,18.762,561.882,18.701
14.063970,561.599,18.762,561.741,18.731
14.071980,561.029,19.510,561.385,19.121
14.082720,561.029,19.510,561.207,19.316
14.090390,561.029,19.510,561.118,19.413
14.097940,561.029,19.510,561.074,19.462
14.103240,560.093,19.670,560.583,19.566
14.108910,560.093,19.670,560.338,19.618
14.118010,560.093,19.670,560.215,19.644
14.124910,560.093,19.670,560.154,19.657
14.130900,559.542,20.531,559.848,20.094
14.145280,559.542,20.531,559.695,20.313
14.155030,559.542,20.531,559.618,20.422
14.174820,558.711,21.876,559.165,21.149
14.184950,558.711,21.876,558.938,21.513
14.191820,558.544,22.996,558.741,22.254
14.198220,558.544,22.996,558.643,22.625
14.206520,558.544,22.996,558.593,22.810
14.213440,558.544,22.996,558.569,22.903
14.218420,558.544,22.996,558.556,22.949
14.226440,557.920,23.455,558.238,23.202
14.236710,557.920,23.455,558.079,23.329
14.245220,557.920,23.455,558.000,23.392
14.253600,556.898,24.001,557.449,23.697
14.269370,556.898,24.001,557.174,23.849
14.281580,555.682,24.014,556.428,23.932
14.294060,555.682,24.014,556.055,23.973
14.302430,555.682,24.014,555.868,23.994
14.309880,554.839,23.530,555.353,23.762
14.319070,554.839,23.530,555.096,23.646
14.328010,554.839,23.530,554.967,23.588
14.334800,554.839,23.530,554.903,23.559
14.339940,554.839,23.530,554.871,23.544
14.346570,554.686,22.899,554.779,23.222
14.354230,554.686,22.899,554.733,23.060
14.360300,554.686,22.899,554.710,22.980
14.365570,554.686,22.899,554.698,22.940
14.370920,554.778,23.099,554.738,23.019
14.376750,554.778,23.099,554.758,23.059
14.383540,554.778,23.099,554.768,23.079
14.389030,554.778,23.099,554.773,23.089
14.394330,554.778,23.099,554.775,23.094
14.400140,554.778,23.099,554.777,23.096
14.405360,554.911,23.570,554.844,23.333
14.411390,554.911,23.570,554.877,23.451
14.418260,554.911,23.570,554.894,23.510
14.423100,554.911,23.570,554.902,23.540
14.427930,554.911,23.570,554.906,23.555
14.434430,554.902,23.566,554.904,23.560
14.438700,554.902,23.566,554.903,23.563
14.444080,554.902,23.566,554.903,23.564
14.449810,554.902,23.566,554.903,23.565
14.454580,554.902,23.566,554.902,23.565
14.459370,554.902,23.566,554.902,23.566
14.465570,554.814,23.724,554.858,23.645
14.470200,554.814,23.724,554.836,23.684
14.476500,554.814,23.724,554.825,23.704
14.482190,554.814,23.724,554.820,23.714
14.486780,554.814,23.724,554.817,23.719
14.491740,554.756,23.985,554.787,23.852
14.498920,554.756,23.985,554.772,23.918
14.503610,554.756,23.985,554.764,23.951
14.509650,554.756,23.985,554.760,23.968
14.514700,554.756,23.985,554.758,23.976
14.519260,554.756,23.985,554.757,23.980
14.524670,554.424,24.234,554.591,24.107
14.530400,554.424,24.234,554.507,24.170
14.536470,554.424,24.234,554.466,24.202
14.541730,554.424,24.234,554.445,24.218
14.547480,554.424,24.234,554.434,24.226
14.552230,554.275,24.543,554.355,24.385
14.557400,554.275,24.543,554.315,24.464
14.563680,554.275,24.543,554.295,24.504
14.568590,554.275,24.543,554.285,24.523
14.573760,554.275,24.543,554.280,24.533
14.580080,554.275,24.543,554.277,24.538
14.584880,554.014,24.642,554.146,24.590
14.589920,554.014,24.642,554.080,24.616
14.597520,554.014,24.642,554.047,24.629
14.605540,554.014,24.642,554.030,24.635
14.614680,553.955,24.835,553.993,24.735
14.623700,553.955,24.835,553.974,24.785
14.632060,553.955,24.835,553.965,24.810
14.640030,553.955,24.835,553.960,24.822
14.653920,553.669,25.050,553.815,24.936
14.665160,553.669,25.050,553.742,24.993
14.672800,553.405,25.055,553.574,25.024
14.682470,553.405,25.055,553.489,25.039
14.690460,553.405,25.055,553.447,25.047
14.703370,553.549,24.976,553.498,25.011
14.714320,553.549,24.976,553.523,24.994
14.725870,553.549,24.976,553.536,24.985
14.735930,553.603,25.087,553.570,25.036
14.744550,553.603,25.087,553.586,25.062
14.753030,553.603,25.087,553.595,25.075
14.761510,553.603,25.087,553.599,25.081
14.768820,553.577,25.353,553.588,25.217
14.776970,553.577,25.353,553.582,25.285
14.784640,553.577,25.353,553.579,25.319
14.790450,553.577,25.353,553.578,25.336
14.797070,553.658,25.619,553.618,25.477
14.801200,553.658,25.619,553.638,25.548
14.808590,553.658,25.619,553.648,25.583
14.813630,553.658,25.619,553.653,25.601
14.818130,553.658,25.619,553.655,25.610
14.823460,553.673,25.704,553.664,25.657
14.829160,553.673,25.704,553.669,25.680
14.834040,553.673,25.704,553.671,25.692
14.840610,553.673,25.704,553.672,25.698
14.845630,553.673,25.704,553.673,25.701
14.850090,553.673,25.704,553.673,25.703
14.856800,553.815,25.884,553.744,25.793
14.861990,553.815,25.884,553.779,25.839
14.868190,553.815,25.884,553.797,25.862
14.875280,553.815,25.884,553.806,25.873
14.880080,553.815,25.884,553.810,25.879
14.885370,553.916,25.961,553.863,25.920
14.891080,553.916,25.961,553.890,25.941
14.896780,553.916,25.961,553.903,25.951
14.903130,553.916,25.961,553.910,25.956
14.908250,553.916,25.961,553.913,25.959
14.913230,553.916,25.961,553.915,25.960
14.920090,554.355,26.151,554.135,26.056
14.926120,554.355,26.151,554.245,26.103
14.931060,554.355,26.151,554.300,26.127
14.935700,554.355,26.151,554.327,26.139
14.940180,554.355,26.151,554.341,26.145
14.946810,554.213,26.217,554.277,26.181
14.951840,554.213,26.217,554.245,26.199
14.960250,554.213,26.217,554.229,26.208
14.974140,554.230,26.458,554.230,26.333
14.989120,554.230,26.458,554.230,26.395
14.999470,554.230,26.458,554.230,26.427
15.013560,554.456,26.522,554.343,26.474
15.030700,554.456,26.522,554.399,26.498
15.047730,554.061,26.152,554.230,26.325
15.058990,554.061,26.152,554.146,26.238
15.069260,553.914,26.403,554.030,26.320
15.082110,553.914,26.403,553.972,26.362
15.089930,553.914,26.403,553.943,26.382
15.101490,554.523,26.979,554.233,26.680
15.113290,554.523,26.979,554.378,26.829
15.124160,554.523,26.979,554.450,26.904
15.134750,554.898,27.158,554.674,27.031
15.142610,554.898,27.158,554.786,27.095
15.147490,554.898,27.158,554.842,27.126
15.153790,554.898,27.158,554.870,27.142
15.160830,555.370,27.445,555.120,27.294
15.166500,555.370,27.445,555.245,27.369
15.172110,555.370,27.445,555.307,27.407
15.177320,555.370,27.445,555.339,27.426
15.181680,555.370,27.445,555.354,27.436
15.187390,555.306,27.432,555.330,27.434
15.193030,555.306,27.432,555.318,27.433
15.199140,555.306,27.432,555.312,27.433
15.204120,555.306,27.432,555.309,27.432
15.209550,555.306,27.432,555.308,27.432
15.214340,555.306,27.432,555.307,27.432
15.219430,554.837,27.437,555.072,27.435
15.226510,554.837,27.437,554.954,27.436
15.232140,554.837,27.437,554.896,27.437
15.237460,554.837,27.437,554.866,27.437
15.243570,554.837,27.437,554.852,27.437
15.248620,554.632,27.850,554.742,27.644
15.253090,554.632,27.850,554.687,27.747
15.258700,554.632,27.850,554.659,27.798
15.265190,554.632,27.850,554.646,27.824
15.269500,554.632,27.850,554.639,27.837
15.274970,554.632,27.850,554.635,27.844
15.280730,554.791,28.070,554.713,27.957
15.285000,554.791,28.070,554.752,28.013
15.291500,554.791,28.070,554.771,28.041
15.296940,554.791,28.070,554.781,28.055
15.301580,554.791,28.070,554.786,28.063
15.309320,554.816,28.408,554.801,28.235
15.313720,554.816,28.408,554.808,28.322
15.318620,554.816,28.408,554.812,28.365
15.330280,554.816,28.408,554.814,28.386
15.341700,554.933,28.469,554.874,28.428
15.352020,554.933,28.469,554.903,28.448
15.364010,554.933,28.469,554.918,28.459
15.375710,555.111,28.664,555.015,28.562
15.387310,555.111,28.664,555.063,28.613
15.399580,555.315,29.226,555.189,28.919
15.411370,555.315,29.226,555.252,29.073
15.421320,555.315,29.226,555.283,29.149
15.435180,555.432,29.816,555.358,29.482
15.448110,555.432,29.816,555.395,29.649
15.459240,555.741,30.306,555.568,29.978
15.469920,555.741,30.306,555.654,30.142
15.478750,555.741,30.306,555.698,30.224
15.483020,555.741,30.306,555.719,30.265
15.489220,555.950,30.817,555.835,30.541
15.496340,555.950,30.817,555.892,30.679
15.501830,555.950,30.817,555.921,30.748
15.507750,555.950,30.817,555.935,30.782
15.513320,555.950,30.817,555.943,30.800
15.524200,555.872,31.246,555.907,31.023
15.545230,555.872,31.246,555.890,31.134
15.551740,556.217,31.649,556.053,31.392
15.560350,556.217,31.649,556.135,31.520
15.569300,556.217,31.649,556.176,31.585
15.580680,555.964,32.614,556.070,32.099
15.587120,555.964,32.614,556.017,32.357
15.594960,555.964,32.614,555.990,32.486
15.599230,555.964,32.614,555.977,32.550
15.605760,555.964,32.614,555.971,32.582
15.611760,555.540,32.788,555.755,32.685
15.616580,555.540,32.788,555.648,32.737
15.628570,555.540,32.788,555.594,32.762
15.635340,555.540,32.788,555.567,32.775
15.642210,555.228,32.942,555.398,32.859
15.647320,555.228,32.942,555.313,32.900
15.657630,555.228,32.942,555.270,32.921
15.664260,555.228,32.942,555.249,32.931
15.675670,555.345,32.815,555.297,32.873
15.684250,555.345,32.815,555.321,32.844
15.690820,555.345,32.815,555.333,32.830
15.697290,555.345,32.815,555.339,32.823
15.703230,555.599,33.042,555.469,32.932
15.709750,555.599,33.042,555.534,32.987
15.716440,555.599,33.042,555.566,33.015
15.721340,555.599,33.042,555.583,33.028
15.726880,555.599,33.042,555.591,33.035
15.732620,555.686,33.306,555.638,33.171
15.737230,555.686,33.306,555.662,33.238
15.845590,276.228,367.658,415.945,200.448
15.884400,276.162,368.046,346.054,284.247
15.906720,276.162,368.046,311.108,326.147
15.913570,276.014,368.213,293.561,347.180
15.922030,276.014,368.213,284.787,357.696
15.929820,276.014,368.213,280.401,362.955
15.937780,276.014,368.213,278.207,365.584
15.946130,275.919,368.337,277.063,366.961
15.955730,275.919,368.337,276.491,367.649
15.965650,275.919,368.337,276.205,367.993
15.974000,275.804,368.553,276.004,368.273
15.984250,275.804,368.553,275.904,368.413
15.991940,275.804,368.553,275.854,368.483
16.000780,275.804,368.553,275.829,368.518
16.009040,275.744,368.697,275.787,368.608
16.017940,275.744,368.697,275.765,368.652
16.028450,275.744,368.697,275.755,368.675
16.036570,252.958,362.183,264.356,365.429
16.044840,252.958,362.183,258.657,363.806
16.050530,252.958,362.183,255.807,362.995
16.058990,252.958,362.183,254.383,362.589
16.066190,253.091,362.371,253.737,362.480
16.079040,253.091,362.371,253.414,362.425
16.090160,253.091,362.371,253.252,362.398
16.098590,253.003,362.784,253.128,362.591
16.106520,253.003,362.784,253.065,362.688
16.118090,253.003,362.784,253.034,362.736
16.127520,252.889,363.570,252.962,363.153
16.138100,252.889,363.570,252.926,363.362
16.147920,252.889,363.570,252.907,363.466
16.157870,253.097,364.481,253.002,363.973
16.168210,253.097,364.481,253.050,364.227
16.176430,253.097,364.481,253.073,364.354
16.184300,253.225,365.408,253.149,364.881
16.192710,253.225,365.408,253.187,365.144
16.200870,253.225,365.408,253.206,365.276
16.206870,253.225,365.408,253.216,365.342
16.214490,253.292,366.520,253.254,365.931
16.220940,253.292,366.520,253.273,366.226
16.228540,253.292,366.520,253.282,366.373
16.236600,253.292,366.520,253.287,366.447
16.245930,253.037,367.890,253.162,367.168
16.252900,253.037,367.890,253.099,367.529
16.263150,253.037,367.890,253.068,367.710
16.270160,253.037,367.890,253.052,367.800
16.279160,252.623,368.693,252.838,368.247
16.285910,252.623,368.693,252.730,368.470
16.294180,252.623,368.693,252.677,368.582
16.301160,252.623,368.693,252.650,368.638
16.312120,252.490,369.119,252.570,368.878
16.320690,252.490,369.119,252.530,368.999
16.331160,252.490,369.119,252.510,369.059
16.339050,252.255,370.121,252.382,369.590
16.347810,252.255,370.121,252.319,369.855
16.358580,252.255,370.121,252.287,369.988
16.367710,252.281,370.735,252.284,370.362
16.378380,252.281,370.735,252.282,370.549
16.387320,252.281,370.735,252.282,370.642
16.397220,252.446,371.140,252.364,370.891
16.407990,252.446,371.140,252.405,371.016
16.417020,252.446,371.140,252.426,371.078
16.425410,250.339,367.272,251.382,369.175
16.434860,250.339,367.272,250.861,368.224
16.442420,250.339,367.272,250.600,367.748
16.451750,250.339,367.272,250.470,367.510
16.463560,153.838,240.923,202.154,304.217
16.473170,153.838,240.923,177.996,272.570
16.482950,153.838,240.923,165.917,256.746
16.492510,-136.188,-63.548,14.864,96.599
16.502880,-136.188,-63.548,-60.662,16.526
16.512760,-283.315,-242.759,-171.989,-113.117
16.520740,-283.315,-242.759,-227.652,-177.938
16.531530,-283.315,-242.759,-255.484,-210.349
16.538530,-283.315,-242.759,-269.399,-226.554
16.548120,-283.315,-242.759,-276.357,-234.656
16.560410,-283.315,-242.759,-279.836,-238.708
16.569130,-283.315,-242.759,-281.576,-240.733
16.579990,-283.315,-242.759,-282.446,-241.746
16.588520,-283.315,-242.759,-282.880,-242.253
16.597490,-283.315,-242.759,-283.098,-242.506
16.606230,-283.315,-242.759,-283.207,-242.633
16.614610,-283.315,-242.759,-283.261,-242.696
16.621930,-283.315,-242.759,-283.288,-242.727
16.629840,-283.315,-242.759,-283.302,-242.743
16.638270,-283.315,-242.759,-283.308,-242.751
16.647210,-283.315,-242.759,-283.312,-242.755
16.655470,-283.315,-242.759,-283.314,-242.757
16.665500,-283.315,-242.759,-283.314,-242.758
16.673740,-283.315,-242.759,-283.315,-242.759
16.684010,-283.315,-242.759,-283.315,-242.759
16.691000,-283.315,-242.759,-283.315,-242.759
16.700040,-283.315,-242.759,-283.315,-242.759
16.706740,-283.315,-242.759,-283.315,-242.759
16.717490,-283.315,-242.759,-283.315,-242.759
16.724200,-283.315,-242.759,-283.315,-242.759
16.732480,-283.315,-242.759,-283.315,-242.759
16.738260,-283.315,-242.759,-283.315,-242.759
16.747380,-283.315,-242.759,-283.315,-242.759
16.753450,-283.315,-242.759,-283.315,-242.759
16.761410,-283.315,-242.759,-283.315,-242.759
16.767620,-283.315,-242.759,-283.315,-242.759
16.776100,-283.315,-242.759,-283.315,-242.759
16.784300,-283.315,-242.759,-283.315,-242.759
16.790740,-283.315,-242.759,-283.315,-242.759
16.798180,-283.315,-242.759,-283.315,-242.759
16.807610,-283.315,-242.759,-283.315,-242.759
16.813570,-283.315,-242.759,-283.315,-242.759
16.820290,-283.315,-242.759,-283.315,-242.759
16.828130,-283.315,-242.759,-283.315,-242.759
16.835460,-283.315,-242.759,-283.315,-242.759
16.842280,-283.315,-242.759,-283.315,-242.759
16.848470,-283.315,-242.759,-283.315,-242.759
16.855700,-283.315,-242.759,-283.315,-242.759
16.864110,-283.315,-242.759,-283.315,-242.759
16.870170,-283.315,-242.759,-283.315,-242.759
16.879440,-283.315,-242.759,-283.315,-242.759
16.886610,-283.315,-242.759,-283.315,-242.759
16.897200,-283.315,-242.759,-283.315,-242.759
16.903410,-283.315,-242.759,-283.315,-242.759
16.909870,-283.315,-242.759,-283.315,-242.759
16.917750,-283.315,-242.759,-283.315,-242.759
16.924650,-283.315,-242.759,-283.315,-242.759
16.933550,-283.315,-242.759,-283.315,-242.759
16.941310,-283.315,-242.759,-283.315,-242.759
16.948490,-283.315,-242.759,-283.315,-242.759
16.955770,-283.315,-242.759,-283.315,-242.759
16.963400,-283.315,-242.759,-283.315,-242.759
16.969530,-283.315,-242.759,-283.315,-242.759
16.976220,-283.315,-242.759,-283.315,-242.759
16.983940,-283.315,-242.759,-283.315,-242.759
16.990470,-283.315,-242.759,-283.315,-242.759
16.997670,-283.315,-242.759,-283.315,-242.759
17.004110,-283.315,-242.759,-283.315,-242.759
17.012310,-283.315,-242.759,-283.315,-242.759
17.018660,NN,NN,NN,NN
17.025660,NN,NN,NN,NN
17.032110,NN,NN,NN,NN
17.057560,NN,NN,NN,NN
17.076960,NN,NN,NN,NN
17.092540,NN,NN,NN,NN
17.099600,NN,NN,NN,NN
17.109420,NN,NN,NN,NN
17.117740,NN,NN,NN,NN
17.126810,NN,NN,NN,NN
17.138700,NN,NN,NN,NN
17.147720,NN,NN,NN,NN
17.155750,NN,NN,NN,NN
17.166550,NN,NN,NN,NN
17.174140,NN,NN,NN,NN
17.183640,NN,NN,NN,NN
17.193140,NN,NN,NN,NN
17.203710,NN,NN,NN,NN
17.213520,NN,NN,NN,NN
17.221780,NN,NN,NN,NN
17.232030,NN,NN,NN,NN
17.240440,NN,NN,NN,NN
17.249640,NN,NN,NN,NN
17.260430,NN,NN,NN,NN
17.268050,NN,NN,NN,NN
17.278740,NN,NN,NN,NN
17.287330,NN,NN,NN,NN
17.296930,NN,NN,NN,NN
17.306290,NN,NN,NN,NN
17.321150,NN,NN,NN,NN
17.331540,NN,NN,NN,NN
17.342140,NN,NN,NN,NN
17.352850,NN,NN,NN,NN
17.363490,NN,NN,NN,NN
17.373400,NN,NN,NN,NN
17.387780,NN,NN,NN,NN
17.397870,NN,NN,NN,NN
17.407750,NN,NN,NN,NN
17.418200,NN,NN,NN,NN
17.430830,NN,NN,NN,NN
17.440050,NN,NN,NN,NN
17.455120,NN,NN,NN,NN
17.473610,NN,NN,NN,NN
17.485720,NN,NN,NN,NN
17.497320,NN,NN,NN,NN
17.505670,NN,NN,NN,NN
17.515130,NN,NN,NN,NN
17.528480,NN,NN,NN,NN
17.538670,NN,NN,NN,NN
17.555740,NN,NN,NN,NN
17.565480,NN,NN,NN,NN
17.575500,NN,NN,NN,NN
17.587800,NN,NN,NN,NN
17.599320,NN,NN,NN,NN
17.608610,NN,NN,NN,NN
17.620750,NN,NN,NN,NN
17.632250,NN,NN,NN,NN
17.640520,NN,NN,NN,NN
17.653360,NN,NN,NN,NN
17.665760,NN,NN,NN,NN
17.675110,NN,NN,NN,NN
17.685600,NN,NN,NN,NN
17.697130,NN,NN,NN,NN
17.705600,NN,NN,NN,NN
17.720060,NN,NN,NN,NN
17.729880,NN,NN,NN,NN
17.738740,NN,NN,NN,NN
17.749140,NN,NN,NN,NN
17.756500,NN,NN,NN,NN
17.763200,NN,NN,NN,NN
17.769260,NN,NN,NN,NN
17.777700,NN,NN,NN,NN
17.783750,NN,NN,NN,NN
17.791220,NN,NN,NN,NN
17.799010,NN,NN,NN,NN
17.805660,NN,NN,NN,NN
17.812770,NN,NN,NN,NN
17.818350,NN,NN,NN,NN
17.824490,NN,NN,NN,NN
17.831970,NN,NN,NN,NN
17.838090,NN,NN,NN,NN
17.845730,NN,NN,NN,NN
17.852130,NN,NN,NN,NN
17.858110,NN,NN,NN,NN
17.864840,NN,NN,NN,NN
17.870690,NN,NN,NN,NN
17.877670,NN,NN,NN,NN
17.883460,NN,NN,NN,NN
17.889830,NN,NN,NN,NN
17.897040,NN,NN,NN,NN
17.903130,NN,NN,NN,NN
17.910140,NN,NN,NN,NN
17.917800,NN,NN,NN,NN
17.922970,NN,NN,NN,NN
17.929530,NN,NN,NN,NN
17.935650,NN,NN,NN,NN
17.942150,NN,NN,NN,NN
17.949430,NN,NN,NN,NN
17.954920,NN,NN,NN,NN
17.961590,NN,NN,NN,NN
17.967050,NN,NN,NN,NN
17.972620,NN,NN,NN,NN
17.981020,NN,NN,NN,NN
17.986810,NN,NN,NN,NN
17.992800,NN,NN,NN,NN
17.998330,NN,NN,NN,NN
18.007380,NN,NN,NN,NN
18.014940,NN,NN,NN,NN
18.021530,NN,NN,NN,NN
18.030180,NN,NN,NN,NN
18.037560,NN,NN,NN,NN
18.044800,NN,NN,NN,NN
18.050660,NN,NN,NN,NN
18.056260,NN,NN,NN,NN
18.063070,NN,NN,NN,NN
18.069950,NN,NN,NN,NN
18.075680,NN,NN,NN,NN
18.081690,NN,NN,NN,NN
18.088550,NN,NN,NN,NN
18.094910,NN,NN,NN,NN
18.102220,NN,NN,NN,NN
18.108020,NN,NN,NN,NN
18.115720,NN,NN,NN,NN
18.128200,NN,NN,NN,NN
18.137490,NN,NN,NN,NN
18.151400,NN,NN,NN,NN
18.163060,NN,NN,NN,NN
18.171320,NN,NN,NN,NN
18.180260,NN,NN,NN,NN
18.188190,NN,NN,NN,NN
18.196550,NN,NN,NN,NN
18.201430,NN,NN,NN,NN
18.210110,NN,NN,NN,NN
18.218670,NN,NN,NN,NN
18.227590,NN,NN,NN,NN
18.234730,NN,NN,NN,NN
18.241800,NN,NN,NN,NN
18.249160,NN,NN,NN,NN
18.257740,NN,NN,NN,NN
18.274020,NN,NN,NN,NN
18.281770,NN,NN,NN,NN
18.288490,NN,NN,NN,NN
18.296580,NN,NN,NN,NN
18.304900,NN,NN,NN,NN
18.311400,NN,NN,NN,NN
18.318540,NN,NN,NN,NN
18.324490,NN,NN,NN,NN
18.330430,NN,NN,NN,NN
18.336130,NN,NN,NN,NN
18.342810,NN,NN,NN,NN
18.349120,NN,NN,NN,NN
18.355060,NN,NN,NN,NN
18.361480,NN,NN,NN,NN
18.367430,NN,NN,NN,NN
18.374520,NN,NN,NN,NN
18.381100,NN,NN,NN,NN
18.386710,NN,NN,NN,NN
18.393800,NN,NN,NN,NN
18.401120,NN,NN,NN,NN
18.406930,NN,NN,NN,NN
18.413910,NN,NN,NN,NN
18.419590,NN,NN,NN,NN
18.425350,NN,NN,NN,NN
18.432770,NN,NN,NN,NN
18.439460,NN,NN,NN,NN
18.448370,NN,NN,NN,NN
18.455090,NN,NN,NN,NN
18.464250,NN,NN,NN,NN
18.471380,NN,NN,NN,NN
18.481170,NN,NN,NN,NN
18.486850,NN,NN,NN,NN
18.494900,NN,NN,NN,NN
18.501670,NN,NN,NN,NN
18.510250,NN,NN,NN,NN
18.517180,NN,NN,NN,NN
18.524780,NN,NN,NN,NN
18.532610,NN,NN,NN,NN
18.540610,NN,NN,NN,NN
18.548540,NN,NN,NN,NN
18.556590,NN,NN,NN,NN
18.563720,NN,NN,NN,NN
18.568630,NN,NN,NN,NN
18.576990,NN,NN,NN,NN
18.584540,NN,NN,NN,NN
18.592000,NN,NN,NN,NN
18.599100,NN,NN,NN,NN
18.607220,NN,NN,NN,NN
18.616640,NN,NN,NN,NN
18.623140,NN,NN,NN,NN
18.630480,NN,NN,NN,NN
18.638780,NN,NN,NN,NN
18.647040,NN,NN,NN,NN
18.652840,NN,NN,NN,NN
18.658110,NN,NN,NN,NN
18.664270,NN,NN,NN,NN
18.670320,NN,NN,NN,NN
18.677730,NN,NN,NN,NN
18.683780,NN,NN,NN,NN
18.688940,NN,NN,NN,NN
18.697630,NN,NN,NN,NN
18.703080,NN,NN,NN,NN
18.708800,NN,NN,NN,NN
18.715160,NN,NN,NN,NN
18.719910,NN,NN,NN,NN
18.726660,NN,NN,NN,NN
18.733580,NN,NN,NN,NN
18.739160,NN,NN,NN,NN
18.746390,NN,NN,NN,NN
18.752090,NN,NN,NN,NN
18.757790,NN,NN,NN,NN
18.765150,NN,NN,NN,NN
18.770360,NN,NN,NN,NN
18.776950,NN,NN,NN,NN
18.783730,NN,NN,NN,NN
18.791090,NN,NN,NN,NN
18.798620,NN,NN,NN,NN
18.805350,NN,NN,NN,NN
18.812380,NN,NN,NN,NN
18.818660,NN,NN,NN,NN
18.825780,NN,NN,NN,NN
18.832010,NN,NN,NN,NN
18.838100,NN,NN,NN,NN
18.844600,NN,NN,NN,NN
18.850200,NN,NN,NN,NN
18.857830,NN,NN,NN,NN
18.863930,NN,NN,NN,NN
18.869730,NN,NN,NN,NN
18.876740,NN,NN,NN,NN
18.883460,NN,NN,NN,NN
18.891010,NN,NN,NN,NN
18.899520,NN,NN,NN,NN
18.906720,NN,NN,NN,NN
18.918160,NN,NN,NN,NN
18.927780,NN,NN,NN,NN
18.935810,NN,NN,NN,NN
18.943280,NN,NN,NN,NN
18.951710,NN,NN,NN,NN
18.958530,NN,NN,NN,NN
18.965910,NN,NN,NN,NN
18.971870,NN,NN,NN,NN
18.982350,NN,NN,NN,NN
18.989260,NN,NN,NN,NN
18.997640,NN,NN,NN,NN
19.006180,NN,NN,NN,NN
19.013590,NN,NN,NN,NN
19.019850,NN,NN,NN,NN
19.026670,NN,NN,NN,NN
19.033580,NN,NN,NN,NN
19.041070,NN,NN,NN,NN
19.047550,NN,NN,NN,NN
19.053300,NN,NN,NN,NN
19.059190,NN,NN,NN,NN
19.066060,NN,NN,NN,NN
19.072770,NN,NN,NN,NN
19.079090,NN,NN,NN,NN
19.085550,NN,NN,NN,NN
19.090890,NN,NN,NN,NN
19.098620,NN,NN,NN,NN
19.104630,NN,NN,NN,NN
19.114200,NN,NN,NN,NN
19.120980,NN,NN,NN,NN
19.129140,NN,NN,NN,NN
19.137070,NN,NN,NN,NN
19.142400,NN,NN,NN,NN
19.150270,NN,NN,NN,NN
19.156160,NN,NN,NN,NN
19.163390,NN,NN,NN,NN
19.169620,NN,NN,NN,NN
19.176150,NN,NN,NN,NN
19.182650,NN,NN,NN,NN
19.188870,NN,NN,NN,NN
19.195590,NN,NN,NN,NN
19.201750,NN,NN,NN,NN
19.207060,NN,NN,NN,NN
19.213110,NN,NN,NN,NN
19.220270,NN,NN,NN,NN
19.227360,NN,NN,NN,NN
19.235010,NN,NN,NN,NN
19.246930,NN,NN,NN,NN
19.251580,NN,NN,NN,NN
19.257020,NN,NN,NN,NN
19.264140,NN,NN,NN,NN
19.271280,NN,NN,NN,NN
19.282530,NN,NN,NN,NN
19.289480,NN,NN,NN,NN
19.297400,NN,NN,NN,NN
19.304550,NN,NN,NN,NN
19.313090,NN,NN,NN,NN
19.321640,NN,NN,NN,NN
19.330940,878.037,242.194,297.361,-0.283
19.338740,878.037,242.194,587.699,120.956
19.346570,878.037,242.194,732.868,181.575
19.352420,878.037,242.194,805.453,211.884
19.358860,1038.736,70.959,922.095,141.422
19.365830,1038.736,70.959,980.416,106.190
19.373140,1038.736,70.959,1009.576,88.575
19.380290,1038.736,70.959,1024.156,79.767
19.387780,1065.963,320.765,1045.060,200.266
19.395630,1065.963,320.765,1055.511,260.515
19.404190,1065.963,320.765,1060.737,290.640
19.412600,1065.963,320.765,1063.350,305.702
19.421360,1083.793,410.441,1073.572,358.072
19.430760,1083.793,410.441,1078.682,384.256
19.437350,1083.793,410.441,1081.238,397.349
19.444690,1083.793,410.441,1082.515,403.895
19.452040,1091.409,454.736,1086.962,429.315
19.463320,1091.409,454.736,1089.186,442.026
19.471510,1091.409,454.736,1090.297,448.381
19.479660,1098.270,470.743,1094.284,459.562
19.486580,1098.270,470.743,1096.277,465.152
19.494270,1098.270,470.743,1097.273,467.948
19.503390,1098.270,470.743,1097.772,469.345
19.511780,1101.678,476.197,1099.725,472.771
19.519920,1101.678,476.197,1100.702,474.484
19.527690,1101.678,476.197,1101.190,475.340
19.535290,1101.678,476.197,1101.434,475.768
19.543510,1102.178,477.076,1101.806,476.422
19.551400,1102.178,477.076,1101.992,476.749
19.557890,1102.178,477.076,1102.085,476.913
19.565720,1102.178,477.076,1102.131,476.994
19.572790,1102.943,478.016,1102.537,477.505
19.580300,1102.943,478.016,1102.740,477.760
19.587530,1102.943,478.016,1102.842,477.888
19.596380,1105.178,479.512,1104.010,478.700
19.604200,1105.178,479.512,1104.594,479.106
19.614110,1105.178,479.512,1104.886,479.309
19.619900,1105.178,479.512,1105.032,479.411
19.624810,1105.178,479.512,1105.105,479.462
19.632770,1106.052,480.650,1105.578,480.056
19.638260,1106.052,480.650,1105.815,480.353
19.645470,1106.052,480.650,1105.934,480.501
19.652890,1106.052,480.650,1105.993,480.576
19.659300,1108.154,482.792,1107.073,481.684
19.665780,1108.154,482.792,1107.614,482.238
19.672340,1108.154,482.792,1107.884,482.515
19.678330,1108.154,482.792,1108.019,482.654
19.683980,1108.154,482.792,1108.086,482.723
19.690120,1082.625,484.069,1095.356,483.396
19.696700,1082.625,484.069,1088.991,483.732
19.703570,1082.625,484.069,1085.808,483.901
19.710970,1082.625,484.069,1084.217,483.985
19.716860,1082.625,484.069,1083.421,484.027
19.722580,1054.478,484.173,1068.949,484.100
19.729990,1054.478,484.173,1061.714,484.136
19.736160,1054.478,484.173,1058.096,484.154
19.742360,1054.478,484.173,1056.287,484.163
19.749200,1033.297,485.843,1044.792,485.003
19.755920,1033.297,485.843,1039.045,485.423
19.764200,1033.297,485.843,1036.171,485.633
19.769750,1033.297,485.843,1034.734,485.738
19.776330,1033.297,485.843,1034.016,485.790
19.787040,1017.280,486.426,1025.648,486.108
19.795840,1017.280,486.426,1021.464,486.267
19.804420,1017.280,486.426,1019.372,486.346
19.815200,1004.364,484.065,1011.868,485.205
19.823970,1004.364,484.065,1008.116,484.635
19.831900,1004.364,484.065,1006.240,484.350
19.842600,995.164,482.349,1000.702,483.349
19.850860,995.164,482.349,997.933,482.849
19.857650,995.164,482.349,996.549,482.599
19.863860,995.164,482.349,995.856,482.474
19.870240,987.170,481.347,991.513,481.910
19.876050,987.170,481.347,989.341,481.629
19.884600,987.170,481.347,988.256,481.488
19.892140,987.170,481.347,987.713,481.418
19.900330,979.995,479.609,983.854,480.513
19.908330,979.995,479.609,981.924,480.061
19.918540,979.995,479.609,980.960,479.835
19.924600,979.995,479.609,980.477,479.722
19.933100,973.792,477.882,977.135,478.802
19.939990,973.792,477.882,975.464,478.342
19.947850,973.792,477.882,974.628,478.112
19.954940,973.792,477.882,974.210,477.997
19.963920,969.700,476.083,971.955,477.040
19.972130,969.700,476.083,970.827,476.562
19.981100,969.700,476.083,970.264,476.322
19.987490,969.700,476.083,969.982,476.203
19.995480,965.610,474.685,967.796,475.444
20.003120,965.610,474.685,966.703,475.065
20.011490,965.610,474.685,966.157,474.875
20.017470,965.610,474.685,965.883,474.780
20.024050,963.765,475.157,964.824,474.969
20.032840,963.765,475.157,964.295,475.063
20.039170,963.765,475.157,964.030,475.110
20.046240,963.765,475.157,963.898,475.133
20.052850,961.173,474.524,962.535,474.829
20.059070,961.173,474.524,961.854,474.676
20.065730,961.173,474.524,961.513,474.600
20.071110,961.173,474.524,961.343,474.562
20.076890,961.173,474.524,961.258,474.543
20.086200,958.988,474.165,960.123,474.354
20.095880,958.988,474.165,959.556,474.259
20.104050,958.988,474.165,959.272,474.212
20.112490,958.205,474.324,958.739,474.268
20.120270,958.205,474.324,958.472,474.296
20.128170,958.205,474.324,958.339,474.310
20.136030,958.205,474.324,958.272,474.317
20.147200,957.769,473.188,958.021,473.753
20.155290,957.769,473.188,957.895,473.470
20.163750,957.769,473.188,957.832,473.329
20.172600,957.323,471.600,957.577,472.464
20.181620,957.323,471.600,957.450,472.032
20.190190,957.323,471.600,957.386,471.816
20.196750,957.323,471.600,957.354,471.708
20.202380,956.520,471.001,956.937,471.354
20.207840,956.520,471.001,956.729,471.178
20.215970,956.520,471.001,956.625,471.090
20.221460,956.520,471.001,956.573,471.045
20.232380,956.172,470.050,956.372,470.548
20.244220,956.172,470.050,956.272,470.299
20.252150,956.172,470.050,956.222,470.175
20.264310,952.608,466.570,954.415,468.372
20.272960,952.608,466.570,953.512,467.471
20.281170,952.608,466.570,953.060,467.021
20.288390,952.608,466.570,952.834,466.795
20.299510,947.725,462.158,950.279,464.476
20.308060,947.725,462.158,949.002,463.317
20.314400,947.725,462.158,948.363,462.737
20.319770,947.725,462.158,948.044,462.447
20.328370,942.399,457.721,945.222,460.084
20.334550,942.399,457.721,943.810,458.902
20.340690,942.399,457.721,943.105,458.311
20.346440,942.399,457.721,942.752,458.016
20.354100,938.508,453.661,940.630,455.839
20.359290,938.508,453.661,939.569,454.750
20.366650,938.508,453.661,939.038,454.205
20.372860,938.508,453.661,938.773,453.933
20.378860,938.508,453.661,938.640,453.797
20.385500,934.416,450.691,936.528,452.244
20.390970,934.416,450.691,935.472,451.468
20.397890,934.416,450.691,934.944,451.080
20.403910,934.416,450.691,934.680,450.885
20.408870,934.416,450.691,934.548,450.788
20.416330,931.317,448.063,932.933,449.426
20.421980,931.317,448.063,932.125,448.744
20.429710,931.317,448.063,931.721,448.403
20.436390,931.317,448.063,931.519,448.233
20.444260,928.507,445.599,930.013,446.916
20.450300,928.507,445.599,929.260,446.258
20.458040,928.507,445.599,928.883,445.929
20.465130,928.507,445.599,928.695,445.764
20.470450,928.507,445.599,928.601,445.682
20.477060,926.790,443.509,927.696,444.596
20.485410,926.790,443.509,927.243,444.052
20.492300,926.790,443.509,927.016,443.781
20.500460,926.790,443.509,926.903,443.645
20.508050,925.040,441.734,925.972,442.690
20.515380,925.040,441.734,925.506,442.212
20.523750,925.040,441.734,925.273,441.973
20.530310,925.040,441.734,925.156,441.854
20.537220,923.760,440.104,924.458,440.979
20.546030,923.760,440.104,924.109,440.541
20.553700,923.760,440.104,923.935,440.322
20.560790,923.760,440.104,923.847,440.213
20.568020,922.427,438.494,923.137,439.354
20.572990,922.427,438.494,922.782,438.924
20.580600,922.427,438.494,922.604,438.709
20.587680,922.427,438.494,922.515,438.602
20.594470,921.965,438.597,922.240,438.599
20.602870,921.965,438.597,922.103,438.598
20.610860,921.965,438.597,922.034,438.597
20.617490,921.965,438.597,922.000,438.597
20.623150,921.173,437.835,921.586,438.216
20.629960,921.173,437.835,921.380,438.025
20.637290,921.173,437.835,921.276,437.930
20.643470,921.173,437.835,921.225,437.882
20.650090,921.173,437.835,921.199,437.859
20.656020,920.350,437.537,920.775,437.698
20.661820,920.350,437.537,920.563,437.618
20.669070,920.350,437.537,920.456,437.577
20.674980,920.350,437.537,920.403,437.557
20.681400,920.350,437.537,920.377,437.547
20.687590,920.115,436.816,920.246,437.182
20.693010,920.115,436.816,920.181,436.999
20.700100,920.115,436.816,920.148,436.907
20.704770,920.115,436.816,920.132,436.862
20.710170,920.115,436.816,920.124,436.839
20.716970,919.574,436.611,919.849,436.725
20.722230,919.574,436.611,919.711,436.668
20.732580,919.574,436.611,919.643,436.640
20.739720,919.574,436.611,919.608,436.626
20.748260,917.982,436.696,918.795,436.661
20.753970,917.982,436.696,918.388,436.678
20.761310,917.982,436.696,918.185,436.687
20.767550,917.982,436.696,918.083,436.692
20.773780,917.982,436.696,918.032,436.694
20.781300,916.587,436.892,917.310,436.793
20.789670,916.587,436.892,916.949,436.843
20.796100,916.587,436.892,916.768,436.868
20.802950,916.587,436.892,916.678,436.880
20.810180,915.501,436.897,916.090,436.888
20.816890,915.501,436.897,915.795,436.893
20.823210,915.501,436.897,915.648,436.895
20.830280,915.501,436.897,915.575,436.896
20.836960,914.324,436.793,914.949,436.844
20.843150,914.324,436.793,914.636,436.819
20.851070,914.324,436.793,914.480,436.806
20.857050,914.324,436.793,914.402,436.799
20.863590,914.324,436.793,914.363,436.796
20.869320,913.893,436.935,914.128,436.866
20.875160,913.893,436.935,914.011,436.901
20.881920,913.893,436.935,913.952,436.918
20.886630,913.893,436.935,913.923,436.927
20.891490,913.893,436.935,913.908,436.931
20.898020,913.821,436.982,913.864,436.957
20.902830,913.821,436.982,913.843,436.969
20.907760,913.821,436.982,913.832,436.976
20.914560,913.821,436.982,913.826,436.979
20.918700,913.821,436.982,913.824,436.980
20.922910,913.821,436.982,913.822,436.981
20.928870,913.571,437.063,913.697,437.022
20.934180,913.571,437.063,913.634,437.042
20.939670,913.571,437.063,913.603,437.052
20.946110,913.571,437.063,913.587,437.057
20.951840,913.571,437.063,913.579,437.060
20.966380,912.895,437.337,913.237,437.198
20.973340,912.895,437.337,913.066,437.267
20.978620,912.895,437.337,912.980,437.302
20.983560,912.895,437.337,912.937,437.319
20.988670,912.580,437.642,912.759,437.480
20.993860,912.580,437.642,912.669,437.561
20.999590,912.580,437.642,912.624,437.601
21.005180,912.580,437.642,912.602,437.622
21.010710,912.580,437.642,912.591,437.632
21.015410,912.580,437.642,912.585,437.637
21.021480,912.529,438.025,912.557,437.831
21.027120,912.529,438.025,912.543,437.928
21.032680,912.529,438.025,912.536,437.976
21.038580,912.529,438.025,912.532,438.001
21.043530,912.529,438.025,912.530,438.013
21.049920,912.072,438.687,912.301,438.350
21.055890,912.072,438.687,912.186,438.518
21.061250,912.072,438.687,912.129,438.602
21.066470,912.072,438.687,912.100,438.645
21.071490,912.072,438.687,912.086,438.666
21.076950,911.767,438.988,911.927,438.827
21.082990,911.767,438.988,911.847,438.907
21.088610,911.767,438.988,911.807,438.948
21.094040,911.767,438.988,911.787,438.968
21.099720,911.767,438.988,911.777,438.978
21.104260,911.767,438.988,911.772,438.983
21.110030,911.400,439.447,911.586,439.215
21.116200,911.400,439.447,911.493,439.331
21.122400,911.400,439.447,911.447,439.389
21.127660,911.400,439.447,911.423,439.418
21.133380,911.400,439.447,911.412,439.433
21.138650,910.781,439.915,911.097,439.674
21.144260,910.781,439.915,910.939,439.795
21.152480,910.781,439.915,910.860,439.855
21.157770,910.781,439.915,910.821,439.885
21.163370,910.781,439.915,910.801,439.900
21.170260,909.924,440.377,910.362,440.138
21.175180,909.924,440.377,910.143,440.257
21.183530,909.924,440.377,910.033,440.317
21.188550,909.924,440.377,909.978,440.347
21.193310,909.924,440.377,909.951,440.362
21.200160,908.981,440.159,909.466,440.260
21.205330,908.981,440.159,909.224,440.210
21.211690,908.981,440.159,909.102,440.184
21.218010,908.981,440.159,909.042,440.172
21.223710,908.981,440.159,909.011,440.165
21.232070,908.612,440.664,908.812,440.415
21.236820,908.612,440.664,908.712,440.539
21.242520,908.612,440.664,908.662,440.602
21.248400,908.612,440.664,908.637,440.633
21.253570,908.612,440.664,908.625,440.649
21.261330,908.634,440.832,908.629,440.740
21.268210,908.634,440.832,908.632,440.786
21.276170,908.634,440.832,908.633,440.809
21.282180,908.634,440.832,908.633,440.820
21.287800,908.804,440.744,908.719,440.782
21.293580,908.804,440.744,908.762,440.763
21.299160,908.804,440.744,908.783,440.753
21.305580,908.804,440.744,908.794,440.749
21.310810,908.804,440.744,908.799,440.746
21.317540,908.846,441.072,908.823,440.909
21.324540,908.846,441.072,908.834,440.990
21.331210,908.846,441.072,908.840,441.031
21.337160,908.846,441.072,908.843,441.052
21.342660,908.846,441.072,908.845,441.062
21.348100,908.612,441.396,908.728,441.229
21.354430,908.612,441.396,908.670,441.313
21.360780,908.612,441.396,908.641,441.354
21.367070,908.612,441.396,908.627,441.375
21.372570,908.612,441.396,908.619,441.386
21.378690,908.429,441.317,908.524,441.351
21.385250,908.429,441.317,908.476,441.334
21.390560,908.429,441.317,908.453,441.326
21.397400,908.429,441.317,908.441,441.321
21.402690,908.429,441.317,908.435,441.319
21.407410,908.429,441.317,908.432,441.318
21.415040,908.491,441.776,908.461,441.547
21.421410,908.491,441.776,908.476,441.662
21.427120,908.491,441.776,908.484,441.719
21.432750,908.491,441.776,908.487,441.748
21.438430,908.491,441.776,908.489,441.762
21.446300,908.609,442.339,908.549,442.051
21.452490,908.609,442.339,908.579,442.195
21.458310,908.609,442.339,908.594,442.267
21.465490,908.609,442.339,908.601,442.303
21.473010,908.622,442.725,908.611,442.514
21.478740,908.622,442.725,908.617,442.619
21.486600,908.622,442.725,908.619,442.672
21.492550,908.622,442.725,908.620,442.698
21.497840,908.622,442.725,908.621,442.711
21.505170,908.926,442.612,908.773,442.662
21.512080,908.926,442.612,908.850,442.637
21.518730,908.926,442.612,908.888,442.625
21.523840,908.926,442.612,908.907,442.618
21.530140,908.853,442.646,908.880,442.632
21.536800,908.853,442.646,908.866,442.639
21.543830,908.853,442.646,908.859,442.643
21.551060,908.853,442.646,908.856,442.644
21.557740,908.853,442.646,908.854,442.645
21.564510,908.540,443.129,908.697,442.887
21.570560,908.540,443.129,908.618,443.008
21.577590,908.540,443.129,908.579,443.069
21.584170,908.540,443.129,908.559,443.099
21.590240,908.261,443.599,908.410,443.349
21.597810,908.261,443.599,908.335,443.474
21.604460,908.261,443.599,908.298,443.537
21.611020,908.261,443.599,908.279,443.568
21.617520,908.261,443.599,908.270,443.584
21.623560,908.051,444.825,908.161,444.204
21.630320,908.051,444.825,908.106,444.515
21.638000,908.051,444.825,908.079,444.670
21.643960,908.051,444.825,908.065,444.747
21.648750,908.051,444.825,908.058,444.786
21.654470,907.482,445.534,907.770,445.160
21.661640,907.482,445.534,907.626,445.347
21.668660,907.482,445.534,907.554,445.441
21.674390,907.482,445.534,907.518,445.487
21.681970,907.165,446.122,907.342,445.804
21.689890,907.165,446.122,907.253,445.963
21.698190,907.165,446.122,907.209,446.042
21.706500,907.165,446.122,907.187,446.082
21.715800,906.875,446.750,907.031,446.416
21.721890,906.875,446.750,906.953,446.583
21.728870,906.875,446.750,906.914,446.666
21.735820,906.875,446.750,906.894,446.708
21.741420,907.021,447.054,906.958,446.881
21.753680,907.021,447.054,906.989,446.968
21.764060,907.021,447.054,907.005,447.011
21.770090,907.021,447.054,907.013,447.033
21.777550,906.243,447.757,906.628,447.395
21.785380,906.243,447.757,906.435,447.576
21.792670,906.243,447.757,906.339,447.666
21.800410,906.243,447.757,906.291,447.712
21.807220,905.997,447.963,906.144,447.837
21.814570,905.997,447.963,906.070,447.900
21.822150,905.997,447.963,906.033,447.931
21.828850,905.997,447.963,906.015,447.947
21.835310,905.985,448.801,906.000,448.374
21.841570,905.985,448.801,905.993,448.587
21.849890,905.985,448.801,905.989,448.694
21.855940,905.985,448.801,905.987,448.747
21.862470,906.260,449.662,906.124,449.205
21.869300,906.260,449.662,906.192,449.434
21.876550,906.260,449.662,906.226,449.548
21.882590,906.260,449.662,906.243,449.605
21.887540,906.260,449.662,906.251,449.634
21.894630,906.169,450.306,906.210,449.970
21.900400,906.169,450.306,906.190,450.138
21.907240,906.169,450.306,906.179,450.222
21.913280,906.169,450.306,906.174,450.264
21.919280,906.169,450.306,906.172,450.285
21.925030,906.079,450.708,906.125,450.496
21.932560,906.079,450.708,906.102,450.602
21.939590,906.079,450.708,906.090,450.655
21.945990,906.079,450.708,906.084,450.681
21.953940,906.159,450.991,906.122,450.836
21.962210,906.159,450.991,906.140,450.914
21.970080,906.159,450.991,906.149,450.953
21.974970,906.159,450.991,906.154,450.972
21.981370,906.159,450.991,906.156,450.982
21.988910,906.307,451.094,906.231,451.038
21.997200,906.307,451.094,906.269,451.066
22.004450,906.307,451.094,906.288,451.080
22.009620,906.307,451.094,906.297,451.087
22.019760,906.464,451.619,906.380,451.353
22.026250,906.464,451.619,906.422,451.486
22.035390,906.464,451.619,906.443,451.552
22.041320,906.464,451.619,906.453,451.586
22.049090,906.480,452.378,906.466,451.982
22.055820,906.480,452.378,906.473,452.180
22.063420,906.480,452.378,906.476,452.279
22.070150,906.480,452.378,906.478,452.328
22.075490,906.677,453.049,906.577,452.689
22.083330,906.677,453.049,906.627,452.869
22.089080,906.677,453.049,906.652,452.959
22.095770,906.677,453.049,906.664,453.004
22.101120,906.677,453.049,906.670,453.026
22.106350,906.918,453.560,906.794,453.293
22.114330,906.918,453.560,906.856,453.426
22.119560,906.918,453.560,906.887,453.493
22.127520,906.918,453.560,906.902,453.526
22.133540,909.174,456.172,908.038,454.849
22.138770,909.174,456.172,908.606,455.511
22.145990,909.174,456.172,908.890,455.842
22.151800,909.174,456.172,909.033,456.007
22.158870,909.174,456.172,909.104,456.090
22.165980,912.321,459.529,910.712,457.809
22.173470,912.321,459.529,911.517,458.669
22.181250,912.321,459.529,911.919,459.099
22.188240,912.321,459.529,912.120,459.314
22.195270,915.057,463.071,913.589,461.192
22.201680,915.057,463.071,914.323,462.132
22.209020,915.057,463.071,914.690,462.601
22.215870,915.057,463.071,914.874,462.836
22.221860,915.057,463.071,914.966,462.954
22.228960,917.344,466.295,916.155,464.624
22.235090,917.344,466.295,916.749,465.460
22.242010,917.344,466.295,917.047,465.877
22.248320,917.344,466.295,917.195,466.086
22.255190,919.924,469.035,918.560,467.561
22.262830,919.924,469.035,919.242,468.298
22.271120,919.924,469.035,919.583,468.666
22.278550,919.924,469.035,919.754,468.851
22.295910,922.792,470.924,921.273,469.887
22.305790,922.792,470.924,922.032,470.406
22.317380,925.252,473.576,923.642,471.991
22.326020,925.252,473.576,924.447,472.783
22.333740,925.252,473.576,924.849,473.180
22.339520,925.252,473.576,925.050,473.378
22.346750,926.768,476.132,925.909,474.755
22.352340,926.768,476.132,926.338,475.443
22.360700,926.768,476.132,926.553,475.788
22.366990,926.768,476.132,926.660,475.960
22.373130,926.768,476.132,926.714,476.046
22.381350,927.188,477.382,926.951,476.714
22.387620,927.188,477.382,927.069,477.048
22.393760,927.188,477.382,927.129,477.215
22.400570,927.188,477.382,927.158,477.299
22.407150,927.565,477.494,927.362,477.397
22.413530,927.565,477.494,927.463,477.445
22.420690,927.565,477.494,927.514,477.470
22.427170,927.565,477.494,927.540,477.482
22.434150,927.565,477.494,927.553,477.488
22.441190,927.619,477.525,927.586,477.507
22.448450,927.619,477.525,927.603,477.516
22.455950,927.619,477.525,927.611,477.520
22.463430,927.619,477.525,927.615,477.523
22.470330,927.903,477.831,927.759,477.677
22.476720,927.903,477.831,927.831,477.754
22.485610,927.903,477.831,927.867,477.792
22.493070,927.903,477.831,927.885,477.812
22.499560,927.748,478.390,927.817,478.101
22.505420,927.748,478.390,927.783,478.245
22.512680,927.748,478.390,927.765,478.317
22.518880,927.748,478.390,927.757,478.354
22.523740,927.748,478.390,927.752,478.372
22.530610,927.747,479.754,927.750,479.063
22.538170,927.747,479.754,927.748,479.409
22.550510,927.747,479.754,927.747,479.581
22.555510,927.747,479.754,927.747,479.668
22.564520,927.506,480.463,927.626,480.065
22.571310,927.506,480.463,927.566,480.264
22.578970,927.506,480.463,927.536,480.364
22.586420,927.506,480.463,927.521,480.413
22.593160,927.095,481.143,927.308,480.778
22.601410,927.095,481.143,927.201,480.961
22.607930,927.095,481.143,927.148,481.052
22.615730,927.095,481.143,927.121,481.098
22.622460,926.823,481.709,926.972,481.403
22.630460,926.823,481.709,926.898,481.556
22.636790,926.823,481.709,926.860,481.633
22.641450,926.823,481.709,926.842,481.671
22.650170,926.602,482.543,926.722,482.107
22.657210,926.602,482.543,926.662,482.325
22.662960,926.602,482.543,926.632,482.434
22.668070,926.602,482.543,926.617,482.489
22.672340,926.602,482.543,926.610,482.516
22.679520,925.949,481.727,926.279,482.122
22.684930,925.949,481.727,926.114,481.924
22.691060,925.949,481.727,926.032,481.826
22.696540,925.949,481.727,925.991,481.776
22.701550,925.949,481.727,925.970,481.752
22.707130,856.457,429.294,891.213,455.523
22.712520,856.457,429.294,873.835,442.409
22.718650,856.457,429.294,865.146,435.851
22.725680,856.457,429.294,860.801,432.573
22.731990,856.457,429.294,858.629,430.934
22.737890,545.404,172.633,702.017,301.783
22.743500,545.404,172.633,623.710,237.208
22.750920,545.404,172.633,584.557,204.921
22.756610,545.404,172.633,564.981,188.777
22.761770,545.404,172.633,555.192,180.705
22.770180,297.932,-41.671,426.562,69.517
22.775940,297.932,-41.671,362.247,13.923
22.784910,297.932,-41.671,330.089,-13.874
22.790560,297.932,-41.671,314.010,-27.773
22.795810,297.932,-41.671,305.971,-34.722
22.803920,188.080,-132.656,247.026,-83.689
22.809240,188.080,-132.656,217.553,-108.173
22.817620,188.080,-132.656,202.817,-120.415
22.823140,188.080,-132.656,195.449,-126.535
22.828590,147.383,-163.817,171.416,-145.176
22.837660,147.383,-163.817,159.399,-154.496
22.843240,147.383,-163.817,153.391,-159.157
22.849550,147.383,-163.817,150.387,-161.487
22.854930,147.383,-163.817,148.885,-162.652
22.861390,141.111,-173.966,144.998,-168.309
22.868480,141.111,-173.966,143.055,-171.138
22.874430,141.111,-173.966,142.083,-172.552
22.880400,141.111,-173.966,141.597,-173.259
22.888980,101.677,-235.653,121.637,-204.456
22.895420,101.677,-235.653,111.657,-220.054
22.901460,101.677,-235.653,106.667,-227.853
22.907680,101.677,-235.653,104.172,-231.753
22.914470,101.677,-235.653,102.924,-233.703
22.920610,76.762,-288.106,89.843,-260.905
22.926460,76.762,-288.106,83.302,-274.505
22.933500,76.762,-288.106,80.032,-281.306
22.940250,76.762,-288.106,78.397,-284.706
22.946210,76.762,-288.106,77.579,-286.406
24.211020,864.668,546.383,471.124,129.989
24.228200,864.718,546.843,667.921,338.416
24.241620,864.718,546.843,766.320,442.629
24.268490,865.686,547.452,816.003,495.041
24.284590,866.436,547.486,841.219,521.263
24.292790,866.436,547.486,853.828,534.375
24.305470,866.436,547.486,860.132,540.930
24.319080,866.785,547.380,863.458,544.155
24.329520,866.785,547.380,865.122,545.768
24.338910,866.830,547.685,865.976,546.726
24.350150,866.830,547.685,866.403,547.206
24.374540,866.602,547.463,866.503,547.335
24.381340,866.602,547.463,866.552,547.399
24.391580,866.602,547.463,866.577,547.431
24.398250,866.602,547.463,866.590,547.447
24.405760,866.470,547.191,866.530,547.319
24.414220,866.470,547.191,866.500,547.255
24.421990,866.470,547.191,866.485,547.223
24.430850,866.517,547.136,866.501,547.180
24.442590,866.517,547.136,866.509,547.158
24.448940,866.517,547.136,866.513,547.147
24.459710,866.517,547.136,866.515,547.142
24.467980,866.479,546.973,866.497,547.058
24.478880,866.479,546.973,866.488,547.015
24.490060,866.665,547.191,866.577,547.103
24.497420,866.665,547.191,866.621,547.147
24.508450,866.665,547.191,866.643,547.169
24.515380,866.665,547.191,866.654,547.180
24.525090,866.798,547.652,866.726,547.416
24.537980,866.798,547.652,866.762,547.534
24.546280,866.798,547.652,866.780,547.593
24.554930,866.792,547.738,866.786,547.665
24.566090,866.792,547.738,866.789,547.701
24.574530,866.792,547.738,866.791,547.720
24.581110,866.983,548.038,866.887,547.879
24.589560,866.983,548.038,866.935,547.958
24.599940,866.983,548.038,866.959,547.998
24.606990,866.983,548.038,866.971,548.018
24.614980,867.271,548.794,867.121,548.406
24.622540,867.271,548.794,867.196,548.600
24.635240,867.271,548.794,867.233,548.697
24.643710,867.568,548.973,867.401,548.835
24.655830,867.568,548.973,867.484,548.904
24.662840,867.568,548.973,867.526,548.938
24.670480,867.568,548.973,867.547,548.955
24.679970,868.148,548.788,867.847,548.872
24.690180,868.148,548.788,867.998,548.830
24.697840,868.148,548.788,868.073,548.809
24.709550,868.688,548.847,868.380,548.828
24.725800,868.688,548.847,868.534,548.837
24.733820,868.894,549.355,868.714,549.096
24.746390,868.894,549.355,868.804,549.225
24.762150,869.070,549.381,868.937,549.303
24.778030,869.070,549.381,869.003,549.342
24.794490,869.252,549.043,869.128,549.193
24.809520,869.252,549.043,869.190,549.118
24.824080,869.423,548.445,869.307,548.782
24.843010,869.423,548.445,869.365,548.614
24.859890,869.705,548.268,869.535,548.441
24.871850,869.705,548.268,869.620,548.354
24.878680,869.705,548.268,869.662,548.311
24.885690,869.968,547.933,869.815,548.122
24.895520,869.968,547.933,869.892,548.028
24.905970,869.968,547.933,869.930,547.981
24.913040,869.968,547.933,869.949,547.957
24.921510,870.079,547.368,870.014,547.662
24.931290,870.079,547.368,870.047,547.515
24.938810,870.079,547.368,870.063,547.441
24.945710,870.172,546.589,870.118,547.015
24.954450,870.172,546.589,870.145,546.802
24.963590,870.172,546.589,870.158,546.696
24.971310,870.172,546.589,870.165,546.643
24.979520,870.119,545.561,870.142,546.102
24.987950,870.119,545.561,870.131,545.832
24.996240,870.119,545.561,870.125,545.696
25.005400,870.667,544.363,870.396,545.030
25.014290,870.667,544.363,870.532,544.696
25.024460,870.667,544.363,870.600,544.530
25.032270,870.667,544.363,870.633,544.446
25.040790,871.418,543.243,871.026,543.844
25.049230,871.418,543.243,871.222,543.544
25.057260,871.418,543.243,871.320,543.393
25.065520,872.388,542.664,871.854,543.028
25.077380,872.388,542.664,872.121,542.846
25.086310,872.388,542.664,872.254,542.755
25.096220,872.696,541.908,872.475,542.331
25.104800,872.696,541.908,872.586,542.120
25.114900,872.696,541.908,872.641,542.014
25.125540,872.277,540.917,872.459,541.466
25.132720,872.277,540.917,872.368,541.192
25.144650,872.277,540.917,872.323,541.054
25.152040,872.277,540.917,872.300,540.986
25.166590,871.505,540.112,871.902,540.549
25.176750,871.505,540.112,871.704,540.331
25.190810,871.030,539.823,871.367,540.077
25.200660,871.030,539.823,871.199,539.950
25.209650,871.030,539.823,871.114,539.887
25.221050,871.068,539.394,871.091,539.640
25.230550,871.068,539.394,871.079,539.517
25.241990,871.068,539.394,871.074,539.455
25.250610,871.000,538.907,871.037,539.181
25.260680,871.000,538.907,871.018,539.044
25.270130,871.000,538.907,871.009,538.975
25.280730,871.383,538.724,871.196,538.849
25.290510,871.383,538.724,871.290,538.787
25.299960,871.383,538.724,871.336,538.755
25.312370,871.682,538.549,871.509,538.652
25.323310,871.682,538.549,871.596,538.601
25.331590,871.682,538.549,871.639,538.575
25.342710,871.509,538.762,871.574,538.668
25.353370,871.509,538.762,871.542,538.715
25.361370,871.509,538.762,871.526,538.738
25.371070,871.508,538.910,871.517,538.824
25.382730,871.508,538.910,871.512,538.867
25.391000,871.508,538.910,871.510,538.888
25.401380,871.640,539.076,871.575,538.982
25.412070,871.640,539.076,871.607,539.029
25.424770,871.640,539.076,871.624,539.053
25.436890,873.043,539.112,872.333,539.082
25.447640,873.043,539.112,872.688,539.097
25.456690,893.494,539.172,883.091,539.134
25.466950,893.494,539.172,888.293,539.153
25.476770,893.494,539.172,890.893,539.162
25.482960,893.494,539.172,892.194,539.167
25.489980,930.060,541.285,911.127,540.226
25.498350,930.060,541.285,920.594,540.755
25.507850,930.060,541.285,925.327,541.020
25.514670,930.060,541.285,927.694,541.152
25.523420,966.640,544.226,947.167,542.689
25.530230,966.640,544.226,956.903,543.458
25.538660,966.640,544.226,961.772,543.842
25.546450,966.640,544.226,964.206,544.034
25.554490,998.143,545.307,981.174,544.670
25.562900,998.143,545.307,989.659,544.988
25.571280,998.143,545.307,993.901,545.147
25.578030,1020.274,547.181,1007.087,546.164
25.585940,1020.274,547.181,1013.680,546.673
25.594840,1020.274,547.181,1016.977,546.927
25.602880,1020.274,547.181,1018.625,547.054
25.612420,1035.886,547.281,1027.256,547.167
25.620160,1035.886,547.281,1031.571,547.224
25.628850,1035.886,547.281,1033.728,547.252
25.635170,1035.886,547.281,1034.807,547.267
25.645380,1048.110,548.716,1041.458,547.991
25.653990,1048.110,548.716,1044.784,548.354
25.662850,1048.110,548.716,1046.447,548.535
25.671570,1056.523,548.645,1051.485,548.590
25.680510,1056.523,548.645,1054.004,548.618
25.692670,1056.523,548.645,1055.264,548.632
25.700490,1063.574,550.039,1059.419,549.335
25.712380,1063.574,550.039,1061.496,549.687
25.722260,1063.574,550.039,1062.535,549.863
25.731900,1067.594,550.757,1065.065,550.310
25.742500,1067.594,550.757,1066.329,550.533
25.751470,1067.594,550.757,1066.962,550.645
25.762080,1070.674,551.414,1068.818,551.029
25.774330,1070.674,551.414,1069.746,551.222
25.784160,1070.674,551.414,1070.210,551.318
25.796480,1061.622,542.444,1065.916,546.881
25.808140,1061.622,542.444,1063.769,544.662
25.814890,1061.622,542.444,1062.696,543.553
25.822410,1049.245,530.659,1055.970,537.106
25.832000,1049.245,530.659,1052.608,533.882
25.840510,1049.245,530.659,1050.927,532.271
25.849070,1049.245,530.659,1050.086,531.465
25.856860,1035.397,517.346,1042.742,524.405
25.866550,1035.397,517.346,1039.070,520.876
25.874590,1035.397,517.346,1037.234,519.111
25.883110,1022.008,504.538,1029.621,511.825
25.891040,1022.008,504.538,1025.814,508.181
25.899600,1022.008,504.538,1023.911,506.360
25.907810,1022.008,504.538,1022.959,505.449
25.916210,1011.395,494.037,1017.177,499.743
25.925210,1011.395,494.037,1014.286,496.890
25.932740,1011.395,494.037,1012.841,495.464
25.940420,1004.062,488.288,1008.451,491.876
25.950310,1004.062,488.288,1006.256,490.082
25.959480,1004.062,488.288,1005.159,489.185
25.966220,1004.062,488.288,1004.610,488.737
25.975420,997.074,483.215,1000.842,485.976
25.984600,997.074,483.215,998.958,484.595
25.995160,997.074,483.215,998.016,483.905
26.005150,992.834,480.527,995.425,482.216
26.016810,992.834,480.527,994.129,481.372
26.025700,992.834,480.527,993.482,480.949
26.037440,989.026,479.417,991.254,480.183
26.046510,989.026,479.417,990.140,479.800
26.055790,989.026,479.417,989.583,479.609
26.066270,986.457,478.561,988.020,479.085
26.074190,986.457,478.561,987.239,478.823
26.084510,986.457,478.561,986.848,478.692
26.093200,984.454,477.126,985.651,477.909
26.099940,984.454,477.126,985.053,477.517
26.109820,984.454,477.126,984.754,477.322
26.116840,984.454,477.126,984.604,477.224
26.125800,974.384,473.926,979.494,475.575
26.133500,974.384,473.926,976.939,474.750
26.145350,974.384,473.926,975.661,474.338
26.155550,959.366,471.865,967.514,473.101
26.164140,959.366,471.865,963.440,472.483
26.174950,959.366,471.865,961.403,472.174
26.184010,946.871,468.397,954.137,470.286
26.194770,946.871,468.397,950.504,469.341
26.204730,946.871,468.397,948.687,468.869
26.211860,936.407,465.256,942.547,467.063
26.226870,936.407,465.256,939.477,466.160
26.237380,936.407,465.256,937.942,465.708
26.247660,928.739,464.431,933.341,465.070
26.258540,928.739,464.431,931.040,464.750
26.267150,928.739,464.431,929.890,464.591
26.277170,922.452,463.268,926.171,463.929
26.285500,922.452,463.268,924.311,463.599
26.294590,922.452,463.268,923.382,463.433
26.302660,917.160,460.977,920.271,462.205
26.312520,917.160,460.977,918.715,461.591
26.320600,917.160,460.977,917.938,461.284
26.329480,917.160,460.977,917.549,461.131
26.339750,914.278,458.493,915.913,459.812
26.348500,914.278,458.493,915.096,459.153
26.355710,914.278,458.493,914.687,458.823
26.364240,912.056,458.145,913.371,458.484
26.372240,912.056,458.145,912.714,458.314
26.382960,912.056,458.145,912.385,458.230
26.391580,912.056,458.145,912.220,458.187
26.399160,910.304,458.774,911.262,458.481
26.409500,910.304,458.774,910.783,458.628
26.416330,910.304,458.774,910.543,458.701
26.426290,909.637,458.847,910.090,458.774
26.434270,909.637,458.847,909.864,458.810
26.453610,909.212,457.797,909.538,458.303
26.461500,909.212,457.797,909.375,458.050
26.470240,909.212,457.797,909.294,457.923
26.481460,909.212,457.797,909.253,457.860
26.490730,913.501,457.743,911.377,457.802
26.499910,913.501,457.743,912.439,457.773
26.508330,913.501,457.743,912.970,457.758
26.516420,917.080,457.719,915.025,457.739
26.525380,917.080,457.719,916.052,457.729
26.533870,917.080,457.719,916.566,457.724
26.541570,917.080,457.719,916.823,457.722
26.549570,921.087,458.609,918.955,458.165
26.557990,921.087,458.609,920.021,458.387
26.566220,921.087,458.609,920.554,458.498
26.577200,926.424,460.631,923.489,459.564
26.602950,926.424,460.631,924.956,460.098
26.620840,932.155,461.828,928.555,460.963
26.630980,932.155,461.828,930.355,461.395
26.641260,936.437,461.320,933.396,461.358
26.649610,936.437,461.320,934.917,461.339
26.658420,936.437,461.320,935.677,461.330
26.665560,939.742,461.402,937.710,461.366
26.675470,939.742,461.402,938.726,461.384
26.682650,939.742,461.402,939.234,461.393
26.692670,939.742,461.402,939.488,461.398
26.701930,944.324,462.963,941.906,462.181
26.710580,944.324,462.963,943.115,462.572
26.719780,944.324,462.963,943.720,462.768
26.728790,949.041,463.474,946.381,463.121
26.738150,949.041,463.474,947.711,463.298
26.749760,949.041,463.474,948.376,463.386
26.760310,952.603,464.688,950.490,464.037
26.768100,952.603,464.688,951.547,464.362
26.776400,952.603,464.688,952.075,464.525
26.783460,952.603,464.688,952.339,464.606
26.791580,955.791,466.523,954.065,465.565
26.802260,955.791,466.523,954.928,466.044
26.811170,955.791,466.523,955.360,466.284
26.819980,958.627,467.512,956.994,466.898
26.828710,958.627,467.512,957.811,467.205
26.838450,958.627,467.512,958.219,467.358
26.847260,960.225,468.245,959.222,467.802
26.854690,960.225,468.245,959.724,468.023
26.864000,960.225,468.245,959.974,468.134
26.872220,960.225,468.245,960.100,468.189
26.880850,961.451,468.260,960.775,468.225
26.894670,961.451,468.260,961.113,468.242
26.901810,961.451,468.260,961.282,468.251
26.910730,962.342,467.449,961.812,467.850
26.918120,962.342,467.449,962.077,467.649
26.928310,962.342,467.449,962.210,467.549
26.935610,962.342,467.449,962.276,467.499
26.945010,964.111,467.726,963.193,467.613
26.955120,964.111,467.726,963.652,467.669
26.963980,964.111,467.726,963.881,467.698
26.974130,965.667,468.187,964.774,467.942
26.983320,965.667,468.187,965.221,468.065
26.991770,965.667,468.187,965.444,468.126
26.999380,966.096,467.637,965.770,467.881
27.008800,966.096,467.637,965.933,467.759
27.016680,966.096,467.637,966.014,467.698
27.026360,966.096,467.637,966.055,467.667
27.037810,966.623,467.120,966.339,467.394
27.049140,966.623,467.120,966.481,467.257
27.060590,968.247,466.890,967.364,467.074
27.068040,968.247,466.890,967.805,466.982
27.077200,968.247,466.890,968.026,466.936
27.084440,968.247,466.890,968.136,466.913
27.092050,969.893,466.471,969.015,466.692
27.101390,969.893,466.471,969.454,466.581
27.108940,969.893,466.471,969.673,466.526
27.117320,969.893,466.471,969.783,466.499
27.126760,970.831,465.704,970.307,466.101
27.134130,970.831,465.704,970.569,465.903
27.141270,970.831,465.704,970.700,465.804
27.149510,971.630,464.894,971.165,465.349
27.159350,971.630,464.894,971.398,465.122
27.166700,971.630,464.894,971.514,465.008
27.175940,971.630,464.894,971.572,464.951
27.183390,971.780,456.594,971.676,460.773
27.200320,971.780,456.594,971.728,458.684
27.211950,971.780,456.594,971.754,457.639
27.221190,971.780,456.594,971.767,457.117
27.237910,971.780,456.594,971.773,456.856
27.258990,971.780,456.594,971.776,456.725
27.274870,971.780,456.594,971.778,456.660
27.294440,971.780,456.594,971.779,456.627
27.308770,971.780,456.594,971.779,456.611
27.321230,971.780,456.594,971.779,456.603
27.333590,656.814,156.232,814.297,306.417
27.350900,656.814,156.232,735.555,231.325
27.368120,549.696,59.353,642.626,145.339
27.382130,549.696,59.353,596.161,102.346
27.391990,448.479,-42.534,522.320,29.906
27.405230,448.479,-42.534,485.400,-6.314
27.415670,448.479,-42.534,466.940,-24.424
27.427600,391.172,-97.830,429.056,-61.127
27.437510,391.172,-97.830,410.114,-79.478
27.446410,391.172,-97.830,400.643,-88.654
27.456350,349.239,-146.741,374.941,-117.698
27.467850,349.239,-146.741,362.090,-132.219
27.478500,349.239,-146.741,355.664,-139.480
27.491710,336.211,-144.212,345.937,-141.846
27.504180,336.211,-144.212,341.074,-143.029
27.518760,418.283,-97.807,379.678,-120.418
27.533000,418.283,-97.807,398.981,-109.113
27.545100,537.318,-23.823,468.149,-66.468
27.562430,537.318,-23.823,502.734,-45.145
27.577300,790.538,170.440,646.636,62.647
27.596280,790.538,170.440,718.587,116.543
27.609160,952.957,301.315,835.772,208.929
27.619490,952.957,301.315,894.364,255.122
27.632080,1022.275,357.406,958.320,306.264
27.643500,1022.275,357.406,990.298,331.835
27.655630,1022.275,357.406,1006.286,344.620
27.665850,1049.560,384.437,1027.923,364.529
27.677910,1049.560,384.437,1038.742,374.483
27.690160,1049.560,384.437,1044.151,379.460
27.699660,1059.364,394.514,1051.758,386.987
27.711600,1059.364,394.514,1055.561,390.750
27.725070,1066.836,402.509,1061.198,396.630
27.733160,1066.836,402.509,1064.017,399.569
27.743030,1066.836,402.509,1065.427,401.039
27.751620,1066.836,402.509,1066.131,401.774
27.761600,1068.207,408.251,1067.169,405.013
27.772200,1068.207,408.251,1067.688,406.632
27.781030,1068.207,408.251,1067.948,407.442
27.789460,1069.324,409.761,1068.636,408.601
27.799980,1069.324,409.761,1068.980,409.181
27.807860,1069.324,409.761,1069.152,409.471
27.817200,1070.436,410.229,1069.794,409.850
27.826210,1070.436,410.229,1070.115,410.039
27.833920,1070.436,410.229,1070.275,410.134
27.843030,1070.436,410.229,1070.356,410.181
27.851370,1074.576,413.659,1072.466,411.920
27.860910,1074.576,413.659,1073.521,412.789
27.868470,1074.576,413.659,1074.048,413.224
27.878210,1076.484,414.950,1075.266,414.087
27.885980,1076.484,414.950,1075.875,414.518
27.903350,1079.706,416.351,1077.791,415.435
27.922090,1079.706,416.351,1078.748,415.893
27.941910,1081.926,418.776,1080.337,417.335
27.956790,1081.926,418.776,1081.132,418.055
27.968930,1084.023,420.751,1082.577,419.403
27.981160,1084.023,420.751,1083.300,420.077
27.989570,1084.023,420.751,1083.661,420.414
27.999520,1085.135,422.735,1084.398,421.575
28.008840,1085.135,422.735,1084.766,422.155
28.015840,1085.135,422.735,1084.950,422.445
28.029320,1086.534,424.935,1085.742,423.690
28.040170,1086.534,424.935,1086.138,424.312
28.049010,1086.534,424.935,1086.336,424.624
28.056460,1087.580,425.469,1086.958,425.046
28.066240,1087.580,425.469,1087.269,425.258
28.078100,1087.580,425.469,1087.424,425.364
28.084430,1088.782,426.084,1088.103,425.724
28.095010,1088.782,426.084,1088.442,425.904
28.103720,1088.782,426.084,1088.612,425.994
28.114870,1089.259,426.404,1088.935,426.199
28.123370,1089.259,426.404,1089.097,426.301
28.130770,1089.259,426.404,1089.178,426.353
28.139960,1089.259,426.404,1089.218,426.378
28.148080,1089.893,426.417,1089.556,426.398
28.158000,1089.893,426.417,1089.725,426.408
28.168170,1089.893,426.417,1089.809,426.412
28.180070,1090.017,427.443,1089.913,426.928
28.192210,1090.017,427.443,1089.965,427.185
28.202220,1090.017,427.443,1089.991,427.314
28.214560,1089.854,427.612,1089.923,427.463
28.226440,1089.854,427.612,1089.889,427.538
28.236650,1089.185,427.521,1089.537,427.529
28.253660,1089.185,427.521,1089.361,427.525
28.266450,1088.516,428.005,1088.938,427.765
28.279730,1088.516,428.005,1088.728,427.885
28.291730,1088.516,428.005,1088.622,427.945
28.299960,1088.289,428.638,1088.456,428.291
28.312590,1088.289,428.638,1088.373,428.464
28.323410,1088.289,428.638,1088.331,428.551
28.332570,1088.476,428.698,1088.404,428.624
28.344190,1088.476,428.698,1088.440,428.661
28.353190,1088.476,428.698,1088.458,428.679
28.361590,1088.308,428.245,1088.383,428.462
28.371290,1088.308,428.245,1088.345,428.354
28.382890,1088.308,428.245,1088.326,428.299
28.394400,1088.064,428.283,1088.195,428.291
28.405310,1088.064,428.283,1088.130,428.287
28.415500,1088.064,428.283,1088.097,428.285
28.428700,1087.812,428.381,1087.954,428.333
28.440600,1087.812,428.381,1087.883,428.357
28.450990,1087.583,428.311,1087.733,428.334
28.461370,1087.583,428.311,1087.658,428.323
28.470590,1087.583,428.311,1087.620,428.317
28.483780,1087.484,428.128,1087.552,428.223
28.493880,1087.484,428.128,1087.518,428.176
28.501660,1087.484,428.128,1087.501,428.152
28.513340,1087.433,428.002,1087.467,428.077
28.523580,1087.433,428.002,1087.450,428.039
28.533470,1087.433,428.002,1087.442,428.021
28.545720,1087.215,427.766,1087.328,427.894
28.556760,1087.215,427.766,1087.272,427.830
28.567200,1087.215,427.766,1087.244,427.798
28.578020,1087.211,427.811,1087.227,427.804
28.588850,1087.211,427.811,1087.219,427.808
28.599230,1087.238,427.894,1087.229,427.851
28.610030,1087.238,427.894,1087.233,427.872
28.621690,1087.238,427.894,1087.236,427.883
28.631480,1087.336,428.066,1087.286,427.974
28.642060,1087.336,428.066,1087.311,428.020
28.650780,1087.336,428.066,1087.324,428.043
28.663010,1087.452,428.263,1087.388,428.153
28.671670,1087.452,428.263,1087.420,428.208
28.680570,1087.452,428.263,1087.436,428.235
28.690740,1087.420,428.342,1087.428,428.289
28.701640,1087.420,428.342,1087.424,428.316
28.709730,1087.420,428.342,1087.422,428.329
28.715780,1087.420,428.342,1087.421,428.336
28.723350,1087.192,428.282,1087.306,428.309
28.728130,1087.192,428.282,1087.249,428.296
28.733910,1087.192,428.282,1087.220,428.289
28.739040,1087.192,428.282,1087.206,428.286
28.743740,1087.192,428.282,1087.199,428.284
28.748630,1087.192,428.282,1087.195,428.283
28.754760,1069.954,431.082,1078.575,429.683
28.760180,1069.954,431.082,1074.264,430.382
28.765580,1069.954,431.082,1072.109,430.732
28.771470,1069.954,431.082,1071.031,430.907
28.777120,1069.954,431.082,1070.493,430.995
28.783310,1020.906,441.958,1045.699,436.476
28.789260,1020.906,441.958,1033.303,439.217
28.795330,1020.906,441.958,1027.104,440.588
28.802520,1020.906,441.958,1024.005,441.273
28.809050,964.760,457.301,994.383,449.287
28.816390,964.760,457.301,979.571,453.294
28.824850,964.760,457.301,972.166,455.297
28.833200,964.760,457.301,968.463,456.299
28.844240,920.067,467.577,944.265,461.938
28.858590,920.067,467.577,932.166,464.757
28.869390,920.067,467.577,926.117,466.167
28.878330,888.379,475.367,907.248,470.767
28.891970,888.379,475.367,897.814,473.067
28.901590,866.493,481.554,882.153,477.310
28.912260,866.493,481.554,874.323,479.432
28.922130,866.493,481.554,870.408,480.493
28.930750,851.901,484.990,861.154,482.741
28.941920,851.901,484.990,856.528,483.866
28.952680,851.901,484.990,854.214,484.428
28.960500,851.901,484.990,853.058,484.709
28.967060,842.699,487.885,847.878,486.297
28.974790,842.699,487.885,845.289,487.091
28.984000,842.699,487.885,843.994,487.488
28.990050,842.699,487.885,843.346,487.687
28.995340,837.158,488.426,840.252,488.056
29.000680,837.158,488.426,838.705,488.241
29.006400,837.158,488.426,837.932,488.334
29.013890,837.158,488.426,837.545,488.380
29.023610,832.478,489.268,835.012,488.824
29.031780,832.478,489.268,833.745,489.046
29.041890,832.478,489.268,833.111,489.157
29.050860,832.478,489.268,832.795,489.212
29.059310,828.834,489.789,830.814,489.500
29.068680,828.834,489.789,829.824,489.644
29.078230,828.834,489.789,829.329,489.717
29.086880,826.144,489.881,827.737,489.799
29.095120,826.144,489.881,826.941,489.840
29.103120,826.144,489.881,826.543,489.860
29.110470,826.144,489.881,826.343,489.871
29.121840,823.853,489.930,825.098,489.901
29.130660,823.853,489.930,824.475,489.915
29.138830,823.853,489.930,824.164,489.923
29.145540,822.339,489.837,823.251,489.880
29.155640,822.339,489.837,822.795,489.858
29.174000,820.920,489.726,821.858,489.792
29.183900,820.920,489.726,821.389,489.759
29.195070,820.920,489.726,821.154,489.742
29.204200,819.825,489.893,820.490,489.817
29.215040,819.825,489.893,820.157,489.855
29.225880,819.825,489.893,819.991,489.874
29.236880,835.439,489.870,827.715,489.872
29.248200,835.439,489.870,831.577,489.871
29.258920,835.439,489.870,833.508,489.870
29.268680,912.984,485.897,873.246,487.884
29.279920,912.984,485.897,893.115,486.890
29.290320,912.984,485.897,903.049,486.393
29.301330,1018.837,481.585,960.943,483.989
29.311180,1018.837,481.585,989.890,482.787
29.320740,1018.837,481.585,1004.363,482.186
29.332250,1104.835,480.519,1054.599,481.353
29.343250,1104.835,480.519,1079.717,480.936
29.350900,1104.835,480.519,1092.276,480.728
29.362000,1158.503,480.633,1125.389,480.680
29.373820,1158.503,480.633,1141.946,480.657
29.383440,1190.106,477.006,1166.026,478.832
29.394430,1190.106,477.006,1178.066,477.919
29.404950,1190.106,477.006,1184.086,477.463
29.419810,1211.034,474.233,1197.560,475.848
29.431170,1211.034,474.233,1204.297,475.040
29.439290,1211.034,474.233,1207.665,474.637
29.447040,1224.413,471.631,1216.039,473.134
29.457350,1224.413,471.631,1220.226,472.382
29.467600,1224.413,471.631,1222.319,472.007
29.477220,1202.127,461.111,1212.223,466.559
29.489810,1202.127,461.111,1207.175,463.835
29.500230,1202.127,461.111,1204.651,462.473
29.511020,1175.513,451.490,1190.082,456.981
29.522930,1175.513,451.490,1182.797,454.236
29.538440,1158.741,446.301,1170.769,450.268
29.546890,1158.741,446.301,1164.755,448.285
29.556540,1158.741,446.301,1161.748,447.293
29.568640,1144.236,441.915,1152.992,444.604
29.579230,1144.236,441.915,1148.614,443.260
29.587750,1144.236,441.915,1146.425,442.587
29.599410,1130.114,437.872,1138.270,440.230
29.607160,1130.114,437.872,1134.192,439.051
29.613660,1130.114,437.872,1132.153,438.461
29.625440,1118.435,435.204,1125.294,436.833
29.637200,1118.435,435.204,1121.865,436.018
29.645460,1118.435,435.204,1120.150,435.611
29.655070,1118.435,435.204,1119.292,435.408
29.661650,1108.715,432.667,1114.004,434.037
29.670340,1108.715,432.667,1111.360,433.352
29.677430,1108.715,432.667,1110.037,433.009
29.685090,1108.715,432.667,1109.376,432.838
29.692530,1100.336,430.428,1104.856,431.633
29.699950,1100.336,430.428,1102.596,431.031
29.707550,1100.336,430.428,1101.466,430.730
29.713930,1100.336,430.428,1100.901,430.579
29.726220,1094.413,428.243,1097.657,429.411
29.737010,1094.413,428.243,1096.035,428.827
29.743650,1094.413,428.243,1095.224,428.535
29.753590,1088.821,426.146,1092.023,427.340
29.767150,1088.821,426.146,1090.422,426.743
29.778400,1084.379,425.054,1087.401,425.899
29.787330,1084.379,425.054,1085.890,425.476
29.797620,1084.379,425.054,1085.135,425.265
29.804300,1084.379,425.054,1084.757,425.160
29.812630,1081.118,424.036,1082.937,424.598
29.819530,1081.118,424.036,1082.027,424.317
29.827600,1081.118,424.036,1081.573,424.177
29.833860,1081.118,424.036,1081.345,424.106
29.842190,1078.374,422.075,1079.859,423.091
29.848650,1078.374,422.075,1079.116,422.583
29.855750,1078.374,422.075,1078.745,422.329
29.862500,1078.374,422.075,1078.559,422.202
29.870980,1075.774,420.831,1077.167,421.516
29.878840,1075.774,420.831,1076.470,421.174
29.885760,1075.774,420.831,1076.122,421.002
29.891550,1075.774,420.831,1075.948,420.917
29.896430,1075.774,420.831,1075.861,420.874
29.904370,1050.241,419.209,1063.051,420.041
29.912670,1050.241,419.209,1056.646,419.625
29.919080,1050.241,419.209,1053.443,419.417
29.924830,1050.241,419.209,1051.842,419.313
29.931100,1007.100,416.740,1029.471,418.027
29.937360,1007.100,416.740,1018.285,417.383
29.945060,1007.100,416.740,1012.692,417.062
29.951400,1007.100,416.740,1009.896,416.901
29.956460,1007.100,416.740,1008.498,416.820
29.963210,970.757,417.729,989.627,417.275
29.969400,970.757,417.729,980.192,417.502
29.975550,970.757,417.729,975.474,417.615
29.979580,970.757,417.729,973.116,417.672
29.986650,970.757,417.729,971.936,417.700
29.997310,942.768,419.273,957.352,418.487
30.005630,942.768,419.273,950.060,418.880
30.013340,942.768,419.273,946.414,419.076
30.021140,922.341,417.634,934.377,418.355
30.028970,922.341,417.634,928.359,417.994
30.042410,922.341,417.634,925.350,417.814
30.059240,907.830,415.091,916.590,416.452
30.067690,907.830,415.091,912.210,415.772
30.076330,907.830,415.091,910.020,415.431
30.083150,898.810,414.171,904.415,414.801
30.092380,898.810,414.171,901.612,414.486
30.109150,892.730,414.943,897.171,414.715
30.118530,892.730,414.943,894.951,414.829
30.127890,892.730,414.943,893.841,414.886
30.135160,892.730,414.943,893.286,414.915
30.141740,887.404,417.082,890.345,415.998
30.146300,887.404,417.082,888.874,416.540
30.153120,887.404,417.082,888.139,416.811
30.160650,887.404,417.082,887.772,416.946
30.166680,887.404,417.082,887.588,417.014
30.173060,884.057,418.842,885.822,417.928
30.177410,884.057,418.842,884.940,418.385
30.184980,884.057,418.842,884.498,418.613
30.190700,884.057,418.842,884.277,418.727
30.195170,884.057,418.842,884.167,418.785
30.201040,880.915,418.967,882.541,418.876
30.206640,880.915,418.967,881.728,418.921
30.211570,880.915,418.967,881.322,418.944
30.217410,880.915,418.967,881.118,418.955
30.223250,880.915,418.967,881.017,418.961
30.227770,880.915,418.967,880.966,418.964
30.234330,878.637,418.935,879.802,418.949
30.239290,878.637,418.935,879.220,418.942
30.245130,878.637,418.935,878.929,418.938
30.254110,878.637,418.935,878.783,418.937
30.259260,876.476,418.432,877.629,418.684
30.264380,876.476,418.432,877.053,418.558
30.268900,876.476,418.432,876.764,418.495
30.277860,876.476,418.432,876.620,418.463
30.284380,876.476,418.432,876.548,418.448
30.292300,875.090,416.799,875.819,417.623
30.297330,875.090,416.799,875.455,417.211
30.303140,875.090,416.799,875.273,417.005
30.310690,875.090,416.799,875.181,416.902
30.316760,875.090,416.799,875.136,416.850
30.322630,874.084,415.659,874.610,416.255
30.329600,874.084,415.659,874.347,415.957
30.336100,874.084,415.659,874.215,415.808
30.343570,874.084,415.659,874.150,415.733
30.348800,874.084,415.659,874.117,415.696
30.355610,873.207,415.055,873.662,415.376
30.361450,873.207,415.055,873.435,415.215
30.367010,873.207,415.055,873.321,415.135
30.374430,873.207,415.055,873.264,415.095
30.382230,872.182,414.462,872.723,414.778
30.391350,872.182,414.462,872.453,414.620
30.405600,872.182,414.462,872.317,414.541
30.412800,871.160,414.370,871.739,414.455
30.420840,871.160,414.370,871.449,414.413
30.428200,871.160,414.370,871.305,414.391
30.434600,871.160,414.370,871.232,414.381
30.441580,868.242,414.408,869.737,414.394
30.448310,868.242,414.408,868.989,414.401
30.455690,868.242,414.408,868.616,414.404
30.462190,868.242,414.408,868.429,414.406
30.467640,868.242,414.408,868.335,414.407
30.474810,854.002,422.978,861.169,418.692
30.480080,854.002,422.978,857.585,420.835
30.489050,854.002,422.978,855.793,421.906
30.495940,854.002,422.978,854.898,422.442
30.500680,854.002,422.978,854.450,422.710
30.506470,830.610,439.061,842.530,430.885
30.511640,830.610,439.061,836.570,434.973
30.517080,830.610,439.061,833.590,437.017
30.521880,830.610,439.061,832.100,438.039
30.527020,830.610,439.061,831.355,438.550
30.532670,807.416,454.376,819.386,446.463
30.537930,807.416,454.376,813.401,450.419
30.543620,807.416,454.376,810.409,452.398
30.548760,807.416,454.376,808.912,453.387
30.553260,807.416,454.376,808.164,453.881
30.558980,807.416,454.376,807.790,454.128
30.563640,787.109,467.717,797.450,460.923
30.567890,787.109,467.717,792.279,464.320
30.574000,787.109,467.717,789.694,466.018
30.580130,787.109,467.717,788.401,466.867
30.584650,787.109,467.717,787.755,467.292
30.589620,787.109,467.717,787.432,467.504
30.597710,772.710,477.646,780.071,472.575
30.603820,772.710,477.646,776.391,475.110
30.609540,772.710,477.646,774.550,476.378
30.613800,772.710,477.646,773.630,477.012
30.618730,772.710,477.646,773.170,477.329
30.627030,762.938,484.504,768.054,480.917
30.632600,762.938,484.504,765.496,482.710
30.639350,762.938,484.504,764.217,483.607
30.644040,762.938,484.504,763.577,484.056
30.649090,762.938,484.504,763.257,484.280
30.654910,755.461,489.504,759.359,486.892
30.660310,755.461,489.504,757.410,488.198
30.666630,755.461,489.504,756.435,488.851
30.672690,755.461,489.504,755.948,489.178
30.678550,755.461,489.504,755.705,489.341
30.684180,750.279,493.526,752.992,491.434
30.689760,750.279,493.526,751.636,492.480
30.695080,750.279,493.526,750.957,493.003
30.701190,750.279,493.526,750.618,493.264
30.706370,750.279,493.526,750.449,493.395
30.713290,747.422,496.225,748.936,494.810
30.719120,747.422,496.225,748.179,495.517
30.724460,747.422,496.225,747.801,495.871
30.729910,747.422,496.225,747.612,496.048
30.735260,747.422,496.225,747.517,496.136
30.742960,747.422,496.225,747.470,496.181
30.751780,744.258,500.472,745.864,498.326
30.757880,744.258,500.472,745.061,499.399
30.763410,744.258,500.472,744.659,499.935
30.767710,744.258,500.472,744.458,500.203
30.775460,742.080,501.971,743.269,501.087
30.780690,742.080,501.971,742.675,501.529
30.787040,742.080,501.971,742.377,501.750
30.792730,742.080,501.971,742.229,501.861
30.797220,742.080,501.971,742.154,501.916
30.801670,742.080,501.971,742.117,501.944
30.808390,740.711,502.278,741.414,502.111
30.813410,740.711,502.278,741.062,502.195
30.819190,740.711,502.278,740.887,502.237
30.825590,740.711,502.278,740.799,502.258
30.830640,740.711,502.278,740.755,502.268
30.835810,739.145,503.116,739.950,502.692
30.842250,739.145,503.116,739.547,502.904
30.847610,739.145,503.116,739.346,503.010
30.853220,739.145,503.116,739.245,503.063
30.858290,739.145,503.116,739.195,503.089
30.862440,739.145,503.116,739.170,503.102
30.868810,737.897,505.296,738.533,504.199
30.875260,737.897,505.296,738.215,504.748
30.880570,737.897,505.296,738.056,505.022
30.886120,737.897,505.296,737.976,505.159
30.891300,737.897,505.296,737.936,505.228
30.896230,719.192,509.501,728.564,507.364
30.901900,719.192,509.501,723.878,508.432
30.908080,719.192,509.501,721.535,508.966
30.912740,719.192,509.501,720.364,509.234
30.917830,719.192,509.501,719.778,509.367
30.923670,567.053,517.703,643.415,513.535
30.928630,567.053,517.703,605.234,515.619
30.933770,567.053,517.703,586.144,516.661
30.940060,567.053,517.703,576.598,517.182
30.985430,341.602,312.349,459.100,414.765
31.000810,273.103,249.495,366.101,332.130
31.010630,273.103,249.495,319.602,290.813
31.016100,273.103,249.495,296.352,270.154
31.022180,273.103,249.495,284.728,259.825
31.034880,273.103,249.495,278.915,254.660
31.040280,273.103,249.495,276.009,252.078
31.046160,273.103,249.495,274.556,250.787
31.052040,273.103,249.495,273.829,250.141
31.057780,273.103,249.495,273.466,249.818
31.062040,273.103,249.495,273.284,249.657
31.066660,273.103,249.495,273.194,249.576
31.071590,273.103,249.495,273.148,249.536
31.077010,273.103,249.495,273.125,249.516
31.081160,273.103,249.495,273.114,249.505
31.085920,273.103,249.495,273.108,249.500
31.092260,273.103,249.495,273.106,249.498
31.097310,273.103,249.495,273.104,249.497
31.102400,273.103,249.495,273.103,249.496
31.108940,273.103,249.495,273.103,249.496
31.113120,273.103,249.495,273.103,249.496
31.118590,273.103,249.495,273.103,249.495
31.124700,273.103,249.495,273.103,249.495
31.128930,273.103,249.495,273.103,249.495
31.133320,273.103,249.495,273.103,249.495
31.138810,273.103,249.495,273.103,249.495
31.143310,273.103,249.495,273.103,249.495
31.148030,273.103,249.495,273.103,249.495
31.153300,273.103,249.495,273.103,249.495
31.157570,273.103,249.495,273.103,249.495
31.161320,273.103,249.495,273.103,249.495
31.165490,273.103,249.495,273.103,249.495
31.171270,273.103,249.495,273.103,249.495
31.176180,273.103,249.495,273.103,249.495
31.180570,273.103,249.495,273.103,249.495
31.185870,273.103,249.495,273.103,249.495
31.190230,273.103,249.495,273.103,249.495
31.194680,273.103,249.495,273.103,249.495
31.198780,273.103,249.495,273.103,249.495
31.203330,273.103,249.495,273.103,249.495
31.208250,273.103,249.495,273.103,249.495
31.213020,273.103,249.495,273.103,249.495
31.218240,273.103,249.495,273.103,249.495
31.222600,273.103,249.495,273.103,249.495
31.227570,273.103,249.495,273.103,249.495
31.233380,273.103,249.495,273.103,249.495
31.237950,273.103,249.495,273.103,249.495
31.242600,273.103,249.495,273.103,249.495
31.247670,273.103,249.495,273.103,249.495
31.252420,273.103,249.495,273.103,249.495
31.256840,273.103,249.495,273.103,249.495
31.261210,273.103,249.495,273.103,249.495
31.265970,273.103,249.495,273.103,249.495
31.271320,273.103,249.495,273.103,249.495
31.276590,273.103,249.495,273.103,249.495
31.281170,273.103,249.495,273.103,249.495
31.285600,273.103,249.495,273.103,249.495
31.290100,273.103,249.495,273.103,249.495
31.294210,273.103,249.495,273.103,249.495
31.299300,273.103,249.495,273.103,249.495
31.304320,273.103,249.495,273.103,249.495
31.308730,273.103,249.495,273.103,249.495
31.313820,273.103,249.495,273.103,249.495
31.319680,273.103,249.495,273.103,249.495
31.325070,273.103,249.495,273.103,249.495
31.329990,273.103,249.495,273.103,249.495
31.334260,273.103,249.495,273.103,249.495
31.339250,273.103,249.495,273.103,249.495
31.343600,273.103,249.495,273.103,249.495
31.347660,273.103,249.495,273.103,249.495
31.352380,273.103,249.495,273.103,249.495
31.357970,273.103,249.495,273.103,249.495
31.362940,273.103,249.495,273.103,249.495
31.368220,273.103,249.495,273.103,249.495
31.374140,273.103,249.495,273.103,249.495
31.379920,273.103,249.495,273.103,249.495
31.385390,273.103,249.495,273.103,249.495
31.393530,273.103,249.495,273.103,249.495
31.397860,273.103,249.495,273.103,249.495
31.404200,273.103,249.495,273.103,249.495
31.409570,273.103,249.495,273.103,249.495
31.416040,273.103,249.495,273.103,249.495
31.423040,273.103,249.495,273.103,249.495
31.428610,NN,NN,NN,NN
31.435010,NN,NN,NN,NN
31.439990,NN,NN,NN,NN
31.445270,NN,NN,NN,NN
31.450810,NN,NN,NN,NN
31.457120,NN,NN,NN,NN
31.462120,NN,NN,NN,NN
31.466990,NN,NN,NN,NN
31.472230,NN,NN,NN,NN
31.477860,NN,NN,NN,NN
31.483730,NN,NN,NN,NN
31.489920,NN,NN,NN,NN
31.495240,NN,NN,NN,NN
31.501310,NN,NN,NN,NN
31.506450,NN,NN,NN,NN
31.513170,NN,NN,NN,NN
31.519530,NN,NN,NN,NN
31.526010,NN,NN,NN,NN
31.533270,NN,NN,NN,NN
31.538840,NN,NN,NN,NN
31.544630,NN,NN,NN,NN
31.549330,NN,NN,NN,NN
31.554350,NN,NN,NN,NN
31.559920,NN,NN,NN,NN
31.564500,NN,NN,NN,NN
31.570030,NN,NN,NN,NN
31.575650,NN,NN,NN,NN
31.580050,NN,NN,NN,NN
31.585340,NN,NN,NN,NN
31.590510,NN,NN,NN,NN
31.594690,NN,NN,NN,NN
31.600260,NN,NN,NN,NN
31.606100,NN,NN,NN,NN
31.610590,NN,NN,NN,NN
31.615270,NN,NN,NN,NN
31.620620,NN,NN,NN,NN
31.625820,NN,NN,NN,NN
31.631010,NN,NN,NN,NN
31.636630,NN,NN,NN,NN
31.641720,NN,NN,NN,NN
31.646770,NN,NN,NN,NN
31.651570,NN,NN,NN,NN
31.656160,NN,NN,NN,NN
31.661480,NN,NN,NN,NN
31.667370,NN,NN,NN,NN
31.672760,NN,NN,NN,NN
31.678300,NN,NN,NN,NN
31.684230,NN,NN,NN,NN
31.689740,NN,NN,NN,NN
31.695210,NN,NN,NN,NN
31.700150,NN,NN,NN,NN
31.704960,NN,NN,NN,NN
31.710580,NN,NN,NN,NN
31.715640,NN,NN,NN,NN
31.720950,NN,NN,NN,NN
31.727300,NN,NN,NN,NN
31.732580,NN,NN,NN,NN
31.737090,NN,NN,NN,NN
31.744080,NN,NN,NN,NN
31.751140,NN,NN,NN,NN
31.757680,NN,NN,NN,NN
31.763330,NN,NN,NN,NN
31.769560,NN,NN,NN,NN
31.776030,NN,NN,NN,NN
31.781110,NN,NN,NN,NN
31.785710,NN,NN,NN,NN
31.790160,NN,NN,NN,NN
31.794780,NN,NN,NN,NN
31.799070,NN,NN,NN,NN
31.803450,NN,NN,NN,NN
31.809010,NN,NN,NN,NN
31.813950,NN,NN,NN,NN
31.819150,NN,NN,NN,NN
31.824660,NN,NN,NN,NN
31.830380,NN,NN,NN,NN
31.836010,NN,NN,NN,NN
31.841100,NN,NN,NN,NN
31.846650,NN,NN,NN,NN
31.852860,NN,NN,NN,NN
31.858130,NN,NN,NN,NN
31.863310,NN,NN,NN,NN
31.868120,NN,NN,NN,NN
31.874520,NN,NN,NN,NN
31.879460,NN,NN,NN,NN
31.885560,NN,NN,NN,NN
31.890870,NN,NN,NN,NN
31.895650,NN,NN,NN,NN
31.900670,NN,NN,NN,NN
31.906800,NN,NN,NN,NN
31.913140,NN,NN,NN,NN
31.919210,NN,NN,NN,NN
31.923830,NN,NN,NN,NN
31.929480,NN,NN,NN,NN
31.935280,NN,NN,NN,NN
31.940160,NN,NN,NN,NN
31.944420,NN,NN,NN,NN
31.948430,NN,NN,NN,NN
31.954180,NN,NN,NN,NN
31.958690,NN,NN,NN,NN
31.964270,NN,NN,NN,NN
31.969510,NN,NN,NN,NN
31.973960,NN,NN,NN,NN
31.977900,NN,NN,NN,NN
31.981990,NN,NN,NN,NN
31.986240,NN,NN,NN,NN
31.990700,NN,NN,NN,NN
31.996000,NN,NN,NN,NN
32.000390,NN,NN,NN,NN
32.005220,NN,NN,NN,NN
32.011290,NN,NN,NN,NN
32.017690,NN,NN,NN,NN
32.023160,NN,NN,NN,NN
32.028830,NN,NN,NN,NN
32.033930,NN,NN,NN,NN
32.039250,NN,NN,NN,NN
32.045120,NN,NN,NN,NN
32.049560,NN,NN,NN,NN
32.054990,NN,NN,NN,NN
32.060010,NN,NN,NN,NN
32.064410,NN,NN,NN,NN
32.069120,NN,NN,NN,NN
32.074910,NN,NN,NN,NN
32.078990,NN,NN,NN,NN
32.084890,NN,NN,NN,NN
32.090550,NN,NN,NN,NN
32.094760,NN,NN,NN,NN
32.100080,NN,NN,NN,NN
32.104720,NN,NN,NN,NN
32.109150,NN,NN,NN,NN
32.113570,NN,NN,NN,NN
32.120080,NN,NN,NN,NN
32.125210,NN,NN,NN,NN
32.129280,NN,NN,NN,NN
32.134810,NN,NN,NN,NN
32.138990,NN,NN,NN,NN
32.143200,NN,NN,NN,NN
32.148560,NN,NN,NN,NN
32.153560,NN,NN,NN,NN
32.158220,NN,NN,NN,NN
32.163350,NN,NN,NN,NN
32.168910,NN,NN,NN,NN
32.174590,NN,NN,NN,NN
32.179250,NN,NN,NN,NN
32.185420,NN,NN,NN,NN
32.191520,NN,NN,NN,NN
32.196740,NN,NN,NN,NN
32.202820,NN,NN,NN,NN
32.209180,NN,NN,NN,NN
32.213580,NN,NN,NN,NN
32.219170,NN,NN,NN,NN
32.226280,NN,NN,NN,NN
32.231510,NN,NN,NN,NN
32.238540,NN,NN,NN,NN
32.244350,NN,NN,NN,NN
32.249640,NN,NN,NN,NN
32.257900,NN,NN,NN,NN
32.262600,NN,NN,NN,NN
32.268200,NN,NN,NN,NN
32.281270,NN,NN,NN,NN
32.287120,NN,NN,NN,NN
32.292910,NN,NN,NN,NN
32.297950,NN,NN,NN,NN
32.303610,NN,NN,NN,NN
32.309020,NN,NN,NN,NN
32.314140,NN,NN,NN,NN
32.319890,NN,NN,NN,NN
32.326350,NN,NN,NN,NN
32.330860,NN,NN,NN,NN
32.336460,NN,NN,NN,NN
32.342290,NN,NN,NN,NN
32.347950,NN,NN,NN,NN
32.353940,NN,NN,NN,NN
32.358840,NN,NN,NN,NN
32.365570,NN,NN,NN,NN
32.371150,NN,NN,NN,NN
32.376300,NN,NN,NN,NN
32.382300,NN,NN,NN,NN
32.388390,NN,NN,NN,NN
32.392890,NN,NN,NN,NN
32.398930,NN,NN,NN,NN
32.406100,NN,NN,NN,NN
32.412530,NN,NN,NN,NN
32.419290,NN,NN,NN,NN
32.425730,NN,NN,NN,NN
32.431950,NN,NN,NN,NN
32.437550,NN,NN,NN,NN
32.441670,NN,NN,NN,NN
32.446930,NN,NN,NN,NN
32.452790,NN,NN,NN,NN
32.457000,NN,NN,NN,NN
32.460750,NN,NN,NN,NN
32.464550,NN,NN,NN,NN
32.468760,NN,NN,NN,NN
32.472980,NN,NN,NN,NN
32.478570,NN,NN,NN,NN
32.483410,NN,NN,NN,NN
32.487600,NN,NN,NN,NN
32.492000,NN,NN,NN,NN
32.495930,NN,NN,NN,NN
32.500210,NN,NN,NN,NN
32.504230,NN,NN,NN,NN
32.510890,NN,NN,NN,NN
32.515690,NN,NN,NN,NN
32.520030,NN,NN,NN,NN
32.524540,NN,NN,NN,NN
32.529110,-775.136,297.510,-251.016,273.502
32.533130,-775.136,297.510,-513.076,285.506
32.538310,-775.136,297.510,-644.106,291.508
32.543130,-775.136,297.510,-709.621,294.509
32.547270,-775.136,297.510,-742.378,296.009
32.552320,-775.136,297.510,-758.757,296.759
32.557980,-706.228,313.131,-732.492,304.945
32.563250,-706.228,313.131,-719.360,309.038
32.568700,-706.228,313.131,-712.794,311.085
32.573760,-706.228,313.131,-709.511,312.108
32.577970,-706.228,313.131,-707.869,312.620
32.581680,-706.228,313.131,-707.048,312.876
32.586910,-527.828,155.775,-617.438,234.325
32.591610,-527.828,155.775,-572.633,195.050
32.597250,-527.828,155.775,-550.231,175.412
32.602880,-527.828,155.775,-539.030,165.593
32.607180,-527.828,155.775,-533.429,160.684
32.611500,-527.828,155.775,-530.629,158.229
32.618290,-194.175,84.147,-362.402,121.188
32.623810,-194.175,84.147,-278.288,102.668
32.628360,-194.175,84.147,-236.231,93.407
32.634250,-194.175,84.147,-215.203,88.777
32.639690,-194.175,84.147,-204.689,86.462
32.644750,-194.175,84.147,-199.432,85.305
32.649090,76.359,-27.630,-61.536,28.837
32.653620,76.359,-27.630,7.411,0.603
32.659770,76.359,-27.630,41.885,-13.514
32.665530,76.359,-27.630,59.122,-20.572
32.669590,76.359,-27.630,67.740,-24.101
32.675380,76.359,-27.630,72.050,-25.866
32.681850,209.761,-99.425,140.905,-62.646
32.686560,209.761,-99.425,175.333,-81.035
32.692770,209.761,-99.425,192.547,-90.230
32.697180,209.761,-99.425,201.154,-94.828
32.702430,209.761,-99.425,205.457,-97.127
32.707810,265.133,-83.966,235.295,-90.546
32.712750,265.133,-83.966,250.214,-87.256
32.717340,265.133,-83.966,257.673,-85.611
32.723430,265.133,-83.966,261.403,-84.789
32.729710,265.133,-83.966,263.268,-84.378
32.736010,265.133,-83.966,264.200,-84.172
32.742500,285.340,-77.294,274.770,-80.733
32.747990,285.340,-77.294,280.055,-79.013
32.753020,285.340,-77.294,282.697,-78.154
32.758400,285.340,-77.294,284.019,-77.724
32.762570,285.340,-77.294,284.679,-77.509
32.767060,291.689,-91.393,288.184,-84.451
32.774990,291.689,-91.393,289.937,-87.922
32.779790,291.689,-91.393,290.813,-89.658
32.784810,291.689,-91.393,291.251,-90.526
32.789630,291.689,-91.393,291.470,-90.960
32.794200,291.689,-91.393,291.580,-91.177
32.799550,296.233,-103.678,293.906,-97.427
32.805410,296.233,-103.678,295.070,-100.552
32.810880,296.233,-103.678,295.652,-102.115
32.814800,296.233,-103.678,295.943,-102.896
32.819510,296.233,-103.678,296.088,-103.287
32.823940,296.233,-103.678,296.161,-103.482
32.827980,389.080,-93.751,342.620,-98.617
32.832070,389.080,-93.751,365.850,-96.184
32.838290,389.080,-93.751,377.465,-94.968
32.842930,389.080,-93.751,383.273,-94.359
32.847240,389.080,-93.751,386.176,-94.055
32.851650,389.080,-93.751,387.628,-93.903
32.855960,389.080,-93.751,388.354,-93.827
32.860920,498.055,-62.566,443.204,-78.196
32.866870,498.055,-62.566,470.630,-70.381
32.873410,498.055,-62.566,484.342,-66.473
32.878980,498.055,-62.566,491.199,-64.519
32.883710,498.055,-62.566,494.627,-63.542
32.888450,565.226,-32.549,529.926,-48.046
32.892770,565.226,-32.549,547.576,-40.297
32.896840,565.226,-32.549,556.401,-36.423
32.903030,565.226,-32.549,560.814,-34.486
32.907560,565.226,-32.549,563.020,-33.517
32.911970,565.226,-32.549,564.123,-33.033
32.917610,565.226,-32.549,564.675,-32.791
32.922530,600.750,-13.915,582.712,-23.353
32.926940,600.750,-13.915,591.731,-18.634
32.931490,600.750,-13.915,596.240,-16.274
32.936210,600.750,-13.915,598.495,-15.094
32.941570,600.750,-13.915,599.622,-14.505
32.945630,600.750,-13.915,600.186,-14.210
32.949920,619.394,-2.002,609.790,-8.106
32.953900,619.394,-2.002,614.592,-5.054
32.958000,619.394,-2.002,616.993,-3.528
32.964090,619.394,-2.002,618.193,-2.765
32.968600,619.394,-2.002,618.793,-2.383
32.973020,619.394,-2.002,619.093,-2.193
32.977620,619.394,-2.002,619.243,-2.097
32.983190,630.987,4.914,625.115,1.409
32.987500,630.987,4.914,628.051,3.161
32.994800,630.987,4.914,629.519,4.038
33.000500,630.987,4.914,630.253,4.476
33.007380,630.987,4.914,630.620,4.695
33.012630,637.055,11.107,633.838,7.901
33.017180,637.055,11.107,635.446,9.504
33.024190,637.055,11.107,636.251,10.306
33.029500,637.055,11.107,636.653,10.707
33.033940,637.055,11.107,636.854,10.907
33.040470,619.228,23.453,628.041,17.180
33.044770,619.228,23.453,623.634,20.316
33.048890,619.228,23.453,621.431,21.885
33.055030,619.228,23.453,620.329,22.669
33.059420,619.228,23.453,619.779,23.061
33.063270,619.228,23.453,619.503,23.257
33.069290,600.738,35.415,610.121,29.336
33.074130,600.738,35.415,605.429,32.376
33.078410,600.738,35.415,603.084,33.895
33.084090,600.738,35.415,601.911,34.655
33.090580,600.738,35.415,601.324,35.035
33.094720,600.738,35.415,601.031,35.225
33.099930,587.331,44.926,594.181,40.075
33.104550,587.331,44.926,590.756,42.501
33.109600,587.331,44.926,589.043,43.713
33.146380,578.050,49.564,583.547,46.639
35.292290,953.676,19.030,768.611,32.834
35.314900,951.973,-47.172,860.292,-7.169
35.322040,951.973,-47.172,906.133,-27.171
35.328570,951.973,-47.172,929.053,-37.171
35.335630,949.932,-48.572,939.492,-42.872
35.343930,949.932,-48.572,944.712,-45.722
35.352170,949.932,-48.572,947.322,-47.147
35.360540,949.932,-48.572,948.627,-47.859
35.367660,949.151,-51.290,948.889,-49.575
35.374150,949.151,-51.290,949.020,-50.432
35.383380,949.151,-51.290,949.085,-50.861
35.390400,949.151,-51.290,949.118,-51.076
35.398140,949.267,-52.550,949.192,-51.813
35.406300,949.267,-52.550,949.230,-52.181
35.416410,949.267,-52.550,949.248,-52.366
35.422830,949.267,-52.550,949.257,-52.458
35.433180,948.878,-53.887,949.068,-53.172
35.443240,948.878,-53.887,948.973,-53.530
35.450640,948.878,-53.887,948.926,-53.709
35.457110,953.669,-35.839,951.297,-44.774
35.466660,953.669,-35.839,952.483,-40.306
35.476100,953.669,-35.839,953.076,-38.072
35.482800,953.669,-35.839,953.373,-36.956
35.490610,972.764,72.451,963.068,17.748
35.500960,972.764,72.451,967.916,45.099
35.508850,972.764,72.451,970.340,58.775
35.515780,989.390,183.146,979.865,120.960
35.523720,989.390,183.146,984.627,152.053
35.533070,989.390,183.146,987.008,167.600
35.540750,989.390,183.146,988.199,175.373
35.548410,999.820,251.749,994.009,213.561
35.556780,999.820,251.749,996.914,232.655
35.565360,999.820,251.749,998.367,242.202
35.572810,999.820,251.749,999.093,246.975
35.581340,1005.103,285.018,1002.098,265.997
35.590710,1005.103,285.018,1003.600,275.507
35.598530,1005.103,285.018,1004.351,280.263
35.605930,1005.103,285.018,1004.727,282.640
35.614190,1007.264,295.875,1005.996,289.258
35.622630,1007.264,295.875,1006.630,292.567
35.630890,1007.264,295.875,1006.947,294.221
35.637030,1011.468,325.043,1009.207,309.632
35.646930,1011.468,325.043,1010.338,317.338
35.655310,1011.468,325.043,1010.903,321.191
35.663000,1011.468,325.043,1011.185,323.117
35.670010,1011.570,354.973,1011.378,339.045
35.678720,1011.570,354.973,1011.474,347.009
35.686550,1011.570,354.973,1011.522,350.991
35.695050,1011.570,354.973,1011.546,352.982
35.702440,1011.177,370.458,1011.362,361.720
35.711410,1011.177,370.458,1011.270,366.089
35.718960,1011.177,370.458,1011.224,368.274
35.727950,1013.067,380.234,1012.145,374.254
35.735470,1013.067,380.234,1012.606,377.244
35.743930,1013.067,380.234,1012.837,378.739
35.751440,1013.067,380.234,1012.952,379.487
35.762520,1015.621,382.873,1014.287,381.180
35.771640,1015.621,382.873,1014.954,382.027
35.781850,1015.621,382.873,1015.288,382.450
35.791020,1015.621,382.873,1015.455,382.662
35.800080,1015.621,382.873,1015.538,382.768
35.811580,1015.621,382.873,1015.580,382.820
35.819190,1015.621,382.873,1015.601,382.847
35.828130,1015.621,382.873,1015.611,382.860
35.838620,1015.621,382.873,1015.616,382.867
35.849710,1015.621,382.873,1015.619,382.870
35.859570,1015.621,382.873,1015.620,382.872
35.869880,1015.621,382.873,1015.621,382.872
35.880450,1015.621,382.873,1015.621,382.873
35.887470,1015.621,382.873,1015.621,382.873
35.897760,1015.621,382.873,1015.621,382.873
35.903950,1015.621,382.873,1015.621,382.873
35.913710,1015.621,382.873,1015.621,382.873
35.922410,1015.621,382.873,1015.621,382.873
35.930820,1015.621,382.873,1015.621,382.873
35.937390,1015.621,382.873,1015.621,382.873
35.946800,1015.621,382.873,1015.621,382.873
35.954940,1015.621,382.873,1015.621,382.873
35.963680,1015.621,382.873,1015.621,382.873
35.970700,1180.858,309.543,1098.240,346.208
35.977770,1180.858,309.543,1139.549,327.875
35.987430,1180.858,309.543,1160.203,318.709
35.994330,1180.858,309.543,1170.531,314.126
36.001770,1207.810,318.589,1189.170,316.357
36.011760,1207.810,318.589,1198.490,317.473
36.017340,1207.810,318.589,1203.150,318.031
36.024670,1207.810,318.589,1205.480,318.310
36.031710,1185.944,339.450,1195.712,328.880
36.039530,1185.944,339.450,1190.828,334.165
36.047420,1185.944,339.450,1188.386,336.808
36.054930,1185.944,339.450,1187.165,338.129
36.062550,1164.497,357.492,1175.831,347.810
36.070430,1164.497,357.492,1170.164,352.651
36.079510,1164.497,357.492,1167.330,355.071
36.087230,1164.497,357.492,1165.913,356.282
36.095560,1148.163,372.598,1157.038,364.440
36.104970,1148.163,372.598,1152.600,368.519
36.113840,1148.163,372.598,1150.381,370.558
36.121820,1133.730,384.138,1142.056,377.348
36.130450,1133.730,384.138,1137.893,380.743
36.140060,1133.730,384.138,1135.812,382.441
36.149890,1133.730,384.138,1134.771,383.290
36.158530,1122.276,391.324,1128.523,387.307
36.167340,1122.276,391.324,1125.400,389.315
36.175330,1122.276,391.324,1123.838,390.319
36.185010,1114.009,396.068,1118.924,393.194
36.194240,1114.009,396.068,1116.466,394.631
36.201090,1114.009,396.068,1115.238,395.349
36.209040,1114.009,396.068,1114.624,395.709
36.218700,1109.221,398.849,1111.922,397.279
36.227550,1109.221,398.849,1110.572,398.064
36.234660,1109.221,398.849,1109.896,398.457
36.244060,1104.131,398.930,1107.014,398.693
36.250080,1104.131,398.930,1105.572,398.812
36.257980,1104.131,398.930,1104.852,398.871
36.265640,1104.131,398.930,1104.491,398.901
36.275580,1099.866,399.724,1102.179,399.312
36.282660,1099.866,399.724,1101.022,399.518
36.292880,1099.866,399.724,1100.444,399.621
36.302510,1073.997,371.850,1087.221,385.736
36.309100,1073.997,371.850,1080.609,378.793
36.315790,1073.997,371.850,1077.303,375.321
36.323410,1073.997,371.850,1075.650,373.586
36.330660,1073.997,371.850,1074.824,372.718
36.338230,1023.829,302.595,1049.326,337.656
36.346180,1023.829,302.595,1036.577,320.126
36.353680,1023.829,302.595,1030.203,311.360
36.361760,973.168,236.040,1001.685,273.700
36.368990,973.168,236.040,987.427,254.870
36.377560,973.168,236.040,980.297,245.455
36.384150,973.168,236.040,976.733,240.747
36.390100,973.168,236.040,974.950,238.393
36.399810,941.876,190.706,958.413,214.550
36.406390,941.876,190.706,950.145,202.628
36.414380,941.876,190.706,946.010,196.667
36.421420,941.876,190.706,943.943,193.687
36.431250,923.493,168.044,933.718,180.865
36.438860,923.493,168.044,928.606,174.455
36.447450,923.493,168.044,926.049,171.249
36.454700,912.122,156.037,919.086,163.643
36.463610,912.122,156.037,915.604,159.840
36.471060,912.122,156.037,913.863,157.939
36.479530,912.122,156.037,912.992,156.988
36.486590,904.942,150.644,908.967,153.816
36.494810,904.942,150.644,906.954,152.230
36.501640,904.942,150.644,905.948,151.437
36.508530,904.942,150.644,905.445,151.040
36.516980,903.416,148.577,904.431,149.809
36.524010,903.416,148.577,903.924,149.193
36.531920,903.416,148.577,903.670,148.885
36.538470,903.416,148.577,903.543,148.731
36.546520,902.208,146.337,902.876,147.534
36.554020,902.208,146.337,902.542,146.935
36.562740,902.208,146.337,902.375,146.636
36.569220,902.208,146.337,902.292,146.486
36.577980,901.958,143.948,902.125,145.217
36.585100,901.958,143.948,902.041,144.582
36.593680,901.958,143.948,901.999,144.265
36.600310,901.958,143.948,901.978,144.106
36.607200,925.380,154.704,913.679,149.405
36.613270,925.380,154.704,919.529,152.055
36.621990,925.380,154.704,922.455,153.380
36.634540,942.909,163.804,932.682,158.592
36.644550,942.909,163.804,937.795,161.198
36.657210,942.909,163.804,940.352,162.501
36.665100,969.910,176.799,955.131,169.650
36.672730,969.910,176.799,962.520,173.224
36.681030,969.910,176.799,966.215,175.012
36.688030,969.910,176.799,968.063,175.905
36.696710,998.071,189.736,983.067,182.821
36.703580,998.071,189.736,990.569,186.278
36.712540,998.071,189.736,994.320,188.007
36.719240,998.071,189.736,996.196,188.872
36.727580,1024.556,204.229,1010.376,196.550
36.735140,1024.556,204.229,1017.466,200.390
36.743640,1024.556,204.229,1021.011,202.309
36.750210,1024.556,204.229,1022.784,203.269
36.756650,1042.796,216.380,1032.790,209.824
36.764630,1042.796,216.380,1037.792,213.102
36.773210,1042.796,216.380,1040.294,214.741
36.780370,1042.796,216.380,1041.545,215.561
36.789080,1057.951,227.661,1049.748,221.611
36.797620,1057.951,227.661,1053.849,224.636
36.805370,1057.951,227.661,1055.900,226.149
36.813030,1057.951,227.661,1056.925,226.905
36.820720,1067.525,233.556,1062.225,230.230
36.828770,1067.525,233.556,1064.875,231.893
36.835750,1067.525,233.556,1066.200,232.724
36.842380,1067.525,233.556,1066.863,233.140
36.850420,1076.817,238.007,1071.840,235.573
36.857600,1076.817,238.007,1074.328,236.790
36.865680,1076.817,238.007,1075.573,237.399
36.872810,1076.817,238.007,1076.195,237.703
36.881000,1080.021,240.665,1078.108,239.184
36.887680,1080.021,240.665,1079.064,239.925
36.897330,1080.021,240.665,1079.543,240.295
36.902780,1080.021,240.665,1079.782,240.480
36.909810,1016.689,297.935,1048.235,269.208
36.917430,1016.689,297.935,1032.462,283.572
36.925770,1016.689,297.935,1024.575,290.754
36.932540,1016.689,297.935,1020.632,294.345
36.940660,919.709,391.045,970.170,342.695
36.946760,919.709,391.045,944.940,366.870
36.954190,919.709,391.045,932.324,378.958
36.961880,919.709,391.045,926.016,385.001
36.968430,852.731,462.320,889.374,423.661
36.976460,852.731,462.320,871.052,442.990
36.984440,852.731,462.320,861.892,452.655
36.996700,819.923,498.786,840.907,475.720
37.002950,819.923,498.786,830.415,487.253
37.011280,819.923,498.786,825.169,493.019
37.017560,819.923,498.786,822.546,495.903
37.025040,801.726,519.757,812.136,507.830
37.032400,801.726,519.757,806.931,513.794
37.040380,801.726,519.757,804.328,516.775
37.047370,801.726,519.757,803.027,518.266
37.054700,819.327,518.671,811.177,518.468
37.062480,819.327,518.671,815.252,518.570
37.070170,819.327,518.671,817.290,518.620
37.078210,819.327,518.671,818.309,518.645
37.084430,819.327,518.671,818.818,518.658
37.091070,850.739,500.950,834.778,509.804
37.099340,850.739,500.950,842.759,505.377
37.107100,850.739,500.950,846.749,503.163
37.114030,850.739,500.950,848.744,502.056
37.121990,867.354,488.579,858.049,495.318
37.130580,867.354,488.579,862.701,491.948
37.138180,867.354,488.579,865.027,490.264
37.147160,876.474,481.429,870.751,485.847
37.154340,876.474,481.429,873.613,483.638
37.163790,876.474,481.429,875.044,482.534
37.170440,876.474,481.429,875.759,481.982
37.180000,881.750,478.046,878.755,480.014
37.188300,881.750,478.046,880.253,479.030
37.197190,881.750,478.046,881.002,478.538
37.204670,881.750,478.046,881.376,478.292
37.213020,885.934,474.892,883.655,476.592
37.219860,885.934,474.892,884.795,475.742
37.228680,885.934,474.892,885.364,475.317
37.235180,885.934,474.892,885.649,475.104
37.243100,890.878,471.074,888.263,473.089
37.250170,890.878,471.074,889.571,472.082
37.257530,890.878,471.074,890.224,471.578
37.264910,890.878,471.074,890.551,471.326
37.272530,898.865,462.452,894.708,466.889
37.279400,898.865,462.452,896.787,464.670
37.287300,898.865,462.452,897.826,463.561
37.295230,898.865,462.452,898.346,463.006
37.303040,908.884,452.007,903.615,457.507
37.309670,908.884,452.007,906.250,454.757
37.318880,908.884,452.007,907.567,453.382
37.327390,908.884,452.007,908.226,452.695
37.334220,917.825,444.471,913.025,448.583
37.345480,917.825,444.471,915.425,446.527
37.351340,917.825,444.471,916.625,445.499
37.357740,917.825,444.471,917.225,444.985
37.366170,924.956,437.571,921.090,441.278
37.373320,924.956,437.571,923.023,439.425
37.381230,924.956,437.571,923.989,438.498
37.387080,924.956,437.571,924.472,438.034
37.396640,931.988,432.060,928.230,435.047
37.403270,931.988,432.060,930.109,433.554
37.412500,931.988,432.060,931.049,432.807
37.420240,936.290,427.680,933.669,430.243
37.428730,936.290,427.680,934.980,428.962
37.435780,936.290,427.680,935.635,428.321
37.444350,936.290,427.680,935.962,428.000
37.451210,938.580,423.927,937.271,425.964
37.457750,938.580,423.927,937.926,424.945
37.466470,938.580,423.927,938.253,424.436
37.475880,938.580,423.927,938.417,424.182
37.483070,938.574,418.439,938.495,421.310
37.489850,938.574,418.439,938.535,419.875
37.498610,938.574,418.439,938.554,419.157
37.506080,938.574,418.439,938.564,418.798
37.514080,941.591,418.397,940.078,418.597
37.521700,941.591,418.397,940.834,418.497
37.530000,941.591,418.397,941.213,418.447
37.537090,941.794,415.501,941.504,416.974
37.544820,941.794,415.501,941.649,416.238
37.552100,941.794,415.501,941.722,415.870
37.559320,941.794,415.501,941.758,415.686
37.565220,941.794,415.501,941.776,415.593
37.573490,942.348,410.558,942.062,413.076
37.581540,942.348,410.558,942.205,411.817
37.589090,942.348,410.558,942.277,411.187
37.596600,942.348,410.558,942.312,410.873
37.604360,945.228,408.941,943.770,409.907
37.611920,945.228,408.941,944.499,409.424
37.619650,945.228,408.941,944.864,409.182
37.627370,948.673,406.562,946.768,407.872
37.635350,948.673,406.562,947.721,407.217
37.643210,948.673,406.562,948.197,406.890
37.651730,948.673,406.562,948.435,406.726
37.661180,951.379,405.925,949.907,406.326
37.669110,951.379,405.925,950.643,406.125
37.677150,951.379,405.925,951.011,406.025
37.683910,951.379,405.925,951.195,405.975
37.691140,953.069,404.757,952.132,405.366
37.699780,953.069,404.757,952.600,405.062
37.707130,953.069,404.757,952.835,404.909
37.715860,953.069,404.757,952.952,404.833
37.723700,952.970,401.071,952.961,402.952
37.731340,952.970,401.071,952.965,402.011
37.739610,952.970,401.071,952.968,401.541
37.746210,952.970,401.071,952.969,401.306
37.754810,954.480,399.115,953.724,400.211
37.762830,954.480,399.115,954.102,399.663
37.770560,954.480,399.115,954.291,399.389
37.776800,954.480,399.115,954.386,399.252
37.784540,954.780,399.158,954.583,399.205
37.790960,954.780,399.158,954.682,399.181
37.800460,954.780,399.158,954.731,399.169
37.808530,954.780,399.158,954.756,399.164
37.815780,954.819,398.877,954.787,399.020
37.822850,954.819,398.877,954.803,398.949
37.831310,954.819,398.877,954.811,398.913
37.840050,955.625,399.175,955.218,399.044
37.848370,955.625,399.175,955.422,399.110
37.855570,955.625,399.175,955.523,399.143
37.864120,955.625,399.175,955.574,399.159
37.871780,955.698,399.088,955.636,399.124
37.880110,955.698,399.088,955.667,399.106
37.888770,955.698,399.088,955.682,399.097
37.896980,955.698,399.088,955.690,399.092
37.905550,955.735,398.567,955.713,398.830
37.913990,955.735,398.567,955.724,398.698
37.921560,955.735,398.567,955.729,398.633
37.929180,955.735,398.567,955.732,398.600
37.935940,955.939,398.533,955.836,398.566
37.943220,955.939,398.533,955.887,398.550
37.951900,955.939,398.533,955.913,398.541
37.959320,955.939,398.533,955.926,398.537
37.966160,956.370,398.526,956.148,398.532
37.973240,956.370,398.526,956.259,398.529
37.982190,956.370,398.526,956.314,398.528
37.988950,956.370,398.526,956.342,398.527
37.997830,956.267,398.372,956.305,398.450
38.006030,956.267,398.372,956.286,398.411
38.014560,956.267,398.372,956.276,398.392
38.021930,956.824,398.519,956.550,398.455
38.030190,956.824,398.519,956.687,398.487
38.038230,956.824,398.519,956.755,398.503
38.046070,956.824,398.519,956.789,398.511
38.053530,956.986,398.404,956.888,398.457
38.062480,956.986,398.404,956.937,398.430
38.070300,956.986,398.404,956.961,398.417
38.076810,956.986,398.404,956.973,398.410
38.085040,957.150,398.861,957.062,398.636
38.093340,957.150,398.861,957.106,398.748
38.100920,957.150,398.861,957.128,398.805
38.107550,957.150,398.861,957.139,398.833
38.116310,957.114,399.353,957.127,399.093
38.124120,957.114,399.353,957.121,399.223
38.132940,957.114,399.353,957.117,399.288
38.139690,957.114,399.353,957.116,399.320
38.148910,957.168,399.881,957.142,399.601
38.157290,957.168,399.881,957.155,399.741
38.166070,957.168,399.881,957.162,399.811
38.171620,957.168,399.881,957.165,399.846
38.180810,957.200,399.980,957.183,399.913
38.189190,957.200,399.980,957.191,399.947
38.197360,957.200,399.980,957.196,399.964
38.204250,956.877,399.087,957.036,399.525
38.212640,956.877,399.087,956.957,399.306
38.220340,956.877,399.087,956.917,399.197
38.229840,956.877,399.087,956.897,399.142
38.238020,956.637,398.487,956.767,398.814
38.245840,956.637,398.487,956.702,398.651
38.254190,956.637,398.487,956.669,398.569
38.262990,956.443,397.876,956.556,398.223
38.270680,956.443,397.876,956.499,398.050
38.280020,956.443,397.876,956.471,397.963
38.287070,956.443,397.876,956.457,397.920
38.294360,956.291,396.835,956.374,397.377
38.302430,956.291,396.835,956.333,397.106
38.310370,956.291,396.835,956.312,396.971
38.317990,956.291,396.835,956.302,396.903
38.324510,955.766,396.713,956.034,396.808
38.332440,955.766,396.713,955.900,396.760
38.340290,955.766,396.713,955.833,396.737
38.347950,955.766,396.713,955.800,396.725
38.353680,955.812,396.705,955.806,396.715
38.363690,955.812,396.705,955.809,396.710
38.372540,955.812,396.705,955.811,396.708
38.380580,955.812,396.705,955.811,396.706
38.387720,955.443,396.525,955.627,396.616
38.395980,955.443,396.525,955.535,396.570
38.403530,955.443,396.525,955.489,396.548
38.410870,955.443,396.525,955.466,396.536
38.418530,955.200,396.493,955.333,396.515
38.426040,955.200,396.493,955.267,396.504
38.434010,955.200,396.493,955.233,396.498
38.442660,955.200,396.493,955.217,396.496
38.450320,955.264,396.476,955.241,396.486
38.457860,955.264,396.476,955.252,396.481
38.465910,955.264,396.476,955.258,396.478
38.474170,954.881,396.448,955.070,396.463
38.482350,954.881,396.448,954.975,396.456
38.490200,954.881,396.448,954.928,396.452
38.498110,954.881,396.448,954.904,396.450
38.504930,954.900,396.674,954.902,396.562
38.513100,954.900,396.674,954.901,396.618
38.521220,954.900,396.674,954.900,396.646
38.528860,954.900,396.674,954.900,396.660
38.536820,954.874,396.755,954.887,396.707
38.544980,954.874,396.755,954.880,396.731
38.553370,954.874,396.755,954.877,396.743
38.562120,954.874,396.755,954.875,396.749
38.568700,954.629,396.895,954.752,396.822
38.575130,954.629,396.895,954.690,396.859
38.583990,954.629,396.895,954.660,396.877
38.590830,954.629,396.895,954.644,396.886
38.598770,954.231,398.026,954.438,397.456
38.604490,954.231,398.026,954.334,397.741
38.614300,954.231,398.026,954.282,397.883
38.621030,954.231,398.026,954.257,397.954
38.629420,953.937,398.397,954.097,398.176
38.635920,953.937,398.397,954.017,398.286
38.643240,953.937,398.397,953.977,398.342
38.649080,953.937,398.397,953.957,398.369
38.653470,953.937,398.397,953.947,398.383
38.659800,953.782,399.051,953.864,398.717
38.664120,953.782,399.051,953.823,398.884
38.669040,953.782,399.051,953.802,398.967
38.675140,953.782,399.051,953.792,399.009
38.680590,953.782,399.051,953.787,399.030
38.684780,953.782,399.051,953.784,399.040
38.691120,954.029,399.721,953.907,399.380
38.696500,954.029,399.721,953.968,399.550
38.701650,954.029,399.721,953.999,399.635
38.707760,954.029,399.721,954.014,399.678
38.720800,953.677,400.828,953.845,400.253
38.727320,953.677,400.828,953.761,400.540
38.733120,953.677,400.828,953.719,400.684
38.739090,953.677,400.828,953.698,400.756
38.752700,953.454,401.656,953.576,401.206
38.761700,953.454,401.656,953.515,401.431
38.769300,953.454,401.656,953.485,401.543
38.776310,953.704,401.799,953.595,401.671
38.784650,953.704,401.799,953.649,401.735
38.792910,953.704,401.799,953.677,401.767
38.798850,953.704,401.799,953.691,401.783
38.803550,953.704,401.799,953.698,401.791
38.808590,953.941,402.335,953.819,402.063
38.813900,953.941,402.335,953.880,402.199
38.818110,953.941,402.335,953.910,402.267
38.823230,953.941,402.335,953.925,402.301
38.829350,953.941,402.335,953.933,402.318
38.834680,953.941,402.335,953.937,402.327
38.839650,954.181,403.003,954.059,402.665
38.845440,954.181,403.003,954.120,402.834
38.851410,954.181,403.003,954.150,402.919
38.857120,954.181,403.003,954.166,402.961
38.862790,954.181,403.003,954.173,402.982
38.867990,954.100,403.548,954.137,403.265
38.872420,954.100,403.548,954.118,403.407
38.878720,954.100,403.548,954.109,403.477
38.884160,954.100,403.548,954.104,403.513
38.889600,954.100,403.548,954.102,403.531
38.895810,954.100,403.548,954.101,403.539
38.900770,953.898,403.986,954.000,403.763
38.905220,953.898,403.986,953.949,403.875
38.911000,953.898,403.986,953.924,403.930
38.915520,953.898,403.986,953.911,403.958
38.919580,953.898,403.986,953.905,403.972
38.924100,953.898,403.986,953.902,403.979
38.929720,954.160,405.194,954.031,404.586
38.934070,954.160,405.194,954.096,404.890
38.939280,954.160,405.194,954.128,405.042
38.945240,954.160,405.194,954.144,405.118
38.949820,954.160,405.194,954.152,405.156
38.955110,954.160,405.194,954.156,405.175
38.961070,953.976,405.995,954.066,405.585
38.965930,953.976,405.995,954.021,405.790
38.970650,953.976,405.995,953.998,405.892
38.977170,953.976,405.995,953.987,405.944
38.981680,953.976,405.995,953.981,405.969
38.986850,953.976,405.995,953.978,405.982
38.994160,954.159,406.895,954.069,406.439
38.998980,954.159,406.895,954.114,406.667
39.004560,954.159,406.895,954.137,406.781
39.010060,954.159,406.895,954.148,406.838
39.013950,954.159,406.895,954.154,406.867
39.019790,953.813,408.624,953.983,407.746
39.025790,953.813,408.624,953.898,408.185
39.030720,953.813,408.624,953.856,408.405
39.036640,953.813,408.624,953.834,408.515
39.042460,953.813,408.624,953.824,408.570
39.047710,953.613,410.206,953.718,409.388
39.053140,953.613,410.206,953.666,409.797
39.058370,953.613,410.206,953.639,410.001
39.064980,953.613,410.206,953.626,410.104
39.070900,953.613,410.206,953.619,410.155
39.076510,953.613,410.206,953.616,410.180
39.082330,953.010,412.148,953.313,411.164
39.086370,953.010,412.148,953.161,411.656
39.091610,953.010,412.148,953.085,411.902
39.097730,953.010,412.148,953.048,412.025
39.102370,953.010,412.148,953.029,412.086
39.107380,953.010,412.148,953.019,412.117
39.114110,952.491,413.346,952.755,412.731
39.118410,952.491,413.346,952.623,413.039
39.124380,952.491,413.346,952.557,413.192
39.130130,952.491,413.346,952.524,413.269
39.134210,952.491,413.346,952.507,413.307
39.138030,952.491,413.346,952.499,413.327
39.143940,952.278,413.910,952.389,413.618
39.148570,952.278,413.910,952.333,413.764
39.153440,952.278,413.910,952.306,413.837
39.159360,952.278,413.910,952.292,413.874
39.163770,952.278,413.910,952.285,413.892
39.168310,952.278,413.910,952.282,413.901
39.174220,952.174,414.628,952.228,414.265
39.179310,952.174,414.628,952.201,414.447
39.184350,952.174,414.628,952.187,414.537
39.190020,952.174,414.628,952.181,414.583
39.195160,952.174,414.628,952.177,414.606
39.200030,952.286,415.195,952.231,414.900
39.206170,952.286,415.195,952.259,415.048
39.212200,952.286,415.195,952.272,415.121
39.217950,952.286,415.195,952.279,415.158
39.223890,952.286,415.195,952.282,415.176
39.229090,952.286,415.195,952.284,415.186
39.235020,951.695,416.186,951.989,415.686
39.240300,951.695,416.186,951.842,415.936
39.245710,951.695,416.186,951.768,416.061
39.250690,951.695,416.186,951.731,416.123
39.255170,951.695,416.186,951.713,416.155
39.260520,950.913,417.283,951.313,416.719
39.266270,950.913,417.283,951.113,417.001
39.271520,950.913,417.283,951.013,417.142
39.277850,950.913,417.283,950.963,417.213
39.283000,950.913,417.283,950.938,417.248
39.287430,950.913,417.283,950.926,417.266
39.293300,950.360,418.412,950.643,417.839
39.298150,950.360,418.412,950.501,418.125
39.304550,950.360,418.412,950.430,418.269
39.310410,950.360,418.412,950.395,418.340
39.315370,950.360,418.412,950.377,418.376
39.319040,950.360,418.412,950.369,418.394
39.324680,943.012,420.521,946.690,419.457
39.331340,943.012,420.521,944.851,419.989
39.336520,943.012,420.521,943.932,420.255
39.341880,943.012,420.521,943.472,420.388
39.346970,943.012,420.521,943.242,420.454
39.351940,921.377,424.136,932.310,422.295
39.356980,921.377,424.136,926.843,423.215
39.362930,921.377,424.136,924.110,423.676
39.367390,921.377,424.136,922.744,423.906
39.372990,921.377,424.136,922.061,424.021
39.377860,921.377,424.136,921.719,424.078
39.382640,891.962,428.904,906.841,426.491
39.387840,891.962,428.904,899.401,427.698
39.393390,891.962,428.904,895.682,428.301
39.398510,891.962,428.904,893.822,428.603
39.403900,891.962,428.904,892.892,428.754
39.408920,891.962,428.904,892.427,428.829
39.414410,855.838,434.273,874.133,431.551
39.419630,855.838,434.273,864.985,432.912
39.425650,855.838,434.273,860.412,433.593
39.431050,855.838,434.273,858.125,433.933
39.435770,855.838,434.273,856.981,434.103
39.440470,751.556,436.635,804.268,435.369
39.446070,751.556,436.635,777.912,436.002
39.450920,751.556,436.635,764.734,436.319
39.456000,751.556,436.635,758.145,436.477
39.461840,751.556,436.635,754.850,436.556
39.466620,751.556,436.635,753.203,436.596
39.471080,751.556,436.635,752.379,436.615
39.477040,643.063,430.326,697.721,433.471
39.483540,643.063,430.326,670.392,431.898
39.489890,643.063,430.326,656.728,431.112
39.495130,643.063,430.326,649.896,430.719
39.500510,643.063,430.326,646.479,430.522
39.505260,563.671,422.085,605.075,426.304
39.510410,563.671,422.085,584.373,424.194
39.516370,563.671,422.085,574.022,423.140
39.521510,563.671,422.085,568.847,422.612
39.526690,563.671,422.085,566.259,422.349
39.531840,563.671,422.085,564.965,422.217
39.536380,502.159,420.867,533.562,421.542
39.541610,502.159,420.867,517.860,421.204
39.547570,502.159,420.867,510.010,421.035
39.552090,502.159,420.867,506.084,420.951
39.557010,502.159,420.867,504.122,420.909
39.563400,502.159,420.867,503.140,420.888
39.568430,462.631,421.205,482.886,421.046
39.573080,462.631,421.205,472.758,421.126
39.579200,462.631,421.205,467.695,421.165
39.583330,462.631,421.205,465.163,421.185
39.587730,462.631,421.205,463.897,421.195
39.593960,375.155,422.842,419.526,422.019
39.599080,375.155,422.842,397.340,422.430
39.603550,375.155,422.842,386.248,422.636
39.610340,375.155,422.842,380.701,422.739
39.615330,375.155,422.842,377.928,422.790
39.619100,375.155,422.842,376.541,422.816
39.625240,291.689,435.164,334.115,428.990
39.630910,291.689,435.164,312.902,432.077
39.635940,291.689,435.164,302.295,433.620
39.640950,291.689,435.164,296.992,434.392
39.645830,291.689,435.164,294.340,434.778
39.649610,291.689,435.164,293.015,434.971
39.654760,231.940,450.294,262.477,442.632
39.660760,231.940,450.294,247.209,446.463
39.665670,231.940,450.294,239.575,448.378
39.670680,231.940,450.294,235.757,449.336
39.675740,231.940,450.294,233.849,449.815
39.680550,231.940,450.294,232.895,450.054
39.685740,197.372,452.100,215.133,451.077
39.691550,197.372,452.100,206.252,451.589
39.696630,197.372,452.100,201.812,451.844
39.701930,197.372,452.100,199.592,451.972
39.706620,197.372,452.100,198.482,452.036
39.711410,197.372,452.100,197.927,452.068
39.716980,176.389,460.439,187.158,456.253
39.722770,176.389,460.439,181.773,458.346
39.728840,176.389,460.439,179.081,459.392
39.734410,176.389,460.439,177.735,459.916
39.739560,176.389,460.439,177.062,460.177
39.744600,176.389,460.439,176.725,460.308
39.750390,165.049,471.179,170.887,465.743
39.755180,165.049,471.179,167.968,468.461
39.761170,165.049,471.179,166.509,469.820
39.766470,165.049,471.179,165.779,470.499
39.771190,165.049,471.179,165.414,470.839
39.777080,154.815,475.269,160.115,473.054
39.782960,154.815,475.269,157.465,474.162
39.788520,154.815,475.269,156.140,474.716
39.794740,154.815,475.269,155.478,474.992
39.800100,154.815,475.269,155.147,475.131
39.805940,148.831,475.337,151.989,475.234
39.812230,148.831,475.337,150.410,475.286
39.817000,148.831,475.337,149.621,475.311
39.822470,148.831,475.337,149.226,475.324
39.829060,148.831,475.337,149.029,475.331
39.833630,148.831,475.337,148.930,475.334
39.838480,139.575,480.770,144.252,478.052
39.844700,139.575,480.770,141.913,479.411
39.850470,139.575,480.770,140.744,480.091
39.855650,139.575,480.770,140.159,480.430
39.861890,139.575,480.770,139.867,480.600
39.866630,138.754,481.780,139.311,481.190
39.871000,138.754,481.780,139.032,481.485
39.876650,138.754,481.780,138.893,481.632
39.882080,138.754,481.780,138.824,481.706
39.886940,138.754,481.780,138.789,481.743
39.893520,138.754,481.780,138.771,481.761
39.898660,135.791,482.659,137.281,482.210
39.903770,135.791,482.659,136.536,482.435
39.910350,135.791,482.659,136.163,482.547
39.915640,135.791,482.659,135.977,482.603
39.920570,135.791,482.659,135.884,482.631
39.926120,133.408,484.472,134.646,483.552
39.931330,133.408,484.472,134.027,484.012
39.937100,133.408,484.472,133.718,484.242
39.944090,133.408,484.472,133.563,484.357
39.949150,133.408,484.472,133.486,484.415
39.954200,133.408,484.472,133.447,484.443
39.960060,128.019,482.482,130.733,483.463
39.965020,128.019,482.482,129.376,482.972
39.970760,128.019,482.482,128.697,482.727
39.976390,128.019,482.482,128.358,482.604
39.981770,128.019,482.482,128.188,482.543
39.986470,124.214,479.123,126.201,480.833
39.992680,124.214,479.123,125.208,479.978
39.998400,124.214,479.123,124.711,479.550
40.003880,124.214,479.123,124.462,479.336
40.009750,124.214,479.123,124.338,479.229
40.015950,124.214,479.123,124.276,479.176
40.022810,122.919,476.695,123.598,477.935
40.029960,122.919,476.695,123.259,477.315
40.035880,122.919,476.695,123.089,477.005
40.042160,122.919,476.695,123.004,476.850
40.048350,121.380,475.847,122.192,476.348
40.053320,121.380,475.847,121.786,476.097
40.060000,121.380,475.847,121.583,475.972
40.074940,121.380,475.847,121.481,475.909
40.080240,119.300,473.370,120.390,474.640
40.084340,119.300,473.370,119.845,474.005
40.090350,119.300,473.370,119.572,473.687
40.095740,119.300,473.370,119.436,473.528
40.100390,119.300,473.370,119.368,473.449
40.105280,119.300,473.370,119.334,473.409
40.112230,117.642,471.254,118.488,472.332
40.116940,117.642,471.254,118.065,471.793
40.122310,117.642,471.254,117.853,471.523
40.127490,117.642,471.254,117.748,471.389
40.132580,117.642,471.254,117.695,471.321
40.136930,117.642,471.254,117.668,471.288
40.143410,116.717,468.765,117.193,470.026
40.149230,116.717,468.765,116.955,469.395
40.154710,116.717,468.765,116.836,469.080
40.160640,116.717,468.765,116.777,468.922
40.165430,116.717,468.765,116.747,468.843
40.171590,115.811,466.989,116.279,467.916
40.177340,115.811,466.989,116.045,467.452
40.182850,115.811,466.989,115.928,467.220
40.187810,115.811,466.989,115.870,467.104
40.193310,115.811,466.989,115.841,467.046
40.199420,115.326,465.621,115.584,466.334
40.205570,115.326,465.621,115.455,465.977
40.211830,115.326,465.621,115.391,465.799
40.217140,115.326,465.621,115.359,465.710
40.221810,115.326,465.621,115.343,465.666
40.226460,115.326,465.621,115.334,465.643
40.232390,114.354,464.847,114.844,465.245
40.246040,114.354,464.847,114.599,465.046
40.252810,114.354,464.847,114.477,464.947
40.258660,113.045,464.664,113.761,464.805
40.265870,113.045,464.664,113.403,464.735
40.272090,113.045,464.664,113.224,464.699
40.279510,113.045,464.664,113.134,464.681
40.285310,113.045,464.664,113.090,464.673
40.292140,113.249,463.562,113.169,464.117
40.297650,113.249,463.562,113.209,463.839
40.303280,113.249,463.562,113.229,463.701
40.308690,113.249,463.562,113.239,463.631
40.314410,113.249,463.562,113.244,463.596
40.319840,111.935,463.012,112.590,463.304
40.326150,111.935,463.012,112.263,463.158
40.331930,111.935,463.012,112.099,463.085
40.336300,111.935,463.012,112.017,463.049
40.341700,111.935,463.012,111.976,463.031
40.346570,111.935,463.012,111.956,463.021
40.351420,111.390,461.991,111.673,462.506
40.356210,111.390,461.991,111.531,462.248
40.362180,111.390,461.991,111.461,462.120
40.367210,111.390,461.991,111.425,462.055
40.372010,111.390,461.991,111.408,462.023
40.377440,111.390,461.991,111.399,462.007
40.382710,110.602,461.580,111.000,461.793
40.387450,110.602,461.580,110.801,461.687
40.394440,110.602,461.580,110.701,461.633
40.398850,110.602,461.580,110.652,461.606
40.403130,110.602,461.580,110.627,461.593
40.408070,110.602,461.580,110.614,461.586
40.413510,109.618,461.826,110.116,461.706
40.418590,109.618,461.826,109.867,461.766
40.424850,109.618,461.826,109.742,461.796
40.431020,109.618,461.826,109.680,461.811
40.435800,109.618,461.826,109.649,461.819
40.441260,110.330,461.036,109.990,461.427
40.447740,110.330,461.036,110.160,461.231
40.454190,110.330,461.036,110.245,461.134
40.460100,110.330,461.036,110.288,461.085
40.464920,110.330,461.036,110.309,461.060
40.469770,110.413,461.310,110.361,461.185
40.474460,110.413,461.310,110.387,461.248
40.479070,110.413,461.310,110.400,461.279
40.485890,110.413,461.310,110.406,461.295
40.492480,110.413,461.310,110.410,461.303
40.497770,110.413,461.310,110.411,461.307
40.503010,110.064,461.867,110.237,461.587
40.508000,110.064,461.867,110.150,461.727
40.514310,110.064,461.867,110.107,461.797
40.518970,110.064,461.867,110.085,461.832
40.523290,110.064,461.867,110.074,461.849
40.528740,110.064,461.867,110.069,461.858
40.534070,109.604,462.034,109.837,461.946
40.538950,109.604,462.034,109.721,461.990
40.545810,109.604,462.034,109.662,462.012
40.550390,109.604,462.034,109.633,462.023
40.554690,109.604,462.034,109.619,462.028
40.559270,109.604,462.034,109.612,462.031
40.564530,109.676,461.617,109.644,461.824
40.568910,109.676,461.617,109.660,461.720
40.574200,109.676,461.617,109.668,461.669
40.580040,109.676,461.617,109.672,461.643
40.584490,109.676,461.617,109.674,461.630
40.589660,109.676,461.617,109.675,461.623
40.596140,109.612,460.907,109.644,461.265
40.601430,109.612,460.907,109.628,461.086
40.607300,109.612,460.907,109.620,460.997
40.612750,109.612,460.907,109.616,460.952
40.617280,109.612,460.907,109.614,460.929
40.623490,110.136,460.349,109.875,460.639
40.629670,110.136,460.349,110.006,460.494
40.634780,110.136,460.349,110.071,460.422
40.640490,110.136,460.349,110.104,460.386
40.645160,110.136,460.349,110.120,460.368
40.649730,110.136,460.349,110.128,460.358
40.655610,110.047,460.190,110.087,460.274
40.661320,110.047,460.190,110.067,460.232
40.667660,110.047,460.190,110.057,460.211
40.672870,110.047,460.190,110.052,460.200
40.678310,110.047,460.190,110.049,460.195
40.684040,110.795,459.955,110.422,460.075
40.689090,110.795,459.955,110.609,460.015
40.694560,110.795,459.955,110.702,459.985
40.699690,110.795,459.955,110.749,459.970
40.704720,110.795,459.955,110.772,459.963
40.710640,110.795,459.955,110.784,459.959
40.716340,111.482,460.095,111.133,460.027
40.721130,111.482,460.095,111.307,460.061
40.727010,111.482,460.095,111.395,460.078
40.732920,111.482,460.095,111.438,460.087
40.738530,111.482,460.095,111.460,460.091
40.745090,111.286,459.934,111.373,460.012
40.750990,111.286,459.934,111.329,459.973
40.756740,111.286,459.934,111.308,459.953
40.762580,111.286,459.934,111.297,459.944
40.766990,111.286,459.934,111.291,459.939
40.771810,111.518,459.664,111.405,459.801
40.778900,111.518,459.664,111.461,459.733
40.784130,111.518,459.664,111.490,459.698
40.789180,111.518,459.664,111.504,459.681
40.794730,111.518,459.664,111.511,459.673
40.799960,111.518,459.664,111.515,459.668
40.805140,111.935,459.764,111.725,459.716
40.812090,111.935,459.764,111.830,459.740
40.817430,111.935,459.764,111.882,459.752
40.822990,111.935,459.764,111.908,459.758
40.829160,111.935,459.764,111.921,459.761
40.834280,112.088,459.350,112.005,459.555
40.839290,112.088,459.350,112.046,459.453
40.845200,112.088,459.350,112.067,459.401
40.850110,112.088,459.350,112.078,459.375
40.854840,112.088,459.350,112.083,459.363
40.860570,112.088,459.350,112.085,459.356
40.865670,111.838,459.069,111.962,459.212
40.870220,111.838,459.069,111.900,459.141
40.875580,111.838,459.069,111.869,459.105
40.880800,111.838,459.069,111.854,459.087
40.885950,111.838,459.069,111.846,459.078
40.891650,111.838,459.069,111.842,459.073
40.898010,112.206,459.449,112.024,459.261
40.903880,112.206,459.449,112.115,459.355
40.910530,112.206,459.449,112.160,459.402
40.916340,112.206,459.449,112.183,459.425
40.921010,112.206,459.449,112.194,459.437
40.925710,111.455,465.315,111.825,462.376
40.930820,111.455,465.315,111.640,463.846
40.936080,111.455,465.315,111.548,464.581
40.941240,111.455,465.315,111.502,464.948
40.946810,111.455,465.315,111.478,465.132
40.951250,111.455,465.315,111.467,465.224
40.956700,111.278,514.967,111.373,490.095
40.962610,111.278,514.967,111.326,502.531
40.968260,111.278,514.967,111.302,508.749
40.973380,111.278,514.967,111.290,511.858
40.979430,111.278,514.967,111.284,513.412
40.984470,109.758,590.552,110.521,551.982
40.989530,109.758,590.552,110.140,571.267
40.995510,109.758,590.552,109.949,580.910
41.001110,109.758,590.552,109.854,585.731
41.005650,109.758,590.552,109.806,588.142
41.012340,109.758,590.552,109.782,589.347
41.017170,103.218,655.357,106.500,622.352
41.021840,103.218,655.357,104.859,638.854
41.028870,103.218,655.357,104.039,647.106
41.033830,103.218,655.357,103.628,651.231
41.038670,103.218,655.357,103.423,653.294
41.045520,93.368,694.621,98.396,673.957
41.050620,93.368,694.621,95.882,684.289
41.055500,93.368,694.621,94.625,689.455
41.061040,93.368,694.621,93.996,692.038
41.066840,93.368,694.621,93.682,693.329
41.071380,93.368,694.621,93.525,693.975
41.076550,94.600,717.011,94.062,705.493
41.081790,94.600,717.011,94.331,711.252
41.087680,94.600,717.011,94.465,714.131
41.093880,94.600,717.011,94.532,715.571
41.097900,94.600,717.011,94.566,716.291
41.103160,94.600,717.011,94.583,716.651
41.109670,103.216,728.072,98.899,722.361
41.115940,103.216,728.072,101.058,725.216
41.122550,103.216,728.072,102.137,726.644
41.128600,103.216,728.072,102.676,727.358
41.134020,95.139,767.335,98.908,747.346
41.139520,95.139,767.335,97.024,757.341
41.145100,95.139,767.335,96.081,762.338
41.151260,95.139,767.335,95.610,764.836
41.155740,95.139,767.335,95.375,766.085
41.161610,95.139,767.335,95.257,766.710
41.166900,104.110,782.996,99.683,774.853
41.172300,104.110,782.996,101.897,778.925
41.179730,104.110,782.996,103.003,780.960
41.185320,104.110,782.996,103.557,781.978
41.189920,104.110,782.996,103.833,782.487
41.195690,85.381,818.225,94.607,800.356
41.200450,85.381,818.225,89.994,809.290
41.205120,85.381,818.225,87.687,813.757
41.212110,85.381,818.225,86.534,815.991
41.216800,85.381,818.225,85.958,817.108
41.221110,85.381,818.225,85.669,817.666
41.226940,84.264,823.038,84.966,820.352
41.232250,84.264,823.038,84.615,821.695
41.237400,84.264,823.038,84.439,822.367
41.243940,84.264,823.038,84.352,822.702
41.249540,84.264,823.038,84.308,822.870
41.255540,78.012,833.699,81.160,828.284
41.261130,78.012,833.699,79.586,830.992
41.266380,78.012,833.699,78.799,832.345
41.271430,78.012,833.699,78.406,833.022
41.277050,78.012,833.699,78.209,833.360
41.282910,78.012,833.699,78.111,833.529
41.289630,71.523,845.846,74.817,839.688
41.300920,71.523,845.846,73.170,842.767
41.309040,71.523,845.846,72.347,844.306
41.314560,67.475,854.216,69.911,849.261
41.319690,67.475,854.216,68.693,851.739
41.325250,67.475,854.216,68.084,852.977
41.331340,67.475,854.216,67.779,853.597
41.336390,67.475,854.216,67.627,853.906
41.341590,67.475,854.216,67.551,854.061
41.346860,78.127,856.762,72.839,855.411
41.352410,78.127,856.762,75.483,856.086
41.357700,78.127,856.762,76.805,856.424
41.363210,78.127,856.762,77.466,856.593
41.368320,78.127,856.762,77.796,856.677
41.374360,78.127,856.762,77.961,856.719
41.381650,81.602,860.045,79.782,858.382
41.386630,81.602,860.045,80.692,859.213
41.392730,81.602,860.045,81.147,859.629
41.398720,81.602,860.045,81.374,859.837
41.404370,81.602,860.045,81.488,859.941
41.411380,82.742,860.757,82.115,860.349
41.417020,82.742,860.757,82.428,860.553
41.422000,82.742,860.757,82.585,860.655
41.427310,82.742,860.757,82.663,860.706
41.432180,82.742,860.757,82.703,860.732
41.445330,82.487,863.991,82.595,862.361
41.451090,82.487,863.991,82.541,863.176
41.456260,82.487,863.991,82.514,863.583
41.461640,82.487,863.991,82.500,863.787
41.467130,81.504,867.701,82.002,865.744
41.471770,81.504,867.701,81.753,866.722
41.477490,81.504,867.701,81.629,867.212
41.483090,81.504,867.701,81.566,867.456
41.487820,81.504,867.701,81.535,867.579
41.493170,81.504,867.701,81.520,867.640
41.499570,79.294,873.210,80.407,870.425
41.505640,79.294,873.210,79.850,871.818
41.512770,79.294,873.210,79.572,872.514
41.517600,79.294,873.210,79.433,872.862
41.522480,79.294,873.210,79.363,873.036
41.527270,75.639,877.585,77.501,875.310
41.532490,75.639,877.585,76.570,876.448
41.536830,75.639,877.585,76.104,877.016
41.542920,75.639,877.585,75.871,877.301
41.548030,75.639,877.585,75.755,877.443
41.552440,75.639,877.585,75.697,877.514
41.557340,75.639,877.585,75.668,877.549
41.563390,70.401,884.289,73.035,880.919
41.567980,70.401,884.289,71.718,882.604
41.573810,70.401,884.289,71.060,883.446
41.578990,70.401,884.289,70.730,883.868
41.583190,70.401,884.289,70.566,884.078
41.587790,65.363,889.153,67.965,886.615
41.593470,65.363,889.153,66.664,887.884
41.599590,65.363,889.153,66.014,888.518
41.604630,65.363,889.153,65.689,888.835
41.609080,65.363,889.153,65.526,888.994
41.614360,65.363,889.153,65.445,889.073
41.619510,61.128,893.385,63.286,891.229
41.625100,61.128,893.385,62.207,892.307
41.630750,61.128,893.385,61.667,892.846
41.636510,61.128,893.385,61.398,893.115
41.641380,61.128,893.385,61.263,893.250
41.646320,61.128,893.385,61.195,893.318
41.651840,56.316,897.128,58.755,895.223
41.656600,56.316,897.128,57.535,896.175
41.662460,56.316,897.128,56.925,896.651
41.667070,56.316,897.128,56.620,896.890
41.671480,56.316,897.128,56.468,897.009
41.677090,56.316,897.128,56.392,897.068
41.682850,52.487,900.780,54.440,898.924
41.687830,52.487,900.780,53.463,899.852
41.693820,52.487,900.780,52.975,900.316
41.699130,52.487,900.780,52.731,900.548
41.703080,52.487,900.780,52.609,900.664
41.708270,49.732,904.112,51.171,902.388
41.714150,49.732,904.112,50.451,903.250
41.718820,49.732,904.112,50.092,903.681
41.723990,49.732,904.112,49.912,903.897
41.729550,49.732,904.112,49.822,904.004
41.734930,49.732,904.112,49.777,904.058
41.739960,46.468,907.524,48.122,905.791
41.745350,46.468,907.524,47.295,906.657
41.758310,46.468,907.524,46.881,907.090
41.764330,46.468,907.524,46.675,907.307
41.769230,44.526,908.985,45.600,908.146
41.774150,44.526,908.985,45.063,908.565
41.779290,44.526,908.985,44.795,908.775
41.784560,44.526,908.985,44.660,908.880
41.789510,44.526,908.985,44.593,908.932
41.794840,44.526,908.985,44.560,908.958
41.799270,43.098,910.056,43.829,909.507
41.804280,43.098,910.056,43.464,909.782
41.809560,43.098,910.056,43.281,909.919
41.815120,43.098,910.056,43.190,909.987
41.819860,43.098,910.056,43.144,910.022
41.823940,43.098,910.056,43.121,910.039
41.829120,42.282,909.077,42.702,909.558
41.834370,42.282,909.077,42.492,909.318
41.839320,42.282,909.077,42.387,909.197
41.845090,42.282,909.077,42.335,909.137
41.849720,42.282,909.077,42.309,909.107
41.854680,42.282,909.077,42.295,909.092
41.860210,42.607,909.053,42.451,909.073
41.865330,42.607,909.053,42.529,909.063
41.870060,42.607,909.053,42.568,909.058
41.875760,42.607,909.053,42.588,909.056
41.881010,42.607,909.053,42.597,909.054
41.885780,42.607,909.053,42.602,909.054
41.891370,43.683,909.977,43.143,909.515
41.897040,43.683,909.977,43.413,909.746
41.902500,43.683,909.977,43.548,909.861
41.907660,43.683,909.977,43.616,909.919
41.912490,43.683,909.977,43.649,909.948
41.917820,43.683,909.977,43.666,909.962
41.923500,121.761,907.378,82.714,908.670
41.929070,121.761,907.378,102.237,908.024
41.934880,121.761,907.378,111.999,907.701
41.939740,121.761,907.378,116.880,907.540
41.944940,121.761,907.378,119.321,907.459
41.949820,121.761,907.378,120.541,907.419
41.954940,304.381,901.703,212.461,904.561
41.960240,304.381,901.703,258.421,903.132
41.966460,304.381,901.703,281.401,902.417
41.971170,304.381,901.703,292.891,902.060
41.976270,304.381,901.703,298.636,901.882
41.982810,462.735,902.978,380.686,902.430
41.987630,462.735,902.978,421.710,902.704
41.993790,462.735,902.978,442.223,902.841
41.999090,462.735,902.978,452.479,902.909
42.003970,462.735,902.978,457.607,902.943
42.009340,462.735,902.978,460.171,902.960
42.015240,575.650,902.585,517.910,902.773
42.020050,575.650,902.585,546.780,902.679
42.025990,575.650,902.585,561.215,902.632
42.031880,575.650,902.585,568.432,902.608
42.036150,575.650,902.585,572.041,902.596
42.042370,657.974,900.121,615.007,901.358
42.048260,657.974,900.121,636.490,900.739
42.053280,657.974,900.121,647.232,900.430
42.058720,657.974,900.121,652.603,900.275
42.063250,657.974,900.121,655.288,900.198
42.067190,657.974,900.121,656.631,900.159
42.072010,727.568,903.673,692.099,901.916
42.077350,727.568,903.673,709.833,902.794
42.082290,727.568,903.673,718.700,903.234
42.089810,727.568,903.673,723.134,903.453
42.097600,727.568,903.673,725.351,903.563
42.106230,800.766,911.189,763.058,907.376
42.115220,800.766,911.189,781.912,909.282
42.123960,800.766,911.189,791.339,910.236
42.131250,877.102,908.915,834.221,909.575
42.137980,877.102,908.915,855.661,909.245
42.146550,877.102,908.915,866.382,909.080
42.153010,877.102,908.915,871.742,908.997
42.159470,877.102,908.915,874.422,908.956
42.166530,958.277,907.190,916.350,908.073
42.172940,958.277,907.190,937.314,907.632
42.179700,958.277,907.190,947.795,907.411
42.186290,958.277,907.190,953.036,907.300
42.191970,1037.971,891.253,995.504,899.277
42.199650,1037.971,891.253,1016.738,895.265
42.205830,1037.971,891.253,1027.354,893.259
42.212750,1037.971,891.253,1032.663,892.256
42.218510,1037.971,891.253,1035.317,891.754
42.224440,1114.687,885.775,1075.002,888.765
42.232150,1114.687,885.775,1094.845,887.270
42.238380,1114.687,885.775,1104.766,886.522
42.245420,1114.687,885.775,1109.727,886.149
42.251400,1114.687,885.775,1112.207,885.962
42.258390,1180.741,874.182,1146.474,880.072
42.266020,1180.741,874.182,1163.608,877.127
42.273260,1180.741,874.182,1172.175,875.654
42.281060,1180.741,874.182,1176.458,874.918
42.286710,1362.638,845.641,1269.548,860.279
42.293620,1362.638,845.641,1316.093,852.960
42.301030,1362.638,845.641,1339.365,849.300
42.308490,1362.638,845.641,1351.001,847.470
42.314300,1522.270,803.872,1436.636,825.671
42.319660,1522.270,803.872,1479.453,814.772
42.326010,1522.270,803.872,1500.862,809.322
42.332090,1522.270,803.872,1511.566,806.597
42.338080,1522.270,803.872,1516.918,805.235
42.345760,1626.067,780.021,1571.493,792.628
42.350930,1626.067,780.021,1598.780,786.324
42.357060,1626.067,780.021,1612.423,783.173
42.363940,1626.067,780.021,1619.245,781.597
42.369500,1626.067,780.021,1622.656,780.809
42.375530,1697.986,772.093,1660.321,776.451
42.381990,1697.986,772.093,1679.154,774.272
42.389920,1697.986,772.093,1688.570,773.182
42.396190,1697.986,772.093,1693.278,772.638
42.401680,1697.986,772.093,1695.632,772.365
42.407770,1732.895,763.949,1714.264,768.157
42.413590,1732.895,763.949,1723.579,766.053
42.421040,1732.895,763.949,1728.237,765.001
42.426410,1732.895,763.949,1730.566,764.475
42.432330,1732.895,763.949,1731.731,764.212
42.437850,1761.164,756.950,1746.447,760.581
42.442980,1761.164,756.950,1753.806,758.765
42.449070,1761.164,756.950,1757.485,757.857
42.454430,1761.164,756.950,1759.324,757.403
42.460830,1761.164,756.950,1760.244,757.176
42.469170,1785.971,754.836,1773.108,756.006
42.475270,1785.971,754.836,1779.540,755.421
42.483670,1785.971,754.836,1782.755,755.129
42.488620,1785.971,754.836,1784.364,754.982
42.493690,1783.754,753.397,1784.059,754.190
42.500980,1783.754,753.397,1783.906,753.793
42.508100,1783.754,753.397,1783.830,753.595
42.516730,1783.754,753.397,1783.792,753.496
42.524350,1765.610,755.512,1774.701,754.504
42.532760,1765.610,755.512,1770.155,755.008
42.538810,1765.610,755.512,1767.882,755.260
42.545420,1765.610,755.512,1766.746,755.386
42.550890,1765.610,755.512,1766.178,755.449
42.557400,1753.512,758.759,1759.845,757.104
42.563940,1753.512,758.759,1756.678,757.931
42.569950,1753.512,758.759,1755.095,758.345
42.576750,1753.512,758.759,1754.303,758.552
42.583560,1753.512,758.759,1753.907,758.655
42.590650,1748.131,760.106,1751.019,759.381
42.597570,1748.131,760.106,1749.575,759.743
42.603130,1748.131,760.106,1748.853,759.924
42.612060,1748.131,760.106,1748.492,760.015
42.618480,1745.227,761.834,1746.860,760.924
42.624340,1745.227,761.834,1746.043,761.379
42.631600,1745.227,761.834,1745.635,761.606
42.637990,1745.227,761.834,1745.431,761.720
42.644400,1745.227,761.834,1745.329,761.777
42.651540,1745.264,765.864,1745.296,763.820
42.658160,1745.264,765.864,1745.280,764.842
42.664310,1745.264,765.864,1745.272,765.353
42.670410,1745.264,765.864,1745.268,765.608
42.676460,1753.901,773.810,1749.585,769.709
42.682480,1753.901,773.810,1751.743,771.760
42.688840,1753.901,773.810,1752.822,772.785
42.695600,1753.901,773.810,1753.362,773.298
42.702130,1753.901,773.810,1753.632,773.554
42.708890,1762.971,783.547,1758.302,778.550
42.716680,1762.971,783.547,1760.636,781.049
42.723150,1762.971,783.547,1761.804,782.298
42.729900,1762.971,783.547,1762.388,782.922
42.735860,1770.304,792.506,1766.346,787.714
42.741540,1770.304,792.506,1768.325,790.110
42.748830,1770.304,792.506,1769.315,791.308
42.754520,1770.304,792.506,1769.810,791.907
42.761540,1770.304,792.506,1770.057,792.207
42.768860,1777.375,799.800,1773.716,796.003
42.776570,1777.375,799.800,1775.546,797.902
42.784450,1777.375,799.800,1776.461,798.851
42.790670,1777.375,799.800,1776.918,799.325
42.798060,1784.111,806.955,1780.514,803.140
42.808500,1784.111,806.955,1782.313,805.048
42.815730,1784.111,806.955,1783.212,806.002
42.821710,1784.111,806.955,1783.661,806.478
42.829410,1789.242,812.212,1786.452,809.345
42.836110,1789.242,812.212,1787.847,810.779
42.843140,1789.242,812.212,1788.545,811.495
42.849340,1789.242,812.212,1788.894,811.854
42.855320,1789.242,812.212,1789.068,812.033
42.862610,1792.484,815.953,1790.776,813.993
42.869870,1792.484,815.953,1791.630,814.973
42.876740,1792.484,815.953,1792.057,815.463
42.883470,1792.484,815.953,1792.271,815.708
42.889760,1794.526,819.091,1793.398,817.400
42.896860,1794.526,819.091,1793.962,818.245
42.903400,1794.526,819.091,1794.244,818.668
42.910270,1794.526,819.091,1794.385,818.880
42.918820,1797.134,822.525,1795.760,820.703
42.924790,1797.134,822.525,1796.447,821.614
42.932550,1797.134,822.525,1796.791,822.070
42.937760,1797.134,822.525,1796.962,822.297
42.944120,1797.134,822.525,1797.048,822.411
42.950470,1798.525,825.222,1797.787,823.817
42.956290,1798.525,825.222,1798.156,824.519
42.963150,1798.525,825.222,1798.341,824.871
42.968940,1798.525,825.222,1798.433,825.046
42.973920,1798.525,825.222,1798.479,825.134
42.981550,1799.187,827.289,1798.833,826.211
42.987460,1799.187,827.289,1799.010,826.750
42.994090,1799.187,827.289,1799.098,827.019
43.001300,1799.187,827.289,1799.142,827.154
43.007490,1798.449,827.755,1798.796,827.454
43.015660,1798.449,827.755,1798.622,827.605
43.022000,1798.449,827.755,1798.536,827.680
43.029140,1798.449,827.755,1798.492,827.717
43.034840,1798.449,827.755,1798.471,827.736
43.041530,1796.975,827.625,1797.723,827.680
43.048260,1796.975,827.625,1797.349,827.653
43.054760,1796.975,827.625,1797.162,827.639
43.061390,1796.975,827.625,1797.069,827.632
43.067210,1796.975,827.625,1797.022,827.628
43.073490,1795.010,827.422,1796.016,827.525
43.080160,1795.010,827.422,1795.513,827.474
43.085970,1795.010,827.422,1795.262,827.448
43.091200,1795.010,827.422,1795.136,827.435
43.096930,1795.010,827.422,1795.073,827.429
43.102290,1793.774,827.685,1794.424,827.557
43.108560,1793.774,827.685,1794.099,827.621
43.115150,1793.774,827.685,1793.937,827.653
43.121120,1793.774,827.685,1793.855,827.669
43.126820,1793.774,827.685,1793.815,827.677
43.133110,1792.530,827.625,1793.172,827.651
43.140540,1792.530,827.625,1792.851,827.638
43.146980,1792.530,827.625,1792.691,827.631
43.152950,1792.530,827.625,1792.610,827.628
43.158750,1791.547,826.044,1792.079,826.836
43.165290,1791.547,826.044,1791.813,826.440
43.172090,1791.547,826.044,1791.680,826.242
43.178270,1791.547,826.044,1791.613,826.143
43.185010,1791.547,826.044,1791.580,826.093
43.191710,1793.165,756.152,1792.372,791.123
43.198390,1793.165,756.152,1792.769,773.638
43.204650,1793.165,756.152,1792.967,764.895
43.210750,1793.165,756.152,1793.066,760.524
43.216790,1793.165,756.152,1793.115,758.338
43.222760,1823.570,465.228,1808.342,611.783
43.229100,1823.570,465.228,1815.956,538.505
43.235570,1823.570,465.228,1819.763,501.866
43.240910,1823.570,465.228,1821.666,483.547
43.247100,1870.150,166.469,1845.908,325.008
43.253220,1870.150,166.469,1858.029,245.739
43.260220,1870.150,166.469,1864.089,206.104
43.267610,1870.150,166.469,1867.119,186.287
43.272510,1870.150,166.469,1868.635,176.378
43.279580,1931.425,-33.305,1900.030,71.536
43.285420,1931.425,-33.305,1915.727,19.116
43.291180,1931.425,-33.305,1923.576,-7.095
43.298070,1931.425,-33.305,1927.500,-20.200
43.302930,1931.425,-33.305,1929.462,-26.753
43.310490,1931.425,-33.305,1930.444,-30.029
43.319160,1931.425,-33.305,1930.934,-31.667
43.326550,1931.425,-33.305,1931.179,-32.486
43.333740,1931.425,-33.305,1931.302,-32.896
43.342440,1931.425,-33.305,1931.363,-33.101
43.349140,1931.425,-33.305,1931.394,-33.203
43.355490,1931.425,-33.305,1931.409,-33.254
43.361660,1931.425,-33.305,1931.417,-33.280
43.367390,1931.425,-33.305,1931.421,-33.293
43.372960,1931.425,-33.305,1931.423,-33.299
43.378540,1931.425,-33.305,1931.424,-33.302
43.384700,1931.425,-33.305,1931.424,-33.304
43.389990,1931.425,-33.305,1931.425,-33.305
43.395590,1931.425,-33.305,1931.425,-33.305
43.400870,1931.425,-33.305,1931.425,-33.305
43.406070,1931.425,-33.305,1931.425,-33.305
43.411830,1931.425,-33.305,1931.425,-33.305
43.418740,1931.425,-33.305,1931.425,-33.305
43.423800,1931.425,-33.305,1931.425,-33.305
43.429050,1931.425,-33.305,1931.425,-33.305
43.434140,1931.425,-33.305,1931.425,-33.305
43.439990,1931.425,-33.305,1931.425,-33.305
43.446300,1931.425,-33.305,1931.425,-33.305
43.451740,1931.425,-33.305,1931.425,-33.305
43.456820,1931.425,-33.305,1931.425,-33.305
43.468630,1931.425,-33.305,1931.425,-33.305
43.474980,1931.425,-33.305,1931.425,-33.305
43.481220,1931.425,-33.305,1931.425,-33.305
43.486950,1931.425,-33.305,1931.425,-33.305
43.492270,1931.425,-33.305,1931.425,-33.305
43.498550,1931.425,-33.305,1931.425,-33.305
43.503520,1931.425,-33.305,1931.425,-33.305
43.508240,1931.425,-33.305,1931.425,-33.305
43.514300,1931.425,-33.305,1931.425,-33.305
43.519740,1931.425,-33.305,1931.425,-33.305
43.525700,1931.425,-33.305,1931.425,-33.305
43.532470,1931.425,-33.305,1931.425,-33.305
43.536820,1931.425,-33.305,1931.425,-33.305
43.542330,1931.425,-33.305,1931.425,-33.305
43.548100,1931.425,-33.305,1931.425,-33.305
43.552940,1931.425,-33.305,1931.425,-33.305
43.556920,1931.425,-33.305,1931.425,-33.305
43.562450,1931.425,-33.305,1931.425,-33.305
43.567900,1931.425,-33.305,1931.425,-33.305
43.573340,1931.425,-33.305,1931.425,-33.305
43.578280,1931.425,-33.305,1931.425,-33.305
43.583100,1931.425,-33.305,1931.425,-33.305
43.587780,1931.425,-33.305,1931.425,-33.305
43.593580,1931.425,-33.305,1931.425,-33.305
43.599610,1931.425,-33.305,1931.425,-33.305
43.604950,1931.425,-33.305,1931.425,-33.305
43.610370,1931.425,-33.305,1931.425,-33.305
43.615670,1931.425,-33.305,1931.425,-33.305
43.621180,1931.425,-33.305,1931.425,-33.305
43.628560,1931.425,-33.305,1931.425,-33.305
43.638030,1931.425,-33.305,1931.425,-33.305
43.648240,1931.425,-33.305,1931.425,-33.305
43.659770,1931.425,-33.305,1931.425,-33.305
43.667200,1931.425,-33.305,1931.425,-33.305
43.673350,1931.425,-33.305,1931.425,-33.305
43.679150,1931.425,-33.305,1931.425,-33.305
43.684610,1931.425,-33.305,1931.425,-33.305
43.689860,1931.425,-33.305,1931.425,-33.305
43.695590,1931.425,-33.305,1931.425,-33.305
43.700800,1931.425,-33.305,1931.425,-33.305
43.705730,1931.425,-33.305,1931.425,-33.305
43.710450,1931.425,-33.305,1931.425,-33.305
43.716550,1931.425,-33.305,1931.425,-33.305
43.720500,1931.425,-33.305,1931.425,-33.305
43.724840,1931.425,-33.305,1931.425,-33.305
43.730910,1931.425,-33.305,1931.425,-33.305
43.735450,1931.425,-33.305,1931.425,-33.305
43.740140,1931.425,-33.305,1931.425,-33.305
43.746120,1931.425,-33.305,1931.425,-33.305
43.751110,1931.425,-33.305,1931.425,-33.305
43.755610,1931.425,-33.305,1931.425,-33.305
43.761700,1931.425,-33.305,1931.425,-33.305
43.766660,1931.425,-33.305,1931.425,-33.305
43.770840,1931.425,-33.305,1931.425,-33.305
43.776960,1931.425,-33.305,1931.425,-33.305
43.781820,NN,NN,NN,NN
43.786200,NN,NN,NN,NN
43.791560,NN,NN,NN,NN
43.797200,NN,NN,NN,NN
43.801960,NN,NN,NN,NN
43.807390,NN,NN,NN,NN
43.812710,NN,NN,NN,NN
43.817500,NN,NN,NN,NN
43.822320,NN,NN,NN,NN
43.826720,NN,NN,NN,NN
43.832440,NN,NN,NN,NN
43.838360,NN,NN,NN,NN
43.843850,NN,NN,NN,NN
43.849150,NN,NN,NN,NN
43.854440,NN,NN,NN,NN
43.859640,NN,NN,NN,NN
43.865020,NN,NN,NN,NN
43.870660,NN,NN,NN,NN
43.875460,NN,NN,NN,NN
43.881440,NN,NN,NN,NN
43.886120,NN,NN,NN,NN
43.890070,NN,NN,NN,NN
43.894940,NN,NN,NN,NN
43.900420,NN,NN,NN,NN
43.904560,NN,NN,NN,NN
43.909190,NN,NN,NN,NN
43.914440,NN,NN,NN,NN
43.920200,NN,NN,NN,NN
43.925400,NN,NN,NN,NN
43.930530,NN,NN,NN,NN
43.935870,NN,NN,NN,NN
43.941170,NN,NN,NN,NN
43.946960,NN,NN,NN,NN
43.951400,NN,NN,NN,NN
43.955970,NN,NN,NN,NN
43.960670,NN,NN,NN,NN
43.965440,NN,NN,NN,NN
43.969320,NN,NN,NN,NN
43.973980,NN,NN,NN,NN
43.978710,NN,NN,NN,NN
43.984280,NN,NN,NN,NN
43.989610,NN,NN,NN,NN
43.994870,NN,NN,NN,NN
43.999970,NN,NN,NN,NN
44.004960,NN,NN,NN,NN
44.010690,NN,NN,NN,NN
44.016750,NN,NN,NN,NN
44.022250,NN,NN,NN,NN
44.027620,NN,NN,NN,NN
44.032710,NN,NN,NN,NN
44.036690,NN,NN,NN,NN
44.041370,NN,NN,NN,NN
44.047300,NN,NN,NN,NN
44.052410,NN,NN,NN,NN
44.056780,NN,NN,NN,NN
44.062390,NN,NN,NN,NN
44.067200,NN,NN,NN,NN
44.071830,NN,NN,NN,NN
44.077000,NN,NN,NN,NN
44.082620,NN,NN,NN,NN
44.087650,NN,NN,NN,NN
44.092800,NN,NN,NN,NN
44.097830,NN,NN,NN,NN
44.103120,NN,NN,NN,NN
44.109740,NN,NN,NN,NN
44.115810,NN,NN,NN,NN
44.121090,NN,NN,NN,NN
44.125470,NN,NN,NN,NN
44.130490,NN,NN,NN,NN
44.136800,NN,NN,NN,NN
44.142490,NN,NN,NN,NN
44.148530,NN,NN,NN,NN
44.155460,NN,NN,NN,NN
44.160340,NN,NN,NN,NN
44.166810,NN,NN,NN,NN
44.172490,NN,NN,NN,NN
44.177360,NN,NN,NN,NN
44.183140,NN,NN,NN,NN
44.187720,NN,NN,NN,NN
44.192520,NN,NN,NN,NN
44.198870,NN,NN,NN,NN
44.203650,NN,NN,NN,NN
44.208560,NN,NN,NN,NN
44.214230,NN,NN,NN,NN
44.218780,NN,NN,NN,NN
44.223050,NN,NN,NN,NN
44.229180,NN,NN,NN,NN
44.234220,NN,NN,NN,NN
44.239110,NN,NN,NN,NN
44.244130,NN,NN,NN,NN
44.249470,NN,NN,NN,NN
44.253940,NN,NN,NN,NN
44.260280,NN,NN,NN,NN
44.265550,NN,NN,NN,NN
44.269990,NN,NN,NN,NN
44.274990,NN,NN,NN,NN
44.280360,NN,NN,NN,NN
44.285170,NN,NN,NN,NN
44.290440,NN,NN,NN,NN
44.295260,NN,NN,NN,NN
44.300260,NN,NN,NN,NN
44.306160,NN,NN,NN,NN
44.311440,NN,NN,NN,NN
44.316330,NN,NN,NN,NN
44.322100,NN,NN,NN,NN
44.326720,NN,NN,NN,NN
44.331700,NN,NN,NN,NN
44.336680,NN,NN,NN,NN
44.341510,NN,NN,NN,NN
44.346310,NN,NN,NN,NN
44.352630,NN,NN,NN,NN
44.357410,NN,NN,NN,NN
44.362310,NN,NN,NN,NN
44.367670,NN,NN,NN,NN
44.372310,NN,NN,NN,NN
44.377580,NN,NN,NN,NN
44.383950,NN,NN,NN,NN
44.389490,NN,NN,NN,NN
44.395090,NN,NN,NN,NN
44.400370,NN,NN,NN,NN
44.405400,NN,NN,NN,NN
44.410960,NN,NN,NN,NN
44.416760,NN,NN,NN,NN
44.421690,NN,NN,NN,NN
44.426100,NN,NN,NN,NN
44.431500,NN,NN,NN,NN
44.436840,NN,NN,NN,NN
44.442380,NN,NN,NN,NN
44.447700,NN,NN,NN,NN
44.452550,NN,NN,NN,NN
44.457340,NN,NN,NN,NN
44.463590,NN,NN,NN,NN
44.468540,NN,NN,NN,NN
44.473630,NN,NN,NN,NN
44.479030,NN,NN,NN,NN
44.484790,NN,NN,NN,NN
44.489810,NN,NN,NN,NN
44.495020,NN,NN,NN,NN
44.500330,NN,NN,NN,NN
44.505990,NN,NN,NN,NN
44.511270,NN,NN,NN,NN
44.516820,948.270,-47.009,1439.847,-40.157
44.521550,948.270,-47.009,1194.059,-43.583
44.528520,948.270,-47.009,1071.165,-45.296
44.535020,948.270,-47.009,1009.717,-46.152
44.539560,948.270,-47.009,978.994,-46.581
44.543770,948.270,-47.009,963.632,-46.795
44.549210,948.270,-47.009,955.951,-46.902
44.553790,948.270,-47.009,952.111,-46.955
44.558190,948.270,-47.009,950.191,-46.982
44.564510,948.270,-47.009,949.231,-46.996
44.569630,948.270,-47.009,948.750,-47.002
44.574590,948.270,-47.009,948.510,-47.006
44.580280,740.892,-251.230,844.701,-149.118
44.585680,740.892,-251.230,792.796,-200.174
44.590580,740.892,-251.230,766.844,-225.702
44.595540,740.892,-251.230,753.868,-238.466
44.600300,740.892,-251.230,747.380,-244.848
44.605120,740.892,-251.230,744.136,-248.039
44.610760,726.735,-119.865,735.435,-183.952
44.616140,726.735,-119.865,731.085,-151.908
44.620880,726.735,-119.865,728.910,-135.887
44.625920,726.735,-119.865,727.823,-127.876
44.630660,726.735,-119.865,727.279,-123.870
44.635590,726.735,-119.865,727.007,-121.868
44.641070,675.092,-51.274,701.050,-86.571
44.645980,675.092,-51.274,688.071,-68.922
44.651310,675.092,-51.274,681.582,-60.098
44.656200,675.092,-51.274,678.337,-55.686
44.660650,675.092,-51.274,676.715,-53.480
44.665940,675.092,-51.274,675.904,-52.377
44.671130,619.378,-24.377,647.641,-38.377
44.675560,619.378,-24.377,633.510,-31.377
44.682190,619.378,-24.377,626.444,-27.877
44.687470,619.378,-24.377,622.911,-26.127
44.691770,619.378,-24.377,621.145,-25.252
44.696620,619.378,-24.377,620.262,-24.814
44.702350,574.005,-11.539,597.133,-18.177
44.707180,574.005,-11.539,585.569,-14.858
44.713090,574.005,-11.539,579.787,-13.198
44.718480,574.005,-11.539,576.896,-12.369
44.723260,574.005,-11.539,575.450,-11.954
44.727970,574.005,-11.539,574.728,-11.746
44.734500,460.074,-6.051,517.401,-8.899
44.740360,460.074,-6.051,488.737,-7.475
44.746730,460.074,-6.051,474.406,-6.763
44.751720,460.074,-6.051,467.240,-6.407
44.756360,460.074,-6.051,463.657,-6.229
44.761630,343.342,1.980,403.500,-2.124
44.766590,343.342,1.980,373.421,-0.072
44.772030,343.342,1.980,358.382,0.954
44.777790,343.342,1.980,350.862,1.467
44.783150,343.342,1.980,347.102,1.724
44.787770,343.342,1.980,345.222,1.852
44.794140,286.538,3.536,315.880,2.694
44.799580,286.538,3.536,301.209,3.115
44.805210,286.538,3.536,293.874,3.326
44.809750,286.538,3.536,290.206,3.431
44.815700,286.538,3.536,288.372,3.484
44.821050,252.407,7.432,270.390,5.458
44.826480,252.407,7.432,261.398,6.445
44.832080,252.407,7.432,256.903,6.938
44.837600,252.407,7.432,254.655,7.185
44.842660,252.407,7.432,253.531,7.308
44.848340,252.407,7.432,252.969,7.370
44.854950,231.945,11.373,242.457,9.372
44.861120,231.945,11.373,237.201,10.373
44.866870,231.945,11.373,234.573,10.873
44.871380,231.945,11.373,233.259,11.123
44.875490,231.945,11.373,232.602,11.248
44.879970,231.945,11.373,232.273,11.311
44.886070,220.758,16.482,226.515,13.896
44.891040,220.758,16.482,223.637,15.189
44.897190,220.758,16.482,222.197,15.835
44.902450,220.758,16.482,221.478,16.158
44.907590,220.758,16.482,221.118,16.320
44.913120,217.819,20.382,219.468,18.351
44.919490,217.819,20.382,218.643,19.367
44.924800,217.819,20.382,218.231,19.875
44.930360,217.819,20.382,218.025,20.129
44.934800,217.819,20.382,217.922,20.255
44.938890,217.819,20.382,217.870,20.319
44.944450,214.379,21.672,216.124,20.995
44.957910,214.379,21.672,215.252,21.334
44.964670,214.379,21.672,214.815,21.503
44.969870,214.379,21.672,214.597,21.587
44.975530,212.608,23.489,213.602,22.538
44.980930,212.608,23.489,213.105,23.014
44.986200,212.608,23.489,212.857,23.252
44.989970,212.608,23.489,212.732,23.370
44.994410,212.608,23.489,212.670,23.430
44.998910,212.608,23.489,212.639,23.460
45.003960,211.353,24.289,211.996,23.874
45.009030,211.353,24.289,211.674,24.082
45.015180,211.353,24.289,211.513,24.185
45.019650,211.353,24.289,211.433,24.237
45.024110,211.353,24.289,211.393,24.263
45.029190,211.353,24.289,211.373,24.276
45.034360,210.844,23.347,211.108,23.812
45.039350,210.844,23.347,210.976,23.580
45.044650,210.844,23.347,210.910,23.463
45.049880,210.844,23.347,210.877,23.405
45.054530,210.844,23.347,210.861,23.376
45.059590,210.844,23.347,210.852,23.362
45.065760,183.536,13.822,197.194,18.592
45.072530,183.536,13.822,190.365,16.207
45.078440,183.536,13.822,186.950,15.014
45.084390,183.536,13.822,185.243,14.418
45.090110,183.536,13.822,184.389,14.120
45.095920,142.556,1.188,163.473,7.654
45.101820,142.556,1.188,153.014,4.421
45.107470,142.556,1.188,147.785,2.805
45.113110,142.556,1.188,145.171,1.997
45.119190,142.556,1.188,143.863,1.593
45.125210,106.743,-11.417,125.303,-4.912
45.131090,106.743,-11.417,116.023,-8.164
45.137340,106.743,-11.417,111.383,-9.790
45.142300,106.743,-11.417,109.063,-10.603
45.148370,106.743,-11.417,107.903,-11.010
45.154660,80.002,-21.784,93.952,-16.397
45.160620,80.002,-21.784,86.977,-19.090
45.168320,80.002,-21.784,83.490,-20.437
45.174260,80.002,-21.784,81.746,-21.110
45.180270,80.002,-21.784,80.874,-21.447
45.187650,60.835,-28.321,70.854,-24.884
45.193590,60.835,-28.321,65.845,-26.602
45.201800,60.835,-28.321,63.340,-27.462
45.207910,60.835,-28.321,62.088,-27.891
45.216050,46.757,-30.832,54.423,-29.362
45.222100,46.757,-30.832,50.590,-30.097
45.229640,46.757,-30.832,48.674,-30.465
45.235790,46.757,-30.832,47.716,-30.649
45.240300,46.757,-30.832,47.236,-30.740
45.248960,38.181,-34.326,42.709,-32.533
45.257500,38.181,-34.326,40.445,-33.429
45.264660,38.181,-34.326,39.313,-33.877
45.270470,38.181,-34.326,38.747,-34.102
45.276110,34.202,-35.779,36.474,-34.940
45.283200,34.202,-35.779,35.338,-35.359
45.292560,34.202,-35.779,34.770,-35.569
45.299100,34.202,-35.779,34.486,-35.674
45.305940,30.371,-36.457,32.428,-36.066
45.314750,30.371,-36.457,31.400,-36.261
45.320850,30.371,-36.457,30.885,-36.359
45.326920,30.371,-36.457,30.628,-36.408
45.333180,28.339,-36.965,29.484,-36.686
45.339560,28.339,-36.965,28.911,-36.825
45.345540,28.339,-36.965,28.625,-36.895
45.351520,28.339,-36.965,28.482,-36.930
45.357900,28.339,-36.965,28.410,-36.947
45.365350,25.151,-37.583,26.781,-37.265
45.369840,25.151,-37.583,25.966,-37.424
45.375360,25.151,-37.583,25.559,-37.503
45.381670,25.151,-37.583,25.355,-37.543
45.388640,25.151,-37.583,25.253,-37.563
45.393720,23.896,-37.542,24.575,-37.552
45.399460,23.896,-37.542,24.235,-37.547
45.404530,23.896,-37.542,24.065,-37.544
45.410090,23.896,-37.542,23.981,-37.543
45.416950,23.896,-37.542,23.938,-37.542
45.421530,23.896,-37.542,23.917,-37.542
45.427550,23.207,-36.416,23.562,-36.979
45.433650,23.207,-36.416,23.385,-36.697
45.439140,23.207,-36.416,23.296,-36.557
45.443480,23.207,-36.416,23.252,-36.486
45.448820,23.207,-36.416,23.229,-36.451
45.453260,23.207,-36.416,23.218,-36.433
45.458340,22.615,-35.875,22.917,-36.154
45.463270,22.615,-35.875,22.766,-36.015
45.469170,22.615,-35.875,22.691,-35.945
45.474490,22.615,-35.875,22.653,-35.910
45.480030,22.615,-35.875,22.634,-35.893
45.485280,-9.064,-33.186,6.785,-34.539
45.490230,-9.064,-33.186,-1.139,-33.863
45.494930,-9.064,-33.186,-5.101,-33.524
45.500930,-9.064,-33.186,-7.082,-33.355
45.506010,-9.064,-33.186,-8.073,-33.271
45.511270,-9.064,-33.186,-8.568,-33.228
45.526140,-9.064,-33.186,-8.816,-33.207
45.532680,-9.064,-33.186,-8.940,-33.197
45.537990,-9.064,-33.186,-9.002,-33.191
45.542930,-9.064,-33.186,-9.033,-33.189
45.548240,-9.064,-33.186,-9.048,-33.187
45.552640,-9.064,-33.186,-9.056,-33.187
45.557520,-9.064,-33.186,-9.060,-33.186
45.562810,-9.064,-33.186,-9.062,-33.186
45.568100,-9.064,-33.186,-9.063,-33.186
45.572880,-9.064,-33.186,-9.063,-33.186
45.578050,-9.064,-33.186,-9.063,-33.186
45.583530,-9.064,-33.186,-9.063,-33.186
45.588830,-9.064,-33.186,-9.063,-33.186
45.595260,-9.064,-33.186,-9.064,-33.186
45.600430,-9.064,-33.186,-9.064,-33.186
45.605740,-9.064,-33.186,-9.064,-33.186
45.610570,-9.064,-33.186,-9.064,-33.186
45.616130,-9.064,-33.186,-9.064,-33.186
45.621960,-9.064,-33.186,-9.064,-33.186
45.626570,-9.064,-33.186,-9.064,-33.186
45.631990,-9.064,-33.186,-9.064,-33.186
45.637720,-9.064,-33.186,-9.064,-33.186
45.642130,-9.064,-33.186,-9.064,-33.186
45.648120,-9.064,-33.186,-9.064,-33.186
45.653650,-9.064,-33.186,-9.064,-33.186
45.658390,-9.064,-33.186,-9.064,-33.186
45.663760,-9.064,-33.186,-9.064,-33.186
45.669890,-9.064,-33.186,-9.064,-33.186
45.675470,-9.064,-33.186,-9.064,-33.186
45.682110,-9.064,-33.186,-9.064,-33.186
45.688590,-9.064,-33.186,-9.064,-33.186
45.694690,-9.064,-33.186,-9.064,-33.186
45.701450,-9.064,-33.186,-9.064,-33.186
45.707080,-9.064,-33.186,-9.064,-33.186
45.713810,-9.064,-33.186,-9.064,-33.186
45.720550,-9.064,-33.186,-9.064,-33.186
45.726510,-9.064,-33.186,-9.064,-33.186
45.733540,-9.064,-33.186,-9.064,-33.186
45.740100,-9.064,-33.186,-9.064,-33.186
45.747400,-9.064,-33.186,-9.064,-33.186
45.753570,-9.064,-33.186,-9.064,-33.186
45.758290,-9.064,-33.186,-9.064,-33.186
45.765720,-9.064,-33.186,-9.064,-33.186
45.771350,-9.064,-33.186,-9.064,-33.186
45.777730,-9.064,-33.186,-9.064,-33.186
45.783760,-9.064,-33.186,-9.064,-33.186
45.790180,-9.064,-33.186,-9.064,-33.186
45.795510,-9.064,-33.186,-9.064,-33.186
45.802140,-9.064,-33.186,-9.064,-33.186
45.806750,-9.064,-33.186,-9.064,-33.186
45.812250,-9.064,-33.186,-9.064,-33.186
45.818320,-9.064,-33.186,-9.064,-33.186
45.824330,-9.064,-33.186,-9.064,-33.186
45.831300,-9.064,-33.186,-9.064,-33.186
45.837120,-9.064,-33.186,-9.064,-33.186
45.842770,-9.064,-33.186,-9.064,-33.186
45.848430,-9.064,-33.186,-9.064,-33.186
45.853080,-9.064,-33.186,-9.064,-33.186
45.857770,-9.064,-33.186,-9.064,-33.186
45.862760,-9.064,-33.186,-9.064,-33.186
45.867430,-9.064,-33.186,-9.064,-33.186
45.872150,-9.064,-33.186,-9.064,-33.186
45.876550,-9.064,-33.186,-9.064,-33.186
45.881450,-9.064,-33.186,-9.064,-33.186
45.885770,-9.064,-33.186,-9.064,-33.186
45.890450,-9.064,-33.186,-9.064,-33.186
45.895050,-9.064,-33.186,-9.064,-33.186
45.900270,-9.064,-33.186,-9.064,-33.186
45.904860,-9.064,-33.186,-9.064,-33.186
45.909510,-9.064,-33.186,-9.064,-33.186
45.913860,-9.064,-33.186,-9.064,-33.186
45.921350,-9.064,-33.186,-9.064,-33.186
45.926850,-9.064,-33.186,-9.064,-33.186
45.932920,-9.064,-33.186,-9.064,-33.186
45.938410,-9.064,-33.186,-9.064,-33.186
45.943390,-9.064,-33.186,-9.064,-33.186
45.949170,-9.064,-33.186,-9.064,-33.186
45.954190,-9.064,-33.186,-9.064,-33.186
45.959220,-9.064,-33.186,-9.064,-33.186
45.964750,-9.064,-33.186,-9.064,-33.186
45.969700,261.699,257.761,126.318,112.287
45.974170,261.699,257.761,194.008,185.024
45.980510,261.699,257.761,227.854,221.392
45.985920,261.699,257.761,244.776,239.576
45.990350,261.699,257.761,253.238,248.669
45.996280,261.699,257.761,257.468,253.215
46.003210,333.477,425.325,295.472,339.270
46.007920,333.477,425.325,314.475,382.298
46.016030,333.477,425.325,323.976,403.812
46.025120,333.477,425.325,328.726,414.569
46.032490,532.960,591.195,430.843,502.882
46.038960,532.960,591.195,481.902,547.039
46.045810,532.960,591.195,507.431,569.117
46.052800,532.960,591.195,520.195,580.156
46.058130,532.960,591.195,526.578,585.676
46.064970,860.763,745.427,693.670,665.552
46.072910,860.763,745.427,777.217,705.489
46.082200,860.763,745.427,818.990,725.458
46.090190,1029.020,827.855,924.005,776.656
46.096120,1029.020,827.855,976.513,802.256
46.103510,1029.020,827.855,1002.766,815.055
46.112490,1029.020,827.855,1015.893,821.455
46.120660,1094.240,852.027,1055.067,836.741
46.127180,1094.240,852.027,1074.654,844.384
46.133170,1094.240,852.027,1084.447,848.205
46.137680,1094.240,852.027,1089.344,850.116
46.141650,1094.240,852.027,1091.792,851.071
46.146540,1094.240,852.027,1093.016,851.549
46.152390,1120.495,862.631,1106.755,857.090
46.156990,1120.495,862.631,1113.625,859.860
46.162380,1120.495,862.631,1117.060,861.245
46.167860,1120.495,862.631,1118.777,861.938
46.172130,1120.495,862.631,1119.636,862.284
46.176810,1120.495,862.631,1120.065,862.457
46.182750,1111.088,887.685,1115.577,875.071
46.187190,1111.088,887.685,1113.332,881.378
46.192510,1111.088,887.685,1112.210,884.532
46.198380,1111.088,887.685,1111.649,886.108
46.202920,1111.088,887.685,1111.368,886.897
46.207020,1111.088,887.685,1111.228,887.291
46.211880,1099.097,901.098,1105.163,894.194
46.217030,1099.097,901.098,1102.130,897.646
46.222420,1099.097,901.098,1100.614,899.372
46.228100,1099.097,901.098,1099.855,900.235
46.232430,1099.097,901.098,1099.476,900.666
46.236330,1099.097,901.098,1099.287,900.882
46.241840,1095.986,910.020,1097.636,905.451
46.247180,1095.986,910.020,1096.811,907.736
46.252170,1095.986,910.020,1096.399,908.878
46.258200,1095.986,910.020,1096.192,909.449
46.263760,1095.986,910.020,1096.089,909.735
46.268270,1095.986,910.020,1096.038,909.877
46.274640,1092.258,909.652,1094.148,909.765
46.279450,1092.258,909.652,1093.203,909.708
46.285350,1092.258,909.652,1092.731,909.680
46.290090,1092.258,909.652,1092.495,909.666
46.294680,1092.258,909.652,1092.376,909.659
46.300670,1019.467,908.033,1055.922,908.846
46.305880,1019.467,908.033,1037.694,908.440
46.310340,1019.467,908.033,1028.581,908.236
46.316620,1019.467,908.033,1024.024,908.135
46.322130,1019.467,908.033,1021.745,908.084
46.326770,1019.467,908.033,1020.606,908.059
46.333050,802.587,908.413,911.597,908.236
46.339490,802.587,908.413,857.092,908.324
46.346890,802.587,908.413,829.840,908.369
46.353860,802.587,908.413,816.213,908.391
46.359400,802.587,908.413,809.400,908.402
46.366770,517.036,913.909,663.218,911.155
46.372860,517.036,913.909,590.127,912.532
46.379330,517.036,913.909,553.581,913.220
46.385910,517.036,913.909,535.308,913.565
46.391400,351.479,918.855,443.394,916.210
46.397600,351.479,918.855,397.436,917.532
46.404250,351.479,918.855,374.458,918.193
46.409810,351.479,918.855,362.968,918.524
46.416940,351.479,918.855,357.224,918.689
46.421850,272.531,918.231,314.877,918.460
46.428050,272.531,918.231,293.704,918.345
46.434340,272.531,918.231,283.117,918.288
46.439960,272.531,918.231,277.824,918.259
46.446070,272.531,918.231,275.177,918.245
46.452440,234.858,918.351,255.018,918.298
46.457100,234.858,918.351,244.938,918.325
46.464430,234.858,918.351,239.898,918.338
46.471000,234.858,918.351,237.378,918.345
46.476900,234.858,918.351,236.118,918.348
46.483990,215.961,913.214,226.039,915.781
46.489970,215.961,913.214,221.000,914.497
46.496560,215.961,913.214,218.480,913.855
46.502120,215.961,913.214,217.221,913.535
46.508540,215.961,913.214,216.591,913.374
46.515110,204.952,911.201,210.771,912.288
46.524090,204.952,911.201,207.862,911.744
46.535630,204.952,911.201,206.407,911.473
46.542240,200.814,910.898,203.610,911.186
46.548560,200.814,910.898,202.212,911.042
46.556300,200.814,910.898,201.513,910.970
46.561570,200.814,910.898,201.164,910.934
46.569180,200.814,910.898,200.989,910.916
46.576170,149.032,905.890,175.010,908.403
46.583400,149.032,905.890,162.021,907.147
46.589960,149.032,905.890,155.526,906.518
46.595010,149.032,905.890,152.279,906.204
46.601810,149.032,905.890,150.655,906.047
46.607830,82.738,890.784,116.697,898.416
46.614770,82.738,890.784,99.717,894.600
46.621460,82.738,890.784,91.228,892.692
46.626870,82.738,890.784,86.983,891.738
46.634520,42.074,884.416,64.528,888.077
46.640460,42.074,884.416,53.301,886.246
46.647470,42.074,884.416,47.688,885.331
46.654590,42.074,884.416,44.881,884.873
46.660710,42.074,884.416,43.478,884.644
46.667300,16.903,879.211,30.190,881.928
46.673030,16.903,879.211,23.547,880.570
46.680490,16.903,879.211,20.225,879.890
46.686550,16.903,879.211,18.564,879.551
46.691310,16.903,879.211,17.734,879.381
46.698540,-1.157,879.967,8.288,879.674
46.705710,-1.157,879.967,3.566,879.820
46.712690,-1.157,879.967,1.205,879.893
46.718540,-1.157,879.967,0.024,879.930
46.723420,-12.682,880.472,-6.329,880.201
46.728440,-12.682,880.472,-9.506,880.336
46.733290,-12.682,880.472,-11.094,880.404
46.738090,-12.682,880.472,-11.888,880.438
46.743720,-12.682,880.472,-12.285,880.455
46.749590,-12.682,880.472,-12.483,880.463
46.754460,-12.682,880.472,-12.583,880.468
46.758910,-12.682,880.472,-12.632,880.470
46.763420,-12.682,880.472,-12.657,880.471
46.768840,-12.682,880.472,-12.670,880.471
46.773900,-12.682,880.472,-12.676,880.472
46.778360,-12.682,880.472,-12.679,880.472
46.783340,-12.682,880.472,-12.680,880.472
46.788820,-12.682,880.472,-12.681,880.472
46.793840,-12.682,880.472,-12.682,880.472
46.799560,-12.682,880.472,-12.682,880.472
46.804450,-12.682,880.472,-12.682,880.472
46.809700,-12.682,880.472,-12.682,880.472
46.814330,-12.682,880.472,-12.682,880.472
46.819780,-12.682,880.472,-12.682,880.472
46.824570,-12.682,880.472,-12.682,880.472
46.829490,-12.682,880.472,-12.682,880.472
46.834710,-12.682,880.472,-12.682,880.472
46.839380,-12.682,880.472,-12.682,880.472
46.844180,-12.682,880.472,-12.682,880.472
46.849530,-12.682,880.472,-12.682,880.472
46.853860,-12.682,880.472,-12.682,880.472
46.859290,-12.682,880.472,-12.682,880.472
46.864160,-12.682,880.472,-12.682,880.472
46.869250,-12.682,880.472,-12.682,880.472
46.874300,-12.682,880.472,-12.682,880.472
46.879090,-12.682,880.472,-12.682,880.472
46.895290,-12.682,880.472,-12.682,880.472
46.900410,-12.682,880.472,-12.682,880.472
46.904530,-12.682,880.472,-12.682,880.472
46.908740,-12.682,880.472,-12.682,880.472
46.913860,-12.682,880.472,-12.682,880.472
46.919490,-12.682,880.472,-12.682,880.472
46.924000,-12.682,880.472,-12.682,880.472
46.928780,-12.682,880.472,-12.682,880.472
46.933840,-12.682,880.472,-12.682,880.472
46.940460,-12.682,880.472,-12.682,880.472
46.946880,-12.682,880.472,-12.682,880.472
46.953340,-12.682,880.472,-12.682,880.472
46.959430,-12.682,880.472,-12.682,880.472
46.965860,-12.682,880.472,-12.682,880.472
46.971530,-12.682,880.472,-12.682,880.472
46.979150,-12.682,880.472,-12.682,880.472
46.985940,-12.682,880.472,-12.682,880.472
46.992410,-12.682,880.472,-12.682,880.472
46.998330,-12.682,880.472,-12.682,880.472
47.004460,-12.682,880.472,-12.682,880.472
47.010440,-12.682,880.472,-12.682,880.472
47.017590,-12.682,880.472,-12.682,880.472
47.023280,-12.682,880.472,-12.682,880.472
47.029270,-12.682,880.472,-12.682,880.472
47.037000,-12.682,880.472,-12.682,880.472
47.043800,-12.682,880.472,-12.682,880.472
47.050510,-12.682,880.472,-12.682,880.472
47.056720,-12.682,880.472,-12.682,880.472
47.062480,-12.682,880.472,-12.682,880.472
47.069190,-12.682,880.472,-12.682,880.472
47.075260,-12.682,880.472,-12.682,880.472
47.079870,-12.682,880.472,-12.682,880.472
47.084650,-12.682,880.472,-12.682,880.472
47.090470,-12.682,880.472,-12.682,880.472
47.095160,-12.682,880.472,-12.682,880.472
47.102290,-12.682,880.472,-12.682,880.472
47.107410,-12.682,880.472,-12.682,880.472
47.111560,-12.682,880.472,-12.682,880.472
47.118000,-12.682,880.472,-12.682,880.472
47.122300,-12.682,880.472,-12.682,880.472
47.126650,-12.682,880.472,-12.682,880.472
47.133450,-12.682,880.472,-12.682,880.472
47.137410,-12.682,880.472,-12.682,880.472
47.142590,-12.682,880.472,-12.682,880.472
47.147310,-12.682,880.472,-12.682,880.472
47.154020,-12.682,880.472,-12.682,880.472
47.159820,-12.682,880.472,-12.682,880.472
47.165520,-12.682,880.472,-12.682,880.472
47.169890,-12.682,880.472,-12.682,880.472
47.174150,-12.682,880.472,-12.682,880.472
47.179650,-12.682,880.472,-12.682,880.472
47.184500,-12.682,880.472,-12.682,880.472
47.189540,-12.682,880.472,-12.682,880.472
47.197140,-12.682,880.472,-12.682,880.472
47.204420,-12.682,880.472,-12.682,880.472
47.211120,-12.682,880.472,-12.682,880.472
47.216420,-12.682,880.472,-12.682,880.472
47.221760,-12.682,880.472,-12.682,880.472
47.227240,NN,NN,NN,NN
47.232150,NN,NN,NN,NN
47.237010,NN,NN,NN,NN
47.243640,NN,NN,NN,NN
47.249470,NN,NN,NN,NN
47.254970,NN,NN,NN,NN
47.259410,NN,NN,NN,NN
47.263720,NN,NN,NN,NN
47.268520,NN,NN,NN,NN
47.274300,NN,NN,NN,NN
47.279460,NN,NN,NN,NN
47.284540,NN,NN,NN,NN
47.289820,NN,NN,NN,NN
47.294140,NN,NN,NN,NN
47.298760,NN,NN,NN,NN
47.303520,NN,NN,NN,NN
47.308020,NN,NN,NN,NN
47.313770,NN,NN,NN,NN
47.320660,NN,NN,NN,NN
47.325550,NN,NN,NN,NN
47.331670,NN,NN,NN,NN
47.338590,NN,NN,NN,NN
47.343750,NN,NN,NN,NN
47.349400,NN,NN,NN,NN
47.353780,NN,NN,NN,NN
47.358200,NN,NN,NN,NN
47.363710,NN,NN,NN,NN
47.369190,NN,NN,NN,NN
47.373990,NN,NN,NN,NN
47.378570,NN,NN,NN,NN
47.383920,NN,NN,NN,NN
47.388450,NN,NN,NN,NN
47.392650,NN,NN,NN,NN
47.398770,NN,NN,NN,NN
47.403970,NN,NN,NN,NN
47.408180,NN,NN,NN,NN
47.413380,NN,NN,NN,NN
47.418360,NN,NN,NN,NN
47.422790,NN,NN,NN,NN
47.426700,NN,NN,NN,NN
47.432610,NN,NN,NN,NN
47.437260,NN,NN,NN,NN
47.443230,NN,NN,NN,NN
47.447850,NN,NN,NN,NN
47.452330,NN,NN,NN,NN
47.456910,NN,NN,NN,NN
47.463260,NN,NN,NN,NN
47.467830,NN,NN,NN,NN
47.472520,NN,NN,NN,NN
47.479470,NN,NN,NN,NN
47.483830,NN,NN,NN,NN
47.489120,NN,NN,NN,NN
47.494420,NN,NN,NN,NN
47.499180,NN,NN,NN,NN
47.504490,NN,NN,NN,NN
47.510420,NN,NN,NN,NN
47.516300,NN,NN,NN,NN
47.522310,NN,NN,NN,NN
47.527250,NN,NN,NN,NN
47.532600,NN,NN,NN,NN
47.537650,NN,NN,NN,NN
47.542970,NN,NN,NN,NN
47.548680,NN,NN,NN,NN
47.558400,NN,NN,NN,NN
47.565670,NN,NN,NN,NN
47.573340,NN,NN,NN,NN
47.578740,NN,NN,NN,NN
47.587390,NN,NN,NN,NN
47.593640,NN,NN,NN,NN
47.601430,NN,NN,NN,NN
47.607670,NN,NN,NN,NN
47.616060,NN,NN,NN,NN
47.622350,NN,NN,NN,NN
47.629350,NN,NN,NN,NN
47.636790,NN,NN,NN,NN
47.642410,NN,NN,NN,NN
47.650430,NN,NN,NN,NN
47.655430,NN,NN,NN,NN
47.661510,NN,NN,NN,NN
47.666970,NN,NN,NN,NN
47.671970,NN,NN,NN,NN
47.678040,NN,NN,NN,NN
47.684620,NN,NN,NN,NN
47.689150,NN,NN,NN,NN
47.695350,NN,NN,NN,NN
47.701840,NN,NN,NN,NN
47.707820,NN,NN,NN,NN
47.713180,NN,NN,NN,NN
47.718440,NN,NN,NN,NN
47.722940,NN,NN,NN,NN
47.728130,NN,NN,NN,NN
47.735420,NN,NN,NN,NN
47.741000,NN,NN,NN,NN
47.746950,NN,NN,NN,NN
47.752940,NN,NN,NN,NN
47.759240,NN,NN,NN,NN
47.767180,NN,NN,NN,NN
47.772850,NN,NN,NN,NN
47.778600,NN,NN,NN,NN
47.785730,NN,NN,NN,NN
47.791850,NN,NN,NN,NN
47.798940,NN,NN,NN,NN
47.804500,NN,NN,NN,NN
47.809360,NN,NN,NN,NN
47.814770,NN,NN,NN,NN
47.823650,NN,NN,NN,NN
47.828580,NN,NN,NN,NN
47.835030,NN,NN,NN,NN
47.841130,NN,NN,NN,NN
47.847090,NN,NN,NN,NN
47.854190,NN,NN,NN,NN
47.859480,NN,NN,NN,NN
47.867460,NN,NN,NN,NN
47.872400,NN,NN,NN,NN
47.877110,NN,NN,NN,NN
47.883460,NN,NN,NN,NN
47.888640,NN,NN,NN,NN
47.893100,NN,NN,NN,NN
47.898540,NN,NN,NN,NN
47.904270,NN,NN,NN,NN
47.909010,NN,NN,NN,NN
47.915950,NN,NN,NN,NN
47.921340,NN,NN,NN,NN
47.935230,NN,NN,NN,NN
47.947240,NN,NN,NN,NN
47.955060,NN,NN,NN,NN
47.961730,NN,NN,NN,NN
47.966990,NN,NN,NN,NN
47.972560,NN,NN,NN,NN
47.978390,NN,NN,NN,NN
47.983290,NN,NN,NN,NN
47.987880,NN,NN,NN,NN
47.993090,NN,NN,NN,NN
47.998000,NN,NN,NN,NN
48.005120,NN,NN,NN,NN
48.010850,NN,NN,NN,NN
48.016350,NN,NN,NN,NN
48.022120,NN,NN,NN,NN
48.026820,NN,NN,NN,NN
48.031930,NN,NN,NN,NN
48.038700,NN,NN,NN,NN
48.056070,NN,NN,NN,NN
