time,pos_x,pos_y,corrected_pos_x,corrected_pos_y
0.561217,NN,NN,NN,NN
0.719738,NN,NN,NN,NN
0.727932,NN,NN,NN,NN
0.733273,NN,NN,NN,NN
0.735128,NN,NN,NN,NN
0.739015,NN,NN,NN,NN
0.741206,NN,NN,NN,NN
0.744986,NN,NN,NN,NN
0.747427,NN,NN,NN,NN
0.750625,NN,NN,NN,NN
0.753068,NN,NN,NN,NN
0.754978,NN,NN,NN,NN
0.758168,NN,NN,NN,NN
0.760165,NN,NN,NN,NN
0.761932,NN,NN,NN,NN
0.765451,NN,NN,NN,NN
0.767575,NN,NN,NN,NN
0.769561,NN,NN,NN,NN
0.772600,NN,NN,NN,NN
0.774291,NN,NN,NN,NN
0.776599,NN,NN,NN,NN
0.779849,NN,NN,NN,NN
0.782055,NN,NN,NN,NN
0.783773,NN,NN,NN,NN
0.787742,NN,NN,NN,NN
0.789695,NN,NN,NN,NN
0.792200,NN,NN,NN,NN
0.794475,NN,NN,NN,NN
0.796591,NN,NN,NN,NN
0.799532,NN,NN,NN,NN
0.801660,NN,NN,NN,NN
0.804504,NN,NN,NN,NN
0.808171,NN,NN,NN,NN
0.809903,NN,NN,NN,NN
0.811391,NN,NN,NN,NN
0.813677,NN,NN,NN,NN
0.815650,NN,NN,NN,NN
0.817670,NN,NN,NN,NN
0.821254,NN,NN,NN,NN
0.823339,NN,NN,NN,NN
0.825390,NN,NN,NN,NN
0.827420,NN,NN,NN,NN
0.829207,NN,NN,NN,NN
0.830752,NN,NN,NN,NN
0.832531,NN,NN,NN,NN
0.834708,NN,NN,NN,NN
0.837186,NN,NN,NN,NN
0.840048,NN,NN,NN,NN
0.841862,NN,NN,NN,NN
0.843391,NN,NN,NN,NN
0.845130,NN,NN,NN,NN
0.847367,NN,NN,NN,NN
0.849512,NN,NN,NN,NN
0.851148,NN,NN,NN,NN
0.855043,NN,NN,NN,NN
0.857655,NN,NN,NN,NN
0.859573,NN,NN,NN,NN
0.861777,NN,NN,NN,NN
0.863394,NN,NN,NN,NN
0.865933,NN,NN,NN,NN
0.869508,NN,NN,NN,NN
0.871529,NN,NN,NN,NN
0.873617,NN,NN,NN,NN
0.875372,NN,NN,NN,NN
0.877302,NN,NN,NN,NN
0.879394,NN,NN,NN,NN
0.881126,NN,NN,NN,NN
0.883106,NN,NN,NN,NN
0.885176,NN,NN,NN,NN
0.887388,NN,NN,NN,NN
0.890187,NN,NN,NN,NN
0.892057,NN,NN,NN,NN
0.894408,NN,NN,NN,NN
0.898629,NN,NN,NN,NN
0.900638,NN,NN,NN,NN
0.903580,NN,NN,NN,NN
0.905757,NN,NN,NN,NN
0.907957,NN,NN,NN,NN
0.912027,NN,NN,NN,NN
0.913988,NN,NN,NN,NN
0.917310,NN,NN,NN,NN
0.919847,NN,NN,NN,NN
0.924737,NN,NN,NN,NN
0.926907,NN,NN,NN,NN
0.930782,889.090,228.507,444.545,114.253
0.933974,889.090,228.507,666.817,171.380
0.937471,889.090,228.507,777.953,199.943
0.940416,889.090,228.507,833.521,214.225
0.942576,889.090,228.507,861.305,221.366
0.946003,889.090,228.507,875.197,224.936
0.948316,889.090,228.507,882.143,226.722
0.951584,889.090,228.507,885.617,227.614
0.953723,889.090,228.507,887.353,228.060
0.955661,1026.202,278.263,956.778,253.162
0.958724,1026.202,278.263,991.490,265.713
0.960408,1026.202,278.263,1008.846,271.988
0.962279,1026.202,278.263,1017.524,275.126
0.964308,1026.202,278.263,1021.863,276.694
0.966160,1026.202,278.263,1024.033,277.479
0.968471,1026.202,278.263,1025.117,277.871
0.972696,1026.202,278.263,1025.660,278.067
0.974699,1026.202,278.263,1025.931,278.165
0.976983,1026.202,278.263,1026.067,278.214
0.978981,1026.202,278.263,1026.134,278.239
0.980724,1026.202,278.263,1026.168,278.251
0.982439,1026.202,278.263,1026.185,278.257
0.983899,1026.202,278.263,1026.194,278.260
0.986589,1026.202,278.263,1026.198,278.262
0.988664,1110.688,313.127,1068.443,295.695
0.990302,1110.688,313.127,1089.565,304.411
0.993115,1110.688,313.127,1100.127,308.769
0.994647,1110.688,313.127,1105.407,310.948
0.996495,1110.688,313.127,1108.048,312.038
0.998615,1110.688,313.127,1109.368,312.583
1.000942,1110.688,313.127,1110.028,312.855
1.003049,1110.688,313.127,1110.358,312.991
1.005246,1110.688,313.127,1110.523,313.059
1.007825,1110.688,313.127,1110.605,313.093
1.009439,1110.688,313.127,1110.647,313.110
1.011147,1110.688,313.127,1110.667,313.119
1.013517,1110.688,313.127,1110.678,313.123
1.015263,1110.688,313.127,1110.683,313.125
1.016726,1110.688,313.127,1110.685,313.126
1.018512,1161.743,327.559,1136.214,320.343
1.022218,1161.743,327.559,1148.978,323.951
1.023975,1161.743,327.559,1155.360,325.755
1.027340,1161.743,327.559,1158.552,326.657
1.029638,1161.743,327.559,1160.147,327.108
1.031992,1161.743,327.559,1160.945,327.333
1.034826,1161.743,327.559,1161.344,327.446
1.036685,1161.743,327.559,1161.543,327.503
1.038412,1161.743,327.559,1161.643,327.531
1.041255,1161.743,327.559,1161.693,327.545
1.043026,1161.743,327.559,1161.718,327.552
1.045396,1161.743,327.559,1161.730,327.555
1.048495,1193.954,330.520,1177.842,329.038
1.050529,1193.954,330.520,1185.898,329.779
1.052858,1193.954,330.520,1189.926,330.149
1.057096,1193.954,330.520,1191.940,330.334
1.062930,1193.954,330.520,1192.947,330.427
1.067394,1193.954,330.520,1193.451,330.473
1.073477,1193.954,330.520,1193.702,330.496
1.078466,1211.636,332.680,1202.669,331.588
1.082979,1211.636,332.680,1207.153,332.134
1.085963,1211.636,332.680,1209.395,332.407
1.089801,1211.636,332.680,1210.516,332.543
1.092253,1211.636,332.680,1211.076,332.611
1.094506,1211.636,332.680,1211.356,332.645
1.098289,1211.636,332.680,1211.496,332.663
1.100476,1211.636,332.680,1211.566,332.671
1.103604,1211.636,332.680,1211.601,332.675
1.105684,1211.636,332.680,1211.619,332.677
1.107901,1211.636,332.680,1211.628,332.679
1.111682,1224.435,336.921,1218.031,334.800
1.113242,1224.435,336.921,1221.233,335.860
1.114830,1224.435,336.921,1222.834,336.390
1.123940,1224.435,336.921,1223.635,336.656
1.126516,1224.435,336.921,1224.035,336.788
1.128256,1224.435,336.921,1224.235,336.854
1.130375,1224.435,336.921,1224.335,336.888
1.132523,1224.435,336.921,1224.385,336.904
1.134569,1224.435,336.921,1224.410,336.912
1.137699,1224.435,336.921,1224.423,336.916
1.139793,1191.911,331.539,1208.167,334.228
1.141692,1191.911,331.539,1200.039,332.883
1.144824,1191.911,331.539,1195.975,332.211
1.146428,1191.911,331.539,1193.943,331.875
1.147914,1191.911,331.539,1192.927,331.707
1.149911,1191.911,331.539,1192.419,331.623
1.154268,1191.911,331.539,1192.165,331.581
1.156566,1191.911,331.539,1192.038,331.560
1.159524,1191.911,331.539,1191.975,331.550
1.161318,1191.911,331.539,1191.943,331.544
1.162713,1191.911,331.539,1191.927,331.542
1.165381,1191.911,331.539,1191.919,331.540
1.167503,1191.911,331.539,1191.915,331.540
1.170064,1163.793,325.302,1177.854,328.421
1.173374,1163.793,325.302,1170.823,326.861
1.175191,1163.793,325.302,1167.308,326.082
1.177206,1163.793,325.302,1165.551,325.692
1.180260,1163.793,325.302,1164.672,325.497
1.182536,1163.793,325.302,1164.232,325.399
1.184257,1163.793,325.302,1164.012,325.351
1.187430,1163.793,325.302,1163.903,325.326
1.189265,1163.793,325.302,1163.848,325.314
1.190822,1163.793,325.302,1163.820,325.308
1.192362,1163.793,325.302,1163.807,325.305
1.194093,1163.793,325.302,1163.800,325.303
1.195464,1163.793,325.302,1163.796,325.303
1.196862,1163.793,325.302,1163.795,325.302
1.200366,1150.340,320.979,1157.067,323.141
1.202739,1150.340,320.979,1153.703,322.060
1.205006,1150.340,320.979,1152.021,321.520
1.206894,1150.340,320.979,1151.181,321.250
1.209212,1150.340,320.979,1150.760,321.115
1.211693,1150.340,320.979,1150.550,321.047
1.214840,1150.340,320.979,1150.445,321.013
1.216830,1150.340,320.979,1150.392,320.996
1.218568,1150.340,320.979,1150.366,320.988
1.220800,1150.340,320.979,1150.353,320.984
1.222828,1150.340,320.979,1150.346,320.982
1.224470,1150.340,320.979,1150.343,320.981
1.226314,1150.340,320.979,1150.341,320.980
1.227934,1150.340,320.979,1150.341,320.980
1.230243,1141.604,318.522,1145.972,319.751
1.232023,1141.604,318.522,1143.788,319.137
1.233557,1141.604,318.522,1142.696,318.830
1.235165,1141.604,318.522,1142.150,318.676
1.237292,1141.604,318.522,1141.877,318.599
1.239041,1141.604,318.522,1141.740,318.561
1.242538,1141.604,318.522,1141.672,318.542
1.244294,1141.604,318.522,1141.638,318.532
1.246021,1141.604,318.522,1141.621,318.527
1.248202,1141.604,318.522,1141.612,318.525
1.250024,1141.604,318.522,1141.608,318.524
1.251562,1141.604,318.522,1141.606,318.523
1.253400,1141.604,318.522,1141.605,318.523
1.255374,1141.604,318.522,1141.604,318.523
1.257163,1141.604,318.522,1141.604,318.523
1.258753,1141.604,318.522,1141.604,318.522
1.261056,1131.608,315.221,1136.606,316.872
1.263015,1131.608,315.221,1134.107,316.046
1.264648,1131.608,315.221,1132.857,315.634
1.266298,1131.608,315.221,1132.232,315.427
1.267733,1131.608,315.221,1131.920,315.324
1.270331,1131.608,315.221,1131.764,315.273
1.272419,1131.608,315.221,1131.686,315.247
1.274298,1131.608,315.221,1131.646,315.234
1.277496,1131.608,315.221,1131.627,315.227
1.279417,1131.608,315.221,1131.617,315.224
1.281509,1131.608,315.221,1131.612,315.223
1.283083,1131.608,315.221,1131.610,315.222
1.284705,1131.608,315.221,1131.609,315.221
1.286647,1131.608,315.221,1131.608,315.221
1.288651,1131.608,315.221,1131.608,315.221
1.290541,1123.932,311.018,1127.770,313.119
1.292476,1123.932,311.018,1125.851,312.069
1.294086,1123.932,311.018,1124.892,311.543
1.295647,1123.932,311.018,1124.412,311.280
1.297394,1123.932,311.018,1124.172,311.149
1.299531,1123.932,311.018,1124.052,311.083
1.301426,1123.932,311.018,1123.992,311.050
1.303365,1123.932,311.018,1123.962,311.034
1.305185,1123.932,311.018,1123.947,311.026
1.306788,1123.932,311.018,1123.939,311.022
1.308651,1123.932,311.018,1123.936,311.020
1.310225,1123.932,311.018,1123.934,311.019
1.311793,1123.932,311.018,1123.933,311.018
1.313462,1123.932,311.018,1123.932,311.018
1.315355,1123.932,311.018,1123.932,311.018
1.316926,1123.932,311.018,1123.932,311.018
1.318429,1123.932,311.018,1123.932,311.018
1.320456,1126.363,312.983,1125.148,312.000
1.322724,1126.363,312.983,1125.755,312.491
1.325135,1126.363,312.983,1126.059,312.737
1.327272,1126.363,312.983,1126.211,312.860
1.329080,1126.363,312.983,1126.287,312.921
1.331536,1126.363,312.983,1126.325,312.952
1.334004,1126.363,312.983,1126.344,312.967
1.335789,1126.363,312.983,1126.354,312.975
1.338034,1126.363,312.983,1126.359,312.979
1.340017,1126.363,312.983,1126.361,312.981
1.341682,1126.363,312.983,1126.362,312.982
1.343159,1126.363,312.983,1126.363,312.982
1.344626,1126.363,312.983,1126.363,312.982
1.346123,1126.363,312.983,1126.363,312.983
1.347582,1126.363,312.983,1126.363,312.983
1.349075,1126.363,312.983,1126.363,312.983
1.351412,1128.923,315.622,1127.643,314.302
1.353745,1128.923,315.622,1128.283,314.962
1.355783,1128.923,315.622,1128.603,315.292
1.357711,1128.923,315.622,1128.763,315.457
1.359598,1128.923,315.622,1128.843,315.539
1.361604,1128.923,315.622,1128.883,315.580
1.363356,1128.923,315.622,1128.903,315.601
1.364915,1128.923,315.622,1128.913,315.611
1.366779,1128.923,315.622,1128.918,315.616
1.368440,1128.923,315.622,1128.921,315.619
1.370555,1128.923,315.622,1128.922,315.620
1.372943,1128.923,315.622,1128.923,315.621
1.374538,1128.923,315.622,1128.923,315.621
1.376053,1128.923,315.622,1128.923,315.621
1.377624,1128.923,315.622,1128.923,315.622
1.379297,1128.923,315.622,1128.923,315.622
1.381320,1131.213,317.649,1130.068,316.635
1.382998,1131.213,317.649,1130.640,317.142
1.384583,1131.213,317.649,1130.926,317.396
1.386832,1131.213,317.649,1131.069,317.522
1.389090,1131.213,317.649,1131.141,317.586
1.391505,1131.213,317.649,1131.177,317.617
1.393572,1131.213,317.649,1131.195,317.633
1.395419,1131.213,317.649,1131.204,317.641
1.397126,1131.213,317.649,1131.208,317.645
1.399465,1131.213,317.649,1131.210,317.647
1.400954,1131.213,317.649,1131.211,317.648
1.402937,1131.213,317.649,1131.212,317.648
1.404774,1131.213,317.649,1131.212,317.649
1.406925,1131.213,317.649,1131.212,317.649
1.408640,1131.213,317.649,1131.212,317.649
1.410180,1134.129,319.947,1132.671,318.798
1.411906,1134.129,319.947,1133.400,319.373
1.413672,1134.129,319.947,1133.764,319.660
1.415242,1134.129,319.947,1133.947,319.804
1.416999,1134.129,319.947,1134.038,319.875
1.418726,1134.129,319.947,1134.083,319.911
1.421023,1134.129,319.947,1134.106,319.929
1.423370,1134.129,319.947,1134.118,319.938
1.424973,1134.129,319.947,1134.123,319.943
1.426866,1134.129,319.947,1134.126,319.945
1.428327,1134.129,319.947,1134.128,319.946
1.429794,1134.129,319.947,1134.128,319.947
1.431212,1134.129,319.947,1134.129,319.947
1.432969,1134.129,319.947,1134.129,319.947
1.434747,1134.129,319.947,1134.129,319.947
1.436775,1134.129,319.947,1134.129,319.947
1.438641,1134.129,319.947,1134.129,319.947
1.440306,1134.129,319.947,1134.129,319.947
1.442575,1137.311,323.178,1135.720,321.562
1.444139,1137.311,323.178,1136.516,322.370
1.445685,1137.311,323.178,1136.914,322.774
1.447438,1137.311,323.178,1137.113,322.976
1.449682,1137.311,323.178,1137.212,323.077
1.451498,1137.311,323.178,1137.262,323.127
1.453584,1137.311,323.178,1137.287,323.152
1.455305,1137.311,323.178,1137.299,323.165
1.456760,1137.311,323.178,1137.305,323.171
1.458279,1137.311,323.178,1137.308,323.175
1.460587,1137.311,323.178,1137.310,323.176
1.462282,1137.311,323.178,1137.311,323.177
1.463907,1137.311,323.178,1137.311,323.177
1.465357,1137.311,323.178,1137.311,323.178
1.467110,1137.311,323.178,1137.311,323.178
1.468834,1137.311,323.178,1137.311,323.178
1.470738,1139.804,326.096,1138.558,324.637
1.472610,1139.804,326.096,1139.181,325.366
1.474371,1139.804,326.096,1139.493,325.731
1.476284,1139.804,326.096,1139.648,325.913
1.477856,1139.804,326.096,1139.726,326.005
1.480066,1139.804,326.096,1139.765,326.050
1.482520,1139.804,326.096,1139.785,326.073
1.484862,1139.804,326.096,1139.795,326.084
1.486917,1139.804,326.096,1139.800,326.090
1.488531,1139.804,326.096,1139.802,326.093
1.490453,1139.804,326.096,1139.803,326.094
1.491983,1139.804,326.096,1139.804,326.095
1.493837,1139.804,326.096,1139.804,326.095
1.495941,1139.804,326.096,1139.804,326.096
1.497616,1139.804,326.096,1139.804,326.096
1.499246,1139.804,326.096,1139.804,326.096
1.501173,1143.536,327.929,1141.670,327.012
1.503437,1143.536,327.929,1142.603,327.471
1.505239,1143.536,327.929,1143.070,327.700
1.507019,1143.536,327.929,1143.303,327.814
1.508451,1143.536,327.929,1143.419,327.872
1.510448,1143.536,327.929,1143.478,327.900
1.512972,1143.536,327.929,1143.507,327.915
1.514887,1143.536,327.929,1143.521,327.922
1.516665,1143.536,327.929,1143.529,327.925
1.518535,1143.536,327.929,1143.532,327.927
1.520387,1143.536,327.929,1143.534,327.928
1.522131,1143.536,327.929,1143.535,327.928
1.523807,1143.536,327.929,1143.536,327.929
1.525518,1143.536,327.929,1143.536,327.929
1.527426,1143.536,327.929,1143.536,327.929
1.528979,1143.536,327.929,1143.536,327.929
1.530633,1143.536,327.929,1143.536,327.929
1.532477,1147.358,330.057,1145.447,328.993
1.534130,1147.358,330.057,1146.403,329.525
1.535934,1147.358,330.057,1146.880,329.791
1.537874,1147.358,330.057,1147.119,329.924
1.539660,1147.358,330.057,1147.239,329.991
1.551568,1147.358,330.057,1147.298,330.024
1.555258,1147.358,330.057,1147.328,330.041
1.558053,1147.358,330.057,1147.343,330.049
1.559908,1147.358,330.057,1147.351,330.053
1.562011,1140.938,330.729,1144.145,330.391
1.563900,1140.938,330.729,1142.541,330.560
1.565828,1140.938,330.729,1141.740,330.644
1.567304,1140.938,330.729,1141.339,330.686
1.568889,1140.938,330.729,1141.139,330.707
1.570988,1140.938,330.729,1141.038,330.718
1.573596,1140.938,330.729,1140.988,330.723
1.575964,1140.938,330.729,1140.963,330.726
1.578085,1140.938,330.729,1140.951,330.727
1.579764,1140.938,330.729,1140.944,330.728
1.581207,1140.938,330.729,1140.941,330.728
1.582840,1140.938,330.729,1140.940,330.728
1.584443,1140.938,330.729,1140.939,330.728
1.586920,1140.938,330.729,1140.939,330.728
1.588701,1140.938,330.729,1140.938,330.728
1.590453,1140.938,330.729,1140.938,330.729
1.592536,983.653,355.260,1062.296,342.994
1.594824,983.653,355.260,1022.975,349.127
1.596446,983.653,355.260,1003.314,352.194
1.598128,983.653,355.260,993.484,353.727
1.600095,983.653,355.260,988.569,354.494
1.601955,983.653,355.260,986.111,354.877
1.604526,983.653,355.260,984.882,355.069
1.607085,983.653,355.260,984.268,355.164
1.608947,983.653,355.260,983.961,355.212
1.610508,983.653,355.260,983.807,355.236
1.612024,983.653,355.260,983.730,355.248
1.613992,983.653,355.260,983.692,355.254
1.615618,983.653,355.260,983.673,355.257
1.617198,983.653,355.260,983.663,355.259
1.619023,983.653,355.260,983.658,355.259
1.621501,654.494,396.117,819.076,375.688
1.623560,654.494,396.117,736.785,385.902
1.625268,654.494,396.117,695.639,391.009
1.627132,654.494,396.117,675.067,393.563
1.628798,654.494,396.117,664.780,394.840
1.630809,654.494,396.117,659.637,395.478
1.632978,654.494,396.117,657.066,395.797
1.635179,654.494,396.117,655.780,395.957
1.637299,654.494,396.117,655.137,396.037
1.639224,654.494,396.117,654.815,396.077
1.640963,654.494,396.117,654.655,396.097
1.642649,654.494,396.117,654.574,396.107
1.644340,654.494,396.117,654.534,396.112
1.646395,654.494,396.117,654.514,396.114
1.647981,654.494,396.117,654.504,396.115
1.650126,384.498,407.112,519.501,401.614
1.652452,384.498,407.112,452.000,404.363
1.654566,384.498,407.112,418.249,405.737
1.656369,384.498,407.112,401.373,406.425
1.657887,384.498,407.112,392.936,406.768
1.659694,384.498,407.112,388.717,406.940
1.661499,384.498,407.112,386.607,407.026
1.663285,384.498,407.112,385.553,407.069
1.665709,384.498,407.112,385.025,407.090
1.667669,384.498,407.112,384.762,407.101
1.670488,384.498,407.112,384.630,407.106
1.672415,384.498,407.112,384.564,407.109
1.674299,384.498,407.112,384.531,407.110
1.676527,384.498,407.112,384.515,407.111
1.677986,384.498,407.112,384.506,407.111
1.679992,384.498,407.112,384.502,407.112
1.681880,224.660,422.221,304.581,414.666
1.684036,224.660,422.221,264.620,418.444
1.685810,224.660,422.221,244.640,420.333
1.687623,224.660,422.221,234.650,421.277
1.690111,224.660,422.221,229.655,421.749
1.692591,224.660,422.221,227.157,421.985
1.694608,224.660,422.221,225.908,422.103
1.696479,224.660,422.221,225.284,422.162
1.698152,224.660,422.221,224.972,422.192
1.700022,224.660,422.221,224.816,422.206
1.701936,224.660,422.221,224.738,422.214
1.704133,224.660,422.221,224.699,422.218
1.705724,224.660,422.221,224.679,422.219
1.707542,224.660,422.221,224.669,422.220
1.709113,224.660,422.221,224.664,422.221
1.711068,140.299,424.993,182.482,423.607
1.713089,140.299,424.993,161.390,424.300
1.715468,140.299,424.993,150.844,424.646
1.717318,140.299,424.993,145.571,424.820
1.718993,140.299,424.993,142.935,424.906
1.720819,140.299,424.993,141.617,424.949
1.722813,140.299,424.993,140.958,424.971
1.725158,140.299,424.993,140.628,424.982
1.726929,140.299,424.993,140.463,424.987
1.728714,140.299,424.993,140.381,424.990
1.730563,140.299,424.993,140.340,424.991
1.732297,140.299,424.993,140.319,424.992
1.733840,140.299,424.993,140.309,424.992
1.735271,140.299,424.993,140.304,424.993
1.737254,140.299,424.993,140.301,424.993
1.738984,140.299,424.993,140.300,424.993
1.740717,140.299,424.993,140.299,424.993
1.742449,101.130,435.204,120.714,430.098
1.744740,101.130,435.204,110.922,432.651
1.746467,101.130,435.204,106.026,433.927
1.748139,101.130,435.204,103.578,434.565
1.749975,101.130,435.204,102.354,434.885
1.751786,101.130,435.204,101.742,435.044
1.754196,101.130,435.204,101.436,435.124
1.756226,101.130,435.204,101.283,435.164
1.757861,101.130,435.204,101.206,435.184
1.759545,101.130,435.204,101.168,435.194
1.761775,101.130,435.204,101.149,435.199
1.763239,101.130,435.204,101.139,435.201
1.764687,101.130,435.204,101.134,435.202
1.766225,101.130,435.204,101.132,435.203
1.767712,101.130,435.204,101.131,435.203
1.769380,101.130,435.204,101.130,435.203
1.771300,101.130,435.204,101.130,435.204
1.773176,83.587,445.789,92.359,440.496
1.774926,83.587,445.789,87.973,443.142
1.776675,83.587,445.789,85.780,444.465
1.778284,83.587,445.789,84.684,445.127
1.783789,83.587,445.789,84.136,445.458
1.786230,83.587,445.789,83.861,445.623
1.788406,83.587,445.789,83.724,445.706
1.790040,83.587,445.789,83.656,445.747
1.791699,83.587,445.789,83.622,445.768
1.793479,83.587,445.789,83.604,445.778
1.795554,83.587,445.789,83.596,445.783
1.797677,83.587,445.789,83.592,445.786
1.799269,83.587,445.789,83.589,445.787
1.801118,83.587,445.789,83.588,445.788
1.803495,70.550,451.707,77.069,448.748
1.805684,70.550,451.707,73.810,450.228
1.807365,70.550,451.707,72.180,450.968
1.809263,70.550,451.707,71.365,451.338
1.810754,70.550,451.707,70.958,451.523
1.812218,70.550,451.707,70.754,451.615
1.814496,70.550,451.707,70.652,451.661
1.816305,70.550,451.707,70.601,451.684
1.817784,70.550,451.707,70.576,451.696
1.819392,70.550,451.707,70.563,451.702
1.821798,70.550,451.707,70.557,451.705
1.823367,70.550,451.707,70.553,451.706
1.824829,70.550,451.707,70.552,451.707
1.826293,70.550,451.707,70.551,451.707
1.827840,70.550,451.707,70.551,451.707
1.829972,70.550,451.707,70.550,451.707
1.831613,70.550,451.707,70.550,451.707
1.833698,59.627,455.528,65.089,453.617
1.836092,59.627,455.528,62.358,454.572
1.838522,59.627,455.528,60.993,455.050
1.840769,59.627,455.528,60.310,455.289
1.843198,59.627,455.528,59.969,455.408
1.845649,59.627,455.528,59.798,455.468
1.847586,59.627,455.528,59.713,455.498
1.849368,59.627,455.528,59.670,455.513
1.851367,59.627,455.528,59.649,455.520
1.853654,59.627,455.528,59.638,455.524
1.855795,59.627,455.528,59.633,455.526
1.857641,59.627,455.528,59.630,455.527
1.859921,59.627,455.528,59.629,455.527
1.861642,59.627,455.528,59.628,455.527
1.863688,55.745,457.664,57.687,456.596
1.865450,55.745,457.664,56.716,457.130
1.866935,55.745,457.664,56.230,457.397
1.868827,55.745,457.664,55.988,457.531
1.871586,55.745,457.664,55.866,457.597
1.873993,55.745,457.664,55.806,457.631
1.876029,55.745,457.664,55.775,457.648
1.877869,55.745,457.664,55.760,457.656
1.879606,55.745,457.664,55.753,457.660
1.881311,55.745,457.664,55.749,457.662
1.882943,55.745,457.664,55.747,457.663
1.884748,55.745,457.664,55.746,457.664
1.887116,55.745,457.664,55.746,457.664
1.889345,55.745,457.664,55.745,457.664
1.891047,55.745,457.664,55.745,457.664
1.892498,55.745,457.664,55.745,457.664
1.894152,50.090,460.260,52.918,458.962
1.896116,50.090,460.260,51.504,459.611
1.898133,50.090,460.260,50.797,459.935
1.899964,50.090,460.260,50.443,460.098
1.901784,50.090,460.260,50.267,460.179
1.903899,50.090,460.260,50.178,460.219
1.906240,50.090,460.260,50.134,460.239
1.907837,50.090,460.260,50.112,460.250
1.909364,50.090,460.260,50.101,460.255
1.910916,50.090,460.260,50.095,460.257
1.912759,50.090,460.260,50.093,460.259
1.914683,50.090,460.260,50.091,460.259
1.917047,50.090,460.260,50.091,460.259
1.918929,50.090,460.260,50.090,460.260
1.921379,50.090,460.260,50.090,460.260
1.923206,50.090,460.260,50.090,460.260
1.925298,76.335,459.964,63.212,460.112
1.927167,76.335,459.964,69.774,460.038
1.929007,76.335,459.964,73.054,460.001
1.930930,76.335,459.964,74.695,459.983
1.933059,76.335,459.964,75.515,459.973
1.934969,76.335,459.964,75.925,459.969
1.937331,76.335,459.964,76.130,459.967
1.939780,76.335,459.964,76.232,459.965
1.941692,76.335,459.964,76.284,459.965
1.943491,76.335,459.964,76.309,459.965
1.945250,76.335,459.964,76.322,459.964
1.947149,76.335,459.964,76.328,459.964
1.948997,76.335,459.964,76.332,459.964
1.950772,76.335,459.964,76.333,459.964
1.952614,76.335,459.964,76.334,459.964
1.955416,95.129,459.101,85.732,459.533
1.957292,95.129,459.101,90.430,459.317
1.959074,95.129,459.101,92.780,459.209
1.960569,95.129,459.101,93.955,459.155
1.962144,95.129,459.101,94.542,459.128
1.963714,95.129,459.101,94.836,459.114
1.965535,95.129,459.101,94.982,459.108
1.967367,95.129,459.101,95.056,459.104
1.969022,95.129,459.101,95.093,459.102
1.970912,95.129,459.101,95.111,459.102
1.973169,95.129,459.101,95.120,459.101
1.974926,95.129,459.101,95.125,459.101
1.976593,95.129,459.101,95.127,459.101
1.978112,95.129,459.101,95.128,459.101
1.979824,95.129,459.101,95.129,459.101
1.981592,95.129,459.101,95.129,459.101
1.983499,95.129,459.101,95.129,459.101
1.985348,104.463,459.004,99.796,459.052
1.987372,104.463,459.004,102.130,459.028
1.989452,104.463,459.004,103.296,459.016
1.991400,104.463,459.004,103.880,459.010
1.993165,104.463,459.004,104.171,459.007
1.996490,104.463,459.004,104.317,459.005
1.999238,104.463,459.004,104.390,459.004
2.000905,104.463,459.004,104.427,459.004
2.003115,104.463,459.004,104.445,459.004
2.005350,104.463,459.004,104.454,459.004
2.007064,104.463,459.004,104.458,459.004
2.009185,104.463,459.004,104.461,459.004
2.011005,104.463,459.004,104.462,459.004
2.018581,113.422,458.898,108.942,458.951
2.020602,113.422,458.898,111.182,458.924
2.023220,113.422,458.898,112.302,458.911
2.025600,113.422,458.898,112.862,458.904
2.027658,113.422,458.898,113.142,458.901
2.029596,113.422,458.898,113.282,458.899
2.031478,113.422,458.898,113.352,458.898
2.032954,113.422,458.898,113.387,458.898
2.034468,113.422,458.898,113.404,458.898
2.036193,113.422,458.898,113.413,458.898
2.038115,113.422,458.898,113.417,458.898
2.040019,113.422,458.898,113.420,458.898
2.042054,113.422,458.898,113.421,458.898
2.043882,113.422,458.898,113.421,458.898
2.045951,126.815,459.024,120.118,458.961
2.047685,126.815,459.024,123.466,458.993
2.049366,126.815,459.024,125.140,459.008
2.051051,126.815,459.024,125.977,459.016
2.052836,126.815,459.024,126.396,459.020
2.055113,126.815,459.024,126.605,459.022
2.057763,126.815,459.024,126.710,459.023
2.059659,126.815,459.024,126.762,459.024
2.061507,126.815,459.024,126.788,459.024
2.062991,126.815,459.024,126.801,459.024
2.065329,126.815,459.024,126.808,459.024
2.066887,126.815,459.024,126.811,459.024
2.068755,126.815,459.024,126.813,459.024
2.071267,126.815,459.024,126.814,459.024
2.073437,126.815,459.024,126.814,459.024
2.075527,152.800,466.120,139.807,462.572
2.077783,152.800,466.120,146.303,464.346
2.080343,152.800,466.120,149.552,465.233
2.081979,152.800,466.120,151.176,465.676
2.083761,152.800,466.120,151.988,465.898
2.085879,152.800,466.120,152.394,466.009
2.088933,152.800,466.120,152.597,466.064
2.091021,152.800,466.120,152.698,466.092
2.092812,152.800,466.120,152.749,466.106
2.095076,152.800,466.120,152.774,466.113
2.097229,152.800,466.120,152.787,466.116
2.099294,152.800,466.120,152.793,466.118
2.101083,152.800,466.120,152.797,466.119
2.103434,152.800,466.120,152.798,466.119
2.106195,340.641,588.263,246.720,527.191
2.108788,340.641,588.263,293.680,557.727
2.111256,340.641,588.263,317.160,572.995
2.113462,340.641,588.263,328.901,580.629
2.115623,340.641,588.263,334.771,584.446
2.118278,340.641,588.263,337.706,586.354
2.121220,340.641,588.263,339.173,587.309
2.123378,340.641,588.263,339.907,587.786
2.125338,340.641,588.263,340.274,588.024
2.127462,340.641,588.263,340.457,588.144
2.129123,340.641,588.263,340.549,588.203
2.131293,340.641,588.263,340.595,588.233
2.133544,340.641,588.263,340.618,588.248
2.135615,601.127,754.273,470.872,671.260
2.137939,601.127,754.273,536.000,712.767
2.140280,601.127,754.273,568.563,733.520
2.142644,601.127,754.273,584.845,743.896
2.144867,601.127,754.273,592.986,749.084
2.147485,601.127,754.273,597.056,751.679
2.149426,601.127,754.273,599.092,752.976
2.151687,601.127,754.273,600.109,753.624
2.154025,601.127,754.273,600.618,753.948
2.156089,601.127,754.273,600.872,754.111
2.157794,601.127,754.273,601.000,754.192
2.159881,601.127,754.273,601.063,754.232
2.161756,601.127,754.273,601.095,754.252
2.163462,601.127,754.273,601.111,754.263
2.166667,765.769,865.652,683.440,809.957
2.169646,765.769,865.652,724.604,837.804
2.172923,765.769,865.652,745.187,851.728
2.175877,765.769,865.652,755.478,858.690
2.178879,765.769,865.652,760.623,862.171
2.181571,765.769,865.652,763.196,863.911
2.183420,765.769,865.652,764.483,864.782
2.185936,765.769,865.652,765.126,865.217
2.188648,765.769,865.652,765.447,865.434
2.190597,765.769,865.652,765.608,865.543
2.192451,765.769,865.652,765.689,865.597
2.194311,765.769,865.652,765.729,865.625
2.196764,852.854,920.076,809.291,892.850
2.198667,852.854,920.076,831.073,906.463
2.200444,852.854,920.076,841.963,913.270
2.202412,852.854,920.076,847.409,916.673
2.205059,852.854,920.076,850.131,918.375
2.207683,852.854,920.076,851.493,919.226
2.210098,852.854,920.076,852.173,919.651
2.212324,852.854,920.076,852.514,919.864
2.214245,852.854,920.076,852.684,919.970
2.216546,852.854,920.076,852.769,920.023
2.218254,852.854,920.076,852.812,920.050
2.220402,852.854,920.076,852.833,920.063
2.222549,852.854,920.076,852.843,920.070
2.224386,852.854,920.076,852.849,920.073
2.226187,895.506,948.333,874.178,934.203
2.228889,895.506,948.333,884.842,941.268
2.231182,895.506,948.333,890.174,944.801
2.233334,895.506,948.333,892.840,946.567
2.235664,895.506,948.333,894.173,947.450
2.238500,895.506,948.333,894.840,947.892
2.240758,895.506,948.333,895.173,948.113
2.243081,895.506,948.333,895.340,948.223
2.245209,895.506,948.333,895.423,948.278
2.247036,895.506,948.333,895.465,948.306
2.249124,895.506,948.333,895.486,948.320
2.251403,895.506,948.333,895.496,948.326
2.253374,895.506,948.333,895.501,948.330
2.255253,895.506,948.333,895.504,948.332
2.257548,922.433,964.278,908.969,956.305
2.259860,922.433,964.278,915.701,960.292
2.262337,922.433,964.278,919.067,962.285
2.264678,922.433,964.278,920.750,963.282
2.266860,922.433,964.278,921.592,963.780
2.268989,922.433,964.278,922.013,964.029
2.271394,922.433,964.278,922.223,964.154
2.273631,922.433,964.278,922.328,964.216
2.275705,922.433,964.278,922.381,964.247
2.277971,922.433,964.278,922.407,964.263
2.280006,922.433,964.278,922.420,964.271
2.281731,922.433,964.278,922.427,964.274
2.283448,922.433,964.278,922.430,964.276
2.285540,933.627,970.590,928.029,967.433
2.287878,933.627,970.590,930.828,969.012
2.289800,933.627,970.590,932.228,969.801
2.291873,933.627,970.590,932.927,970.196
2.293865,933.627,970.590,933.277,970.393
2.296376,933.627,970.590,933.452,970.492
2.298913,933.627,970.590,933.540,970.541
2.300940,933.627,970.590,933.584,970.565
2.302807,933.627,970.590,933.605,970.578
2.304781,933.627,970.590,933.616,970.584
2.306974,933.627,970.590,933.622,970.587
2.309271,933.627,970.590,933.625,970.589
2.310993,933.627,970.590,933.626,970.589
2.312751,933.627,970.590,933.627,970.590
2.314725,933.627,970.590,933.627,970.590
2.316411,933.627,970.590,933.627,970.590
2.318798,940.352,976.903,936.989,973.747
2.321507,940.352,976.903,938.670,975.325
2.324068,940.352,976.903,939.511,976.114
2.326263,940.352,976.903,939.931,976.508
2.329080,940.352,976.903,940.141,976.706
2.331328,940.352,976.903,940.247,976.804
2.333511,940.352,976.903,940.299,976.854
2.335765,940.352,976.903,940.325,976.878
2.338143,940.352,976.903,940.338,976.891
2.340479,940.352,976.903,940.345,976.897
2.342596,940.352,976.903,940.348,976.900
2.344116,940.352,976.903,940.350,976.901
2.346016,940.352,976.903,940.351,976.902
2.348125,942.025,976.657,941.188,976.780
2.350146,942.025,976.657,941.607,976.719
2.352561,942.025,976.657,941.816,976.688
2.355031,942.025,976.657,941.921,976.673
2.356991,942.025,976.657,941.973,976.665
2.359457,942.025,976.657,941.999,976.661
2.361817,942.025,976.657,942.012,976.659
2.363489,942.025,976.657,942.019,976.658
2.365077,942.025,976.657,942.022,976.658
2.366860,942.025,976.657,942.024,976.658
2.369159,942.025,976.657,942.024,976.657
2.371105,942.025,976.657,942.025,976.657
2.373487,942.025,976.657,942.025,976.657
2.375501,942.025,976.657,942.025,976.657
2.377687,944.552,979.900,943.289,978.279
2.380043,944.552,979.900,943.921,979.089
2.382617,944.552,979.900,944.237,979.495
2.385419,944.552,979.900,944.395,979.697
2.387757,944.552,979.900,944.474,979.799
2.390145,944.552,979.900,944.513,979.849
2.392191,944.552,979.900,944.533,979.875
2.393916,944.552,979.900,944.543,979.888
2.395832,944.552,979.900,944.548,979.894
2.397744,944.552,979.900,944.550,979.897
2.399564,944.552,979.900,944.551,979.899
2.401507,944.552,979.900,944.552,979.899
2.404194,944.552,979.900,944.552,979.900
2.406583,945.286,976.577,944.919,978.238
2.408496,945.286,976.577,945.102,977.408
2.410310,945.286,976.577,945.194,976.992
2.412052,945.286,976.577,945.240,976.785
2.414009,945.286,976.577,945.263,976.681
2.415987,945.286,976.577,945.274,976.629
2.427063,945.286,976.577,945.280,976.603
2.429703,945.286,976.577,945.283,976.590
2.431839,945.286,976.577,945.284,976.583
2.433837,945.286,976.577,945.285,976.580
2.436226,946.490,980.539,945.888,978.559
2.438863,946.490,980.539,946.189,979.549
2.440837,946.490,980.539,946.340,980.044
2.443000,946.490,980.539,946.415,980.291
2.445037,946.490,980.539,946.453,980.415
2.447180,946.490,980.539,946.471,980.477
2.449573,946.490,980.539,946.481,980.508
2.451842,946.490,980.539,946.485,980.523
2.454057,946.490,980.539,946.488,980.531
2.456210,946.490,980.539,946.489,980.535
2.458296,946.490,980.539,946.490,980.537
2.460171,946.490,980.539,946.490,980.538
2.462422,946.490,980.539,946.490,980.538
2.464161,946.490,980.539,946.490,980.539
2.466395,957.404,996.604,951.947,988.571
2.468892,957.404,996.604,954.676,992.587
2.472559,957.404,996.604,956.040,994.596
2.474605,957.404,996.604,956.722,995.600
2.476823,957.404,996.604,957.063,996.102
2.481124,957.404,996.604,957.234,996.353
2.483287,957.404,996.604,957.319,996.478
2.487093,957.404,996.604,957.362,996.541
2.489466,957.404,996.604,957.383,996.572
2.492646,957.404,996.604,957.394,996.588
2.495123,969.588,1010.116,963.491,1003.352
2.497415,969.588,1010.116,966.539,1006.734
2.500497,969.588,1010.116,968.063,1008.425
2.502425,969.588,1010.116,968.825,1009.270
2.504753,969.588,1010.116,969.207,1009.693
2.508095,969.588,1010.116,969.397,1009.904
2.514251,969.588,1010.116,969.492,1010.010
2.517985,969.588,1010.116,969.540,1010.063
2.521520,969.588,1010.116,969.564,1010.089
2.523811,969.588,1010.116,969.576,1010.102
2.527325,979.601,1018.617,974.588,1014.360
2.530095,979.601,1018.617,977.095,1016.488
2.532299,979.601,1018.617,978.348,1017.553
2.535677,979.601,1018.617,978.974,1018.085
2.538022,979.601,1018.617,979.288,1018.351
2.542173,979.601,1018.617,979.444,1018.484
2.544209,979.601,1018.617,979.523,1018.550
2.545907,979.601,1018.617,979.562,1018.584
2.549306,979.601,1018.617,979.581,1018.600
2.550979,979.601,1018.617,979.591,1018.609
2.552897,979.601,1018.617,979.596,1018.613
2.556396,979.601,1018.617,979.598,1018.615
2.558579,986.791,1028.095,983.195,1023.355
2.562541,986.791,1028.095,984.993,1025.725
2.564732,986.791,1028.095,985.892,1026.910
2.566681,986.791,1028.095,986.341,1027.503
2.569875,986.791,1028.095,986.566,1027.799
2.572348,986.791,1028.095,986.678,1027.947
2.575692,986.791,1028.095,986.735,1028.021
2.577511,986.791,1028.095,986.763,1028.058
2.579516,986.791,1028.095,986.777,1028.077
2.582683,986.791,1028.095,986.784,1028.086
2.584865,986.791,1028.095,986.787,1028.091
2.586963,986.791,1028.095,986.789,1028.093
2.590518,991.957,1035.567,989.373,1031.830
2.592746,991.957,1035.567,990.665,1033.698
2.595061,991.957,1035.567,991.311,1034.633
2.598478,991.957,1035.567,991.634,1035.100
2.601193,991.957,1035.567,991.795,1035.333
2.603753,991.957,1035.567,991.876,1035.450
2.605794,991.957,1035.567,991.916,1035.509
2.607818,991.957,1035.567,991.937,1035.538
2.610609,991.957,1035.567,991.947,1035.552
2.612591,991.957,1035.567,991.952,1035.560
2.614470,991.957,1035.567,991.954,1035.563
2.616209,991.957,1035.567,991.955,1035.565
2.617798,991.957,1035.567,991.956,1035.566
2.620065,996.800,1040.995,994.378,1038.280
2.622461,996.800,1040.995,995.589,1039.637
2.625429,996.800,1040.995,996.194,1040.316
2.627487,996.800,1040.995,996.497,1040.656
2.631278,996.800,1040.995,996.648,1040.825
2.633390,996.800,1040.995,996.724,1040.910
2.635802,996.800,1040.995,996.762,1040.952
2.638412,996.800,1040.995,996.781,1040.974
2.640707,996.800,1040.995,996.790,1040.984
2.643024,996.800,1040.995,996.795,1040.990
2.645323,996.800,1040.995,996.798,1040.992
2.647403,998.284,1043.374,997.541,1042.183
2.649803,998.284,1043.374,997.912,1042.779
2.651972,998.284,1043.374,998.098,1043.076
2.654009,998.284,1043.374,998.191,1043.225
2.656296,998.284,1043.374,998.238,1043.300
2.658065,998.284,1043.374,998.261,1043.337
2.660250,998.284,1043.374,998.272,1043.355
2.662738,998.284,1043.374,998.278,1043.365
2.664835,998.284,1043.374,998.281,1043.369
2.666833,998.284,1043.374,998.283,1043.372
2.668877,998.284,1043.374,998.283,1043.373
2.670850,998.284,1043.374,998.284,1043.373
2.672789,998.284,1043.374,998.284,1043.374
2.674679,998.284,1043.374,998.284,1043.374
2.676517,998.284,1043.374,998.284,1043.374
2.678501,999.812,1047.557,999.048,1045.466
2.680886,999.812,1047.557,999.430,1046.511
2.683146,999.812,1047.557,999.621,1047.034
2.685220,999.812,1047.557,999.716,1047.296
2.687703,999.812,1047.557,999.764,1047.427
2.690586,999.812,1047.557,999.788,1047.492
2.693164,999.812,1047.557,999.800,1047.525
2.695271,999.812,1047.557,999.806,1047.541
2.696873,999.812,1047.557,999.809,1047.549
2.698645,999.812,1047.557,999.810,1047.553
2.700805,999.812,1047.557,999.811,1047.555
2.702861,999.812,1047.557,999.812,1047.556
2.705273,999.812,1047.557,999.812,1047.557
2.707457,979.273,1048.600,989.543,1048.078
2.709795,979.273,1048.600,984.408,1048.339
2.711892,979.273,1048.600,981.841,1048.469
2.714013,979.273,1048.600,980.557,1048.535
2.716194,979.273,1048.600,979.915,1048.567
2.718211,979.273,1048.600,979.594,1048.584
2.721071,979.273,1048.600,979.434,1048.592
2.723191,979.273,1048.600,979.353,1048.596
2.725408,979.273,1048.600,979.313,1048.598
2.727343,979.273,1048.600,979.293,1048.599
2.729184,979.273,1048.600,979.283,1048.599
2.731665,979.273,1048.600,979.278,1048.600
2.733575,979.273,1048.600,979.276,1048.600
2.735203,979.273,1048.600,979.274,1048.600
2.737652,936.684,1049.468,957.979,1049.034
2.739840,936.684,1049.468,947.332,1049.251
2.741971,936.684,1049.468,942.008,1049.360
2.743886,936.684,1049.468,939.346,1049.414
2.745791,936.684,1049.468,938.015,1049.441
2.748005,936.684,1049.468,937.349,1049.455
2.750651,936.684,1049.468,937.017,1049.461
2.753432,936.684,1049.468,936.850,1049.465
2.755555,936.684,1049.468,936.767,1049.467
2.757588,936.684,1049.468,936.726,1049.467
2.759340,936.684,1049.468,936.705,1049.468
2.761569,936.684,1049.468,936.694,1049.468
2.763346,936.684,1049.468,936.689,1049.468
2.765157,936.684,1049.468,936.686,1049.468
2.767396,936.684,1049.468,936.685,1049.468
2.770250,885.061,1052.765,910.873,1051.116
2.772458,885.061,1052.765,897.967,1051.941
2.774643,885.061,1052.765,891.514,1052.353
2.776867,885.061,1052.765,888.288,1052.559
2.778909,885.061,1052.765,886.674,1052.662
2.781483,885.061,1052.765,885.868,1052.713
2.783429,885.061,1052.765,885.464,1052.739
2.785232,885.061,1052.765,885.263,1052.752
2.787135,885.061,1052.765,885.162,1052.758
2.789389,885.061,1052.765,885.112,1052.762
2.791738,885.061,1052.765,885.086,1052.763
2.793576,885.061,1052.765,885.074,1052.764
2.795585,885.061,1052.765,885.067,1052.765
2.797688,835.607,1055.701,860.337,1054.233
2.800387,835.607,1055.701,847.972,1054.967
2.802481,835.607,1055.701,841.790,1055.334
2.805331,835.607,1055.701,838.698,1055.518
2.807683,835.607,1055.701,837.153,1055.609
2.809925,835.607,1055.701,836.380,1055.655
2.812057,835.607,1055.701,835.993,1055.678
2.814579,835.607,1055.701,835.800,1055.690
2.816761,835.607,1055.701,835.704,1055.695
2.819037,835.607,1055.701,835.655,1055.698
2.821115,835.607,1055.701,835.631,1055.700
2.823298,835.607,1055.701,835.619,1055.700
2.825572,835.607,1055.701,835.613,1055.701
2.827651,835.607,1055.701,835.610,1055.701
2.829707,835.607,1055.701,835.609,1055.701
2.831548,835.607,1055.701,835.608,1055.701
2.833508,835.607,1055.701,835.607,1055.701
2.835742,835.607,1055.701,835.607,1055.701
2.837795,835.607,1055.701,835.607,1055.701
2.840625,835.607,1055.701,835.607,1055.701
2.843132,835.607,1055.701,835.607,1055.701
2.846227,835.607,1055.701,835.607,1055.701
2.847994,835.607,1055.701,835.607,1055.701
2.850079,835.607,1055.701,835.607,1055.701
2.853411,835.607,1055.701,835.607,1055.701
2.856458,835.607,1055.701,835.607,1055.701
2.859749,835.607,1055.701,835.607,1055.701
2.862030,835.607,1055.701,835.607,1055.701
2.863704,835.607,1055.701,835.607,1055.701
2.866308,835.607,1055.701,835.607,1055.701
2.868452,835.607,1055.701,835.607,1055.701
2.871312,835.607,1055.701,835.607,1055.701
2.875552,835.607,1055.701,835.607,1055.701
2.877628,835.607,1055.701,835.607,1055.701
2.881241,835.607,1055.701,835.607,1055.701
2.883029,835.607,1055.701,835.607,1055.701
2.885156,835.607,1055.701,835.607,1055.701
2.889373,835.607,1055.701,835.607,1055.701
2.891546,835.607,1055.701,835.607,1055.701
2.894518,835.607,1055.701,835.607,1055.701
2.896298,835.607,1055.701,835.607,1055.701
2.898510,835.607,1055.701,835.607,1055.701
2.901579,835.607,1055.701,835.607,1055.701
2.904184,835.607,1055.701,835.607,1055.701
2.907427,835.607,1055.701,835.607,1055.701
2.909288,835.607,1055.701,835.607,1055.701
2.911464,835.607,1055.701,835.607,1055.701
2.914544,835.607,1055.701,835.607,1055.701
2.916508,835.607,1055.701,835.607,1055.701
2.919209,870.559,1084.909,853.083,1070.305
2.923129,870.559,1084.909,861.821,1077.607
2.925088,870.559,1084.909,866.190,1081.258
2.927919,870.559,1084.909,868.375,1083.083
2.929770,870.559,1084.909,869.467,1083.996
2.931813,870.559,1084.909,870.013,1084.452
2.935311,870.559,1084.909,870.286,1084.681
2.938287,870.559,1084.909,870.422,1084.795
2.942065,870.559,1084.909,870.491,1084.852
2.944175,870.559,1084.909,870.525,1084.880
2.946252,870.559,1084.909,870.542,1084.895
2.950045,884.627,1087.269,877.585,1086.082
2.952386,884.627,1087.269,881.106,1086.676
2.956155,884.627,1087.269,882.867,1086.973
2.958519,884.627,1087.269,883.747,1087.121
2.960700,884.627,1087.269,884.187,1087.195
2.964497,884.627,1087.269,884.407,1087.232
2.966745,884.627,1087.269,884.517,1087.251
2.971752,884.627,1087.269,884.572,1087.260
2.974535,884.627,1087.269,884.600,1087.265
2.977435,884.627,1087.269,884.614,1087.267
2.979861,894.948,1089.381,889.781,1088.324
2.983892,894.948,1089.381,892.364,1088.853
2.986298,894.948,1089.381,893.656,1089.117
2.994959,894.948,1089.381,894.302,1089.249
2.999963,894.948,1089.381,894.625,1089.315
3.002598,894.948,1089.381,894.786,1089.348
3.006603,894.948,1089.381,894.867,1089.365
3.009691,904.748,1091.445,899.807,1090.405
3.014163,904.748,1091.445,902.277,1090.925
3.016175,904.748,1091.445,903.513,1091.185
3.019597,904.748,1091.445,904.130,1091.315
3.022013,904.748,1091.445,904.439,1091.380
3.025408,904.748,1091.445,904.593,1091.412
3.027962,904.748,1091.445,904.670,1091.428
3.030355,904.748,1091.445,904.709,1091.437
3.033380,904.748,1091.445,904.728,1091.441
3.035199,904.748,1091.445,904.738,1091.443
3.037664,904.748,1091.445,904.743,1091.444
3.042974,911.977,1093.863,908.360,1092.654
3.047459,911.977,1093.863,910.168,1093.259
3.050060,911.977,1093.863,911.072,1093.561
3.053534,911.977,1093.863,911.524,1093.712
3.056932,911.977,1093.863,911.751,1093.788
3.060133,911.977,1093.863,911.864,1093.826
3.062307,911.977,1093.863,911.920,1093.844
3.064065,911.977,1093.863,911.948,1093.854
3.067216,911.977,1093.863,911.962,1093.859
3.069231,921.601,1097.109,916.781,1095.484
3.072642,921.601,1097.109,919.191,1096.296
3.074858,921.601,1097.109,920.396,1096.702
3.077129,921.601,1097.109,920.998,1096.906
3.080507,921.601,1097.109,921.299,1097.007
3.083159,921.601,1097.109,921.450,1097.058
3.085306,921.601,1097.109,921.525,1097.083
3.087998,921.601,1097.109,921.563,1097.096
3.090874,921.601,1097.109,921.582,1097.102
3.094179,921.601,1097.109,921.591,1097.105
3.096422,921.601,1097.109,921.596,1097.107
3.098466,921.601,1097.109,921.598,1097.108
3.101202,921.601,1097.109,921.599,1097.108
3.103437,921.601,1097.109,921.600,1097.109
3.106138,921.601,1097.109,921.600,1097.109
3.109850,921.601,1097.109,921.600,1097.109
3.111894,921.601,1097.109,921.600,1097.109
3.114565,921.601,1097.109,921.601,1097.109
3.116942,921.601,1097.109,921.601,1097.109
3.119818,921.601,1097.109,921.601,1097.109
3.123274,921.601,1097.109,921.601,1097.109
3.125687,921.601,1097.109,921.601,1097.109
3.128048,921.601,1097.109,921.601,1097.109
3.129851,921.601,1097.109,921.601,1097.109
3.132144,921.601,1097.109,921.601,1097.109
3.133928,921.601,1097.109,921.601,1097.109
3.138040,921.601,1097.109,921.601,1097.109
3.143556,921.601,1097.109,921.601,1097.109
3.147228,921.601,1097.109,921.601,1097.109
3.150468,921.601,1097.109,921.601,1097.109
3.152488,921.601,1097.109,921.601,1097.109
3.154721,921.601,1097.109,921.601,1097.109
3.158276,921.601,1097.109,921.601,1097.109
3.160289,944.654,1112.059,933.127,1104.584
3.162436,944.654,1112.059,938.890,1108.321
3.164766,944.654,1112.059,941.772,1110.190
3.167331,944.654,1112.059,943.213,1111.125
3.170542,944.654,1112.059,943.933,1111.592
3.173044,944.654,1112.059,944.294,1111.825
3.177239,944.654,1112.059,944.474,1111.942
3.179543,944.654,1112.059,944.564,1112.000
3.181798,944.654,1112.059,944.609,1112.030
3.185503,944.654,1112.059,944.631,1112.044
3.188164,944.654,1112.059,944.642,1112.052
3.192274,951.924,1115.126,948.283,1113.589
3.194813,951.924,1115.126,950.103,1114.357
3.198553,951.924,1115.126,951.013,1114.742
3.200683,951.924,1115.126,951.469,1114.934
3.203110,951.924,1115.126,951.696,1115.030
3.207518,951.924,1115.126,951.810,1115.078
3.210461,951.924,1115.126,951.867,1115.102
3.212869,951.924,1115.126,951.895,1115.114
3.215006,951.924,1115.126,951.909,1115.120
3.217165,951.924,1115.126,951.917,1115.123
3.220599,957.180,1120.295,954.548,1117.709
3.222910,957.180,1120.295,955.864,1119.002
3.226000,957.180,1120.295,956.522,1119.648
3.228311,957.180,1120.295,956.851,1119.972
3.230315,957.180,1120.295,957.016,1120.133
3.232797,957.180,1120.295,957.098,1120.214
3.235629,957.180,1120.295,957.139,1120.254
3.238760,957.180,1120.295,957.159,1120.275
3.241022,957.180,1120.295,957.170,1120.285
3.242997,957.180,1120.295,957.175,1120.290
3.246653,957.180,1120.295,957.177,1120.292
3.248621,957.180,1120.295,957.179,1120.293
3.250569,957.180,1120.295,957.179,1120.294
3.252684,962.884,1123.332,960.032,1121.813
3.254344,962.884,1123.332,961.458,1122.572
3.256300,962.884,1123.332,962.171,1122.952
3.257885,962.884,1123.332,962.528,1123.142
3.259525,962.884,1123.332,962.706,1123.237
3.261752,962.884,1123.332,962.795,1123.284
3.263584,962.884,1123.332,962.840,1123.308
3.266541,962.884,1123.332,962.862,1123.320
3.268227,962.884,1123.332,962.873,1123.326
3.269957,962.884,1123.332,962.879,1123.329
3.271848,962.884,1123.332,962.881,1123.330
3.273755,962.884,1123.332,962.883,1123.331
3.275379,962.884,1123.332,962.883,1123.331
3.276986,962.884,1123.332,962.884,1123.332
3.278862,962.884,1123.332,962.884,1123.332
3.282142,967.481,1123.036,965.183,1123.184
3.284491,967.481,1123.036,966.332,1123.110
3.286224,967.481,1123.036,966.907,1123.073
3.288191,967.481,1123.036,967.194,1123.054
3.290045,967.481,1123.036,967.338,1123.045
3.291790,967.481,1123.036,967.410,1123.040
3.293773,967.481,1123.036,967.446,1123.038
3.295787,967.481,1123.036,967.464,1123.037
3.298245,967.481,1123.036,967.473,1123.036
3.300092,967.481,1123.036,967.477,1123.036
3.301727,967.481,1123.036,967.479,1123.036
3.303559,967.481,1123.036,967.480,1123.036
3.305432,967.481,1123.036,967.481,1123.036
3.307332,967.481,1123.036,967.481,1123.036
3.309396,967.481,1123.036,967.481,1123.036
3.311233,971.489,1123.321,969.485,1123.178
3.313322,971.489,1123.321,970.487,1123.249
3.317626,971.489,1123.321,970.988,1123.285
3.319651,971.489,1123.321,971.238,1123.303
3.321692,971.489,1123.321,971.364,1123.312
3.323787,971.489,1123.321,971.426,1123.316
3.325756,971.489,1123.321,971.457,1123.318
3.327978,971.489,1123.321,971.473,1123.319
3.330165,971.489,1123.321,971.481,1123.320
3.332375,971.489,1123.321,971.485,1123.320
3.334005,971.489,1123.321,971.487,1123.320
3.336092,971.489,1123.321,971.488,1123.321
3.338312,971.489,1123.321,971.488,1123.321
3.340232,971.489,1123.321,971.488,1123.321
3.342245,962.084,1123.308,966.786,1123.314
3.343954,962.084,1123.308,964.435,1123.311
3.346106,962.084,1123.308,963.259,1123.309
3.348030,962.084,1123.308,962.672,1123.309
3.354376,962.084,1123.308,962.378,1123.308
3.357193,962.084,1123.308,962.231,1123.308
3.359139,962.084,1123.308,962.157,1123.308
3.360683,962.084,1123.308,962.121,1123.308
3.362259,962.084,1123.308,962.102,1123.308
3.363634,962.084,1123.308,962.093,1123.308
3.365358,962.084,1123.308,962.088,1123.308
3.366835,962.084,1123.308,962.086,1123.308
3.368454,962.084,1123.308,962.085,1123.308
3.370256,962.084,1123.308,962.085,1123.308
3.372335,933.994,1122.436,948.039,1122.872
3.374809,933.994,1122.436,941.017,1122.654
3.376879,933.994,1122.436,937.505,1122.545
3.378484,933.994,1122.436,935.750,1122.491
3.380464,933.994,1122.436,934.872,1122.464
3.381963,933.994,1122.436,934.433,1122.450
3.383531,933.994,1122.436,934.214,1122.443
3.385659,933.994,1122.436,934.104,1122.440
3.387866,933.994,1122.436,934.049,1122.438
3.389735,933.994,1122.436,934.022,1122.437
3.391378,933.994,1122.436,934.008,1122.437
3.392868,933.994,1122.436,934.001,1122.437
3.395030,933.994,1122.436,933.998,1122.437
3.396636,933.994,1122.436,933.996,1122.437
3.398674,933.994,1122.436,933.995,1122.437
3.400777,933.994,1122.436,933.995,1122.437
3.403029,887.274,1122.535,910.634,1122.486
3.405107,887.274,1122.535,898.954,1122.510
3.406794,887.274,1122.535,893.114,1122.523
3.408507,887.274,1122.535,890.194,1122.529
3.410170,887.274,1122.535,888.734,1122.532
3.411742,887.274,1122.535,888.004,1122.533
3.413432,887.274,1122.535,887.639,1122.534
3.415728,887.274,1122.535,887.456,1122.535
3.418503,887.274,1122.535,887.365,1122.535
3.420426,887.274,1122.535,887.320,1122.535
3.422884,887.274,1122.535,887.297,1122.535
3.424773,887.274,1122.535,887.285,1122.535
3.426216,887.274,1122.535,887.280,1122.535
3.427891,887.274,1122.535,887.277,1122.535
3.429455,887.274,1122.535,887.275,1122.535
3.431177,887.274,1122.535,887.275,1122.535
3.433456,838.350,1126.516,862.812,1124.526
3.435006,838.350,1126.516,850.581,1125.521
3.436724,838.350,1126.516,844.466,1126.018
3.438640,838.350,1126.516,841.408,1126.267
3.440564,838.350,1126.516,839.879,1126.392
3.442166,838.350,1126.516,839.114,1126.454
3.444213,838.350,1126.516,838.732,1126.485
3.446354,838.350,1126.516,838.541,1126.500
3.448194,838.350,1126.516,838.446,1126.508
3.449792,838.350,1126.516,838.398,1126.512
3.451370,838.350,1126.516,838.374,1126.514
3.453232,838.350,1126.516,838.362,1126.515
3.454971,838.350,1126.516,838.356,1126.516
3.457036,838.350,1126.516,838.353,1126.516
3.459260,838.350,1126.516,838.351,1126.516
3.461249,838.350,1126.516,838.351,1126.516
3.463665,796.516,1129.092,817.433,1127.804
3.466136,796.516,1129.092,806.975,1128.448
3.467880,796.516,1129.092,801.745,1128.770
3.469351,796.516,1129.092,799.131,1128.931
3.471374,796.516,1129.092,797.823,1129.011
3.473343,796.516,1129.092,797.170,1129.052
3.475685,796.516,1129.092,796.843,1129.072
3.478236,796.516,1129.092,796.679,1129.082
3.480415,796.516,1129.092,796.598,1129.087
3.482374,796.516,1129.092,796.557,1129.089
3.483904,796.516,1129.092,796.536,1129.091
3.485952,796.516,1129.092,796.526,1129.091
3.487575,796.516,1129.092,796.521,1129.092
3.490201,796.516,1129.092,796.518,1129.092
3.492383,796.516,1129.092,796.517,1129.092
3.494613,796.516,1129.092,796.517,1129.092
3.496331,796.516,1129.092,796.516,1129.092
3.497950,796.516,1129.092,796.516,1129.092
3.499520,796.516,1129.092,796.516,1129.092
3.501644,796.516,1129.092,796.516,1129.092
3.503398,796.516,1129.092,796.516,1129.092
3.505475,796.516,1129.092,796.516,1129.092
3.507539,796.516,1129.092,796.516,1129.092
3.509313,796.516,1129.092,796.516,1129.092
3.511122,796.516,1129.092,796.516,1129.092
3.513027,796.516,1129.092,796.516,1129.092
3.514676,796.516,1129.092,796.516,1129.092
3.516690,796.516,1129.092,796.516,1129.092
3.518306,796.516,1129.092,796.516,1129.092
3.520081,796.516,1129.092,796.516,1129.092
3.522036,796.516,1129.092,796.516,1129.092
3.523674,796.516,1129.092,796.516,1129.092
3.525373,796.516,1129.092,796.516,1129.092
3.527172,796.516,1129.092,796.516,1129.092
3.529443,796.516,1129.092,796.516,1129.092
3.530892,796.516,1129.092,796.516,1129.092
3.532765,796.516,1129.092,796.516,1129.092
3.534577,796.516,1129.092,796.516,1129.092
3.536425,796.516,1129.092,796.516,1129.092
3.539086,796.516,1129.092,796.516,1129.092
3.541044,796.516,1129.092,796.516,1129.092
3.542744,796.516,1129.092,796.516,1129.092
3.544586,796.516,1129.092,796.516,1129.092
3.546095,796.516,1129.092,796.516,1129.092
3.547626,796.516,1129.092,796.516,1129.092
3.549855,796.516,1129.092,796.516,1129.092
3.551744,796.516,1129.092,796.516,1129.092
3.553320,796.516,1129.092,796.516,1129.092
3.555050,796.516,1129.092,796.516,1129.092
3.557030,796.516,1129.092,796.516,1129.092
3.558704,796.516,1129.092,796.516,1129.092
3.560245,796.516,1129.092,796.516,1129.092
3.562135,796.516,1129.092,796.516,1129.092
3.563733,796.516,1129.092,796.516,1129.092
3.565418,796.516,1129.092,796.516,1129.092
3.567151,796.516,1129.092,796.516,1129.092
3.568894,796.516,1129.092,796.516,1129.092
3.570600,796.516,1129.092,796.516,1129.092
3.572616,796.516,1129.092,796.516,1129.092
3.574236,796.516,1129.092,796.516,1129.092
3.575762,796.516,1129.092,796.516,1129.092
3.577605,796.516,1129.092,796.516,1129.092
3.579932,796.516,1129.092,796.516,1129.092
3.581584,796.516,1129.092,796.516,1129.092
3.583661,796.516,1129.092,796.516,1129.092
3.585568,796.516,1129.092,796.516,1129.092
3.587102,796.516,1129.092,796.516,1129.092
3.589209,796.516,1129.092,796.516,1129.092
3.591353,796.516,1129.092,796.516,1129.092
3.592886,796.516,1129.092,796.516,1129.092
3.594551,796.516,1129.092,796.516,1129.092
3.597030,796.516,1129.092,796.516,1129.092
3.600735,796.516,1129.092,796.516,1129.092
3.602829,796.516,1129.092,796.516,1129.092
3.606426,796.516,1129.092,796.516,1129.092
3.609677,796.516,1129.092,796.516,1129.092
3.637268,796.516,1129.092,796.516,1129.092
3.643195,725.417,1154.602,760.966,1141.847
3.647694,725.417,1154.602,743.192,1148.225
3.650587,725.417,1154.602,734.304,1151.413
3.654662,725.417,1154.602,729.861,1153.008
3.658169,725.417,1154.602,727.639,1153.805
3.662607,725.417,1154.602,726.528,1154.204
3.665236,725.417,1154.602,725.972,1154.403
3.669947,725.417,1154.602,725.695,1154.502
3.672826,728.421,1153.421,727.058,1153.962
3.677328,728.421,1153.421,727.739,1153.692
3.679938,728.421,1153.421,728.080,1153.557
3.683640,728.421,1153.421,728.250,1153.489
3.686051,728.421,1153.421,728.335,1153.455
3.690560,728.421,1153.421,728.378,1153.438
3.693055,728.421,1153.421,728.399,1153.430
3.696400,728.421,1153.421,728.410,1153.426
3.698959,728.421,1153.421,728.415,1153.423
3.701962,728.421,1153.421,728.418,1153.422
3.704123,728.421,1153.421,728.419,1153.422
3.706547,745.047,1160.048,736.733,1156.735
3.709300,745.047,1160.048,740.890,1158.391
3.711565,745.047,1160.048,742.969,1159.219
3.713833,745.047,1160.048,744.008,1159.634
3.717869,745.047,1160.048,744.528,1159.841
3.720865,745.047,1160.048,744.787,1159.944
3.723379,745.047,1160.048,744.917,1159.996
3.725315,745.047,1160.048,744.982,1160.022
3.727622,745.047,1160.048,745.015,1160.035
3.730341,745.047,1160.048,745.031,1160.041
3.732419,745.047,1160.048,745.039,1160.044
3.734528,745.047,1160.048,745.043,1160.046
3.737190,746.751,1164.796,745.897,1162.421
3.740255,746.751,1164.796,746.324,1163.608
3.742198,746.751,1164.796,746.538,1164.202
3.744381,746.751,1164.796,746.644,1164.499
3.747300,746.751,1164.796,746.698,1164.647
3.749761,746.751,1164.796,746.724,1164.722
3.751833,746.751,1164.796,746.738,1164.759
3.753698,746.751,1164.796,746.744,1164.777
3.756190,746.751,1164.796,746.748,1164.787
3.758765,746.751,1164.796,746.749,1164.791
3.761117,746.751,1164.796,746.750,1164.794
3.763248,746.751,1164.796,746.751,1164.795
3.765406,746.751,1164.796,746.751,1164.795
3.767514,748.773,1169.238,747.762,1167.017
3.769713,748.773,1169.238,748.268,1168.127
3.772192,748.773,1169.238,748.520,1168.683
3.774244,748.773,1169.238,748.647,1168.960
3.776750,748.773,1169.238,748.710,1169.099
3.779572,748.773,1169.238,748.742,1169.169
3.781783,748.773,1169.238,748.757,1169.203
3.784192,748.773,1169.238,748.765,1169.221
3.787803,748.773,1169.238,748.769,1169.229
3.790380,748.773,1169.238,748.771,1169.234
3.793262,748.773,1169.238,748.772,1169.236
3.795687,748.773,1169.238,748.773,1169.237
3.798371,750.765,1173.997,749.769,1171.617
3.800874,750.765,1173.997,750.267,1172.807
3.803037,750.765,1173.997,750.516,1173.402
3.805553,750.765,1173.997,750.640,1173.699
3.808217,750.765,1173.997,750.703,1173.848
3.810829,750.765,1173.997,750.734,1173.922
3.812908,750.765,1173.997,750.749,1173.959
3.814849,750.765,1173.997,750.757,1173.978
3.816744,750.765,1173.997,750.761,1173.987
3.818725,750.765,1173.997,750.763,1173.992
3.822663,750.765,1173.997,750.764,1173.994
3.824588,750.765,1173.997,750.764,1173.996
3.826464,750.765,1173.997,750.765,1173.996
3.828594,752.649,1176.988,751.707,1175.492
3.830486,752.649,1176.988,752.178,1176.240
3.832361,752.649,1176.988,752.413,1176.614
3.835631,752.649,1176.988,752.531,1176.801
3.838235,752.649,1176.988,752.590,1176.895
3.841515,752.649,1176.988,752.620,1176.941
3.843816,752.649,1176.988,752.634,1176.965
3.845785,752.649,1176.988,752.642,1176.976
3.847791,752.649,1176.988,752.645,1176.982
3.849874,752.649,1176.988,752.647,1176.985
3.851777,752.649,1176.988,752.648,1176.987
3.863507,761.007,1182.888,756.827,1179.937
3.865958,761.007,1182.888,758.917,1181.412
3.868678,761.007,1182.888,759.962,1182.150
3.871353,761.007,1182.888,760.484,1182.519
3.874001,761.007,1182.888,760.745,1182.703
3.876484,761.007,1182.888,760.876,1182.795
3.879316,761.007,1182.888,760.941,1182.842
3.881755,761.007,1182.888,760.974,1182.865
3.884133,761.007,1182.888,760.990,1182.876
3.887275,757.463,1177.757,759.227,1180.316
3.890415,757.463,1177.757,758.345,1179.037
3.893147,757.463,1177.757,757.904,1178.397
3.895820,757.463,1177.757,757.683,1178.077
3.897863,757.463,1177.757,757.573,1177.917
3.900526,757.463,1177.757,757.518,1177.837
3.902902,757.463,1177.757,757.490,1177.797
3.905072,757.463,1177.757,757.477,1177.777
3.907695,757.463,1177.757,757.470,1177.767
3.910538,757.463,1177.757,757.466,1177.762
3.913049,757.463,1177.757,757.465,1177.759
3.915885,787.042,1078.004,772.254,1127.882
3.918357,787.042,1078.004,779.648,1102.943
3.920709,787.042,1078.004,783.345,1090.474
3.924096,787.042,1078.004,785.194,1084.239
3.927618,787.042,1078.004,786.118,1081.122
3.931695,787.042,1078.004,786.580,1079.563
3.934388,787.042,1078.004,786.811,1078.784
3.936513,787.042,1078.004,786.927,1078.394
3.939626,787.042,1078.004,786.985,1078.199
3.942102,787.042,1078.004,787.014,1078.102
3.946518,787.042,1078.004,787.028,1078.053
3.949991,805.740,1020.931,796.384,1049.492
3.952800,805.740,1020.931,801.062,1035.211
3.955598,805.740,1020.931,803.401,1028.071
3.958004,805.740,1020.931,804.570,1024.501
3.960662,805.740,1020.931,805.155,1022.716
3.963325,805.740,1020.931,805.447,1021.823
3.965600,805.740,1020.931,805.594,1021.377
3.967669,805.740,1020.931,805.667,1021.154
3.969913,805.740,1020.931,805.703,1021.042
3.972962,805.740,1020.931,805.722,1020.986
3.975160,805.740,1020.931,805.731,1020.958
3.976981,805.740,1020.931,805.735,1020.945
3.979621,849.413,887.610,827.574,954.277
3.982013,849.413,887.610,838.494,920.944
3.984257,849.413,887.610,843.954,904.277
3.987023,849.413,887.610,846.684,895.944
3.989726,849.413,887.610,848.048,891.777
3.992139,849.413,887.610,848.731,889.693
3.994205,849.413,887.610,849.072,888.652
3.996201,849.413,887.610,849.243,888.131
3.998590,849.413,887.610,849.328,887.871
4.001285,849.413,887.610,849.371,887.740
4.003837,849.413,887.610,849.392,887.675
4.006309,849.413,887.610,849.403,887.643
4.008685,886.640,781.837,868.021,834.740
4.011184,886.640,781.837,877.330,808.288
4.013275,886.640,781.837,881.985,795.062
4.015395,886.640,781.837,884.312,788.450
4.018519,886.640,781.837,885.476,785.143
4.021466,886.640,781.837,886.058,783.490
4.024249,886.640,781.837,886.349,782.663
4.026756,886.640,781.837,886.494,782.250
4.028684,886.640,781.837,886.567,782.043
4.030439,886.640,781.837,886.603,781.940
4.032312,886.640,781.837,886.621,781.888
4.034633,886.640,781.837,886.630,781.863
4.037057,886.640,781.837,886.635,781.850
4.039711,910.977,718.533,898.806,750.191
4.042130,910.977,718.533,904.891,734.362
4.044258,910.977,718.533,907.934,726.448
4.046685,910.977,718.533,909.456,722.490
4.048771,910.977,718.533,910.216,720.512
4.051131,910.977,718.533,910.597,719.522
4.053354,910.977,718.533,910.787,719.028
4.055463,910.977,718.533,910.882,718.780
4.057464,910.977,718.533,910.929,718.657
4.059341,910.977,718.533,910.953,718.595
4.061116,910.977,718.533,910.965,718.564
4.062840,910.977,718.533,910.971,718.549
4.065147,910.977,718.533,910.974,718.541
4.067525,910.977,718.533,910.976,718.537
4.070697,925.613,677.785,918.294,698.161
4.073468,925.613,677.785,921.954,687.973
4.075930,925.613,677.785,923.784,682.879
4.078639,925.613,677.785,924.699,680.332
4.081825,925.613,677.785,925.156,679.059
4.084430,925.613,677.785,925.385,678.422
4.086469,925.613,677.785,925.499,678.104
4.089079,925.613,677.785,925.556,677.944
4.091193,925.613,677.785,925.585,677.865
4.093421,925.613,677.785,925.599,677.825
4.095644,925.613,677.785,925.606,677.805
4.097320,925.613,677.785,925.610,677.795
4.099881,935.710,645.391,930.660,661.593
4.102188,935.710,645.391,933.185,653.492
4.104811,935.710,645.391,934.448,649.441
4.107115,935.710,645.391,935.079,647.416
4.109607,935.710,645.391,935.395,646.403
4.112312,935.710,645.391,935.553,645.897
4.114476,935.710,645.391,935.632,645.644
4.116662,935.710,645.391,935.671,645.517
4.118772,935.710,645.391,935.691,645.454
4.121141,935.710,645.391,935.701,645.422
4.123596,935.710,645.391,935.706,645.406
4.126085,935.710,645.391,935.708,645.399
4.128347,958.408,611.203,947.058,628.301
4.130744,958.408,611.203,952.733,619.752
4.133210,958.408,611.203,955.570,615.478
4.135474,958.408,611.203,956.989,613.341
4.138223,958.408,611.203,957.699,612.272
4.140992,958.408,611.203,958.053,611.738
4.143531,958.408,611.203,958.231,611.470
4.145634,958.408,611.203,958.319,611.337
4.147405,958.408,611.203,958.364,611.270
4.149173,958.408,611.203,958.386,611.237
4.150968,958.408,611.203,958.397,611.220
4.152855,958.408,611.203,958.402,611.212
4.154888,958.408,611.203,958.405,611.207
4.157255,958.408,611.203,958.407,611.205
4.159562,951.862,606.052,955.134,608.629
4.161776,951.862,606.052,953.498,607.341
4.163778,951.862,606.052,952.680,606.696
4.165706,951.862,606.052,952.271,606.374
4.168007,951.862,606.052,952.067,606.213
4.170451,951.862,606.052,951.965,606.133
4.173176,951.862,606.052,951.914,606.092
4.175436,951.862,606.052,951.888,606.072
4.177286,951.862,606.052,951.875,606.062
4.179226,951.862,606.052,951.869,606.057
4.181407,951.862,606.052,951.866,606.055
4.183239,951.862,606.052,951.864,606.053
4.190675,956.509,592.879,954.187,599.466
4.193674,956.509,592.879,955.348,596.173
4.196066,956.509,592.879,955.929,594.526
4.198552,956.509,592.879,956.219,593.703
4.200794,956.509,592.879,956.364,593.291
4.203422,956.509,592.879,956.437,593.085
4.205588,956.509,592.879,956.473,592.982
4.207880,956.509,592.879,956.491,592.931
4.209804,956.509,592.879,956.500,592.905
4.211706,956.509,592.879,956.505,592.892
4.213929,956.509,592.879,956.507,592.886
4.215649,956.509,592.879,956.508,592.883
4.217480,956.509,592.879,956.509,592.881
4.220389,966.978,569.252,961.743,581.067
4.223227,966.978,569.252,964.361,575.160
4.225824,966.978,569.252,965.669,572.206
4.227873,966.978,569.252,966.324,570.729
4.230229,966.978,569.252,966.651,569.991
4.232779,966.978,569.252,966.814,569.622
4.235063,966.978,569.252,966.896,569.437
4.237139,966.978,569.252,966.937,569.345
4.239364,966.978,569.252,966.958,569.299
4.241645,966.978,569.252,966.968,569.276
4.243819,966.978,569.252,966.973,569.264
4.245746,966.978,569.252,966.975,569.258
4.247734,966.978,569.252,966.977,569.255
4.250459,964.859,563.777,965.918,566.516
4.252678,964.859,563.777,965.388,565.147
4.255188,964.859,563.777,965.123,564.462
4.257520,964.859,563.777,964.991,564.120
4.259774,964.859,563.777,964.925,563.949
4.262122,964.859,563.777,964.892,563.863
4.264441,964.859,563.777,964.875,563.820
4.266303,964.859,563.777,964.867,563.799
4.269256,964.859,563.777,964.863,563.788
4.271451,964.859,563.777,964.861,563.783
4.273411,964.859,563.777,964.860,563.780
4.275466,964.859,563.777,964.859,563.779
4.277370,964.859,563.777,964.859,563.778
4.279072,964.859,563.777,964.859,563.778
4.281431,972.235,578.257,968.547,571.017
4.283628,972.235,578.257,970.391,574.637
4.285675,972.235,578.257,971.313,576.447
4.290117,972.235,578.257,971.774,577.352
4.293328,972.235,578.257,972.005,577.805
4.295800,972.235,578.257,972.120,578.031
4.297869,972.235,578.257,972.178,578.144
4.300440,972.235,578.257,972.207,578.201
4.303549,972.235,578.257,972.221,578.229
4.307058,972.235,578.257,972.228,578.243
4.310644,976.927,591.205,974.577,584.724
4.314058,976.927,591.205,975.752,587.965
4.317135,976.927,591.205,976.339,589.585
4.319749,976.927,591.205,976.633,590.395
4.322516,976.927,591.205,976.780,590.800
4.325432,976.927,591.205,976.853,591.003
4.327555,976.927,591.205,976.890,591.104
4.330263,976.927,591.205,976.908,591.155
4.334146,976.927,591.205,976.918,591.180
4.336702,976.927,591.205,976.922,591.193
4.339383,976.927,591.205,976.924,591.199
4.342430,980.570,598.041,978.747,594.620
4.344830,980.570,598.041,979.659,596.330
4.347163,980.570,598.041,980.115,597.186
4.349706,980.570,598.041,980.342,597.613
4.352086,980.570,598.041,980.456,597.827
4.354822,980.570,598.041,980.513,597.934
4.357477,980.570,598.041,980.542,597.988
4.360366,980.570,598.041,980.556,598.014
4.362686,980.570,598.041,980.563,598.028
4.364946,980.570,598.041,980.567,598.034
4.367570,980.570,598.041,980.569,598.038
4.370030,980.570,598.041,980.570,598.039
4.372865,984.093,602.570,982.331,600.304
4.375050,984.093,602.570,983.212,601.437
4.377211,984.093,602.570,983.653,602.003
4.379868,984.093,602.570,983.873,602.286
4.382414,984.093,602.570,983.983,602.428
4.385397,984.093,602.570,984.038,602.499
4.387939,984.093,602.570,984.066,602.534
4.390591,984.093,602.570,984.079,602.552
4.392654,984.093,602.570,984.086,602.561
4.394937,984.093,602.570,984.090,602.565
4.397178,984.093,602.570,984.091,602.567
4.399146,984.093,602.570,984.092,602.568
4.401408,986.715,605.536,985.403,604.052
4.403257,986.715,605.536,986.059,604.794
4.405347,986.715,605.536,986.387,605.165
4.407451,986.715,605.536,986.551,605.350
4.409807,986.715,605.536,986.633,605.443
4.412098,986.715,605.536,986.674,605.489
4.414284,986.715,605.536,986.694,605.512
4.416097,986.715,605.536,986.704,605.524
4.417936,986.715,605.536,986.710,605.530
4.420105,986.715,605.536,986.712,605.533
4.422814,986.715,605.536,986.713,605.534
4.424634,986.715,605.536,986.714,605.535
4.426601,986.715,605.536,986.714,605.535
4.437268,566.908,352.699,776.811,479.117
4.442424,566.908,316.077,671.859,397.597
4.445322,566.908,316.077,619.384,356.837
4.447296,566.908,316.077,593.146,336.457
4.449740,566.908,316.077,580.027,326.267
4.456563,566.908,316.077,573.467,321.172
4.458786,566.908,316.077,570.188,318.625
4.461009,566.122,318.524,568.155,318.574
4.463371,566.122,318.524,567.138,318.549
4.466187,566.122,318.524,566.630,318.536
4.468052,566.122,318.524,566.376,318.530
4.470362,566.122,318.524,566.249,318.527
4.473222,566.122,318.524,566.186,318.525
4.475259,566.122,318.524,566.154,318.524
4.477617,566.122,318.524,566.138,318.524
4.479846,566.122,318.524,566.130,318.524
4.482204,566.122,318.524,566.126,318.524
4.483912,566.122,318.524,566.124,318.524
4.485733,566.122,318.524,566.123,318.524
4.487533,566.122,318.524,566.122,318.524
4.489423,567.885,319.806,567.003,319.165
4.491859,567.885,319.806,567.444,319.485
4.494067,567.885,319.806,567.664,319.645
4.496102,567.885,319.806,567.774,319.725
4.498117,567.885,319.806,567.829,319.765
4.500061,567.885,319.806,567.857,319.786
4.502258,567.885,319.806,567.871,319.796
4.504247,567.885,319.806,567.878,319.801
4.506450,567.885,319.806,567.881,319.803
4.508344,567.885,319.806,567.883,319.804
4.510293,567.885,319.806,567.884,319.805
4.512645,567.885,319.806,567.884,319.805
4.514681,567.885,319.806,567.884,319.805
4.516449,567.885,319.806,567.884,319.805
4.518410,567.885,319.806,567.884,319.806
4.521395,568.548,322.147,568.216,320.976
4.524138,568.548,322.147,568.382,321.561
4.526106,568.548,322.147,568.465,321.854
4.527828,568.548,322.147,568.506,322.000
4.529782,568.548,322.147,568.527,322.074
4.532026,568.548,322.147,568.537,322.110
4.534477,568.548,322.147,568.542,322.128
4.536378,568.548,322.147,568.545,322.138
4.538870,568.548,322.147,568.546,322.142
4.541151,568.548,322.147,568.547,322.144
4.542848,568.548,322.147,568.547,322.146
4.544708,568.548,322.147,568.547,322.146
4.547040,568.548,322.147,568.548,322.146
4.549138,568.548,322.147,568.548,322.147
4.550885,568.548,322.147,568.548,322.147
4.553259,569.075,325.482,568.811,323.814
4.556052,569.075,325.482,568.943,324.648
4.558194,569.075,325.482,569.009,325.065
4.560301,569.075,325.482,569.042,325.274
4.562351,569.075,325.482,569.059,325.378
4.564783,569.075,325.482,569.067,325.430
4.566644,569.075,325.482,569.071,325.456
4.568554,569.075,325.482,569.073,325.469
4.570311,569.075,325.482,569.074,325.476
4.572814,569.075,325.482,569.075,325.479
4.575040,569.075,325.482,569.075,325.481
4.577047,569.075,325.482,569.075,325.481
4.579072,569.075,325.482,569.075,325.482
4.585042,569.076,328.674,569.076,327.078
4.588411,569.076,328.674,569.076,327.876
4.591958,569.076,328.674,569.076,328.275
4.594675,569.076,328.674,569.076,328.474
4.596771,569.076,328.674,569.076,328.574
4.598882,569.076,328.674,569.076,328.624
4.601017,569.076,328.674,569.076,328.649
4.602707,569.076,328.674,569.076,328.661
4.604304,569.076,328.674,569.076,328.667
4.606740,569.076,328.674,569.076,328.671
4.608469,569.076,328.674,569.076,328.672
4.611038,571.176,329.241,570.126,328.956
4.613273,571.176,329.241,570.651,329.099
4.616683,571.176,329.241,570.914,329.170
4.619074,571.176,329.241,571.045,329.205
4.621333,571.176,329.241,571.111,329.223
4.624131,571.176,329.241,571.144,329.232
4.626280,571.176,329.241,571.160,329.236
4.628354,571.176,329.241,571.168,329.238
4.630759,571.176,329.241,571.172,329.240
4.632564,571.176,329.241,571.174,329.240
4.634833,571.176,329.241,571.175,329.240
4.636736,571.176,329.241,571.176,329.241
4.639109,571.176,329.241,571.176,329.241
4.641161,571.176,329.241,571.176,329.241
4.643043,571.298,329.380,571.237,329.310
4.645717,571.298,329.380,571.267,329.345
4.647964,571.298,329.380,571.283,329.362
4.650527,571.298,329.380,571.290,329.371
4.653082,571.298,329.380,571.294,329.375
4.655596,571.298,329.380,571.296,329.377
4.657797,571.298,329.380,571.297,329.379
4.660229,571.298,329.380,571.297,329.379
4.662403,571.298,329.380,571.297,329.379
4.664684,571.298,329.380,571.298,329.380
4.666389,571.298,329.380,571.298,329.380
4.668199,571.298,329.380,571.298,329.380
4.670551,571.298,329.380,571.298,329.380
4.672652,571.054,331.298,571.176,330.339
4.675235,571.054,331.298,571.115,330.819
4.677380,571.054,331.298,571.085,331.058
4.679366,571.054,331.298,571.070,331.178
4.681337,571.054,331.298,571.062,331.238
4.683642,571.054,331.298,571.058,331.268
4.686069,571.054,331.298,571.056,331.283
4.687887,571.054,331.298,571.055,331.291
4.690316,571.054,331.298,571.055,331.295
4.692562,571.054,331.298,571.055,331.296
4.694771,571.054,331.298,571.055,331.297
4.697169,571.054,331.298,571.055,331.298
4.699218,571.054,331.298,571.054,331.298
4.701699,571.054,331.298,571.054,331.298
4.704113,570.077,333.497,570.566,332.398
4.706660,570.077,333.497,570.321,332.948
4.709096,570.077,333.497,570.199,333.222
4.711207,570.077,333.497,570.138,333.360
4.713137,570.077,333.497,570.107,333.429
4.715620,570.077,333.497,570.092,333.463
4.717850,570.077,333.497,570.084,333.480
4.719772,570.077,333.497,570.081,333.489
4.721904,570.077,333.497,570.079,333.493
4.724047,570.077,333.497,570.078,333.495
4.726043,570.077,333.497,570.077,333.496
4.728064,570.077,333.497,570.077,333.497
4.730154,570.077,333.497,570.077,333.497
4.732059,570.077,333.497,570.077,333.497
4.734413,550.120,361.485,560.098,347.491
4.736269,550.120,361.485,555.109,354.488
4.738233,550.120,361.485,552.614,357.987
4.740517,550.120,361.485,551.367,359.736
4.742754,550.120,361.485,550.743,360.610
4.745252,550.120,361.485,550.432,361.048
4.747859,550.120,361.485,550.276,361.266
4.749774,550.120,361.485,550.198,361.376
4.751578,550.120,361.485,550.159,361.430
4.753347,550.120,361.485,550.139,361.458
4.755479,550.120,361.485,550.129,361.471
4.757953,550.120,361.485,550.125,361.478
4.759774,550.120,361.485,550.122,361.482
4.761566,550.120,361.485,550.121,361.483
4.763408,513.323,415.739,531.722,388.611
4.765289,513.323,415.739,522.522,402.175
4.767284,513.323,415.739,517.922,408.957
4.769166,513.323,415.739,515.623,412.348
4.771717,513.323,415.739,514.473,414.044
4.774253,513.323,415.739,513.898,414.891
4.776544,513.323,415.739,513.610,415.315
4.778478,513.323,415.739,513.466,415.527
4.780608,513.323,415.739,513.395,415.633
4.782551,513.323,415.739,513.359,415.686
4.785016,513.323,415.739,513.341,415.713
4.787626,513.323,415.739,513.332,415.726
4.790241,513.323,415.739,513.327,415.732
4.792221,513.323,415.739,513.325,415.736
4.794101,481.426,463.314,497.375,439.525
4.795953,481.426,463.314,489.400,451.420
4.798157,481.426,463.314,485.413,457.367
4.800202,481.426,463.314,483.419,460.341
4.802409,481.426,463.314,482.422,461.827
4.804722,481.426,463.314,481.924,462.571
4.807500,481.426,463.314,481.675,462.943
4.810200,481.426,463.314,481.550,463.128
4.812023,481.426,463.314,481.488,463.221
4.813941,481.426,463.314,481.457,463.268
4.815550,481.426,463.314,481.441,463.291
4.817789,481.426,463.314,481.433,463.303
4.820289,481.426,463.314,481.429,463.308
4.822667,481.426,463.314,481.428,463.311
4.825602,460.009,501.297,470.718,482.304
4.827794,460.009,501.297,465.363,491.800
4.829812,460.009,501.297,462.686,496.548
4.832168,460.009,501.297,461.347,498.923
4.834776,460.009,501.297,460.678,500.110
4.837507,460.009,501.297,460.343,500.703
4.840308,460.009,501.297,460.176,501.000
4.842762,460.009,501.297,460.092,501.148
4.845117,460.009,501.297,460.051,501.222
4.846973,460.009,501.297,460.030,501.260
4.849355,460.009,501.297,460.019,501.278
4.852273,460.009,501.297,460.014,501.287
4.854902,447.080,528.561,453.547,514.924
4.857779,447.080,528.561,450.314,521.742
4.860201,447.080,528.561,448.697,525.151
4.862170,447.080,528.561,447.889,526.856
4.864157,447.080,528.561,447.485,527.708
4.866507,447.080,528.561,447.283,528.134
4.869093,447.080,528.561,447.182,528.348
4.871150,447.080,528.561,447.131,528.454
4.873265,447.080,528.561,447.106,528.507
4.875381,447.080,528.561,447.093,528.534
4.877338,447.080,528.561,447.087,528.547
4.879223,447.080,528.561,447.084,528.554
4.881377,447.080,528.561,447.082,528.557
4.883164,447.080,528.561,447.081,528.559
4.886281,436.393,545.897,441.737,537.228
4.888266,436.393,545.897,439.065,541.562
4.890483,436.393,545.897,437.729,543.730
4.892787,436.393,545.897,437.061,544.813
4.894627,436.393,545.897,436.727,545.355
4.897038,436.393,545.897,436.559,545.626
4.899010,436.393,545.897,436.476,545.761
4.900725,436.393,545.897,436.434,545.829
4.902557,436.393,545.897,436.413,545.863
4.905001,436.393,545.897,436.403,545.880
4.907269,436.393,545.897,436.398,545.888
4.909464,436.393,545.897,436.395,545.893
4.911308,436.393,545.897,436.394,545.895
4.913036,436.393,545.897,436.393,545.896
4.915139,430.328,554.500,433.360,550.198
4.917486,430.328,554.500,431.844,552.349
4.919761,430.328,554.500,431.086,553.424
4.921504,430.328,554.500,430.707,553.962
4.924346,430.328,554.500,430.517,554.231
4.926674,430.328,554.500,430.422,554.365
4.930287,430.328,554.500,430.375,554.432
4.933589,430.328,554.500,430.351,554.466
4.936539,430.328,554.500,430.339,554.483
4.939716,430.328,554.500,430.333,554.491
4.942013,430.328,554.500,430.330,554.495
4.944646,424.560,566.243,427.445,560.369
4.947182,424.560,566.243,426.003,563.306
4.949447,424.560,566.243,425.282,564.775
4.951716,424.560,566.243,424.921,565.509
4.953899,424.560,566.243,424.741,565.876
4.956787,424.560,566.243,424.651,566.060
4.959139,424.560,566.243,424.605,566.151
4.961793,424.560,566.243,424.583,566.197
4.963972,424.560,566.243,424.572,566.220
4.965934,424.560,566.243,424.566,566.232
4.968297,424.560,566.243,424.563,566.237
4.970631,424.560,566.243,424.562,566.240
4.973127,424.560,566.243,424.561,566.242
4.975787,422.130,570.567,423.346,568.404
4.978222,422.130,570.567,422.738,569.486
4.980208,422.130,570.567,422.434,570.027
4.981989,422.130,570.567,422.282,570.297
4.983805,422.130,570.567,422.206,570.432
4.985729,422.130,570.567,422.168,570.500
4.987811,422.130,570.567,422.149,570.533
4.990424,422.130,570.567,422.140,570.550
4.992751,422.130,570.567,422.135,570.559
4.994729,422.130,570.567,422.132,570.563
4.997151,422.130,570.567,422.131,570.565
4.999171,422.130,570.567,422.131,570.566
5.001019,422.130,570.567,422.130,570.567
5.003567,422.130,570.567,422.130,570.567
5.010330,422.130,570.567,422.130,570.567
5.013848,422.130,570.567,422.130,570.567
5.016502,422.130,570.567,422.130,570.567
5.018678,422.130,570.567,422.130,570.567
5.021229,422.130,570.567,422.130,570.567
5.023365,422.130,570.567,422.130,570.567
5.025192,422.130,570.567,422.130,570.567
5.026886,422.130,570.567,422.130,570.567
5.028519,422.130,570.567,422.130,570.567
5.030428,422.130,570.567,422.130,570.567
5.032254,422.130,570.567,422.130,570.567
5.034033,422.130,570.567,422.130,570.567
5.035957,422.130,570.567,422.130,570.567
5.037626,422.130,570.567,422.130,570.567
5.039754,422.130,570.567,422.130,570.567
5.041542,422.130,570.567,422.130,570.567
5.043911,422.130,570.567,422.130,570.567
5.045883,422.130,570.567,422.130,570.567
5.047950,422.130,570.567,422.130,570.567
5.049951,422.130,570.567,422.130,570.567
5.052526,422.130,570.567,422.130,570.567
5.054384,422.130,570.567,422.130,570.567
5.056651,422.130,570.567,422.130,570.567
5.058602,422.130,570.567,422.130,570.567
5.061085,422.130,570.567,422.130,570.567
5.063193,422.130,570.567,422.130,570.567
5.065646,422.130,570.567,422.130,570.567
5.067775,422.130,570.567,422.130,570.567
5.069674,422.130,570.567,422.130,570.567
5.071971,422.130,570.567,422.130,570.567
5.074346,422.130,570.567,422.130,570.567
5.076748,422.130,570.567,422.130,570.567
5.079187,422.130,570.567,422.130,570.567
5.081196,422.130,570.567,422.130,570.567
5.083293,422.130,570.567,422.130,570.567
5.084919,422.130,570.567,422.130,570.567
5.087444,422.130,570.567,422.130,570.567
5.089685,422.130,570.567,422.130,570.567
5.091900,424.128,513.896,423.129,542.232
5.094449,424.128,513.896,423.629,528.064
5.096775,424.128,513.896,423.878,520.980
5.098910,424.128,513.896,424.003,517.438
5.100623,424.128,513.896,424.066,515.667
5.102393,424.128,513.896,424.097,514.781
5.104055,424.128,513.896,424.112,514.339
5.106354,424.128,513.896,424.120,514.117
5.109333,424.128,513.896,424.124,514.007
5.111456,424.128,513.896,424.126,513.951
5.113772,424.128,513.896,424.127,513.924
5.116326,424.128,513.896,424.128,513.910
5.118924,424.128,513.896,424.128,513.903
5.121080,424.128,513.896,424.128,513.899
5.123016,424.128,513.896,424.128,513.898
5.124884,418.847,501.765,421.488,507.832
5.127145,418.847,501.765,420.167,504.799
5.129181,418.847,501.765,419.507,503.282
5.131419,418.847,501.765,419.177,502.524
5.133193,418.847,501.765,419.012,502.145
5.135457,418.847,501.765,418.930,501.955
5.137655,418.847,501.765,418.888,501.860
5.140420,418.847,501.765,418.868,501.813
5.142706,418.847,501.765,418.857,501.789
5.144533,418.847,501.765,418.852,501.777
5.146074,418.847,501.765,418.850,501.771
5.147563,418.847,501.765,418.848,501.768
5.149855,418.847,501.765,418.848,501.767
5.151874,418.847,501.765,418.847,501.766
5.153707,418.847,501.765,418.847,501.766
5.156039,427.515,519.307,423.181,510.537
5.158568,427.515,519.307,425.348,514.922
5.160396,427.515,519.307,426.431,517.115
5.162390,427.515,519.307,426.973,518.211
5.164361,427.515,519.307,427.244,518.759
5.166279,427.515,519.307,427.379,519.033
5.168554,427.515,519.307,427.447,519.170
5.170809,427.515,519.307,427.481,519.239
5.173171,427.515,519.307,427.498,519.273
5.175336,427.515,519.307,427.506,519.290
5.177175,427.515,519.307,427.510,519.299
5.179324,427.515,519.307,427.512,519.303
5.181287,427.515,519.307,427.513,519.305
5.183035,427.515,519.307,427.514,519.306
5.184727,427.515,519.307,427.514,519.307
5.186871,429.093,534.605,428.303,526.956
5.189679,429.093,534.605,428.698,530.780
5.192093,429.093,534.605,428.895,532.692
5.194117,429.093,534.605,428.994,533.648
5.197348,429.093,534.605,429.043,534.127
5.200420,429.093,534.605,429.068,534.366
5.202827,429.093,534.605,429.080,534.485
5.204933,429.093,534.605,429.086,534.545
5.207450,429.093,534.605,429.090,534.575
5.209816,429.093,534.605,429.091,534.590
5.212261,429.093,534.605,429.092,534.597
5.214171,429.093,534.605,429.092,534.601
5.216094,430.564,552.975,429.828,543.788
5.218153,430.564,552.975,430.196,548.381
5.220309,430.564,552.975,430.380,550.678
5.222046,430.564,552.975,430.472,551.826
5.223950,430.564,552.975,430.518,552.400
5.226307,430.564,552.975,430.541,552.687
5.228827,430.564,552.975,430.552,552.831
5.231336,430.564,552.975,430.558,552.903
5.233752,430.564,552.975,430.561,552.939
5.235919,430.564,552.975,430.562,552.957
5.238173,430.564,552.975,430.563,552.966
5.240299,430.564,552.975,430.563,552.970
5.242120,430.564,552.975,430.563,552.972
5.243861,430.564,552.975,430.564,552.973
5.245531,430.564,552.975,430.564,552.974
5.247265,432.348,568.012,431.456,560.493
5.249378,432.348,568.012,431.902,564.253
5.251929,432.348,568.012,432.125,566.132
5.253727,432.348,568.012,432.236,567.072
5.255476,432.348,568.012,432.292,567.542
5.258060,432.348,568.012,432.320,567.777
5.260147,432.348,568.012,432.334,567.895
5.262483,432.348,568.012,432.341,567.954
5.264723,432.348,568.012,432.344,567.983
5.266416,432.348,568.012,432.346,567.998
5.268273,432.348,568.012,432.347,568.005
5.270670,432.348,568.012,432.347,568.009
5.272783,432.348,568.012,432.348,568.010
5.274975,432.348,568.012,432.348,568.011
5.277253,433.806,580.818,433.077,574.415
5.279342,433.806,580.818,433.441,577.616
5.281359,433.806,580.818,433.623,579.217
5.283221,433.806,580.818,433.714,580.017
5.285185,433.806,580.818,433.760,580.418
5.287535,433.806,580.818,433.783,580.618
5.290643,433.806,580.818,433.794,580.718
5.292878,433.806,580.818,433.800,580.768
5.295120,433.806,580.818,433.803,580.793
5.296760,433.806,580.818,433.804,580.805
5.298409,433.806,580.818,433.805,580.812
5.300255,433.806,580.818,433.805,580.815
5.302163,433.806,580.818,433.805,580.816
5.304012,433.806,580.818,433.805,580.817
5.306049,433.806,580.818,433.805,580.817
5.308155,434.398,586.552,434.102,583.685
5.310656,434.398,586.552,434.250,585.118
5.313003,434.398,586.552,434.324,585.835
5.314934,434.398,586.552,434.361,586.193
5.316673,434.398,586.552,434.380,586.373
5.318595,434.398,586.552,434.389,586.462
5.321475,434.398,586.552,434.393,586.507
5.324099,434.398,586.552,434.396,586.529
5.326658,434.398,586.552,434.397,586.541
5.328564,434.398,586.552,434.397,586.546
5.330623,434.398,586.552,434.398,586.549
5.332119,434.398,586.552,434.398,586.550
5.333940,434.398,586.552,434.398,586.551
5.335593,434.398,586.552,434.398,586.551
5.337876,435.341,594.490,434.870,590.521
5.340049,435.341,594.490,435.106,592.505
5.341713,435.341,594.490,435.223,593.498
5.343113,435.341,594.490,435.282,593.994
5.344540,435.341,594.490,435.312,594.242
5.346151,435.341,594.490,435.327,594.366
5.348257,435.341,594.490,435.334,594.428
5.350222,435.341,594.490,435.338,594.459
5.352345,435.341,594.490,435.339,594.475
5.354540,435.341,594.490,435.340,594.482
5.356442,435.341,594.490,435.341,594.486
5.358028,435.341,594.490,435.341,594.488
5.359793,435.341,594.490,435.341,594.489
5.361556,435.341,594.490,435.341,594.490
5.362994,435.341,594.490,435.341,594.490
5.364641,435.341,594.490,435.341,594.490
5.366218,435.341,594.490,435.341,594.490
5.367954,424.350,602.426,429.846,598.458
5.370166,424.350,602.426,427.098,600.442
5.372283,424.350,602.426,425.724,601.434
5.374070,424.350,602.426,425.037,601.930
5.375819,424.350,602.426,424.694,602.178
5.377876,424.350,602.426,424.522,602.302
5.379738,424.350,602.426,424.436,602.364
5.381749,424.350,602.426,424.393,602.395
5.383429,424.350,602.426,424.372,602.410
5.385157,424.350,602.426,424.361,602.418
5.386735,424.350,602.426,424.356,602.422
5.388415,424.350,602.426,424.353,602.424
5.391152,424.350,602.426,424.352,602.425
5.392997,424.350,602.426,424.351,602.425
5.394773,424.350,602.426,424.351,602.426
5.396616,424.350,602.426,424.351,602.426
5.399146,412.715,606.699,418.533,604.562
5.401727,412.715,606.699,415.624,605.631
5.403681,412.715,606.699,414.169,606.165
5.405932,412.715,606.699,413.442,606.432
5.408357,412.715,606.699,413.079,606.565
5.410643,412.715,606.699,412.897,606.632
5.412585,412.715,606.699,412.806,606.665
5.414311,412.715,606.699,412.760,606.682
5.416383,412.715,606.699,412.738,606.690
5.418164,412.715,606.699,412.726,606.695
5.419940,412.715,606.699,412.721,606.697
5.421867,412.715,606.699,412.718,606.698
5.423918,412.715,606.699,412.716,606.698
5.425824,412.715,606.699,412.716,606.699
5.427919,403.917,610.671,408.316,608.685
5.430429,403.917,610.671,406.117,609.678
5.432896,403.917,610.671,405.017,610.174
5.435215,403.917,610.671,404.467,610.423
5.437593,403.917,610.671,404.192,610.547
5.440198,403.917,610.671,404.055,610.609
5.442825,403.917,610.671,403.986,610.640
5.445055,403.917,610.671,403.952,610.656
5.447255,403.917,610.671,403.934,610.663
5.449646,403.917,610.671,403.926,610.667
5.451650,403.917,610.671,403.922,610.669
5.453430,403.917,610.671,403.919,610.670
5.455533,403.917,610.671,403.918,610.671
5.458018,397.866,613.691,400.892,612.181
5.460173,397.866,613.691,399.379,612.936
5.462078,397.866,613.691,398.622,613.313
5.463807,397.866,613.691,398.244,613.502
5.465799,397.866,613.691,398.055,613.596
5.467841,397.866,613.691,397.960,613.643
5.470533,397.866,613.691,397.913,613.667
5.472670,397.866,613.691,397.890,613.679
5.474873,397.866,613.691,397.878,613.685
5.477418,397.866,613.691,397.872,613.688
5.479434,397.866,613.691,397.869,613.689
5.481227,397.866,613.691,397.867,613.690
5.483195,397.866,613.691,397.867,613.690
5.485620,397.866,613.691,397.866,613.690
5.487631,392.334,615.792,395.100,614.741
5.490243,392.334,615.792,393.717,615.267
5.492704,392.334,615.792,393.025,615.530
5.494898,392.334,615.792,392.680,615.661
5.496836,392.334,615.792,392.507,615.727
5.499175,392.334,615.792,392.420,615.759
5.501397,392.334,615.792,392.377,615.776
5.503280,392.334,615.792,392.356,615.784
5.505084,392.334,615.792,392.345,615.788
5.507074,392.334,615.792,392.339,615.790
5.509191,392.334,615.792,392.337,615.791
5.511151,392.334,615.792,392.335,615.792
5.513165,392.334,615.792,392.335,615.792
5.515053,392.334,615.792,392.334,615.792
5.516662,392.334,615.792,392.334,615.792
5.518714,389.857,617.006,391.095,616.399
5.520761,389.857,617.006,390.476,616.703
5.523061,389.857,617.006,390.167,616.855
5.525597,389.857,617.006,390.012,616.931
5.527970,389.857,617.006,389.934,616.968
5.530571,389.857,617.006,389.896,616.987
5.532734,389.857,617.006,389.876,616.997
5.534914,389.857,617.006,389.867,617.002
5.537037,389.857,617.006,389.862,617.004
5.538953,389.857,617.006,389.859,617.005
5.541356,389.857,617.006,389.858,617.006
5.543300,389.857,617.006,389.858,617.006
5.544997,389.857,617.006,389.857,617.006
5.546645,389.857,617.006,389.857,617.006
5.549342,387.218,619.075,388.538,618.040
5.551733,387.218,619.075,387.878,618.558
5.553755,387.218,619.075,387.548,618.816
5.555808,387.218,619.075,387.383,618.945
5.558465,387.218,619.075,387.301,619.010
5.560793,387.218,619.075,387.259,619.042
5.563061,387.218,619.075,387.239,619.058
5.564954,387.218,619.075,387.229,619.067
5.566931,387.218,619.075,387.223,619.071
5.568610,387.218,619.075,387.221,619.073
5.570486,387.218,619.075,387.219,619.074
5.572501,387.218,619.075,387.219,619.074
5.574835,387.218,619.075,387.218,619.074
5.576664,387.218,619.075,387.218,619.075
5.579267,385.126,620.290,386.172,619.682
5.581995,385.126,620.290,385.649,619.986
5.584237,385.126,620.290,385.388,620.138
5.586183,385.126,620.290,385.257,620.214
5.588151,385.126,620.290,385.192,620.252
5.590784,385.126,620.290,385.159,620.271
5.592886,385.126,620.290,385.143,620.280
5.594841,385.126,620.290,385.134,620.285
5.596935,385.126,620.290,385.130,620.287
5.598806,385.126,620.290,385.128,620.289
5.600976,385.126,620.290,385.127,620.289
5.603014,385.126,620.290,385.127,620.289
5.604715,385.126,620.290,385.126,620.289
5.606716,385.126,620.290,385.126,620.290
5.608853,383.947,621.407,384.537,620.848
5.611502,383.947,621.407,384.242,621.128
5.613318,383.947,621.407,384.094,621.267
5.615333,383.947,621.407,384.021,621.337
5.617221,383.947,621.407,383.984,621.372
5.619545,383.947,621.407,383.965,621.390
5.622301,383.947,621.407,383.956,621.398
5.624780,383.947,621.407,383.952,621.403
5.627026,383.947,621.407,383.949,621.405
5.628748,383.947,621.407,383.948,621.406
5.630878,383.947,621.407,383.948,621.406
5.633488,383.947,621.407,383.947,621.407
5.635561,383.947,621.407,383.947,621.407
5.637844,383.947,621.407,383.947,621.407
5.640088,383.344,621.513,383.646,621.460
5.642002,383.344,621.513,383.495,621.487
5.644047,383.344,621.513,383.419,621.500
5.646039,383.344,621.513,383.382,621.507
5.648035,383.344,621.513,383.363,621.510
5.650158,383.344,621.513,383.353,621.512
5.652810,383.344,621.513,383.349,621.513
5.655279,383.344,621.513,383.346,621.513
5.657742,383.344,621.513,383.345,621.513
5.659776,383.344,621.513,383.345,621.513
5.661615,383.344,621.513,383.344,621.513
5.663443,383.344,621.513,383.344,621.513
5.665459,383.344,621.513,383.344,621.513
5.667363,383.344,621.513,383.344,621.513
5.679852,383.016,620.975,383.180,621.244
5.683285,383.016,620.975,383.098,621.110
5.686208,383.016,620.975,383.057,621.042
5.688244,383.016,620.975,383.037,621.009
5.690206,383.016,620.975,383.026,620.992
5.692048,383.016,620.975,383.021,620.984
5.695487,383.016,620.975,383.019,620.979
5.697361,383.016,620.975,383.017,620.977
5.700892,380.359,621.768,381.688,621.373
5.703284,380.359,621.768,381.024,621.570
5.705386,380.359,621.768,380.691,621.669
5.709209,380.359,621.768,380.525,621.719
5.712389,380.359,621.768,380.442,621.744
5.715812,380.359,621.768,380.401,621.756
5.717690,380.359,621.768,380.380,621.762
5.719540,380.359,621.768,380.369,621.765
5.723595,380.359,621.768,380.364,621.767
5.725759,380.359,621.768,380.362,621.768
5.729343,378.563,622.336,379.462,622.052
5.731711,378.563,622.336,379.013,622.194
5.735190,378.563,622.336,378.788,622.265
5.738154,378.563,622.336,378.675,622.300
5.742237,378.563,622.336,378.619,622.318
5.744745,378.563,622.336,378.591,622.327
5.747405,378.563,622.336,378.577,622.332
5.750879,378.563,622.336,378.570,622.334
5.753036,378.563,622.336,378.567,622.335
5.755852,378.563,622.336,378.565,622.335
5.758426,378.563,622.336,378.564,622.336
5.761164,377.385,621.787,377.975,622.062
5.765159,377.385,621.787,377.680,621.924
5.767440,377.385,621.787,377.533,621.856
5.770825,377.385,621.787,377.459,621.822
5.773329,377.385,621.787,377.422,621.804
5.777261,377.385,621.787,377.404,621.796
5.779658,377.385,621.787,377.394,621.792
5.783597,377.385,621.787,377.390,621.789
5.785657,377.385,621.787,377.388,621.788
5.787620,377.385,621.787,377.386,621.788
5.790926,376.444,621.654,376.915,621.721
5.793043,376.444,621.654,376.679,621.687
5.794960,376.444,621.654,376.562,621.671
5.797977,376.444,621.654,376.503,621.662
5.799808,376.444,621.654,376.473,621.658
5.807692,376.444,621.654,376.458,621.656
5.811251,376.444,621.654,376.451,621.655
5.813282,376.444,621.654,376.447,621.654
5.815397,376.444,621.654,376.446,621.654
5.818416,376.444,621.654,376.445,621.654
5.820110,375.356,621.687,375.900,621.670
5.822322,375.356,621.687,375.628,621.679
5.826074,375.356,621.687,375.492,621.683
5.827971,375.356,621.687,375.424,621.685
5.832000,375.356,621.687,375.390,621.686
5.834384,375.356,621.687,375.373,621.686
5.836375,375.356,621.687,375.364,621.687
5.840211,375.356,621.687,375.360,621.687
5.842388,375.356,621.687,375.358,621.687
5.844212,375.356,621.687,375.357,621.687
5.847414,375.356,621.687,375.356,621.687
5.849506,375.356,621.687,375.356,621.687
5.852492,374.739,621.011,375.047,621.349
5.854627,374.739,621.011,374.893,621.180
5.856907,374.739,621.011,374.816,621.096
5.860718,374.739,621.011,374.777,621.054
5.863214,374.739,621.011,374.758,621.032
5.865613,374.739,621.011,374.748,621.022
5.868430,374.739,621.011,374.744,621.017
5.871015,374.739,621.011,374.741,621.014
5.874800,374.739,621.011,374.740,621.013
5.877162,374.739,621.011,374.739,621.012
5.879876,374.739,621.011,374.739,621.012
5.882034,374.685,620.410,374.712,620.711
5.884083,374.685,620.410,374.698,620.561
5.887596,374.685,620.410,374.691,620.486
5.890320,374.685,620.410,374.688,620.448
5.894206,374.685,620.410,374.686,620.429
5.896293,374.685,620.410,374.685,620.420
5.898267,374.685,620.410,374.685,620.415
5.900330,374.685,620.410,374.685,620.413
5.902288,374.685,620.410,374.685,620.411
5.904344,374.685,620.410,374.685,620.411
5.907347,374.685,620.410,374.685,620.411
5.910176,374.685,620.410,374.685,620.410
5.912671,374.717,620.489,374.701,620.450
5.915685,374.717,620.489,374.709,620.469
5.917514,374.717,620.489,374.713,620.479
5.920346,374.717,620.489,374.715,620.484
5.923537,374.717,620.489,374.716,620.486
5.925757,374.717,620.489,374.716,620.487
5.927973,374.717,620.489,374.716,620.488
5.930030,374.717,620.489,374.716,620.488
5.932191,374.717,620.489,374.716,620.489
5.934552,374.717,620.489,374.717,620.489
5.936868,374.717,620.489,374.717,620.489
5.939040,374.717,620.489,374.717,620.489
5.942043,374.390,620.624,374.553,620.556
5.944530,374.390,620.624,374.471,620.590
5.946230,374.390,620.624,374.431,620.607
5.948137,374.390,620.624,374.410,620.615
5.951647,374.390,620.624,374.400,620.619
5.954222,374.390,620.624,374.395,620.622
5.957000,374.390,620.624,374.392,620.623
5.959690,374.390,620.624,374.391,620.623
5.961966,374.390,620.624,374.390,620.623
5.963928,374.390,620.624,374.390,620.624
5.965625,374.390,620.624,374.390,620.624
5.967409,374.390,620.624,374.390,620.624
5.969512,374.390,620.624,374.390,620.624
5.971565,374.051,620.570,374.220,620.597
5.974194,374.051,620.570,374.136,620.583
5.976822,374.051,620.570,374.093,620.576
5.978938,374.051,620.570,374.072,620.573
5.981037,374.051,620.570,374.062,620.571
5.983579,374.051,620.570,374.056,620.570
5.986080,374.051,620.570,374.054,620.570
5.988536,374.051,620.570,374.052,620.570
5.992241,374.051,620.570,374.052,620.570
5.994611,374.051,620.570,374.051,620.570
5.997498,374.051,620.570,374.051,620.570
5.999664,374.051,620.570,374.051,620.570
6.002616,373.882,620.255,373.966,620.412
6.005068,373.882,620.255,373.924,620.333
6.007329,373.882,620.255,373.903,620.294
6.009267,373.882,620.255,373.892,620.274
6.012122,373.882,620.255,373.887,620.264
6.015339,373.882,620.255,373.884,620.260
6.017603,373.882,620.255,373.883,620.257
6.019597,373.882,620.255,373.882,620.256
6.022027,373.882,620.255,373.882,620.255
6.024825,373.882,620.255,373.882,620.255
6.027127,373.882,620.255,373.882,620.255
6.029083,373.882,620.255,373.882,620.255
6.030986,373.882,620.255,373.882,620.255
6.032923,373.287,619.896,373.584,620.075
6.035029,373.287,619.896,373.435,619.986
6.036865,373.287,619.896,373.361,619.941
6.038959,373.287,619.896,373.324,619.919
6.041573,373.287,619.896,373.305,619.907
6.044110,373.287,619.896,373.296,619.902
6.046112,373.287,619.896,373.291,619.899
6.048373,373.287,619.896,373.289,619.898
6.050250,373.287,619.896,373.288,619.897
6.053214,373.287,619.896,373.287,619.896
6.055941,373.287,619.896,373.287,619.896
6.058507,373.287,619.896,373.287,619.896
6.060923,373.287,619.896,373.287,619.896
6.062950,373.233,619.772,373.260,619.834
6.065016,373.233,619.772,373.246,619.803
6.067245,373.233,619.772,373.240,619.788
6.069120,373.233,619.772,373.236,619.780
6.070862,373.233,619.772,373.234,619.776
6.073129,373.233,619.772,373.234,619.774
6.076097,373.233,619.772,373.233,619.773
6.078609,373.233,619.772,373.233,619.773
6.081131,373.233,619.772,373.233,619.772
6.083593,373.233,619.772,373.233,619.772
6.085357,373.233,619.772,373.233,619.772
6.086881,373.233,619.772,373.233,619.772
6.088361,373.233,619.772,373.233,619.772
6.090774,373.233,619.772,373.233,619.772
6.092988,373.154,619.772,373.193,619.772
6.095205,373.154,619.772,373.174,619.772
6.097523,373.154,619.772,373.164,619.772
6.099254,373.154,619.772,373.159,619.772
6.101173,373.154,619.772,373.156,619.772
6.103772,373.154,619.772,373.155,619.772
6.106103,373.154,619.772,373.154,619.772
6.108335,373.154,619.772,373.154,619.772
6.110767,373.154,619.772,373.154,619.772
6.112842,373.154,619.772,373.154,619.772
6.114821,373.154,619.772,373.154,619.772
6.116617,373.154,619.772,373.154,619.772
6.118145,373.154,619.772,373.154,619.772
6.120082,373.154,619.772,373.154,619.772
6.122056,372.864,620.083,373.009,619.927
6.125225,372.864,620.083,372.937,620.005
6.127541,372.864,620.083,372.900,620.044
6.129610,372.864,620.083,372.882,620.063
6.131810,372.864,620.083,372.873,620.073
6.133999,372.864,620.083,372.869,620.078
6.136299,372.864,620.083,372.866,620.080
6.138535,372.864,620.083,372.865,620.081
6.141171,372.864,620.083,372.865,620.082
6.143262,372.864,620.083,372.864,620.082
6.145160,372.864,620.083,372.864,620.082
6.147051,372.864,620.083,372.864,620.083
6.149130,372.864,620.083,372.864,620.083
6.150990,372.864,620.083,372.864,620.083
6.152760,372.678,620.416,372.771,620.249
6.154923,372.678,620.416,372.725,620.333
6.157166,372.678,620.416,372.701,620.375
6.159144,372.678,620.416,372.690,620.395
6.161093,372.678,620.416,372.684,620.406
6.163290,372.678,620.416,372.681,620.411
6.165381,372.678,620.416,372.680,620.414
6.167464,372.678,620.416,372.679,620.415
6.169408,372.678,620.416,372.679,620.416
6.171344,372.678,620.416,372.678,620.416
6.173276,372.678,620.416,372.678,620.416
6.176092,372.678,620.416,372.678,620.416
6.178158,372.678,620.416,372.678,620.416
6.180009,372.678,620.416,372.678,620.416
6.181721,372.678,620.416,372.678,620.416
6.183683,372.711,620.143,372.695,620.280
6.185687,372.711,620.143,372.703,620.211
6.187539,372.711,620.143,372.707,620.177
6.189859,372.711,620.143,372.709,620.160
6.192276,372.711,620.143,372.710,620.151
6.194739,372.711,620.143,372.710,620.147
6.196990,372.711,620.143,372.710,620.145
6.199296,372.711,620.143,372.711,620.144
6.202068,372.711,620.143,372.711,620.143
6.204521,372.711,620.143,372.711,620.143
6.207056,372.711,620.143,372.711,620.143
6.209392,372.711,620.143,372.711,620.143
6.211368,372.711,620.143,372.711,620.143
6.213140,372.619,620.205,372.665,620.174
6.215567,372.619,620.205,372.642,620.189
6.217790,372.619,620.205,372.631,620.197
6.220391,372.619,620.205,372.625,620.201
6.222688,372.619,620.205,372.622,620.203
6.227631,649.799,1193.977,511.211,907.090
6.230358,649.799,1193.977,580.505,1050.534
6.233676,649.799,1193.977,615.152,1122.255
6.237936,649.799,1193.977,632.476,1158.116
6.240495,649.799,1193.977,641.138,1176.047
6.246153,622.948,1183.395,632.043,1179.721
6.248353,622.948,1183.395,627.496,1181.558
6.250443,622.948,1183.395,625.222,1182.476
6.252604,622.948,1183.395,624.085,1182.936
6.255014,622.948,1183.395,623.517,1183.165
6.257615,622.948,1183.395,623.232,1183.280
6.259966,622.948,1183.395,623.090,1183.337
6.262136,622.948,1183.395,623.019,1183.366
6.264234,622.948,1183.395,622.984,1183.381
6.265772,622.948,1183.395,622.966,1183.388
6.267807,622.948,1183.395,622.957,1183.391
6.269750,622.948,1183.395,622.953,1183.393
6.271675,622.948,1183.395,622.950,1183.394
6.274470,622.369,1184.167,622.660,1183.781
6.276871,622.369,1184.167,622.514,1183.974
6.279055,622.369,1184.167,622.442,1184.071
6.281550,622.369,1184.167,622.405,1184.119
6.283700,622.369,1184.167,622.387,1184.143
6.285774,622.369,1184.167,622.378,1184.155
6.287827,622.369,1184.167,622.373,1184.161
6.290169,622.369,1184.167,622.371,1184.164
6.292508,622.369,1184.167,622.370,1184.166
6.294609,622.369,1184.167,622.369,1184.167
6.297080,622.369,1184.167,622.369,1184.167
6.299422,622.369,1184.167,622.369,1184.167
6.301593,622.369,1184.167,622.369,1184.167
6.303710,622.452,1184.238,622.410,1184.203
6.306244,622.452,1184.238,622.431,1184.220
6.308596,622.452,1184.238,622.441,1184.229
6.310867,622.452,1184.238,622.446,1184.234
6.313127,622.452,1184.238,622.449,1184.236
6.315770,622.452,1184.238,622.450,1184.237
6.318181,622.452,1184.238,622.451,1184.238
6.320148,622.452,1184.238,622.451,1184.238
6.322571,622.452,1184.238,622.451,1184.238
6.325006,622.452,1184.238,622.451,1184.238
6.327048,622.452,1184.238,622.451,1184.238
6.332671,622.452,1184.238,622.451,1184.238
6.335000,622.134,1185.087,622.293,1184.662
6.339562,622.134,1185.087,622.214,1184.875
6.341819,622.134,1185.087,622.174,1184.980
6.346135,622.134,1185.087,622.154,1185.033
6.348933,622.134,1185.087,622.144,1185.060
6.369966,622.164,1185.571,622.154,1185.315
6.388259,622.164,1185.571,622.159,1185.443
6.395429,622.112,1186.895,622.136,1186.169
6.400117,622.112,1186.895,622.124,1186.532
6.403655,622.112,1186.895,622.118,1186.713
6.408043,622.112,1186.895,622.115,1186.804
6.412950,622.112,1186.895,622.114,1186.850
6.415782,622.112,1186.895,622.113,1186.872
6.417582,622.112,1186.895,622.113,1186.884
6.421343,622.112,1186.895,622.113,1186.889
6.425196,621.904,1188.851,622.008,1187.870
6.429175,621.904,1188.851,621.956,1188.360
6.431870,621.904,1188.851,621.930,1188.606
6.436167,621.904,1188.851,621.917,1188.728
6.441230,621.904,1188.851,621.910,1188.790
6.444458,621.904,1188.851,621.907,1188.820
6.447897,621.904,1188.851,621.905,1188.835
6.450995,621.904,1188.851,621.904,1188.843
6.454720,622.035,1191.032,621.970,1189.938
6.458895,622.035,1191.032,622.002,1190.485
6.462620,622.035,1191.032,622.019,1190.758
6.465816,622.035,1191.032,622.027,1190.895
6.469511,622.035,1191.032,622.031,1190.964
6.472954,622.035,1191.032,622.033,1190.998
6.476760,622.035,1191.032,622.034,1191.015
6.479573,622.035,1191.032,622.034,1191.023
6.482423,622.035,1191.032,622.035,1191.028
6.485996,622.765,1192.380,622.400,1191.704
6.489244,622.765,1192.380,622.583,1192.042
6.492033,622.765,1192.380,622.674,1192.211
6.493766,622.765,1192.380,622.720,1192.296
6.497122,622.765,1192.380,622.742,1192.338
6.500373,622.765,1192.380,622.754,1192.359
6.503188,622.765,1192.380,622.759,1192.370
6.505522,622.765,1192.380,622.762,1192.375
6.507256,622.765,1192.380,622.764,1192.378
6.510170,622.765,1192.380,622.764,1192.379
6.512150,622.765,1192.380,622.765,1192.380
6.514081,622.765,1192.380,622.765,1192.380
6.518016,622.712,1192.481,622.738,1192.430
6.520677,622.712,1192.481,622.725,1192.456
6.523891,622.712,1192.481,622.719,1192.468
6.527334,622.712,1192.481,622.715,1192.474
6.530742,622.712,1192.481,622.714,1192.478
6.533555,622.712,1192.481,622.713,1192.479
6.535370,622.712,1192.481,622.712,1192.480
6.538658,622.712,1192.481,622.712,1192.480
6.541265,622.712,1192.481,622.712,1192.480
6.543813,622.712,1192.481,622.712,1192.481
6.546530,623.096,1192.779,622.904,1192.630
6.548820,623.096,1192.779,623.000,1192.704
6.551616,623.096,1192.779,623.048,1192.741
6.553768,623.096,1192.779,623.072,1192.760
6.555609,623.096,1192.779,623.084,1192.769
6.559456,623.096,1192.779,623.090,1192.774
6.562362,623.096,1192.779,623.093,1192.776
6.565309,623.096,1192.779,623.094,1192.777
6.567611,623.096,1192.779,623.095,1192.778
6.569089,623.096,1192.779,623.096,1192.778
6.572090,623.096,1192.779,623.096,1192.778
6.574348,623.096,1192.779,623.096,1192.779
6.576117,623.157,1192.451,623.127,1192.615
6.579590,623.157,1192.451,623.142,1192.533
6.581889,623.157,1192.451,623.149,1192.492
6.583521,623.157,1192.451,623.153,1192.472
6.585412,623.157,1192.451,623.155,1192.461
6.587241,623.157,1192.451,623.156,1192.456
6.589537,623.157,1192.451,623.157,1192.454
6.592854,623.157,1192.451,623.157,1192.452
6.595109,623.157,1192.451,623.157,1192.452
6.596632,623.157,1192.451,623.157,1192.451
6.598338,623.157,1192.451,623.157,1192.451
6.599966,623.157,1192.451,623.157,1192.451
6.601422,623.157,1192.451,623.157,1192.451
6.602928,623.157,1192.451,623.157,1192.451
6.604564,623.157,1192.451,623.157,1192.451
6.608494,639.614,1147.945,631.385,1170.198
6.611628,639.614,1147.945,635.499,1159.072
6.613794,639.614,1147.945,637.557,1153.509
6.615880,639.614,1147.945,638.585,1150.727
6.617805,639.614,1147.945,639.099,1149.336
6.619795,639.614,1147.945,639.356,1148.641
6.621452,639.614,1147.945,639.485,1148.293
6.623096,639.614,1147.945,639.549,1148.119
6.625504,639.614,1147.945,639.581,1148.032
6.629007,639.614,1147.945,639.598,1147.989
6.631606,639.614,1147.945,639.606,1147.967
6.634207,639.614,1147.945,639.610,1147.956
6.636652,669.550,1069.051,654.580,1108.504
6.638392,669.550,1069.051,662.065,1088.777
6.641514,669.550,1069.051,665.807,1078.914
6.643454,669.550,1069.051,667.678,1073.982
6.645022,669.550,1069.051,668.614,1071.517
6.647116,669.550,1069.051,669.082,1070.284
6.649045,669.550,1069.051,669.316,1069.667
6.650897,669.550,1069.051,669.433,1069.359
6.652706,669.550,1069.051,669.491,1069.205
6.654955,669.550,1069.051,669.520,1069.128
6.656980,669.550,1069.051,669.535,1069.089
6.659072,669.550,1069.051,669.542,1069.070
6.665285,669.550,1069.051,669.546,1069.060
6.668815,694.467,991.887,682.007,1030.474
6.670912,694.467,991.887,688.237,1011.180
6.672724,694.467,991.887,691.352,1001.533
6.674652,694.467,991.887,692.910,996.710
6.676942,694.467,991.887,693.689,994.298
6.679118,694.467,991.887,694.078,993.093
6.681603,694.467,991.887,694.273,992.490
6.683416,694.467,991.887,694.370,992.188
6.685396,694.467,991.887,694.419,992.038
6.686985,694.467,991.887,694.443,991.962
6.690079,694.467,991.887,694.455,991.924
6.692435,694.467,991.887,694.461,991.906
6.694316,694.467,991.887,694.464,991.896
6.696491,710.504,928.246,702.484,960.071
6.698964,710.504,928.246,706.494,944.159
6.700718,710.504,928.246,708.499,936.202
6.703850,710.504,928.246,709.501,932.224
6.706525,710.504,928.246,710.002,930.235
6.710329,710.504,928.246,710.253,929.241
6.712658,710.504,928.246,710.378,928.743
6.714219,710.504,928.246,710.441,928.495
6.717028,710.504,928.246,710.472,928.371
6.719537,710.504,928.246,710.488,928.308
6.721359,710.504,928.246,710.496,928.277
6.724546,710.504,928.246,710.500,928.262
6.727308,719.987,886.342,715.243,907.302
6.729258,719.987,886.342,717.615,896.822
6.732525,719.987,886.342,718.801,891.582
6.734833,719.987,886.342,719.394,888.962
6.738814,719.987,886.342,719.690,887.652
6.742087,719.987,886.342,719.838,886.997
6.745225,719.987,886.342,719.913,886.669
6.747490,719.987,886.342,719.950,886.506
6.749392,719.987,886.342,719.968,886.424
6.752124,719.987,886.342,719.977,886.383
6.754103,719.987,886.342,719.982,886.362
6.755805,719.987,886.342,719.984,886.352
6.759391,730.140,864.133,725.062,875.243
6.761792,730.140,864.133,727.601,869.688
6.763482,730.140,864.133,728.871,866.911
6.766435,730.140,864.133,729.505,865.522
6.768547,730.140,864.133,729.823,864.828
6.770615,730.140,864.133,729.981,864.481
6.773340,730.140,864.133,730.061,864.307
6.775037,730.140,864.133,730.100,864.220
6.776703,730.140,864.133,730.120,864.177
6.778331,730.140,864.133,730.130,864.155
6.780200,730.140,864.133,730.135,864.144
6.781975,730.140,864.133,730.138,864.139
6.783861,730.140,864.133,730.139,864.136
6.786473,730.140,864.133,730.139,864.135
6.789354,737.032,850.743,733.585,857.439
6.791508,737.032,850.743,735.309,854.091
6.793903,737.032,850.743,736.170,852.417
6.795596,737.032,850.743,736.601,851.580
6.797769,737.032,850.743,736.816,851.162
6.801519,737.032,850.743,736.924,850.952
6.804219,737.032,850.743,736.978,850.848
6.806136,737.032,850.743,737.005,850.795
6.808217,737.032,850.743,737.018,850.769
6.810023,737.032,850.743,737.025,850.756
6.811488,737.032,850.743,737.028,850.750
6.814214,737.032,850.743,737.030,850.746
6.816362,737.032,850.743,737.031,850.745
6.818079,744.040,839.315,740.535,845.030
6.819787,744.040,839.315,742.287,842.172
6.821561,744.040,839.315,743.164,840.744
6.823377,744.040,839.315,743.602,840.029
6.825798,744.040,839.315,743.821,839.672
6.828099,744.040,839.315,743.930,839.494
6.830081,744.040,839.315,743.985,839.404
6.831886,744.040,839.315,744.012,839.360
6.834033,744.040,839.315,744.026,839.337
6.835728,744.040,839.315,744.033,839.326
6.837679,744.040,839.315,744.036,839.321
6.839507,744.040,839.315,744.038,839.318
6.841413,744.040,839.315,744.039,839.316
6.843049,744.040,839.315,744.039,839.316
6.844798,744.040,839.315,744.039,839.315
6.846571,744.040,839.315,744.040,839.315
6.850282,742.957,825.230,743.498,832.273
6.852943,742.957,825.230,743.228,828.751
6.855011,742.957,825.230,743.093,826.991
6.857255,742.957,825.230,743.025,826.110
6.860392,742.957,825.230,742.991,825.670
6.863143,742.957,825.230,742.974,825.450
6.865538,742.957,825.230,742.966,825.340
6.867816,742.957,825.230,742.962,825.285
6.869822,742.957,825.230,742.959,825.258
6.871464,742.957,825.230,742.958,825.244
6.873314,742.957,825.230,742.958,825.237
6.875359,742.957,825.230,742.958,825.234
6.877422,742.957,825.230,742.957,825.232
6.879866,745.738,819.845,744.348,822.538
6.883132,745.738,819.845,745.043,821.192
6.885351,745.738,819.845,745.391,820.518
6.887543,745.738,819.845,745.564,820.182
6.889574,745.738,819.845,745.651,820.013
6.892262,745.738,819.845,745.695,819.929
6.894088,745.738,819.845,745.716,819.887
6.895878,745.738,819.845,745.727,819.866
6.897509,745.738,819.845,745.733,819.856
6.899314,745.738,819.845,745.735,819.850
6.901497,745.738,819.845,745.737,819.848
6.903037,745.738,819.845,745.737,819.846
6.904883,745.738,819.845,745.738,819.846
6.906651,745.738,819.845,745.738,819.845
6.909369,746.487,818.453,746.112,819.149
6.911279,746.487,818.453,746.300,818.801
6.913174,746.487,818.453,746.393,818.627
6.914854,746.487,818.453,746.440,818.540
6.917053,746.487,818.453,746.464,818.496
6.918887,746.487,818.453,746.475,818.474
6.920895,746.487,818.453,746.481,818.464
6.924215,746.487,818.453,746.484,818.458
6.926589,746.487,818.453,746.486,818.455
6.928742,746.487,818.453,746.486,818.454
6.930791,746.487,818.453,746.487,818.453
6.932868,746.487,818.453,746.487,818.453
6.935069,746.487,818.453,746.487,818.453
6.936966,746.487,818.453,746.487,818.453
6.939555,744.335,816.532,745.411,817.492
6.942145,744.335,816.532,744.873,817.012
6.944520,744.335,816.532,744.604,816.772
6.946363,744.335,816.532,744.470,816.652
6.948157,744.335,816.532,744.403,816.592
6.950049,744.335,816.532,744.369,816.562
6.951896,744.335,816.532,744.352,816.547
6.953623,744.335,816.532,744.344,816.540
6.955344,744.335,816.532,744.340,816.536
6.957912,744.335,816.532,744.337,816.534
6.961096,744.335,816.532,744.336,816.533
6.963232,744.335,816.532,744.336,816.533
6.965193,744.335,816.532,744.336,816.533
6.966720,744.335,816.532,744.335,816.532
6.968766,744.686,815.839,744.511,816.186
6.970995,744.686,815.839,744.599,816.012
6.973441,744.686,815.839,744.643,815.925
6.975399,744.686,815.839,744.664,815.882
6.977019,744.686,815.839,744.675,815.860
6.980340,744.686,815.839,744.681,815.850
6.982942,744.686,815.839,744.684,815.844
6.984626,744.686,815.839,744.685,815.841
6.986425,744.686,815.839,744.686,815.840
6.988348,744.686,815.839,744.686,815.839
6.990382,744.686,815.839,744.686,815.839
6.993683,744.686,815.839,744.686,815.839
6.996142,744.686,815.839,744.686,815.839
6.997794,744.686,815.839,744.686,815.839
6.999849,748.845,814.565,746.766,815.202
7.001619,748.845,814.565,747.805,814.884
7.003419,748.845,814.565,748.325,814.725
7.005212,748.845,814.565,748.585,814.645
7.008788,748.845,814.565,748.715,814.605
7.011473,748.845,814.565,748.780,814.585
7.014518,748.845,814.565,748.812,814.575
7.016993,748.845,814.565,748.829,814.570
7.019247,748.845,814.565,748.837,814.568
7.021226,748.845,814.565,748.841,814.567
7.022896,748.845,814.565,748.843,814.566
7.024883,748.845,814.565,748.844,814.566
7.027191,748.845,814.565,748.844,814.566
7.029186,750.000,812.839,749.422,813.703
7.031076,750.000,812.839,749.711,813.271
7.033527,750.000,812.839,749.855,813.055
7.036450,750.000,812.839,749.927,812.947
7.038596,750.000,812.839,749.963,812.893
7.040666,750.000,812.839,749.981,812.866
7.043370,750.000,812.839,749.991,812.853
7.045298,750.000,812.839,749.995,812.846
7.047088,750.000,812.839,749.997,812.843
7.050395,750.000,812.839,749.998,812.841
7.052548,750.000,812.839,749.999,812.840
7.054289,750.000,812.839,749.999,812.840
7.057105,750.000,812.839,749.999,812.840
7.059843,751.102,809.252,750.551,811.046
7.062021,751.102,809.252,750.827,810.149
7.063693,751.102,809.252,750.964,809.701
7.065520,751.102,809.252,751.033,809.477
7.067123,751.102,809.252,751.068,809.364
7.069220,751.102,809.252,751.085,809.308
7.071196,751.102,809.252,751.094,809.280
7.073047,751.102,809.252,751.098,809.266
7.077063,751.102,809.252,751.100,809.259
7.079435,751.102,809.252,751.101,809.256
7.081378,751.102,809.252,751.102,809.254
7.083827,751.102,809.252,751.102,809.253
7.085486,751.102,809.252,751.102,809.253
7.087461,751.102,809.252,751.102,809.253
7.090789,750.927,806.388,751.014,807.820
7.093431,750.927,806.388,750.971,807.104
7.095272,750.927,806.388,750.949,806.746
7.097093,750.927,806.388,750.938,806.567
7.099452,750.927,806.388,750.932,806.478
7.101834,750.927,806.388,750.929,806.433
7.104960,750.927,806.388,750.928,806.411
7.107699,750.927,806.388,750.927,806.399
7.109737,750.927,806.388,750.927,806.394
7.112887,750.927,806.388,750.927,806.391
7.115265,750.927,806.388,750.927,806.390
7.117804,750.927,806.388,750.927,806.389
7.119742,752.675,804.492,751.801,805.440
7.121468,752.675,804.492,752.238,804.966
7.123131,752.675,804.492,752.457,804.729
7.126788,752.675,804.492,752.566,804.610
7.129649,752.675,804.492,752.621,804.551
7.133262,752.675,804.492,752.648,804.521
7.135583,752.675,804.492,752.662,804.506
7.137885,752.675,804.492,752.669,804.499
7.139522,752.675,804.492,752.672,804.495
7.141153,752.675,804.492,752.674,804.493
7.142684,752.675,804.492,752.675,804.492
7.144757,752.675,804.492,752.675,804.492
7.146467,752.675,804.492,752.675,804.492
7.148541,752.675,804.492,752.675,804.492
7.150450,753.285,804.494,752.980,804.493
7.153892,753.285,804.494,753.132,804.493
7.156203,753.285,804.494,753.209,804.493
7.158535,753.285,804.494,753.247,804.493
7.160747,753.285,804.494,753.266,804.494
7.162953,753.285,804.494,753.275,804.494
7.164630,753.285,804.494,753.280,804.494
7.166831,753.285,804.494,753.282,804.494
7.168624,753.285,804.494,753.284,804.494
7.170151,753.285,804.494,753.284,804.494
7.171840,753.285,804.494,753.285,804.494
7.173984,753.285,804.494,753.285,804.494
7.176071,753.285,804.494,753.285,804.494
7.177740,753.285,804.494,753.285,804.494
7.179923,753.285,804.494,753.285,804.494
7.181724,754.006,804.440,753.646,804.467
7.183305,754.006,804.440,753.826,804.453
7.184798,754.006,804.440,753.916,804.447
7.188028,754.006,804.440,753.961,804.443
7.190705,754.006,804.440,753.984,804.442
7.193158,754.006,804.440,753.995,804.441
7.195375,754.006,804.440,754.001,804.441
7.197278,754.006,804.440,754.003,804.440
7.199099,754.006,804.440,754.005,804.440
7.202142,754.006,804.440,754.006,804.440
7.204247,754.006,804.440,754.006,804.440
7.206225,754.006,804.440,754.006,804.440
7.208675,754.006,804.440,754.006,804.440
7.211428,753.612,801.510,753.809,802.975
7.213990,753.612,801.510,753.710,802.242
7.216242,753.612,801.510,753.661,801.876
7.217923,753.612,801.510,753.637,801.693
7.219675,753.612,801.510,753.624,801.601
7.222267,753.612,801.510,753.618,801.555
7.224661,753.612,801.510,753.615,801.532
7.226547,753.612,801.510,753.613,801.521
7.228267,753.612,801.510,753.613,801.515
7.230017,753.612,801.510,753.612,801.512
7.231686,753.612,801.510,753.612,801.511
7.233829,753.612,801.510,753.612,801.510
7.236952,753.612,801.510,753.612,801.510
7.238611,753.612,801.510,753.612,801.510
7.240580,753.871,801.419,753.741,801.464
7.242883,753.871,801.419,753.806,801.442
7.244593,753.871,801.419,753.838,801.430
7.246143,753.871,801.419,753.855,801.424
7.247894,753.871,801.419,753.863,801.422
7.249678,753.871,801.419,753.867,801.420
7.251846,753.871,801.419,753.869,801.419
7.253636,753.871,801.419,753.870,801.419
7.255914,753.871,801.419,753.870,801.419
7.257878,753.871,801.419,753.871,801.419
7.259748,753.871,801.419,753.871,801.419
7.261446,753.871,801.419,753.871,801.419
7.263543,753.871,801.419,753.871,801.419
7.265074,753.871,801.419,753.871,801.419
7.266458,753.871,801.419,753.871,801.419
7.267809,753.871,801.419,753.871,801.419
7.271037,755.035,800.783,754.453,801.101
7.273245,755.035,800.783,754.744,800.942
7.275524,755.035,800.783,754.889,800.863
7.277634,755.035,800.783,754.962,800.823
7.279301,755.035,800.783,754.998,800.803
7.281149,755.035,800.783,755.017,800.793
7.282967,755.035,800.783,755.026,800.788
7.284883,755.035,800.783,755.030,800.786
7.286601,755.035,800.783,755.033,800.784
7.288302,755.035,800.783,755.034,800.784
7.290397,755.035,800.783,755.034,800.783
7.292537,755.035,800.783,755.035,800.783
7.294322,755.035,800.783,755.035,800.783
7.295974,755.035,800.783,755.035,800.783
7.297638,755.035,800.783,755.035,800.783
7.299656,755.035,800.783,755.035,800.783
7.301892,756.125,799.714,755.580,800.249
7.303930,756.125,799.714,755.852,799.981
7.305498,756.125,799.714,755.988,799.848
7.307147,756.125,799.714,756.057,799.781
7.309660,756.125,799.714,756.091,799.747
7.311932,756.125,799.714,756.108,799.731
7.313797,756.125,799.714,756.116,799.722
7.315429,756.125,799.714,756.121,799.718
7.317215,756.125,799.714,756.123,799.716
7.319353,756.125,799.714,756.124,799.715
7.321459,756.125,799.714,756.124,799.715
7.323048,756.125,799.714,756.124,799.714
7.325305,756.125,799.714,756.125,799.714
7.327178,756.125,799.714,756.125,799.714
7.329236,757.812,798.896,756.968,799.305
7.331757,757.812,798.896,757.390,799.100
7.333403,757.812,798.896,757.601,798.998
7.334901,757.812,798.896,757.706,798.947
7.336465,757.812,798.896,757.759,798.921
7.338072,757.812,798.896,757.785,798.908
7.339697,757.812,798.896,757.799,798.902
7.341988,757.812,798.896,757.805,798.899
7.344302,757.812,798.896,757.809,798.897
7.346373,757.812,798.896,757.810,798.896
7.348357,757.812,798.896,757.811,798.896
7.349936,757.812,798.896,757.811,798.896
7.351410,757.812,798.896,757.812,798.896
7.353049,757.812,798.896,757.812,798.896
7.354786,757.812,798.896,757.812,798.896
7.356294,757.812,798.896,757.812,798.896
7.358070,757.812,798.896,757.812,798.896
7.360272,757.812,798.896,757.812,798.896
7.362110,758.733,798.165,758.273,798.530
7.363801,758.733,798.165,758.503,798.348
7.365373,758.733,798.165,758.618,798.257
7.366952,758.733,798.165,758.676,798.211
7.368576,758.733,798.165,758.705,798.188
7.370070,758.733,798.165,758.719,798.177
7.371774,758.733,798.165,758.726,798.171
7.373715,758.733,798.165,758.730,798.168
7.375960,758.733,798.165,758.731,798.167
7.377903,758.733,798.165,758.732,798.166
7.380229,758.733,798.165,758.733,798.166
7.382094,758.733,798.165,758.733,798.165
7.383696,758.733,798.165,758.733,798.165
7.385191,758.733,798.165,758.733,798.165
7.387058,758.733,798.165,758.733,798.165
7.388608,758.733,798.165,758.733,798.165
7.390188,758.733,798.165,758.733,798.165
7.392490,758.558,799.446,758.645,798.806
7.394524,758.558,799.446,758.602,799.126
7.396206,758.558,799.446,758.580,799.286
7.397884,758.558,799.446,758.569,799.366
7.399432,758.558,799.446,758.563,799.406
7.401856,758.558,799.446,758.560,799.426
7.404144,758.558,799.446,758.559,799.436
7.406051,758.558,799.446,758.558,799.441
7.408171,758.558,799.446,758.558,799.443
7.409949,758.558,799.446,758.558,799.445
7.411898,758.558,799.446,758.558,799.445
7.414494,758.558,799.446,758.558,799.446
7.420188,758.558,799.446,758.558,799.446
7.423512,758.471,799.633,758.514,799.539
7.425850,758.471,799.633,758.492,799.586
7.427792,758.471,799.633,758.482,799.610
7.432103,758.471,799.633,758.476,799.621
7.436398,758.471,799.633,758.473,799.627
7.438866,758.471,799.633,758.472,799.630
7.440914,758.471,799.633,758.471,799.632
7.444598,758.471,799.633,758.471,799.632
7.447182,758.471,799.633,758.471,799.633
7.450291,758.471,799.633,758.471,799.633
7.452872,758.806,800.146,758.639,799.889
7.454859,758.806,800.146,758.722,800.017
7.458114,758.806,800.146,758.764,800.081
7.460517,758.806,800.146,758.785,800.114
7.463858,758.806,800.146,758.796,800.130
7.466517,758.806,800.146,758.801,800.138
7.468685,758.806,800.146,758.804,800.142
7.471925,758.806,800.146,758.805,800.144
7.474652,758.806,800.146,758.806,800.145
7.476673,758.806,800.146,758.806,800.145
7.478840,758.806,800.146,758.806,800.145
7.480608,758.806,800.146,758.806,800.145
7.482358,758.907,800.884,758.856,800.515
7.485209,758.907,800.884,758.882,800.699
7.487280,758.907,800.884,758.894,800.792
7.489076,758.907,800.884,758.901,800.838
7.492717,758.907,800.884,758.904,800.861
7.495315,758.907,800.884,758.905,800.872
7.498277,758.907,800.884,758.906,800.878
7.500681,758.907,800.884,758.906,800.881
7.502127,758.907,800.884,758.907,800.882
7.505176,758.907,800.884,758.907,800.883
7.507862,758.907,800.884,758.907,800.884
7.510149,758.907,800.884,758.907,800.884
7.516716,758.983,801.758,758.945,801.321
7.525608,758.983,801.758,758.964,801.540
7.532075,758.983,801.758,758.973,801.649
7.538145,758.983,801.758,758.978,801.704
7.545403,759.227,802.838,759.103,802.271
7.551167,759.227,802.838,759.165,802.554
7.558329,759.227,802.838,759.196,802.696
7.563076,759.227,802.838,759.212,802.767
7.565262,759.227,802.838,759.219,802.803
7.569777,759.227,802.838,759.223,802.820
7.572136,759.227,802.838,759.225,802.829
7.577919,759.232,804.018,759.229,803.424
7.583350,759.232,804.018,759.230,803.721
7.586793,759.232,804.018,759.231,803.870
7.592143,759.232,804.018,759.232,803.944
7.597792,759.232,804.018,759.232,803.981
7.600511,759.232,804.018,759.232,804.000
7.605366,758.687,805.070,758.960,804.535
7.611281,758.687,805.070,758.823,804.803
7.614005,758.687,805.070,758.755,804.936
7.618153,758.687,805.070,758.721,805.003
7.620472,758.687,805.070,758.704,805.037
7.624792,758.687,805.070,758.696,805.054
7.627636,758.687,805.070,758.691,805.062
7.632145,758.687,805.070,758.689,805.066
7.634783,758.502,806.211,758.596,805.639
7.639819,758.502,806.211,758.549,805.925
7.646558,758.502,806.211,758.526,806.068
7.653235,758.502,806.211,758.514,806.140
7.655545,758.502,806.211,758.508,806.176
7.661003,758.502,806.211,758.505,806.194
7.667261,759.144,807.483,758.824,806.838
7.673858,759.144,807.483,758.984,807.160
7.680516,759.144,807.483,759.064,807.322
7.683481,759.144,807.483,759.104,807.402
7.688143,759.144,807.483,759.124,807.442
7.690343,759.144,807.483,759.134,807.463
7.695208,759.605,807.207,759.370,807.335
7.700512,759.605,807.207,759.487,807.271
7.702862,759.605,807.207,759.546,807.239
7.708457,759.605,807.207,759.576,807.223
7.714905,759.605,807.207,759.591,807.215
7.717496,759.605,807.207,759.598,807.211
7.722654,759.605,807.207,759.602,807.209
7.729860,760.015,807.643,759.808,807.426
7.733988,760.015,807.643,759.911,807.534
7.736144,760.015,807.643,759.963,807.588
7.737629,760.015,807.643,759.989,807.615
7.739602,760.015,807.643,760.002,807.629
7.742895,760.015,807.643,760.008,807.636
7.745068,760.015,807.643,760.011,807.639
7.749337,760.015,807.643,760.013,807.641
7.751542,760.015,807.643,760.014,807.642
7.756674,760.609,807.594,760.311,807.618
7.760895,760.609,807.594,760.460,807.606
7.763234,760.609,807.594,760.534,807.600
7.764993,760.609,807.594,760.572,807.597
7.767223,760.609,807.594,760.590,807.595
7.768882,760.609,807.594,760.599,807.595
7.770278,760.609,807.594,760.604,807.594
7.772261,760.609,807.594,760.606,807.594
7.776978,760.609,807.594,760.608,807.594
7.779285,760.609,807.594,760.608,807.594
7.781168,760.609,807.594,760.608,807.594
7.782536,760.609,807.594,760.609,807.594
7.783926,760.609,807.594,760.609,807.594
7.786143,760.641,807.721,760.625,807.658
7.788388,760.641,807.721,760.633,807.690
7.790749,760.641,807.721,760.637,807.705
7.793537,760.641,807.721,760.639,807.713
7.795866,760.641,807.721,760.640,807.717
7.798256,760.641,807.721,760.641,807.719
7.800436,760.641,807.721,760.641,807.720
7.802432,760.641,807.721,760.641,807.721
7.803891,760.641,807.721,760.641,807.721
7.805404,760.641,807.721,760.641,807.721
7.807008,760.641,807.721,760.641,807.721
7.809009,760.641,807.721,760.641,807.721
7.811227,760.641,807.721,760.641,807.721
7.812769,760.641,807.721,760.641,807.721
7.814317,760.521,807.253,760.581,807.487
7.816254,760.521,807.253,760.551,807.370
7.818356,760.521,807.253,760.536,807.312
7.820005,760.521,807.253,760.528,807.282
7.821456,760.521,807.253,760.525,807.268
7.824329,760.521,807.253,760.523,807.260
7.826373,760.521,807.253,760.522,807.257
7.828310,760.521,807.253,760.521,807.255
7.830115,760.521,807.253,760.521,807.254
7.831787,760.521,807.253,760.521,807.253
7.833320,760.521,807.253,760.521,807.253
7.835093,760.521,807.253,760.521,807.253
7.840154,760.521,807.253,760.521,807.253
7.843400,760.521,807.253,760.521,807.253
7.845273,762.889,801.989,761.705,804.621
7.847311,762.889,801.989,762.297,803.305
7.849059,762.889,801.989,762.593,802.647
7.851309,762.889,801.989,762.741,802.318
7.853144,762.889,801.989,762.815,802.154
7.855484,762.889,801.989,762.852,802.071
7.857988,762.889,801.989,762.870,802.030
7.860450,762.889,801.989,762.880,802.010
7.862678,762.889,801.989,762.884,801.999
7.864800,762.889,801.989,762.887,801.994
7.866950,762.889,801.989,762.888,801.992
7.869006,762.889,801.989,762.888,801.990
7.870872,762.889,801.989,762.888,801.990
7.872499,762.889,801.989,762.889,801.989
7.874971,744.313,747.841,753.601,774.915
7.877341,744.313,747.841,748.957,761.378
7.879299,744.313,747.841,746.635,754.610
7.880844,744.313,747.841,745.474,751.226
7.883197,744.313,747.841,744.893,749.533
7.884986,744.313,747.841,744.603,748.687
7.886981,744.313,747.841,744.458,748.264
7.889186,744.313,747.841,744.385,748.053
7.890993,744.313,747.841,744.349,747.947
7.892769,744.313,747.841,744.331,747.894
7.894280,744.313,747.841,744.322,747.868
7.895995,744.313,747.841,744.317,747.855
7.898119,744.313,747.841,744.315,747.848
7.900011,744.313,747.841,744.314,747.845
7.901995,744.313,747.841,744.313,747.843
7.903708,723.434,794.920,733.874,771.381
7.905742,723.434,794.920,728.654,783.150
7.907717,723.434,794.920,726.044,789.035
7.909976,723.434,794.920,724.739,791.977
7.915180,723.434,794.920,724.086,793.448
7.918111,723.434,794.920,723.760,794.184
7.920397,723.434,794.920,723.597,794.552
7.922179,723.434,794.920,723.515,794.736
7.923748,723.434,794.920,723.475,794.828
7.926699,723.434,794.920,723.454,794.874
7.928553,723.434,794.920,723.444,794.897
7.930302,723.434,794.920,723.439,794.908
7.931911,723.434,794.920,723.436,794.914
7.933387,723.434,794.920,723.435,794.917
7.935701,738.537,757.229,730.986,776.073
7.937382,738.537,757.229,734.761,766.651
7.939339,738.537,757.229,736.649,761.940
7.941421,738.537,757.229,737.593,759.584
7.943681,738.537,757.229,738.065,758.407
7.945956,738.537,757.229,738.301,757.818
7.951850,738.537,757.229,738.419,757.523
7.954989,738.537,757.229,738.478,757.376
7.957322,738.537,757.229,738.507,757.303
7.960171,738.537,757.229,738.522,757.266
7.962463,738.537,757.229,738.529,757.247
7.963979,849.314,423.497,793.922,590.372
7.965693,849.314,423.497,821.618,506.935
7.967606,849.314,423.497,835.466,465.216
7.969693,849.314,423.497,842.390,444.357
7.971404,849.314,423.497,845.852,433.927
7.973079,849.314,423.497,847.583,428.712
7.975211,849.314,423.497,848.449,426.105
7.977277,849.314,423.497,848.881,424.801
7.979068,849.314,423.497,849.098,424.149
7.980687,849.314,423.497,849.206,423.823
7.982398,849.314,423.497,849.260,423.660
7.984285,849.314,423.497,849.287,423.579
7.985893,849.314,423.497,849.301,423.538
7.987684,849.314,423.497,849.307,423.518
7.989793,849.314,423.497,849.311,423.508
7.992253,849.314,423.497,849.313,423.502
7.994166,849.314,423.497,849.313,423.500
7.995758,849.314,423.497,849.314,423.499
7.997348,849.314,423.497,849.314,423.498
7.999527,849.314,423.497,849.314,423.498
8.001102,849.314,423.497,849.314,423.498
8.003681,849.314,423.497,849.314,423.497
8.005688,849.314,423.497,849.314,423.497
8.007847,849.314,423.497,849.314,423.497
8.064455,216.370,-224.882,532.842,99.308
8.070505,216.370,-224.882,374.606,-62.787
8.075462,216.370,-224.882,295.488,-143.834
8.080486,216.370,-224.882,255.929,-184.358
8.084820,484.329,338.103,370.129,76.873
8.089888,484.329,338.103,427.229,207.488
8.094315,484.329,338.103,455.779,272.795
8.098833,484.329,338.103,470.054,305.449
8.102892,484.329,338.103,477.191,321.776
8.106245,484.329,338.103,480.760,329.940
8.110147,484.329,338.103,482.545,334.021
8.114788,484.329,338.103,483.437,336.062
8.119381,550.885,443.068,517.161,389.565
8.123070,550.885,443.068,534.023,416.317
8.127663,550.885,443.068,542.454,429.692
8.131943,550.885,443.068,546.669,436.380
8.136694,550.885,443.068,548.777,439.724
8.141014,550.885,443.068,549.831,441.396
8.146227,630.515,580.280,590.173,510.838
8.150503,630.515,580.280,610.344,545.559
8.154190,630.515,580.280,620.429,562.919
8.158169,630.515,580.280,625.472,571.599
8.163145,630.515,580.280,627.993,575.940
8.166574,630.515,580.280,629.254,578.110
8.169992,630.515,580.280,629.884,579.195
8.173450,630.515,580.280,630.200,579.737
8.177158,686.753,663.868,658.476,621.803
8.181107,686.753,663.868,672.614,642.835
8.184460,686.753,663.868,679.684,653.352
8.188576,686.753,663.868,683.218,658.610
8.193300,686.753,663.868,684.986,661.239
8.197674,686.753,663.868,685.869,662.553
8.201208,686.753,663.868,686.311,663.211
8.204395,686.753,663.868,686.532,663.539
8.207651,718.381,718.163,702.456,690.851
8.212677,718.381,718.163,710.419,704.507
8.216797,718.381,718.163,714.400,711.335
8.221142,718.381,718.163,716.390,714.749
8.225567,718.381,718.163,717.386,716.456
8.229660,718.381,718.163,717.883,717.309
8.233101,718.381,718.163,718.132,717.736
8.236444,718.381,718.163,718.256,717.950
8.240124,742.130,751.204,730.193,734.577
8.244438,742.130,751.204,736.162,742.891
8.249012,742.130,751.204,739.146,747.048
8.253267,742.130,751.204,740.638,749.126
8.257309,742.130,751.204,741.384,750.165
8.261837,742.130,751.204,741.757,750.685
8.265680,742.130,751.204,741.944,750.945
8.269455,756.873,766.963,749.408,758.954
8.273418,756.873,766.963,753.141,762.958
8.277937,756.873,766.963,755.007,764.961
8.282156,756.873,766.963,755.940,765.962
8.285456,756.873,766.963,756.406,766.462
8.289625,756.873,766.963,756.640,766.713
8.294121,756.873,766.963,756.756,766.838
8.297613,768.594,768.053,762.675,767.445
8.301245,768.594,768.053,765.635,767.749
8.304657,768.594,768.053,767.114,767.901
8.308233,768.594,768.053,767.854,767.977
8.312891,768.594,768.053,768.224,768.015
8.316629,768.594,768.053,768.409,768.034
8.320847,768.594,768.053,768.502,768.043
8.324738,768.594,768.053,768.548,768.048
8.329704,779.103,770.505,773.825,769.276
8.337912,779.103,770.505,776.464,769.890
8.343086,779.103,770.505,777.783,770.197
8.347137,779.103,770.505,778.443,770.351
8.350241,779.103,770.505,778.773,770.428
8.353569,779.103,770.505,778.938,770.466
8.356709,779.103,770.505,779.020,770.485
8.360876,766.005,795.419,772.513,782.952
8.364769,766.005,795.419,769.259,789.185
8.368307,766.005,795.419,767.632,792.302
8.372225,766.005,795.419,766.819,793.860
8.376186,766.005,795.419,766.412,794.639
8.379814,766.005,795.419,766.209,795.029
8.383364,766.005,795.419,766.107,795.224
8.387039,766.005,795.419,766.056,795.321
8.390924,723.614,861.753,744.835,828.537
8.395758,723.614,861.753,734.225,845.145
8.400131,723.614,861.753,728.919,853.449
8.403896,723.614,861.753,726.267,857.601
8.407688,723.614,861.753,724.940,859.677
8.411804,723.614,861.753,724.277,860.715
8.415300,723.614,861.753,723.946,861.234
8.419163,688.686,912.910,706.316,887.072
8.423071,688.686,912.910,697.501,899.991
8.428541,688.686,912.910,693.093,906.450
8.434195,688.686,912.910,690.890,909.680
8.438831,688.686,912.910,689.788,911.295
8.443144,688.686,912.910,689.237,912.102
8.448017,688.686,912.910,688.961,912.506
8.452858,655.856,960.082,672.409,936.294
8.455896,655.856,960.082,664.132,948.188
8.461065,655.856,960.082,659.994,954.135
8.464600,655.856,960.082,657.925,957.108
8.469345,655.856,960.082,656.891,958.595
8.473848,655.856,960.082,656.373,959.338
8.477768,655.856,960.082,656.115,959.710
8.483276,641.394,984.909,648.755,972.310
8.489103,641.394,984.909,645.074,978.610
8.494530,641.394,984.909,643.234,981.759
8.497787,641.394,984.909,642.314,983.334
8.502480,641.394,984.909,641.854,984.122
8.505911,641.394,984.909,641.624,984.516
8.511896,631.437,1000.709,636.530,992.612
8.516150,631.437,1000.709,633.983,996.660
8.519320,631.437,1000.709,632.710,998.684
8.524487,631.437,1000.709,632.073,999.697
8.529306,631.437,1000.709,631.755,1000.203
8.533463,631.437,1000.709,631.596,1000.456
8.538399,631.437,1000.709,631.516,1000.582
8.543152,623.702,1015.853,627.609,1008.218
8.546518,623.702,1015.853,625.656,1012.035
8.550348,623.702,1015.853,624.679,1013.944
8.553968,623.702,1015.853,624.190,1014.899
8.557394,623.702,1015.853,623.946,1015.376
8.561594,623.702,1015.853,623.824,1015.615
8.564650,623.702,1015.853,623.763,1015.734
8.567513,623.702,1015.853,623.733,1015.793
8.571304,616.555,1021.641,620.144,1018.717
8.574621,616.555,1021.641,618.349,1020.179
8.579834,616.555,1021.641,617.452,1020.910
8.583843,616.555,1021.641,617.004,1021.275
8.587555,616.555,1021.641,616.779,1021.458
8.591890,616.555,1021.641,616.667,1021.549
8.596373,616.555,1021.641,616.611,1021.595
8.600689,609.774,1029.771,613.193,1025.683
8.605104,609.774,1029.771,611.484,1027.727
8.609304,609.774,1029.771,610.629,1028.749
8.614069,609.774,1029.771,610.202,1029.260
8.618296,609.774,1029.771,609.988,1029.515
8.622377,609.774,1029.771,609.881,1029.643
8.626631,609.774,1029.771,609.828,1029.707
8.630850,605.739,1037.576,607.783,1033.642
8.635166,605.739,1037.576,606.761,1035.609
8.639479,605.739,1037.576,606.250,1036.593
8.643995,605.739,1037.576,605.995,1037.084
8.648359,605.739,1037.576,605.867,1037.330
8.652559,605.739,1037.576,605.803,1037.453
8.657162,605.739,1037.576,605.771,1037.515
8.661913,600.881,1036.294,603.326,1036.905
8.666193,600.881,1036.294,602.103,1036.599
8.670139,600.881,1036.294,601.492,1036.447
8.674007,600.881,1036.294,601.186,1036.371
8.678160,600.881,1036.294,601.033,1036.333
8.682232,600.881,1036.294,600.957,1036.313
8.685957,600.881,1036.294,600.919,1036.304
8.689468,600.881,1036.294,600.900,1036.299
8.694019,599.921,1038.305,600.410,1037.302
8.697771,599.921,1038.305,600.165,1037.803
8.701876,599.921,1038.305,600.043,1038.054
8.706623,599.921,1038.305,599.982,1038.180
8.710739,599.921,1038.305,599.951,1038.242
8.714630,599.921,1038.305,599.936,1038.274
8.718454,599.921,1038.305,599.928,1038.289
8.722754,596.366,1039.314,598.147,1038.802
8.727245,596.366,1039.314,597.257,1039.058
8.731441,596.366,1039.314,596.811,1039.186
8.735371,596.366,1039.314,596.589,1039.250
8.739073,596.366,1039.314,596.477,1039.282
8.743486,596.366,1039.314,596.422,1039.298
8.747786,596.366,1039.314,596.394,1039.306
8.751949,594.916,1041.631,595.655,1040.469
8.756033,594.916,1041.631,595.285,1041.050
8.760721,594.916,1041.631,595.101,1041.341
8.765404,594.916,1041.631,595.008,1041.486
8.769503,594.916,1041.631,594.962,1041.559
8.773224,594.916,1041.631,594.939,1041.595
8.777082,594.916,1041.631,594.927,1041.613
8.780811,594.916,1041.631,594.922,1041.622
8.784731,595.547,1042.355,595.234,1041.989
8.788631,595.547,1042.355,595.390,1042.172
8.792826,595.547,1042.355,595.469,1042.263
8.796721,595.547,1042.355,595.508,1042.309
8.800140,595.547,1042.355,595.527,1042.332
8.803539,595.547,1042.355,595.537,1042.344
8.807447,595.547,1042.355,595.542,1042.349
8.811310,592.575,1042.858,594.058,1042.604
8.815535,592.575,1042.858,593.317,1042.731
8.819229,592.575,1042.858,592.946,1042.795
8.822987,592.575,1042.858,592.760,1042.826
8.827513,592.575,1042.858,592.668,1042.842
8.831129,592.575,1042.858,592.621,1042.850
8.834435,592.575,1042.858,592.598,1042.854
8.838432,592.575,1042.858,592.587,1042.856
8.842962,591.710,1044.499,592.148,1043.678
8.846764,591.710,1044.499,591.929,1044.089
8.850237,591.710,1044.499,591.820,1044.294
8.853952,591.710,1044.499,591.765,1044.397
8.857712,591.710,1044.499,591.738,1044.448
8.861748,591.710,1044.499,591.724,1044.474
8.864868,591.710,1044.499,591.717,1044.486
8.868414,591.710,1044.499,591.714,1044.493
8.871855,590.051,1045.313,590.882,1044.903
8.875633,590.051,1045.313,590.467,1045.108
8.879574,590.051,1045.313,590.259,1045.211
8.883278,590.051,1045.313,590.155,1045.262
8.886610,590.051,1045.313,590.103,1045.288
8.890490,590.051,1045.313,590.077,1045.301
8.894604,590.051,1045.313,590.064,1045.307
8.898308,590.051,1045.313,590.058,1045.310
8.901943,589.411,1053.232,589.734,1049.271
8.905519,589.411,1053.232,589.573,1051.251
8.909306,589.411,1053.232,589.492,1052.242
8.913303,589.411,1053.232,589.451,1052.737
8.916994,589.411,1053.232,589.431,1052.984
8.920269,589.411,1053.232,589.421,1053.108
8.923796,589.411,1053.232,589.416,1053.170
8.927534,589.411,1053.232,589.413,1053.201
8.931108,589.411,1053.232,589.412,1053.216
8.934574,585.709,1066.934,587.560,1060.075
8.938147,585.709,1066.934,586.635,1063.504
8.942036,585.709,1066.934,586.172,1065.219
8.946394,585.709,1066.934,585.940,1066.076
8.950176,585.709,1066.934,585.825,1066.505
8.953640,585.709,1066.934,585.767,1066.719
8.956890,585.709,1066.934,585.738,1066.826
8.960468,585.709,1066.934,585.723,1066.880
8.964088,584.608,1082.043,585.166,1074.462
8.967369,584.608,1082.043,584.887,1078.252
8.970562,584.608,1082.043,584.747,1080.148
8.974701,584.608,1082.043,584.678,1081.096
8.978893,584.608,1082.043,584.643,1081.570
8.982265,584.608,1082.043,584.626,1081.806
8.985184,584.608,1082.043,584.617,1081.925
8.987858,584.608,1082.043,584.612,1081.984
8.991798,584.608,1082.043,584.610,1082.014
8.995853,584.905,1092.352,584.758,1087.183
8.999252,584.905,1092.352,584.831,1089.768
9.003649,584.905,1092.352,584.868,1091.060
9.007208,584.905,1092.352,584.887,1091.706
9.010994,584.905,1092.352,584.896,1092.029
9.014385,584.905,1092.352,584.900,1092.191
9.017681,584.905,1092.352,584.903,1092.271
9.020624,584.905,1092.352,584.904,1092.312
9.024660,585.071,1100.270,584.987,1096.291
9.028275,585.071,1100.270,585.029,1098.281
9.031895,585.071,1100.270,585.050,1099.275
9.035477,585.071,1100.270,585.060,1099.773
9.038887,585.071,1100.270,585.065,1100.021
9.042721,585.071,1100.270,585.068,1100.146
9.046455,585.071,1100.270,585.069,1100.208
9.049671,585.071,1100.270,585.070,1100.239
9.053202,585.652,1111.474,585.361,1105.857
9.057211,585.652,1111.474,585.506,1108.666
9.060949,585.652,1111.474,585.579,1110.070
9.064711,585.652,1111.474,585.615,1110.772
9.068466,585.652,1111.474,585.633,1111.123
9.072279,585.652,1111.474,585.643,1111.299
9.075989,585.652,1111.474,585.647,1111.387
9.079548,585.652,1111.474,585.649,1111.431
9.082705,585.652,1111.474,585.651,1111.453
9.086569,586.657,1117.406,586.154,1114.429
9.090252,586.657,1117.406,586.405,1115.918
9.094816,586.657,1117.406,586.531,1116.662
9.098686,586.657,1117.406,586.594,1117.034
9.102310,586.657,1117.406,586.625,1117.220
9.106003,586.657,1117.406,586.641,1117.313
9.109865,586.657,1117.406,586.649,1117.360
9.114008,585.369,1124.295,586.009,1120.828
9.117832,585.369,1124.295,585.689,1122.562
9.121241,585.369,1124.295,585.529,1123.428
9.125639,585.369,1124.295,585.449,1123.862
9.130054,585.369,1124.295,585.409,1124.079
9.134018,585.369,1124.295,585.389,1124.187
9.138046,585.369,1124.295,585.379,1124.241
9.141541,585.369,1124.295,585.374,1124.268
9.145676,584.518,1130.785,584.946,1127.527
9.150969,584.518,1130.785,584.732,1129.156
9.154961,584.518,1130.785,584.625,1129.970
9.160040,584.518,1130.785,584.572,1130.377
9.166151,584.518,1130.785,584.545,1130.581
9.170883,584.518,1130.785,584.532,1130.683
9.175404,583.688,1136.203,584.110,1133.443
9.180716,583.688,1136.203,583.899,1134.823
9.186186,583.688,1136.203,583.794,1135.513
9.189816,583.688,1136.203,583.741,1135.858
9.194431,583.688,1136.203,583.714,1136.030
9.199125,583.688,1136.203,583.701,1136.116
9.203165,583.688,1136.203,583.695,1136.160
9.211205,584.985,1143.632,584.340,1139.896
9.217480,584.985,1143.632,584.662,1141.764
9.221876,584.985,1143.632,584.824,1142.698
9.226530,584.985,1143.632,584.904,1143.165
9.230389,584.985,1143.632,584.945,1143.399
9.234066,585.295,1148.532,585.120,1145.965
9.237827,585.295,1148.532,585.208,1147.249
9.242510,585.295,1148.532,585.252,1147.890
9.247076,585.295,1148.532,585.273,1148.211
9.256662,585.295,1148.532,585.284,1148.372
9.261364,585.295,1148.532,585.290,1148.452
9.265633,587.197,1155.381,586.244,1151.917
9.269211,587.197,1155.381,586.721,1153.649
9.272266,587.197,1155.381,586.959,1154.515
9.276054,587.197,1155.381,587.078,1154.948
9.279928,587.197,1155.381,587.138,1155.165
9.283293,587.197,1155.381,587.168,1155.273
9.286320,587.197,1155.381,587.182,1155.327
9.289801,587.197,1155.381,587.190,1155.354
9.294048,587.197,1155.381,587.194,1155.368
9.297777,587.247,1165.292,587.220,1160.330
9.301645,587.247,1165.292,587.233,1162.811
9.305677,587.247,1165.292,587.240,1164.052
9.310204,587.247,1165.292,587.243,1164.672
9.313663,587.247,1165.292,587.245,1164.982
9.316826,587.247,1165.292,587.246,1165.137
9.320013,587.247,1165.292,587.246,1165.215
9.323370,587.247,1165.292,587.247,1165.253
9.328320,591.499,1179.052,589.373,1172.153
9.331875,591.499,1179.052,590.436,1175.602
9.335520,591.499,1179.052,590.967,1177.327
9.339172,591.499,1179.052,591.233,1178.189
9.342651,591.499,1179.052,591.366,1178.621
9.346245,591.499,1179.052,591.432,1178.836
9.349981,591.499,1179.052,591.465,1178.944
9.353163,591.499,1179.052,591.482,1178.998
9.356962,594.437,1193.733,592.959,1186.365
9.360975,594.437,1193.733,593.698,1190.049
9.364681,594.437,1193.733,594.067,1191.891
9.368835,594.437,1193.733,594.252,1192.812
9.372967,594.437,1193.733,594.344,1193.272
9.376820,594.437,1193.733,594.391,1193.503
9.380440,594.437,1193.733,594.414,1193.618
9.384174,594.437,1193.733,594.425,1193.676
9.388287,597.195,1210.377,595.810,1202.026
9.391685,597.195,1210.377,596.502,1206.202
9.396261,597.195,1210.377,596.848,1208.290
9.400215,597.195,1210.377,597.022,1209.333
9.404543,597.195,1210.377,597.108,1209.855
9.407846,597.195,1210.377,597.151,1210.116
9.411434,597.195,1210.377,597.173,1210.247
9.415262,574.221,1205.136,585.697,1207.692
9.418839,574.221,1205.136,579.959,1206.414
9.422209,574.221,1205.136,577.090,1205.775
9.425816,574.221,1205.136,575.656,1205.456
9.429871,574.221,1205.136,574.939,1205.296
9.433983,574.221,1205.136,574.580,1205.216
9.437372,574.221,1205.136,574.401,1205.176
9.440651,574.221,1205.136,574.311,1205.156
9.444292,574.221,1205.136,574.266,1205.146
9.448740,482.342,1198.455,528.304,1201.801
9.452892,482.342,1198.455,505.323,1200.128
9.456970,482.342,1198.455,493.833,1199.292
9.461210,482.342,1198.455,488.087,1198.873
9.465158,482.342,1198.455,485.215,1198.664
9.468298,482.342,1198.455,483.778,1198.560
9.471762,482.342,1198.455,483.060,1198.508
9.475367,482.342,1198.455,482.701,1198.481
9.479124,376.031,1198.355,429.366,1198.418
9.482904,376.031,1198.355,402.698,1198.387
9.487238,376.031,1198.355,389.364,1198.371
9.490780,376.031,1198.355,382.697,1198.363
9.494576,376.031,1198.355,379.364,1198.359
9.498161,376.031,1198.355,377.697,1198.357
9.501566,376.031,1198.355,376.864,1198.356
9.504704,376.031,1198.355,376.447,1198.355
9.519005,287.042,1194.219,331.744,1196.287
9.524031,287.042,1194.219,309.393,1195.253
9.527376,287.042,1194.219,298.217,1194.736
9.530977,287.042,1194.219,292.629,1194.478
9.534176,287.042,1194.219,289.835,1194.349
9.538589,222.156,1198.640,255.996,1196.495
9.542765,222.156,1198.640,239.076,1197.568
9.546453,222.156,1198.640,230.616,1198.104
9.550196,222.156,1198.640,226.386,1198.372
9.553560,222.156,1198.640,224.271,1198.506
9.556890,222.156,1198.640,223.213,1198.573
9.560431,222.156,1198.640,222.685,1198.607
9.564283,222.156,1198.640,222.420,1198.624
9.568100,183.648,1199.174,203.034,1198.899
9.571772,183.648,1199.174,193.341,1199.036
9.575752,183.648,1199.174,188.494,1199.105
9.580498,183.648,1199.174,186.071,1199.140
9.583813,183.648,1199.174,184.859,1199.157
9.588467,183.648,1199.174,184.253,1199.165
9.592896,183.648,1199.174,183.951,1199.170
9.596865,158.965,1202.460,171.458,1200.815
9.600954,158.965,1202.460,165.211,1201.637
9.604694,158.965,1202.460,162.088,1202.048
9.608652,158.965,1202.460,160.526,1202.254
9.612806,158.965,1202.460,159.746,1202.357
9.616238,158.965,1202.460,159.355,1202.408
9.619429,158.965,1202.460,159.160,1202.434
9.622746,158.965,1202.460,159.062,1202.447
9.626940,150.539,1218.086,154.801,1210.266
9.630550,150.539,1218.086,152.670,1214.176
9.634287,150.539,1218.086,151.605,1216.131
9.638054,150.539,1218.086,151.072,1217.109
9.641956,150.539,1218.086,150.806,1217.597
9.645700,150.539,1218.086,150.672,1217.842
9.649366,150.539,1218.086,150.606,1217.964
9.653206,150.539,1218.086,150.572,1218.025
9.657127,136.734,1058.524,143.653,1138.275
9.661493,136.734,1058.524,140.194,1098.400
9.664778,136.734,1058.524,138.464,1078.462
9.668869,136.734,1058.524,137.599,1068.493
9.672777,136.734,1058.524,137.167,1063.509
9.676336,136.734,1058.524,136.950,1061.017
9.680027,136.734,1058.524,136.842,1059.771
9.683277,136.734,1058.524,136.788,1059.147
9.687239,127.986,1202.110,132.387,1130.629
9.691372,127.986,1202.110,130.186,1166.370
9.695229,127.986,1202.110,129.086,1184.240
9.698942,127.986,1202.110,128.536,1193.175
9.703571,127.986,1202.110,128.261,1197.643
9.706751,127.986,1202.110,128.123,1199.876
9.710346,127.986,1202.110,128.054,1200.993
9.713976,127.986,1202.110,128.020,1201.552
9.718172,225.786,1239.233,176.903,1220.392
9.722147,225.786,1239.233,201.345,1229.813
9.725643,225.786,1239.233,213.565,1234.523
9.730005,225.786,1239.233,219.676,1236.878
9.734047,225.786,1239.233,222.731,1238.055
9.736988,225.786,1239.233,224.259,1238.644
9.740696,225.786,1239.233,225.022,1238.938
9.743868,225.786,1239.233,225.404,1239.086
9.747105,225.786,1239.233,225.595,1239.159
9.750286,225.786,1239.233,225.691,1239.196
9.753330,225.786,1239.233,225.738,1239.214
9.756308,225.786,1239.233,225.762,1239.224
9.762594,225.786,1239.233,225.774,1239.228
9.767002,225.786,1239.233,225.780,1239.230
9.770832,225.786,1239.233,225.783,1239.232
9.774471,225.786,1239.233,225.785,1239.232
9.778130,225.786,1239.233,225.785,1239.232
9.781935,225.786,1239.233,225.786,1239.233
9.785311,225.786,1239.233,225.786,1239.233
9.789049,225.786,1239.233,225.786,1239.233
9.792742,225.786,1239.233,225.786,1239.233
9.796722,225.786,1239.233,225.786,1239.233
9.801731,225.786,1239.233,225.786,1239.233
9.805243,225.786,1239.233,225.786,1239.233
9.808958,225.786,1239.233,225.786,1239.233
9.812643,225.786,1239.233,225.786,1239.233
9.815968,225.786,1239.233,225.786,1239.233
9.819023,225.786,1239.233,225.786,1239.233
9.822695,225.786,1239.233,225.786,1239.233
9.826408,225.786,1239.233,225.786,1239.233
9.830610,225.786,1239.233,225.786,1239.233
9.834156,225.786,1239.233,225.786,1239.233
9.837992,225.786,1239.233,225.786,1239.233
9.841902,225.786,1239.233,225.786,1239.233
9.845818,225.786,1239.233,225.786,1239.233
9.849474,225.786,1239.233,225.786,1239.233
9.853209,225.786,1239.233,225.786,1239.233
9.857134,225.786,1239.233,225.786,1239.233
9.860497,225.786,1239.233,225.786,1239.233
9.863695,225.786,1239.233,225.786,1239.233
9.867125,225.786,1239.233,225.786,1239.233
9.870697,225.786,1239.233,225.786,1239.233
9.874189,225.786,1239.233,225.786,1239.233
9.878263,225.786,1239.233,225.786,1239.233
9.881847,225.786,1239.233,225.786,1239.233
9.885115,225.786,1239.233,225.786,1239.233
9.888565,225.786,1239.233,225.786,1239.233
9.892401,225.786,1239.233,225.786,1239.233
9.896065,225.786,1239.233,225.786,1239.233
9.899895,225.786,1239.233,225.786,1239.233
9.903641,225.786,1239.233,225.786,1239.233
9.906794,225.786,1239.233,225.786,1239.233
9.911316,225.786,1239.233,225.786,1239.233
9.915035,225.786,1239.233,225.786,1239.233
9.918539,225.786,1239.233,225.786,1239.233
9.922197,225.786,1239.233,225.786,1239.233
9.925653,225.786,1239.233,225.786,1239.233
9.929665,225.786,1239.233,225.786,1239.233
9.933455,225.786,1239.233,225.786,1239.233
9.936693,225.786,1239.233,225.786,1239.233
9.940334,225.786,1239.233,225.786,1239.233
9.944506,225.786,1239.233,225.786,1239.233
9.948362,225.786,1239.233,225.786,1239.233
9.951773,225.786,1239.233,225.786,1239.233
9.955690,225.786,1239.233,225.786,1239.233
9.959654,225.786,1239.233,225.786,1239.233
9.964102,225.786,1239.233,225.786,1239.233
9.967577,225.786,1239.233,225.786,1239.233
9.971556,225.786,1239.233,225.786,1239.233
9.975704,225.786,1239.233,225.786,1239.233
9.980068,225.786,1239.233,225.786,1239.233
9.983425,225.786,1239.233,225.786,1239.233
9.987118,225.786,1239.233,225.786,1239.233
9.991365,225.786,1239.233,225.786,1239.233
9.995361,225.786,1239.233,225.786,1239.233
9.999203,225.786,1239.233,225.786,1239.233
10.003730,225.786,1239.233,225.786,1239.233
10.008430,225.786,1239.233,225.786,1239.233
10.012320,225.786,1239.233,225.786,1239.233
10.015670,225.786,1239.233,225.786,1239.233
10.019450,225.786,1239.233,225.786,1239.233
10.023050,225.786,1239.233,225.786,1239.233
10.026870,225.786,1239.233,225.786,1239.233
10.030090,225.786,1239.233,225.786,1239.233
10.033770,225.786,1239.233,225.786,1239.233
10.037180,225.786,1239.233,225.786,1239.233
10.040370,225.786,1239.233,225.786,1239.233
10.044060,225.786,1239.233,225.786,1239.233
10.047650,225.786,1239.233,225.786,1239.233
10.051460,225.786,1239.233,225.786,1239.233
10.054970,225.786,1239.233,225.786,1239.233
10.058650,225.786,1239.233,225.786,1239.233
10.067240,225.786,1239.233,225.786,1239.233
10.071790,225.786,1239.233,225.786,1239.233
10.075890,225.786,1239.233,225.786,1239.233
10.080720,225.786,1239.233,225.786,1239.233
10.084220,225.786,1239.233,225.786,1239.233
10.087640,225.786,1239.233,225.786,1239.233
10.091400,225.786,1239.233,225.786,1239.233
10.095390,225.786,1239.233,225.786,1239.233
10.098570,225.786,1239.233,225.786,1239.233
10.102410,225.786,1239.233,225.786,1239.233
10.106120,225.786,1239.233,225.786,1239.233
10.109740,225.786,1239.233,225.786,1239.233
10.113430,225.786,1239.233,225.786,1239.233
10.116680,225.786,1239.233,225.786,1239.233
10.120610,225.786,1239.233,225.786,1239.233
10.124240,225.786,1239.233,225.786,1239.233
10.128620,225.786,1239.233,225.786,1239.233
10.132190,225.786,1239.233,225.786,1239.233
10.135250,225.786,1239.233,225.786,1239.233
10.138160,225.786,1239.233,225.786,1239.233
10.141470,225.786,1239.233,225.786,1239.233
10.144890,225.786,1239.233,225.786,1239.233
10.148410,225.786,1239.233,225.786,1239.233
10.153020,225.786,1239.233,225.786,1239.233
10.157060,225.786,1239.233,225.786,1239.233
10.160690,225.786,1239.233,225.786,1239.233
10.163770,225.786,1239.233,225.786,1239.233
10.167570,225.786,1239.233,225.786,1239.233
10.171540,225.786,1239.233,225.786,1239.233
10.175240,225.786,1239.233,225.786,1239.233
10.178550,225.786,1239.233,225.786,1239.233
10.182340,225.786,1239.233,225.786,1239.233
10.186220,225.786,1239.233,225.786,1239.233
10.189960,225.786,1239.233,225.786,1239.233
10.193860,225.786,1239.233,225.786,1239.233
10.196990,225.786,1239.233,225.786,1239.233
10.200690,225.786,1239.233,225.786,1239.233
10.203790,225.786,1239.233,225.786,1239.233
10.207450,225.786,1239.233,225.786,1239.233
10.211700,225.786,1239.233,225.786,1239.233
10.215290,225.786,1239.233,225.786,1239.233
10.218380,NN,NN,NN,NN
10.221240,NN,NN,NN,NN
10.224050,NN,NN,NN,NN
10.228960,NN,NN,NN,NN
10.233690,NN,NN,NN,NN
10.237440,NN,NN,NN,NN
10.241330,NN,NN,NN,NN
10.245910,NN,NN,NN,NN
10.249450,NN,NN,NN,NN
10.264980,NN,NN,NN,NN
10.268400,NN,NN,NN,NN
10.271700,NN,NN,NN,NN
10.275090,NN,NN,NN,NN
10.278510,NN,NN,NN,NN
10.282320,NN,NN,NN,NN
10.285630,NN,NN,NN,NN
10.289080,NN,NN,NN,NN
10.292870,NN,NN,NN,NN
10.296150,NN,NN,NN,NN
10.299890,NN,NN,NN,NN
10.303690,NN,NN,NN,NN
10.307790,NN,NN,NN,NN
10.311310,NN,NN,NN,NN
10.314320,NN,NN,NN,NN
10.318070,NN,NN,NN,NN
10.322130,NN,NN,NN,NN
10.325420,NN,NN,NN,NN
10.329360,NN,NN,NN,NN
10.334000,NN,NN,NN,NN
10.337410,NN,NN,NN,NN
10.340800,NN,NN,NN,NN
10.344400,NN,NN,NN,NN
10.347890,NN,NN,NN,NN
10.351680,NN,NN,NN,NN
10.354760,NN,NN,NN,NN
10.358130,NN,NN,NN,NN
10.361660,NN,NN,NN,NN
10.365140,NN,NN,NN,NN
10.369060,NN,NN,NN,NN
10.372600,NN,NN,NN,NN
10.375830,NN,NN,NN,NN
10.379740,NN,NN,NN,NN
10.383840,NN,NN,NN,NN
10.387630,NN,NN,NN,NN
10.391860,NN,NN,NN,NN
10.397010,NN,NN,NN,NN
10.401640,NN,NN,NN,NN
10.405430,NN,NN,NN,NN
10.409140,NN,NN,NN,NN
10.413180,NN,NN,NN,NN
10.416600,NN,NN,NN,NN
10.420490,NN,NN,NN,NN
10.424010,NN,NN,NN,NN
10.427940,NN,NN,NN,NN
10.431900,NN,NN,NN,NN
10.435360,NN,NN,NN,NN
10.438800,NN,NN,NN,NN
10.441740,NN,NN,NN,NN
10.445910,NN,NN,NN,NN
10.449040,NN,NN,NN,NN
10.452850,NN,NN,NN,NN
10.456380,NN,NN,NN,NN
10.460270,NN,NN,NN,NN
10.463640,NN,NN,NN,NN
10.467270,NN,NN,NN,NN
10.470670,NN,NN,NN,NN
10.474330,NN,NN,NN,NN
10.478300,NN,NN,NN,NN
10.481450,NN,NN,NN,NN
10.484830,NN,NN,NN,NN
10.488270,NN,NN,NN,NN
10.492420,NN,NN,NN,NN
10.496330,NN,NN,NN,NN
10.500240,NN,NN,NN,NN
10.503630,NN,NN,NN,NN
10.506940,NN,NN,NN,NN
10.510220,NN,NN,NN,NN
10.514730,NN,NN,NN,NN
10.518530,NN,NN,NN,NN
10.522710,NN,NN,NN,NN
10.526680,NN,NN,NN,NN
10.530450,NN,NN,NN,NN
10.534030,NN,NN,NN,NN
10.537260,NN,NN,NN,NN
10.541210,NN,NN,NN,NN
10.545270,NN,NN,NN,NN
10.548920,NN,NN,NN,NN
10.552320,NN,NN,NN,NN
10.555730,NN,NN,NN,NN
10.559120,NN,NN,NN,NN
10.563110,NN,NN,NN,NN
10.566720,NN,NN,NN,NN
10.570350,NN,NN,NN,NN
10.573930,NN,NN,NN,NN
10.577740,NN,NN,NN,NN
10.581630,NN,NN,NN,NN
10.584750,NN,NN,NN,NN
10.589690,NN,NN,NN,NN
10.593070,NN,NN,NN,NN
10.596850,NN,NN,NN,NN
10.600520,NN,NN,NN,NN
10.606260,NN,NN,NN,NN
10.610230,NN,NN,NN,NN
10.613370,NN,NN,NN,NN
10.616560,NN,NN,NN,NN
10.619620,NN,NN,NN,NN
10.622650,NN,NN,NN,NN
10.626010,NN,NN,NN,NN
10.629330,NN,NN,NN,NN
10.632320,NN,NN,NN,NN
10.636120,NN,NN,NN,NN
10.640010,NN,NN,NN,NN
10.643400,NN,NN,NN,NN
10.646990,NN,NN,NN,NN
10.650180,NN,NN,NN,NN
10.653440,NN,NN,NN,NN
10.656760,NN,NN,NN,NN
10.660260,NN,NN,NN,NN
10.664100,NN,NN,NN,NN
10.667510,NN,NN,NN,NN
10.671170,NN,NN,NN,NN
10.674180,NN,NN,NN,NN
10.678040,NN,NN,NN,NN
10.681400,NN,NN,NN,NN
10.684460,NN,NN,NN,NN
10.687690,NN,NN,NN,NN
10.691390,NN,NN,NN,NN
10.695390,NN,NN,NN,NN
10.699370,NN,NN,NN,NN
10.702970,NN,NN,NN,NN
10.706000,NN,NN,NN,NN
10.709420,NN,NN,NN,NN
10.713770,NN,NN,NN,NN
10.717460,NN,NN,NN,NN
10.721020,NN,NN,NN,NN
10.724110,NN,NN,NN,NN
10.728190,NN,NN,NN,NN
10.731910,NN,NN,NN,NN
10.735080,NN,NN,NN,NN
10.738190,NN,NN,NN,NN
10.741950,NN,NN,NN,NN
10.745590,NN,NN,NN,NN
10.748470,NN,NN,NN,NN
10.752300,NN,NN,NN,NN
10.755890,NN,NN,NN,NN
10.759470,NN,NN,NN,NN
10.763250,NN,NN,NN,NN
10.766440,NN,NN,NN,NN
10.769990,NN,NN,NN,NN
10.773150,NN,NN,NN,NN
10.776770,NN,NN,NN,NN
10.780620,NN,NN,NN,NN
10.783710,NN,NN,NN,NN
10.788130,NN,NN,NN,NN
10.791660,NN,NN,NN,NN
10.795920,NN,NN,NN,NN
10.799660,NN,NN,NN,NN
10.803540,NN,NN,NN,NN
10.807680,NN,NN,NN,NN
10.811570,NN,NN,NN,NN
10.815320,NN,NN,NN,NN
10.818820,NN,NN,NN,NN
10.823110,NN,NN,NN,NN
10.826720,NN,NN,NN,NN
10.830550,NN,NN,NN,NN
10.834120,1440.822,1231.355,833.304,1235.294
10.837520,1440.822,1231.355,1137.063,1233.325
10.841080,1440.822,1231.355,1288.942,1232.340
10.844550,1440.822,1231.355,1364.882,1231.848
10.848510,1440.822,1231.355,1402.852,1231.602
10.852300,1440.822,1231.355,1421.837,1231.479
10.855630,1440.822,1231.355,1431.329,1231.417
10.859140,1440.822,1231.355,1436.076,1231.386
10.862740,1443.776,1226.838,1439.926,1229.112
10.866270,1443.776,1226.838,1441.851,1227.975
10.869700,1443.776,1226.838,1442.813,1227.407
10.872840,1443.776,1226.838,1443.295,1227.123
10.876040,1443.776,1226.838,1443.535,1226.980
10.880130,1443.776,1226.838,1443.656,1226.909
10.883710,1443.776,1226.838,1443.716,1226.874
10.887200,1443.776,1226.838,1443.746,1226.856
10.890400,1443.776,1226.838,1443.761,1226.847
10.894450,1416.585,1220.674,1430.173,1223.760
10.898740,1416.585,1220.674,1423.379,1222.217
10.902070,1416.585,1220.674,1419.982,1221.445
10.911200,1416.585,1220.674,1418.284,1221.060
10.914660,1416.585,1220.674,1417.435,1220.867
10.918180,1416.585,1220.674,1417.010,1220.770
10.922040,1364.531,1203.905,1390.770,1212.338
10.925060,1364.531,1203.905,1377.650,1208.122
10.929120,1364.531,1203.905,1371.090,1206.013
10.933580,1364.531,1203.905,1367.811,1204.959
10.937250,1364.531,1203.905,1366.171,1204.432
10.941200,1364.531,1203.905,1365.351,1204.169
10.944780,1364.531,1203.905,1364.941,1204.037
10.948610,1364.531,1203.905,1364.736,1203.971
10.951960,1364.531,1203.905,1364.633,1203.938
10.955550,1301.543,1178.377,1333.088,1191.158
10.959120,1301.543,1178.377,1317.315,1184.768
10.963420,1301.543,1178.377,1309.429,1181.573
10.967290,1301.543,1178.377,1305.486,1179.975
10.971020,1301.543,1178.377,1303.514,1179.176
10.974780,1301.543,1178.377,1302.529,1178.777
10.978330,1301.543,1178.377,1302.036,1178.577
10.982080,1301.543,1178.377,1301.789,1178.477
10.985380,1241.964,1175.528,1271.877,1177.003
10.989040,1241.964,1175.528,1256.920,1176.266
10.992820,1241.964,1175.528,1249.442,1175.897
10.999660,1241.964,1175.528,1245.703,1175.713
11.003830,1241.964,1175.528,1243.834,1175.620
11.006970,1241.964,1175.528,1242.899,1175.574
11.011610,1241.964,1175.528,1242.432,1175.551
11.015350,1195.960,1155.378,1219.196,1165.465
11.019030,1195.960,1155.378,1207.578,1160.421
11.022500,1195.960,1155.378,1201.769,1157.899
11.025840,1195.960,1155.378,1198.865,1156.639
11.030070,1195.960,1155.378,1197.412,1156.008
11.033030,1195.960,1155.378,1196.686,1155.693
11.036210,1195.960,1155.378,1196.323,1155.535
11.040050,1195.960,1155.378,1196.142,1155.457
11.044520,1156.625,1158.028,1176.384,1156.742
11.048690,1156.625,1158.028,1166.505,1157.385
11.052170,1156.625,1158.028,1161.565,1157.707
11.055970,1156.625,1158.028,1159.095,1157.867
11.060160,1156.625,1158.028,1157.860,1157.948
11.064040,1156.625,1158.028,1157.243,1157.988
11.067100,1156.625,1158.028,1156.934,1158.008
11.070450,1156.625,1158.028,1156.780,1158.018
11.074090,1156.625,1158.028,1156.703,1158.023
11.077400,1186.032,1341.081,1171.367,1249.552
11.081250,1186.032,1341.081,1178.700,1295.317
11.084470,1186.032,1341.081,1182.366,1318.199
11.088260,1186.032,1341.081,1184.199,1329.640
11.091780,1186.032,1341.081,1185.116,1335.361
11.095320,1186.032,1341.081,1185.574,1338.221
11.099140,1186.032,1341.081,1185.803,1339.651
11.102670,1186.032,1341.081,1185.918,1340.366
11.106300,1215.541,1184.586,1200.729,1262.476
11.109380,1215.541,1184.586,1208.135,1223.531
11.113200,1215.541,1184.586,1211.838,1204.059
11.117290,1215.541,1184.586,1213.690,1194.323
11.122050,1215.541,1184.586,1214.615,1189.455
11.127010,1215.541,1184.586,1215.078,1187.021
11.130990,1215.541,1184.586,1215.310,1185.803
11.134550,1231.385,1197.914,1223.348,1191.859
11.138840,1231.385,1197.914,1227.366,1194.887
11.142520,1231.385,1197.914,1229.376,1196.401
11.146610,1231.385,1197.914,1230.381,1197.157
11.151040,1231.385,1197.914,1230.883,1197.536
11.154610,1231.385,1197.914,1231.134,1197.725
11.158400,1231.385,1197.914,1231.260,1197.820
11.162510,1231.385,1197.914,1231.323,1197.867
11.166540,1231.385,1197.914,1231.354,1197.891
11.170320,1231.385,1197.914,1231.370,1197.903
11.174100,1231.385,1197.914,1231.377,1197.908
11.179510,1231.385,1197.914,1231.381,1197.911
11.185270,1231.385,1197.914,1231.383,1197.913
11.190140,1231.385,1197.914,1231.384,1197.914
11.193780,1231.385,1197.914,1231.385,1197.914
11.198830,1231.385,1197.914,1231.385,1197.914
11.203370,1231.385,1197.914,1231.385,1197.914
11.207080,1231.385,1197.914,1231.385,1197.914
11.212470,1231.385,1197.914,1231.385,1197.914
11.217290,1231.385,1197.914,1231.385,1197.914
11.220850,1231.385,1197.914,1231.385,1197.914
11.225970,1231.385,1197.914,1231.385,1197.914
11.231460,1231.385,1197.914,1231.385,1197.914
11.236040,1231.385,1197.914,1231.385,1197.914
11.241540,1231.385,1197.914,1231.385,1197.914
11.247520,1231.385,1197.914,1231.385,1197.914
11.253330,1231.385,1197.914,1231.385,1197.914
11.259290,1231.385,1197.914,1231.385,1197.914
11.263700,1231.385,1197.914,1231.385,1197.914
11.268350,1231.385,1197.914,1231.385,1197.914
11.273030,1231.385,1197.914,1231.385,1197.914
11.276560,1231.385,1197.914,1231.385,1197.914
11.282310,1231.385,1197.914,1231.385,1197.914
11.286170,1231.385,1197.914,1231.385,1197.914
11.289960,1231.385,1197.914,1231.385,1197.914
11.294200,1231.385,1197.914,1231.385,1197.914
11.298020,1231.385,1197.914,1231.385,1197.914
11.303490,1231.385,1197.914,1231.385,1197.914
11.307280,1231.385,1197.914,1231.385,1197.914
11.310840,1231.385,1197.914,1231.385,1197.914
11.315380,1231.385,1197.914,1231.385,1197.914
11.318750,1231.385,1197.914,1231.385,1197.914
11.322280,1231.385,1197.914,1231.385,1197.914
11.326060,1231.385,1197.914,1231.385,1197.914
11.331040,1231.385,1197.914,1231.385,1197.914
11.335010,1231.385,1197.914,1231.385,1197.914
11.338380,1231.385,1197.914,1231.385,1197.914
11.341910,1231.385,1197.914,1231.385,1197.914
11.345450,1231.385,1197.914,1231.385,1197.914
11.350220,1231.385,1197.914,1231.385,1197.914
11.354050,1231.385,1197.914,1231.385,1197.914
11.358430,1231.385,1197.914,1231.385,1197.914
11.364360,1231.385,1197.914,1231.385,1197.914
11.367650,1231.385,1197.914,1231.385,1197.914
11.371420,1231.385,1197.914,1231.385,1197.914
11.374610,1231.385,1197.914,1231.385,1197.914
11.378900,1231.385,1197.914,1231.385,1197.914
11.382430,1231.385,1197.914,1231.385,1197.914
11.386030,1231.385,1197.914,1231.385,1197.914
11.391090,1231.385,1197.914,1231.385,1197.914
11.395660,1231.385,1197.914,1231.385,1197.914
11.400680,1231.385,1197.914,1231.385,1197.914
11.405290,1231.385,1197.914,1231.385,1197.914
11.408710,1231.385,1197.914,1231.385,1197.914
11.413490,1231.385,1197.914,1231.385,1197.914
11.418480,1231.385,1197.914,1231.385,1197.914
11.422290,1231.385,1197.914,1231.385,1197.914
11.427020,1231.385,1197.914,1231.385,1197.914
11.431740,1231.385,1197.914,1231.385,1197.914
11.435660,1231.385,1197.914,1231.385,1197.914
11.440390,1231.385,1197.914,1231.385,1197.914
11.445390,1231.385,1197.914,1231.385,1197.914
11.449650,1231.385,1197.914,1231.385,1197.914
11.454460,1231.385,1197.914,1231.385,1197.914
11.457560,1231.385,1197.914,1231.385,1197.914
11.462770,1231.385,1197.914,1231.385,1197.914
11.468140,1231.385,1197.914,1231.385,1197.914
11.471460,1231.385,1197.914,1231.385,1197.914
11.475890,1231.385,1197.914,1231.385,1197.914
11.481240,1231.385,1197.914,1231.385,1197.914
11.484970,1231.385,1197.914,1231.385,1197.914
11.489240,1231.385,1197.914,1231.385,1197.914
11.493820,1231.385,1197.914,1231.385,1197.914
11.497840,1231.385,1197.914,1231.385,1197.914
11.502090,1231.385,1197.914,1231.385,1197.914
11.505520,1231.385,1197.914,1231.385,1197.914
11.510280,1231.385,1197.914,1231.385,1197.914
11.515570,1231.385,1197.914,1231.385,1197.914
11.519150,1231.385,1197.914,1231.385,1197.914
11.523870,1231.385,1197.914,1231.385,1197.914
11.527900,1231.385,1197.914,1231.385,1197.914
11.532180,1231.385,1197.914,1231.385,1197.914
11.537200,1231.385,1197.914,1231.385,1197.914
11.542130,1231.385,1197.914,1231.385,1197.914
11.546200,1231.385,1197.914,1231.385,1197.914
11.550470,1231.385,1197.914,1231.385,1197.914
11.553840,1231.385,1197.914,1231.385,1197.914
11.557670,1231.385,1197.914,1231.385,1197.914
11.561450,1231.385,1197.914,1231.385,1197.914
11.565140,1231.385,1197.914,1231.385,1197.914
11.569730,1231.385,1197.914,1231.385,1197.914
11.573720,1231.385,1197.914,1231.385,1197.914
11.577120,1231.385,1197.914,1231.385,1197.914
11.580750,1231.385,1197.914,1231.385,1197.914
11.584510,1231.385,1197.914,1231.385,1197.914
11.587920,1231.385,1197.914,1231.385,1197.914
11.591760,1231.385,1197.914,1231.385,1197.914
11.595210,1231.385,1197.914,1231.385,1197.914
11.599100,1231.385,1197.914,1231.385,1197.914
11.603310,1231.385,1197.914,1231.385,1197.914
11.607340,1231.385,1197.914,1231.385,1197.914
11.611590,1231.385,1197.914,1231.385,1197.914
11.615120,1231.385,1197.914,1231.385,1197.914
11.618870,1231.385,1197.914,1231.385,1197.914
11.622360,1231.385,1197.914,1231.385,1197.914
11.626740,1231.385,1197.914,1231.385,1197.914
11.630740,1231.385,1197.914,1231.385,1197.914
11.634680,NN,NN,NN,NN
11.638540,NN,NN,NN,NN
11.641990,NN,NN,NN,NN
11.647040,NN,NN,NN,NN
11.650400,NN,NN,NN,NN
11.654030,NN,NN,NN,NN
11.657260,NN,NN,NN,NN
11.661630,NN,NN,NN,NN
11.666720,NN,NN,NN,NN
11.670890,NN,NN,NN,NN
11.674060,NN,NN,NN,NN
11.677310,NN,NN,NN,NN
11.680940,NN,NN,NN,NN
11.684800,NN,NN,NN,NN
11.688030,NN,NN,NN,NN
11.691930,NN,NN,NN,NN
11.696160,NN,NN,NN,NN
11.700000,NN,NN,NN,NN
11.703400,NN,NN,NN,NN
11.708220,NN,NN,NN,NN
11.712230,NN,NN,NN,NN
11.715470,NN,NN,NN,NN
11.719200,NN,NN,NN,NN
11.723070,NN,NN,NN,NN
11.727440,NN,NN,NN,NN
11.731550,NN,NN,NN,NN
11.735200,NN,NN,NN,NN
11.738640,NN,NN,NN,NN
11.742760,NN,NN,NN,NN
11.746350,NN,NN,NN,NN
11.750550,NN,NN,NN,NN
11.754480,NN,NN,NN,NN
11.758080,NN,NN,NN,NN
11.761610,NN,NN,NN,NN
11.765710,NN,NN,NN,NN
11.769340,NN,NN,NN,NN
11.772760,NN,NN,NN,NN
11.777510,NN,NN,NN,NN
11.781600,NN,NN,NN,NN
11.785980,NN,NN,NN,NN
11.789190,NN,NN,NN,NN
11.793650,NN,NN,NN,NN
11.797850,NN,NN,NN,NN
11.801410,NN,NN,NN,NN
11.804620,NN,NN,NN,NN
11.808460,NN,NN,NN,NN
11.813060,NN,NN,NN,NN
11.817180,NN,NN,NN,NN
11.820650,NN,NN,NN,NN
11.828460,NN,NN,NN,NN
11.832830,NN,NN,NN,NN
11.836280,NN,NN,NN,NN
11.840040,NN,NN,NN,NN
11.844030,NN,NN,NN,NN
11.848220,NN,NN,NN,NN
11.852090,NN,NN,NN,NN
11.855270,NN,NN,NN,NN
11.859510,NN,NN,NN,NN
11.863330,NN,NN,NN,NN
11.867810,NN,NN,NN,NN
11.871470,NN,NN,NN,NN
11.875950,NN,NN,NN,NN
11.881590,NN,NN,NN,NN
11.885950,NN,NN,NN,NN
11.890020,NN,NN,NN,NN
11.893520,NN,NN,NN,NN
11.897540,NN,NN,NN,NN
11.901340,NN,NN,NN,NN
11.904790,NN,NN,NN,NN
11.908590,NN,NN,NN,NN
11.912240,NN,NN,NN,NN
11.915710,NN,NN,NN,NN
11.919390,NN,NN,NN,NN
11.922760,NN,NN,NN,NN
11.926280,NN,NN,NN,NN
11.930240,NN,NN,NN,NN
11.934360,NN,NN,NN,NN
11.941010,NN,NN,NN,NN
11.945820,NN,NN,NN,NN
11.949690,NN,NN,NN,NN
11.953340,NN,NN,NN,NN
11.957200,NN,NN,NN,NN
11.960800,NN,NN,NN,NN
11.965440,NN,NN,NN,NN
11.978320,NN,NN,NN,NN
11.982190,NN,NN,NN,NN
11.985940,NN,NN,NN,NN
11.989490,NN,NN,NN,NN
11.992400,NN,NN,NN,NN
11.996600,NN,NN,NN,NN
12.000020,NN,NN,NN,NN
12.003110,NN,NN,NN,NN
12.006030,NN,NN,NN,NN
12.010080,NN,NN,NN,NN
12.013980,NN,NN,NN,NN
12.017090,NN,NN,NN,NN
12.020590,NN,NN,NN,NN
12.024390,NN,NN,NN,NN
12.028830,NN,NN,NN,NN
12.048400,NN,NN,NN,NN
12.059200,NN,NN,NN,NN
12.072510,NN,NN,NN,NN
12.076920,NN,NN,NN,NN
12.081000,NN,NN,NN,NN
12.085740,NN,NN,NN,NN
12.090320,NN,NN,NN,NN
12.094460,NN,NN,NN,NN
12.098370,NN,NN,NN,NN
12.102330,NN,NN,NN,NN
12.107020,NN,NN,NN,NN
12.111480,NN,NN,NN,NN
12.116830,NN,NN,NN,NN
12.122070,NN,NN,NN,NN
12.126310,NN,NN,NN,NN
12.131340,NN,NN,NN,NN
12.136320,NN,NN,NN,NN
12.140810,NN,NN,NN,NN
12.145190,NN,NN,NN,NN
12.149320,NN,NN,NN,NN
12.153160,NN,NN,NN,NN
12.157130,NN,NN,NN,NN
12.161380,NN,NN,NN,NN
12.165710,NN,NN,NN,NN
12.169970,NN,NN,NN,NN
12.173930,NN,NN,NN,NN
12.178370,NN,NN,NN,NN
12.182410,NN,NN,NN,NN
12.186350,NN,NN,NN,NN
12.190120,NN,NN,NN,NN
12.194350,NN,NN,NN,NN
12.199150,NN,NN,NN,NN
12.203260,NN,NN,NN,NN
12.208700,NN,NN,NN,NN
12.214160,NN,NN,NN,NN
12.219980,NN,NN,NN,NN
12.224220,NN,NN,NN,NN
12.230000,NN,NN,NN,NN
12.236940,NN,NN,NN,NN
12.242420,NN,NN,NN,NN
12.248100,NN,NN,NN,NN
12.252100,NN,NN,NN,NN
12.256650,NN,NN,NN,NN
12.261190,NN,NN,NN,NN
12.265490,NN,NN,NN,NN
12.271320,NN,NN,NN,NN
12.276850,NN,NN,NN,NN
12.282440,NN,NN,NN,NN
12.285980,NN,NN,NN,NN
12.291360,NN,NN,NN,NN
12.297160,NN,NN,NN,NN
12.301180,NN,NN,NN,NN
12.306030,NN,NN,NN,NN
12.311520,NN,NN,NN,NN
12.316830,NN,NN,NN,NN
12.320890,NN,NN,NN,NN
12.325110,NN,NN,NN,NN
12.330040,NN,NN,NN,NN
12.334410,NN,NN,NN,NN
12.338970,NN,NN,NN,NN
12.342930,NN,NN,NN,NN
12.346940,NN,NN,NN,NN
12.350330,NN,NN,NN,NN
12.353960,NN,NN,NN,NN
12.358610,NN,NN,NN,NN
12.363170,NN,NN,NN,NN
12.366920,NN,NN,NN,NN
12.371260,NN,NN,NN,NN
12.374780,NN,NN,NN,NN
12.378190,NN,NN,NN,NN
12.382490,NN,NN,NN,NN
12.386230,NN,NN,NN,NN
12.390550,NN,NN,NN,NN
12.394310,NN,NN,NN,NN
12.398290,NN,NN,NN,NN
12.402420,NN,NN,NN,NN
12.406560,NN,NN,NN,NN
12.410080,NN,NN,NN,NN
12.414020,NN,NN,NN,NN
12.418630,NN,NN,NN,NN
12.423060,NN,NN,NN,NN
12.426920,NN,NN,NN,NN
12.430870,NN,NN,NN,NN
12.434690,NN,NN,NN,NN
12.438300,NN,NN,NN,NN
12.441890,NN,NN,NN,NN
12.446130,NN,NN,NN,NN
12.450830,NN,NN,NN,NN
12.454870,NN,NN,NN,NN
12.458840,NN,NN,NN,NN
12.463460,NN,NN,NN,NN
12.468260,NN,NN,NN,NN
12.472250,NN,NN,NN,NN
12.476120,NN,NN,NN,NN
12.480860,NN,NN,NN,NN
12.485440,NN,NN,NN,NN
12.489020,NN,NN,NN,NN
12.492950,NN,NN,NN,NN
12.497810,NN,NN,NN,NN
12.501610,NN,NN,NN,NN
12.505180,NN,NN,NN,NN
12.509730,NN,NN,NN,NN
12.514270,NN,NN,NN,NN
12.518210,NN,NN,NN,NN
12.521700,NN,NN,NN,NN
12.527490,NN,NN,NN,NN
12.533160,NN,NN,NN,NN
12.538730,NN,NN,NN,NN
12.543310,NN,NN,NN,NN
12.548770,NN,NN,NN,NN
12.553330,NN,NN,NN,NN
12.558350,NN,NN,NN,NN
12.562830,NN,NN,NN,NN
12.568340,NN,NN,NN,NN
12.573890,NN,NN,NN,NN
12.577640,NN,NN,NN,NN
12.583300,NN,NN,NN,NN
12.588150,NN,NN,NN,NN
12.592940,NN,NN,NN,NN
12.597300,NN,NN,NN,NN
12.603490,NN,NN,NN,NN
12.608310,NN,NN,NN,NN
12.612240,NN,NN,NN,NN
12.617880,NN,NN,NN,NN
12.622810,NN,NN,NN,NN
12.626010,NN,NN,NN,NN
12.632150,NN,NN,NN,NN
12.637140,NN,NN,NN,NN
12.641780,NN,NN,NN,NN
12.645820,NN,NN,NN,NN
12.651560,NN,NN,NN,NN
12.656900,NN,NN,NN,NN
12.662620,NN,NN,NN,NN
12.666930,NN,NN,NN,NN
12.671690,NN,NN,NN,NN
12.675930,NN,NN,NN,NN
12.679980,NN,NN,NN,NN
12.684820,NN,NN,NN,NN
12.689860,NN,NN,NN,NN
12.694060,NN,NN,NN,NN
12.700070,NN,NN,NN,NN
12.705470,NN,NN,NN,NN
12.710470,NN,NN,NN,NN
12.714710,NN,NN,NN,NN
12.720140,NN,NN,NN,NN
12.724830,NN,NN,NN,NN
12.728880,NN,NN,NN,NN
12.733680,NN,NN,NN,NN
12.738410,NN,NN,NN,NN
12.742010,NN,NN,NN,NN
12.747290,NN,NN,NN,NN
12.752210,NN,NN,NN,NN
12.756390,NN,NN,NN,NN
12.761280,NN,NN,NN,NN
12.765720,NN,NN,NN,NN
12.769500,NN,NN,NN,NN
12.774550,NN,NN,NN,NN
12.779040,NN,NN,NN,NN
12.783290,NN,NN,NN,NN
12.788010,NN,NN,NN,NN
12.791820,NN,NN,NN,NN
12.797370,NN,NN,NN,NN
12.802280,NN,NN,NN,NN
12.808010,NN,NN,NN,NN
12.812470,NN,NN,NN,NN
12.817170,NN,NN,NN,NN
12.822110,NN,NN,NN,NN
12.826140,NN,NN,NN,NN
12.832330,NN,NN,NN,NN
12.838130,NN,NN,NN,NN
12.843240,NN,NN,NN,NN
12.849370,NN,NN,NN,NN
12.854510,NN,NN,NN,NN
12.860460,NN,NN,NN,NN
12.864680,NN,NN,NN,NN
12.870360,NN,NN,NN,NN
12.876460,NN,NN,NN,NN
12.880490,NN,NN,NN,NN
12.884580,NN,NN,NN,NN
12.888240,NN,NN,NN,NN
12.897410,NN,NN,NN,NN
12.902350,NN,NN,NN,NN
12.906990,NN,NN,NN,NN
12.911200,NN,NN,NN,NN
12.916050,NN,NN,NN,NN
12.921100,NN,NN,NN,NN
12.926320,NN,NN,NN,NN
12.931980,NN,NN,NN,NN
12.935910,NN,NN,NN,NN
12.940560,NN,NN,NN,NN
12.945940,NN,NN,NN,NN
12.950030,NN,NN,NN,NN
12.954680,NN,NN,NN,NN
12.960350,NN,NN,NN,NN
12.966380,NN,NN,NN,NN
12.970300,NN,NN,NN,NN
12.975560,NN,NN,NN,NN
12.981040,NN,NN,NN,NN
12.984850,NN,NN,NN,NN
12.988730,NN,NN,NN,NN
12.992530,NN,NN,NN,NN
12.998620,NN,NN,NN,NN
13.003180,NN,NN,NN,NN
13.008980,NN,NN,NN,NN
13.015400,NN,NN,NN,NN
13.019570,NN,NN,NN,NN
13.024240,NN,NN,NN,NN
13.030570,NN,NN,NN,NN
13.034320,NN,NN,NN,NN
13.038260,NN,NN,NN,NN
13.043790,NN,NN,NN,NN
13.048350,NN,NN,NN,NN
13.053550,NN,NN,NN,NN
13.059610,NN,NN,NN,NN
13.064010,NN,NN,NN,NN
13.067570,NN,NN,NN,NN
13.073040,NN,NN,NN,NN
13.076870,NN,NN,NN,NN
13.081740,NN,NN,NN,NN
13.087140,NN,NN,NN,NN
13.090980,NN,NN,NN,NN
13.094660,NN,NN,NN,NN
13.099400,NN,NN,NN,NN
13.103030,NN,NN,NN,NN
13.106690,NN,NN,NN,NN
13.110480,NN,NN,NN,NN
13.115800,NN,NN,NN,NN
13.120310,NN,NN,NN,NN
13.123970,NN,NN,NN,NN
13.127110,NN,NN,NN,NN
13.131200,NN,NN,NN,NN
13.135530,NN,NN,NN,NN
13.139580,NN,NN,NN,NN
13.143920,NN,NN,NN,NN
13.148220,NN,NN,NN,NN
13.152550,NN,NN,NN,NN
13.156300,NN,NN,NN,NN
13.160080,NN,NN,NN,NN
13.164520,NN,NN,NN,NN
13.173470,NN,NN,NN,NN
16.163280,NN,NN,NN,NN
18.294330,NN,NN,NN,NN
18.315340,NN,NN,NN,NN
18.385540,NN,NN,NN,NN
18.388690,NN,NN,NN,NN
18.391600,NN,NN,NN,NN
18.394820,NN,NN,NN,NN
18.399520,NN,NN,NN,NN
18.405270,NN,NN,NN,NN
18.409240,NN,NN,NN,NN
18.412880,NN,NN,NN,NN
18.416560,NN,NN,NN,NN
18.420850,NN,NN,NN,NN
18.424470,NN,NN,NN,NN
18.429380,NN,NN,NN,NN
18.435090,NN,NN,NN,NN
18.439770,NN,NN,NN,NN
18.444980,NN,NN,NN,NN
18.450560,NN,NN,NN,NN
18.455880,NN,NN,NN,NN
18.460480,NN,NN,NN,NN
18.466500,NN,NN,NN,NN
18.472050,NN,NN,NN,NN
18.477130,NN,NN,NN,NN
18.481130,NN,NN,NN,NN
18.486080,NN,NN,NN,NN
18.492000,NN,NN,NN,NN
18.497320,NN,NN,NN,NN
18.501270,NN,NN,NN,NN
18.506910,NN,NN,NN,NN
18.512140,NN,NN,NN,NN
18.515520,NN,NN,NN,NN
18.521410,NN,NN,NN,NN
18.526960,NN,NN,NN,NN
18.532140,NN,NN,NN,NN
18.537030,NN,NN,NN,NN
18.542770,NN,NN,NN,NN
18.547380,NN,NN,NN,NN
18.553570,NN,NN,NN,NN
18.557130,NN,NN,NN,NN
18.562430,NN,NN,NN,NN
18.567590,NN,NN,NN,NN
18.571520,NN,NN,NN,NN
18.574830,NN,NN,NN,NN
18.578770,NN,NN,NN,NN
18.583170,NN,NN,NN,NN
18.587600,NN,NN,NN,NN
18.592180,NN,NN,NN,NN
18.595900,NN,NN,NN,NN
18.600200,NN,NN,NN,NN
18.604370,NN,NN,NN,NN
18.608260,NN,NN,NN,NN
18.612830,NN,NN,NN,NN
18.616710,NN,NN,NN,NN
18.621310,NN,NN,NN,NN
18.624890,NN,NN,NN,NN
18.629220,NN,NN,NN,NN
18.632740,NN,NN,NN,NN
18.636240,NN,NN,NN,NN
18.640310,NN,NN,NN,NN
18.644120,NN,NN,NN,NN
18.647400,NN,NN,NN,NN
18.651810,NN,NN,NN,NN
18.655680,NN,NN,NN,NN
18.659630,NN,NN,NN,NN
18.663590,NN,NN,NN,NN
18.667630,NN,NN,NN,NN
18.672180,NN,NN,NN,NN
18.676390,NN,NN,NN,NN
18.679730,NN,NN,NN,NN
18.683200,NN,NN,NN,NN
18.687530,NN,NN,NN,NN
18.691960,NN,NN,NN,NN
18.695660,NN,NN,NN,NN
18.699480,NN,NN,NN,NN
18.703730,NN,NN,NN,NN
18.706940,NN,NN,NN,NN
18.711210,NN,NN,NN,NN
18.715060,NN,NN,NN,NN
18.719100,NN,NN,NN,NN
18.723580,NN,NN,NN,NN
18.727600,NN,NN,NN,NN
18.731960,NN,NN,NN,NN
18.736790,NN,NN,NN,NN
18.741070,NN,NN,NN,NN
18.745160,NN,NN,NN,NN
18.748890,NN,NN,NN,NN
18.753050,NN,NN,NN,NN
18.756340,NN,NN,NN,NN
18.760040,NN,NN,NN,NN
18.764330,NN,NN,NN,NN
18.768710,NN,NN,NN,NN
18.772920,NN,NN,NN,NN
18.786630,NN,NN,NN,NN
18.791460,NN,NN,NN,NN
18.795680,NN,NN,NN,NN
18.801780,NN,NN,NN,NN
18.806260,NN,NN,NN,NN
18.811850,NN,NN,NN,NN
18.817420,NN,NN,NN,NN
18.823590,NN,NN,NN,NN
18.828120,NN,NN,NN,NN
18.832190,NN,NN,NN,NN
18.837790,NN,NN,NN,NN
18.843370,NN,NN,NN,NN
18.846680,NN,NN,NN,NN
18.852550,NN,NN,NN,NN
18.858420,NN,NN,NN,NN
18.863140,NN,NN,NN,NN
18.867520,NN,NN,NN,NN
18.873580,NN,NN,NN,NN
18.879560,NN,NN,NN,NN
18.886260,NN,NN,NN,NN
18.891370,NN,NN,NN,NN
18.895050,NN,NN,NN,NN
18.899120,NN,NN,NN,NN
18.904050,NN,NN,NN,NN
18.907720,NN,NN,NN,NN
18.912620,NN,NN,NN,NN
18.917100,NN,NN,NN,NN
18.920930,NN,NN,NN,NN
18.927680,NN,NN,NN,NN
18.936530,NN,NN,NN,NN
18.941710,NN,NN,NN,NN
18.946650,NN,NN,NN,NN
18.950520,NN,NN,NN,NN
18.956040,NN,NN,NN,NN
18.961480,NN,NN,NN,NN
18.965350,NN,NN,NN,NN
18.971140,NN,NN,NN,NN
18.976630,NN,NN,NN,NN
18.981580,NN,NN,NN,NN
18.986150,NN,NN,NN,NN
18.990760,NN,NN,NN,NN
18.995790,NN,NN,NN,NN
18.999630,NN,NN,NN,NN
19.005910,NN,NN,NN,NN
19.010940,NN,NN,NN,NN
19.015420,NN,NN,NN,NN
19.020130,NN,NN,NN,NN
19.025730,NN,NN,NN,NN
19.031050,NN,NN,NN,NN
19.036530,NN,NN,NN,NN
19.040370,NN,NN,NN,NN
19.045540,NN,NN,NN,NN
19.050680,NN,NN,NN,NN
19.055520,NN,NN,NN,NN
19.062240,NN,NN,NN,NN
19.067740,NN,NN,NN,NN
19.072960,NN,NN,NN,NN
19.077940,NN,NN,NN,NN
19.081910,NN,NN,NN,NN
19.087450,NN,NN,NN,NN
19.093060,NN,NN,NN,NN
19.097600,NN,NN,NN,NN
19.102550,NN,NN,NN,NN
19.108360,NN,NN,NN,NN
19.113970,NN,NN,NN,NN
19.119810,NN,NN,NN,NN
19.124650,NN,NN,NN,NN
19.130960,NN,NN,NN,NN
19.136020,NN,NN,NN,NN
19.141770,NN,NN,NN,NN
19.146520,NN,NN,NN,NN
19.150850,NN,NN,NN,NN
19.156540,NN,NN,NN,NN
19.161090,NN,NN,NN,NN
19.164720,NN,NN,NN,NN
19.170520,NN,NN,NN,NN
19.175250,NN,NN,NN,NN
19.178930,NN,NN,NN,NN
19.184710,NN,NN,NN,NN
19.190390,NN,NN,NN,NN
19.195060,NN,NN,NN,NN
19.198570,NN,NN,NN,NN
19.203840,NN,NN,NN,NN
19.208740,NN,NN,NN,NN
19.212780,NN,NN,NN,NN
19.218480,NN,NN,NN,NN
19.223450,NN,NN,NN,NN
19.227580,NN,NN,NN,NN
19.232760,NN,NN,NN,NN
19.237980,NN,NN,NN,NN
19.243290,NN,NN,NN,NN
19.247850,NN,NN,NN,NN
19.253290,NN,NN,NN,NN
19.257910,NN,NN,NN,NN
19.262320,NN,NN,NN,NN
19.266700,NN,NN,NN,NN
19.272190,NN,NN,NN,NN
19.278220,NN,NN,NN,NN
19.282180,NN,NN,NN,NN
19.287160,NN,NN,NN,NN
19.291740,NN,NN,NN,NN
19.295220,NN,NN,NN,NN
19.300380,NN,NN,NN,NN
19.305520,NN,NN,NN,NN
19.310340,NN,NN,NN,NN
19.315180,NN,NN,NN,NN
19.319660,NN,NN,NN,NN
19.323930,NN,NN,NN,NN
19.329380,NN,NN,NN,NN
19.334660,NN,NN,NN,NN
19.340030,NN,NN,NN,NN
19.343750,NN,NN,NN,NN
19.347320,NN,NN,NN,NN
19.352390,NN,NN,NN,NN
19.356150,NN,NN,NN,NN
19.359510,NN,NN,NN,NN
19.362990,NN,NN,NN,NN
19.367870,NN,NN,NN,NN
19.372220,NN,NN,NN,NN
19.376810,NN,NN,NN,NN
19.381950,NN,NN,NN,NN
19.386340,NN,NN,NN,NN
19.391530,NN,NN,NN,NN
19.396930,NN,NN,NN,NN
19.402430,NN,NN,NN,NN
19.406140,NN,NN,NN,NN
19.411440,NN,NN,NN,NN
19.416390,NN,NN,NN,NN
19.420460,NN,NN,NN,NN
19.426150,NN,NN,NN,NN
19.432060,NN,NN,NN,NN
19.438100,NN,NN,NN,NN
19.442060,NN,NN,NN,NN
19.446620,NN,NN,NN,NN
19.452150,NN,NN,NN,NN
19.456970,NN,NN,NN,NN
19.461160,NN,NN,NN,NN
19.464650,NN,NN,NN,NN
19.468250,NN,NN,NN,NN
19.473720,NN,NN,NN,NN
19.477990,NN,NN,NN,NN
19.482570,NN,NN,NN,NN
19.486790,NN,NN,NN,NN
19.491270,NN,NN,NN,NN
19.495010,NN,NN,NN,NN
19.498560,NN,NN,NN,NN
19.502660,NN,NN,NN,NN
19.508150,NN,NN,NN,NN
19.512620,NN,NN,NN,NN
19.516870,NN,NN,NN,NN
19.521120,NN,NN,NN,NN
19.524700,NN,NN,NN,NN
19.528410,NN,NN,NN,NN
19.535450,NN,NN,NN,NN
20.600440,NN,NN,NN,NN
20.629720,NN,NN,NN,NN
20.634080,NN,NN,NN,NN
20.638770,NN,NN,NN,NN
20.643110,NN,NN,NN,NN
20.646280,NN,NN,NN,NN
20.652460,NN,NN,NN,NN
20.658440,NN,NN,NN,NN
20.663880,NN,NN,NN,NN
20.669390,NN,NN,NN,NN
20.674660,NN,NN,NN,NN
20.679590,NN,NN,NN,NN
20.684080,NN,NN,NN,NN
20.688990,NN,NN,NN,NN
20.693530,NN,NN,NN,NN
20.698340,NN,NN,NN,NN
20.703620,NN,NN,NN,NN
20.708070,NN,NN,NN,NN
20.713180,NN,NN,NN,NN
20.717780,NN,NN,NN,NN
20.722330,NN,NN,NN,NN
20.727170,NN,NN,NN,NN
20.731950,NN,NN,NN,NN
20.736750,NN,NN,NN,NN
20.741450,NN,NN,NN,NN
20.745580,NN,NN,NN,NN
20.749820,NN,NN,NN,NN
20.754890,NN,NN,NN,NN
20.760080,NN,NN,NN,NN
20.764580,NN,NN,NN,NN
20.770070,NN,NN,NN,NN
20.775700,NN,NN,NN,NN
20.781840,NN,NN,NN,NN
20.788090,NN,NN,NN,NN
20.794070,NN,NN,NN,NN
20.799300,NN,NN,NN,NN
20.804000,NN,NN,NN,NN
20.810650,NN,NN,NN,NN
20.816720,NN,NN,NN,NN
20.823110,NN,NN,NN,NN
20.829740,NN,NN,NN,NN
20.835870,NN,NN,NN,NN
20.842240,NN,NN,NN,NN
20.848260,NN,NN,NN,NN
20.854470,NN,NN,NN,NN
20.861430,NN,NN,NN,NN
20.865870,NN,NN,NN,NN
20.871630,NN,NN,NN,NN
20.877970,NN,NN,NN,NN
20.883380,NN,NN,NN,NN
20.889450,NN,NN,NN,NN
20.895970,NN,NN,NN,NN
20.900660,NN,NN,NN,NN
20.908000,NN,NN,NN,NN
20.913220,NN,NN,NN,NN
20.918620,NN,NN,NN,NN
20.924550,NN,NN,NN,NN
20.928740,NN,NN,NN,NN
20.934820,NN,NN,NN,NN
20.940250,NN,NN,NN,NN
20.945990,NN,NN,NN,NN
20.951110,NN,NN,NN,NN
20.955860,NN,NN,NN,NN
20.959750,NN,NN,NN,NN
20.963630,NN,NN,NN,NN
20.969120,NN,NN,NN,NN
20.974490,NN,NN,NN,NN
20.979110,NN,NN,NN,NN
20.983780,NN,NN,NN,NN
20.988990,NN,NN,NN,NN
20.993530,NN,NN,NN,NN
20.998410,NN,NN,NN,NN
21.003270,NN,NN,NN,NN
21.007230,NN,NN,NN,NN
21.011580,NN,NN,NN,NN
21.016580,NN,NN,NN,NN
21.021470,NN,NN,NN,NN
21.025890,NN,NN,NN,NN
21.030900,NN,NN,NN,NN
21.035510,NN,NN,NN,NN
21.039730,NN,NN,NN,NN
21.044090,728.056,-493.134,979.721,352.390
21.049020,728.056,-493.134,853.888,-70.372
21.053940,728.056,-493.134,790.972,-281.753
21.058760,728.056,-493.134,759.514,-387.443
21.062950,728.056,-493.134,743.785,-440.289
21.067370,728.056,-493.134,735.921,-466.711
21.072600,728.056,-493.134,731.989,-479.922
21.076580,728.056,-493.134,730.022,-486.528
21.080790,728.056,-493.134,729.039,-489.831
21.085000,728.056,-493.134,728.548,-491.482
21.090070,728.056,-493.134,728.302,-492.308
21.094260,728.056,-493.134,728.179,-492.721
21.098540,728.056,-493.134,728.118,-492.927
21.102860,728.056,-493.134,728.087,-493.031
21.107910,975.819,-573.496,851.953,-533.263
21.112670,975.819,-573.496,913.886,-553.380
21.117070,975.819,-573.496,944.853,-563.438
21.122340,975.819,-573.496,960.336,-568.467
21.126820,975.819,-573.496,968.078,-570.981
21.131080,975.819,-573.496,971.949,-572.239
21.136030,807.228,-692.088,889.588,-632.163
21.141590,807.228,-692.088,848.408,-662.126
21.146510,807.228,-692.088,827.818,-677.107
21.151350,807.228,-692.088,817.523,-684.598
21.163410,807.228,-692.088,812.376,-688.343
21.171810,859.864,-796.816,836.120,-742.579
21.179990,859.864,-796.816,847.992,-769.698
21.189730,859.864,-796.816,853.928,-783.257
21.194650,859.864,-796.816,856.896,-790.036
21.200060,907.268,-874.431,882.082,-832.234
21.205390,907.268,-874.431,894.675,-853.333
21.210420,907.268,-874.431,900.971,-863.882
21.215440,907.268,-874.431,904.119,-869.157
21.219620,907.268,-874.431,905.694,-871.794
21.223860,907.268,-874.431,906.481,-873.113
21.227780,945.302,-916.778,925.891,-894.945
21.233150,945.302,-916.778,935.596,-905.862
21.238670,945.302,-916.778,940.449,-911.320
21.243110,945.302,-916.778,942.875,-914.049
21.247340,945.302,-916.778,944.089,-915.414
21.252150,945.302,-916.778,944.695,-916.096
21.256190,945.302,-916.778,944.998,-916.437
21.260660,971.853,-948.110,958.426,-932.274
21.264800,971.853,-948.110,965.139,-940.192
21.269900,971.853,-948.110,968.496,-944.151
21.274190,971.853,-948.110,970.174,-946.130
21.277880,971.853,-948.110,971.013,-947.120
21.282120,971.853,-948.110,971.433,-947.615
21.285800,1003.875,-989.060,987.654,-968.337
21.290330,1003.875,-989.060,995.764,-978.699
21.294630,1003.875,-989.060,999.820,-983.879
21.298840,1003.875,-989.060,1001.847,-986.470
21.303520,1003.875,-989.060,1002.861,-987.765
21.307930,1003.875,-989.060,1003.368,-988.412
21.313140,1003.875,-989.060,1003.621,-988.736
21.318600,1003.875,-989.060,1003.748,-988.898
21.323470,1003.875,-989.060,1003.812,-988.979
21.327960,1003.875,-989.060,1003.843,-989.019
21.333240,1003.875,-989.060,1003.859,-989.040
21.338400,1003.875,-989.060,1003.867,-989.050
21.343380,1003.875,-989.060,1003.871,-989.055
21.347980,1003.875,-989.060,1003.873,-989.057
21.352410,1003.875,-989.060,1003.874,-989.059
21.357390,1003.875,-989.060,1003.874,-989.059
21.363020,1003.875,-989.060,1003.875,-989.059
21.368040,1003.875,-989.060,1003.875,-989.060
21.373010,1003.875,-989.060,1003.875,-989.060
21.378130,1003.875,-989.060,1003.875,-989.060
21.382100,1003.875,-989.060,1003.875,-989.060
21.386090,1003.875,-989.060,1003.875,-989.060
21.391430,1003.875,-989.060,1003.875,-989.060
21.395840,1003.875,-989.060,1003.875,-989.060
21.399950,1003.875,-989.060,1003.875,-989.060
21.404450,1003.875,-989.060,1003.875,-989.060
21.408670,1003.875,-989.060,1003.875,-989.060
21.412180,1003.875,-989.060,1003.875,-989.060
21.415780,1003.875,-989.060,1003.875,-989.060
21.420730,1003.875,-989.060,1003.875,-989.060
21.425470,1003.875,-989.060,1003.875,-989.060
21.429150,1003.875,-989.060,1003.875,-989.060
21.433310,1003.875,-989.060,1003.875,-989.060
21.438020,1003.875,-989.060,1003.875,-989.060
21.442270,1003.875,-989.060,1003.875,-989.060
21.445920,1003.875,-989.060,1003.875,-989.060
21.450100,1003.875,-989.060,1003.875,-989.060
21.455310,1003.875,-989.060,1003.875,-989.060
21.458980,1003.875,-989.060,1003.875,-989.060
21.462930,1003.875,-989.060,1003.875,-989.060
21.466970,1003.875,-989.060,1003.875,-989.060
21.475720,1003.875,-989.060,1003.875,-989.060
21.481210,1003.875,-989.060,1003.875,-989.060
21.486660,1003.875,-989.060,1003.875,-989.060
21.492340,1003.875,-989.060,1003.875,-989.060
21.497620,1003.875,-989.060,1003.875,-989.060
21.505210,1003.875,-989.060,1003.875,-989.060
21.511560,1003.875,-989.060,1003.875,-989.060
21.516390,1003.875,-989.060,1003.875,-989.060
21.522640,1003.875,-989.060,1003.875,-989.060
21.527900,1003.875,-989.060,1003.875,-989.060
21.533520,1003.875,-989.060,1003.875,-989.060
21.539220,1003.875,-989.060,1003.875,-989.060
21.543520,1003.875,-989.060,1003.875,-989.060
21.548860,1003.875,-989.060,1003.875,-989.060
21.554730,1003.875,-989.060,1003.875,-989.060
21.559890,250.397,29.614,627.136,-479.723
21.564200,250.397,29.614,438.767,-225.054
21.570300,250.397,29.614,344.582,-97.720
21.575560,250.397,29.614,297.489,-34.053
21.581390,250.397,29.614,273.943,-2.219
21.587330,250.397,29.614,262.170,13.697
21.591520,-177.224,633.820,42.473,323.759
21.596860,-177.224,633.820,-67.375,478.789
21.602660,-177.224,633.820,-122.300,556.304
21.608250,-177.224,633.820,-149.762,595.062
21.612050,-177.224,633.820,-163.493,614.441
21.617270,-177.224,633.820,-170.358,624.130
21.623110,-440.649,1053.308,-305.504,838.719
21.629080,-440.649,1053.308,-373.077,946.014
21.633250,-440.649,1053.308,-406.863,999.661
21.637780,-440.649,1053.308,-423.756,1026.484
21.643340,-440.649,1053.308,-432.203,1039.896
21.647270,-440.649,1053.308,-436.426,1046.602
21.651580,-545.054,1208.466,-490.740,1127.534
21.657480,-545.054,1208.466,-517.897,1168.000
21.662250,-545.054,1208.466,-531.476,1188.233
21.666930,-545.054,1208.466,-538.265,1198.349
21.672150,-545.054,1208.466,-541.660,1203.408
21.676280,-545.054,1208.466,-543.357,1205.937
21.680100,-585.014,1271.740,-564.185,1238.839
21.684830,-585.014,1271.740,-574.599,1255.290
21.689720,-585.014,1271.740,-579.806,1263.515
21.694530,-585.014,1271.740,-582.410,1267.628
21.699190,-585.014,1271.740,-583.712,1269.684
21.703930,-585.014,1271.740,-584.363,1270.712
21.708010,-585.014,1271.740,-584.688,1271.226
21.712000,-595.179,1299.175,-589.933,1285.201
21.716110,-595.179,1299.175,-592.556,1292.188
21.720540,-595.179,1299.175,-593.867,1295.681
21.725570,-595.179,1299.175,-594.523,1297.428
21.729530,-595.179,1299.175,-594.851,1298.302
21.733270,-595.179,1299.175,-595.015,1298.738
21.737910,-595.179,1299.175,-595.097,1298.957
21.742590,-595.780,1304.531,-595.438,1301.744
21.747630,-595.780,1304.531,-595.609,1303.137
21.752610,-595.780,1304.531,-595.694,1303.834
21.757460,-595.780,1304.531,-595.737,1304.183
21.761220,-595.780,1304.531,-595.758,1304.357
21.767080,-595.780,1304.531,-595.769,1304.444
21.771550,-600.008,1299.346,-597.889,1301.895
21.776160,-600.008,1299.346,-598.949,1300.621
21.780850,-600.008,1299.346,-599.478,1299.983
21.785670,-600.008,1299.346,-599.743,1299.665
21.791670,-600.008,1299.346,-599.876,1299.506
21.796760,-600.008,1299.346,-599.942,1299.426
21.800380,-600.008,1299.346,-599.975,1299.386
21.805170,-611.015,1299.872,-605.495,1299.629
21.809300,-611.015,1299.872,-608.255,1299.750
21.814350,-611.015,1299.872,-609.635,1299.811
21.819250,-611.015,1299.872,-610.325,1299.842
21.823820,-611.015,1299.872,-610.670,1299.857
21.829370,-611.015,1299.872,-610.843,1299.864
21.833570,-625.382,1306.541,-618.112,1303.203
21.838270,-625.382,1306.541,-621.747,1304.872
21.843550,-625.382,1306.541,-623.564,1305.707
21.848100,-625.382,1306.541,-624.473,1306.124
21.852430,-625.382,1306.541,-624.927,1306.333
21.857040,-625.382,1306.541,-625.154,1306.437
21.861490,-634.955,1306.825,-630.055,1306.631
21.865840,-634.955,1306.825,-632.505,1306.728
21.869920,-634.955,1306.825,-633.730,1306.777
21.874990,-634.955,1306.825,-634.343,1306.801
21.879590,-634.955,1306.825,-634.649,1306.813
21.883620,-634.955,1306.825,-634.802,1306.819
21.887850,-634.955,1306.825,-634.879,1306.822
21.892930,-644.273,1308.523,-639.576,1307.673
21.897740,-644.273,1308.523,-641.924,1308.098
21.903170,-644.273,1308.523,-643.099,1308.310
21.908690,-644.273,1308.523,-643.686,1308.417
21.912820,-644.273,1308.523,-643.979,1308.470
21.916670,-644.273,1308.523,-644.126,1308.496
21.920920,-644.273,1308.523,-644.200,1308.510
21.926400,-650.240,1310.899,-647.220,1309.704
21.930710,-650.240,1310.899,-648.730,1310.302
21.935850,-650.240,1310.899,-649.485,1310.601
21.940560,-650.240,1310.899,-649.862,1310.750
21.944220,-650.240,1310.899,-650.051,1310.825
21.947930,-650.240,1310.899,-650.145,1310.862
21.952010,-655.576,1312.276,-652.861,1311.569
21.957340,-655.576,1312.276,-654.218,1311.922
21.961450,-655.576,1312.276,-654.897,1312.099
21.965760,-655.576,1312.276,-655.236,1312.187
21.970220,-655.576,1312.276,-655.406,1312.231
21.974670,-655.576,1312.276,-655.491,1312.254
21.978490,-655.576,1312.276,-655.533,1312.265
21.982870,-657.837,1317.184,-656.685,1314.724
21.987520,-657.837,1317.184,-657.261,1315.954
21.992160,-657.837,1317.184,-657.549,1316.569
21.996990,-657.837,1317.184,-657.693,1316.876
22.001740,-657.837,1317.184,-657.765,1317.030
22.006450,-657.837,1317.184,-657.801,1317.107
22.010440,-657.837,1317.184,-657.819,1317.146
22.015170,-531.734,1240.952,-594.776,1279.049
22.019700,-531.734,1240.952,-563.255,1260.001
22.024660,-531.734,1240.952,-547.495,1250.477
22.029270,-531.734,1240.952,-539.615,1245.714
22.033370,-531.734,1240.952,-535.674,1243.333
22.037310,-531.734,1240.952,-533.704,1242.143
22.041820,-531.734,1240.952,-532.719,1241.548
22.046640,164.026,681.329,-184.347,961.438
22.050940,164.026,681.329,-10.160,821.383
22.056000,164.026,681.329,76.933,751.356
22.060260,164.026,681.329,120.480,716.342
22.069310,164.026,681.329,142.253,698.836
22.073470,708.551,221.422,425.402,460.129
22.077960,708.551,221.422,566.976,340.776
22.082420,708.551,221.422,637.763,281.099
22.089300,708.551,221.422,673.157,251.260
22.093160,708.551,221.422,690.854,236.341
22.096590,708.551,221.422,699.702,228.882
22.100490,708.551,221.422,704.127,225.152
22.104810,920.541,43.945,812.334,134.548
22.109760,920.541,43.945,866.437,89.246
22.114030,920.541,43.945,893.489,66.595
22.118170,920.541,43.945,907.015,55.270
22.123170,920.541,43.945,913.778,49.607
22.127880,920.541,43.945,917.159,46.776
22.131500,920.541,43.945,918.850,45.360
22.135890,1007.698,-28.904,963.274,8.228
22.140940,1007.698,-28.904,985.486,-10.338
22.145090,1007.698,-28.904,996.592,-19.621
22.149000,1007.698,-28.904,1002.145,-24.262
22.153420,1007.698,-28.904,1004.921,-26.583
22.157850,1007.698,-28.904,1006.310,-27.743
22.162190,1007.698,-28.904,1007.004,-28.323
22.166640,1047.137,-54.597,1027.071,-41.460
22.171240,1047.137,-54.597,1037.104,-48.029
22.175960,1047.137,-54.597,1042.121,-51.313
22.180270,1047.137,-54.597,1044.629,-52.955
22.184220,1047.137,-54.597,1045.883,-53.776
22.189320,1047.137,-54.597,1046.510,-54.186
22.193660,1060.226,-67.841,1053.368,-61.014
22.198270,1060.226,-67.841,1056.797,-64.427
22.202600,1060.226,-67.841,1058.512,-66.134
22.207810,1060.226,-67.841,1059.369,-66.988
22.211920,1060.226,-67.841,1059.797,-67.414
22.216310,1060.226,-67.841,1060.012,-67.628
22.220380,1060.226,-67.841,1060.119,-67.734
22.225000,1070.506,-72.902,1065.313,-70.318
22.228970,1070.506,-72.902,1067.910,-71.610
22.233370,1070.506,-72.902,1069.208,-72.256
22.237880,1070.506,-72.902,1069.857,-72.579
22.242340,1070.506,-72.902,1070.182,-72.740
22.246540,1070.506,-72.902,1070.344,-72.821
22.251340,1061.024,-86.734,1065.684,-79.778
22.256160,1061.024,-86.734,1063.354,-83.256
22.260450,1061.024,-86.734,1062.189,-84.995
22.264350,1061.024,-86.734,1061.606,-85.865
22.269070,1061.024,-86.734,1061.315,-86.300
22.273930,1061.024,-86.734,1061.170,-86.517
22.277490,1061.024,-86.734,1061.097,-86.626
22.281350,1061.024,-86.734,1061.060,-86.680
22.285310,1061.582,-84.895,1061.321,-85.787
22.289950,1061.582,-84.895,1061.451,-85.341
22.294310,1061.582,-84.895,1061.517,-85.118
22.298930,1061.582,-84.895,1061.549,-85.006
22.303160,1061.582,-84.895,1061.565,-84.951
22.307580,1061.582,-84.895,1061.574,-84.923
22.313470,1061.582,-84.895,1061.578,-84.909
22.317440,1061.564,-86.205,1061.571,-85.557
22.322180,1061.564,-86.205,1061.568,-85.881
22.328810,1061.564,-86.205,1061.566,-86.043
22.334090,1061.564,-86.205,1061.565,-86.124
22.338750,1061.564,-86.205,1061.565,-86.165
22.343380,1061.564,-86.205,1061.564,-86.185
22.348050,1065.201,-86.152,1063.383,-86.169
22.351920,1065.201,-86.152,1064.292,-86.161
22.357100,1065.201,-86.152,1064.746,-86.156
22.361850,1065.201,-86.152,1064.974,-86.154
22.365810,1065.201,-86.152,1065.087,-86.153
22.370340,1065.201,-86.152,1065.144,-86.153
22.374900,1066.951,-84.748,1066.047,-85.450
22.379770,1066.951,-84.748,1066.499,-85.099
22.383580,1066.951,-84.748,1066.725,-84.923
22.389110,1066.951,-84.748,1066.838,-84.836
22.393670,1066.951,-84.748,1066.895,-84.792
22.397460,1066.951,-84.748,1066.923,-84.770
22.401940,1066.951,-84.748,1066.937,-84.759
22.406970,1067.362,-85.870,1067.149,-85.315
22.410960,1067.362,-85.870,1067.256,-85.593
22.414880,1067.362,-85.870,1067.309,-85.731
22.420020,1067.362,-85.870,1067.336,-85.801
22.424560,1067.362,-85.870,1067.349,-85.836
22.428560,1067.362,-85.870,1067.355,-85.853
22.432790,1067.362,-85.870,1067.359,-85.862
22.437510,1071.099,-85.437,1069.229,-85.649
22.442130,1071.099,-85.437,1070.164,-85.543
22.446430,1071.099,-85.437,1070.632,-85.490
22.450880,1071.099,-85.437,1070.865,-85.464
22.455230,1071.099,-85.437,1070.982,-85.450
22.459470,1071.099,-85.437,1071.041,-85.444
22.463360,1067.771,-88.731,1069.406,-87.087
22.467850,1067.771,-88.731,1068.588,-87.909
22.472330,1067.771,-88.731,1068.180,-88.320
22.476820,1067.771,-88.731,1067.975,-88.526
22.481730,1067.771,-88.731,1067.873,-88.628
22.485650,1067.771,-88.731,1067.822,-88.680
22.489910,1067.771,-88.731,1067.796,-88.705
22.493950,1067.771,-88.731,1067.784,-88.718
22.497970,1068.333,-89.956,1068.059,-89.337
22.502000,1068.333,-89.956,1068.196,-89.647
22.507040,1068.333,-89.956,1068.265,-89.801
22.511990,1068.333,-89.956,1068.299,-89.879
22.515600,1068.333,-89.956,1068.316,-89.917
22.519390,1068.333,-89.956,1068.325,-89.937
22.523650,1042.508,-63.076,1055.417,-76.506
22.528600,1042.508,-63.076,1048.963,-69.791
22.532470,1042.508,-63.076,1045.736,-66.434
22.537000,1042.508,-63.076,1044.122,-64.755
22.542070,1042.508,-63.076,1043.315,-63.916
22.546390,1042.508,-63.076,1042.912,-63.496
22.550280,1042.508,-63.076,1042.710,-63.286
22.554370,437.851,430.488,740.281,183.601
22.559220,437.851,430.488,589.066,307.044
22.563220,437.851,430.488,513.458,368.766
22.567270,437.851,430.488,475.655,399.627
22.572800,437.851,430.488,456.753,415.057
22.577100,437.851,430.488,447.302,422.772
22.580960,437.851,430.488,442.576,426.630
22.584770,-208.989,938.697,116.794,682.664
22.590250,-208.989,938.697,-46.098,810.680
22.594370,-208.989,938.697,-127.544,874.689
22.598710,-208.989,938.697,-168.266,906.693
22.603520,-208.989,938.697,-188.628,922.695
22.609010,-208.989,938.697,-198.809,930.696
22.613000,-208.989,938.697,-203.899,934.697
22.617150,-481.593,1156.178,-342.746,1045.438
22.621630,-481.593,1156.178,-412.169,1100.808
22.626060,-481.593,1156.178,-446.881,1128.493
22.630590,-481.593,1156.178,-464.237,1142.336
22.635310,-481.593,1156.178,-472.915,1149.257
22.639930,-481.593,1156.178,-477.254,1152.718
22.643890,-481.593,1156.178,-479.423,1154.448
22.647790,-566.006,1226.138,-522.715,1190.293
22.652410,-566.006,1226.138,-544.361,1208.216
22.657050,-566.006,1226.138,-555.183,1217.177
22.661820,-566.006,1226.138,-560.595,1221.658
22.665540,-566.006,1226.138,-563.301,1223.898
22.669310,-566.006,1226.138,-564.653,1225.018
22.674120,-593.384,1248.644,-579.019,1236.831
22.678240,-593.384,1248.644,-586.201,1242.738
22.682260,-593.384,1248.644,-589.793,1245.691
22.686400,-593.384,1248.644,-591.588,1247.167
22.691430,-593.384,1248.644,-592.486,1247.906
22.696210,-593.384,1248.644,-592.935,1248.275
22.700340,-593.384,1248.644,-593.159,1248.459
22.704020,-593.384,1248.644,-593.272,1248.552
22.708100,-607.317,1272.829,-600.295,1260.690
22.712220,-607.317,1272.829,-603.806,1266.760
22.716170,-607.317,1272.829,-605.562,1269.794
22.721280,-607.317,1272.829,-606.440,1271.312
22.725410,-607.317,1272.829,-606.878,1272.070
22.729980,-607.317,1272.829,-607.098,1272.450
22.733750,-607.317,1272.829,-607.208,1272.639
22.738710,-614.012,1279.128,-610.610,1275.884
22.743810,-614.012,1279.128,-612.311,1277.506
22.748590,-614.012,1279.128,-613.161,1278.317
22.753860,-614.012,1279.128,-613.586,1278.722
22.759200,-614.012,1279.128,-613.799,1278.925
22.763490,-614.012,1279.128,-613.905,1279.026
22.768030,-626.765,1286.645,-620.335,1282.835
22.772570,-626.765,1286.645,-623.550,1284.740
22.776880,-626.765,1286.645,-625.157,1285.692
22.781400,-626.765,1286.645,-625.961,1286.168
22.786190,-626.765,1286.645,-626.363,1286.406
22.790940,-626.765,1286.645,-626.564,1286.526
22.795030,-626.765,1286.645,-626.664,1286.585
22.799510,-620.792,1292.891,-623.728,1289.738
22.804430,-620.792,1292.891,-622.260,1291.314
22.809550,-620.792,1292.891,-621.526,1292.103
22.815530,-620.792,1292.891,-621.159,1292.497
22.821350,-620.792,1292.891,-620.975,1292.694
22.826920,-617.645,1288.803,-619.310,1290.748
22.833190,-617.645,1288.803,-618.478,1289.776
22.840680,-617.645,1288.803,-618.061,1289.290
22.846790,-617.645,1288.803,-617.853,1289.046
22.851990,-617.645,1288.803,-617.749,1288.925
22.859590,-619.602,1292.830,-618.676,1290.877
22.864610,-619.602,1292.830,-619.139,1291.854
22.871460,-619.602,1292.830,-619.371,1292.342
22.876500,-619.602,1292.830,-619.486,1292.586
22.882090,-619.602,1292.830,-619.544,1292.708
22.886840,-624.230,1290.529,-621.887,1291.619
22.891450,-624.230,1290.529,-623.059,1291.074
22.895900,-624.230,1290.529,-623.644,1290.802
22.900700,-624.230,1290.529,-623.937,1290.666
22.905740,-624.230,1290.529,-624.083,1290.597
22.909620,-624.230,1290.529,-624.157,1290.563
22.913430,-624.230,1290.529,-624.193,1290.546
22.917530,-624.230,1290.529,-624.212,1290.538
22.923460,-621.598,1292.337,-622.905,1291.437
22.930680,-621.598,1292.337,-622.251,1291.887
22.939360,-621.598,1292.337,-621.925,1292.112
22.943380,-621.598,1292.337,-621.761,1292.224
22.947590,-621.598,1292.337,-621.680,1292.280
22.952190,-617.631,1290.922,-619.655,1291.601
22.956710,-617.631,1290.922,-618.643,1291.262
22.961090,-617.631,1290.922,-618.137,1291.092
22.964990,-617.631,1290.922,-617.884,1291.007
22.968470,-617.631,1290.922,-617.757,1290.965
22.972700,-617.631,1290.922,-617.694,1290.943
22.977160,-612.646,1288.958,-615.170,1289.950
22.981580,-612.646,1288.958,-613.908,1289.454
22.985600,-612.646,1288.958,-613.277,1289.206
22.990620,-612.646,1288.958,-612.961,1289.082
23.020520,-607.688,1288.823,-610.325,1288.952
23.026910,-607.688,1288.823,-609.006,1288.887
23.031810,-607.688,1288.823,-608.347,1288.855
23.036470,-607.688,1288.823,-608.018,1288.839
23.042670,-606.831,1288.891,-607.424,1288.865
23.047080,-606.831,1288.891,-607.128,1288.878
23.052050,-606.831,1288.891,-606.979,1288.884
23.057720,-606.831,1288.891,-606.905,1288.887
23.063390,-606.831,1288.891,-606.868,1288.889
23.068570,-606.831,1288.891,-606.849,1288.890
23.073660,-605.384,1287.623,-606.117,1288.257
23.078130,-605.384,1287.623,-605.751,1287.940
23.082570,-605.384,1287.623,-605.567,1287.781
23.088140,-605.384,1287.623,-605.476,1287.702
23.092250,-605.384,1287.623,-605.430,1287.663
23.095990,-605.384,1287.623,-605.407,1287.643
23.100310,-425.514,1186.681,-515.461,1237.162
23.104890,-425.514,1186.681,-470.488,1211.922
23.109050,-425.514,1186.681,-448.001,1199.301
23.114240,-425.514,1186.681,-436.758,1192.991
23.118740,-425.514,1186.681,-431.136,1189.836
23.126910,-425.514,1177.956,-428.325,1183.896
23.132700,237.095,770.352,-95.615,977.124
23.148330,237.095,770.352,70.740,873.738
23.157020,237.095,770.352,153.918,822.045
23.161670,748.123,464.945,451.020,643.495
23.167080,748.123,464.945,599.572,554.220
23.173240,748.123,464.945,673.847,509.583
23.178130,748.123,464.945,710.985,487.264
23.182760,748.123,464.945,729.554,476.104
23.188400,748.123,464.945,738.839,470.525
23.193270,997.440,334.426,868.139,402.475
23.197970,997.440,334.426,932.790,368.450
23.203000,997.440,334.426,965.115,351.438
23.207620,997.440,334.426,981.277,342.932
23.212680,997.440,334.426,989.359,338.679
23.216490,997.440,334.426,993.399,336.552
23.221450,1095.219,279.232,1044.309,307.892
23.226710,1095.219,279.232,1069.764,293.562
23.231620,1095.219,279.232,1082.491,286.397
23.245150,1095.219,279.232,1088.855,282.814
23.250320,1131.908,256.602,1110.381,269.708
23.255720,1131.908,256.602,1121.145,263.155
23.262060,1131.908,256.602,1126.526,259.879
23.267990,1131.908,256.602,1129.217,258.240
23.273730,1131.908,256.602,1130.562,257.421
23.279370,1131.908,256.602,1131.235,257.012
23.284800,1145.135,246.191,1138.185,251.601
23.290480,1145.135,246.191,1141.660,248.896
23.296420,1145.135,246.191,1143.398,247.543
23.301890,1145.135,246.191,1144.267,246.867
23.307990,1145.135,246.191,1144.701,246.529
23.314020,1135.386,234.605,1140.044,240.567
23.318610,1135.386,234.605,1137.715,237.586
23.324710,1135.386,234.605,1136.551,236.095
23.329520,1135.386,234.605,1135.968,235.350
23.333580,1135.386,234.605,1135.677,234.978
23.340790,1119.234,209.590,1127.456,222.284
23.347530,1119.234,209.590,1123.345,215.937
23.352820,1119.234,209.590,1121.290,212.763
23.359860,1119.234,209.590,1120.262,211.177
23.364690,1119.234,209.590,1119.748,210.383
23.369940,1119.234,209.590,1119.491,209.986
23.376540,1130.715,207.645,1125.103,208.816
23.381190,1130.715,207.645,1127.909,208.230
23.385730,1130.715,207.645,1129.312,207.937
23.390790,1130.715,207.645,1130.013,207.791
23.395470,1130.715,207.645,1130.364,207.718
23.399620,1130.715,207.645,1130.540,207.681
23.404940,1140.477,209.401,1135.508,208.541
23.410060,1140.477,209.401,1137.993,208.971
23.415520,1140.477,209.401,1139.235,209.186
23.420720,1140.477,209.401,1139.856,209.293
23.425170,1140.477,209.401,1140.167,209.347
23.429200,1140.477,209.401,1140.322,209.374
23.434450,1150.749,211.976,1145.535,210.675
23.439070,1150.749,211.976,1148.142,211.326
23.443700,1150.749,211.976,1149.445,211.651
23.447840,1150.749,211.976,1150.097,211.814
23.452830,1150.749,211.976,1150.423,211.895
23.457240,1150.749,211.976,1150.586,211.936
23.461270,1150.749,211.976,1150.667,211.956
23.465290,1145.082,171.214,1147.875,191.585
23.469440,1145.082,171.214,1146.478,181.399
23.474190,1145.082,171.214,1145.780,176.306
23.478960,1145.082,171.214,1145.431,173.760
23.483970,1145.082,171.214,1145.256,172.487
23.487850,1145.082,171.214,1145.169,171.850
23.491980,1146.979,114.423,1146.074,143.137
23.495800,1146.979,114.423,1146.526,128.780
23.499520,1146.979,114.423,1146.753,121.601
23.504220,1146.979,114.423,1146.866,118.012
23.508900,1146.979,114.423,1146.922,116.218
23.513880,1146.979,114.423,1146.951,115.320
23.518490,1146.979,114.423,1146.965,114.872
23.523460,1147.944,70.800,1147.455,92.836
23.527420,1147.944,70.800,1147.699,81.818
23.532300,1147.944,70.800,1147.822,76.309
23.536490,1147.944,70.800,1147.883,73.555
23.540760,1147.944,70.800,1147.914,72.177
23.544950,1147.944,70.800,1147.929,71.489
23.548880,1147.944,70.800,1147.937,71.145
23.553480,1144.348,39.159,1146.142,55.152
23.558210,1144.348,39.159,1145.245,47.156
23.563020,1144.348,39.159,1144.797,43.157
23.567560,1144.348,39.159,1144.572,41.158
23.571590,1144.348,39.159,1144.460,40.159
23.576160,1144.348,39.159,1144.404,39.659
23.580140,1144.348,39.159,1144.376,39.409
23.583880,1140.988,19.032,1142.682,29.220
23.588340,1140.988,19.032,1141.835,24.126
23.592220,1140.988,19.032,1141.412,21.579
23.596560,1140.988,19.032,1141.200,20.305
23.600440,1140.988,19.032,1141.094,19.668
23.605020,1140.988,19.032,1141.041,19.350
23.609580,1140.988,19.032,1141.015,19.191
23.613630,1140.654,2.657,1140.834,10.924
23.618180,1140.654,2.657,1140.744,6.790
23.623160,1140.654,2.657,1140.699,4.723
23.628210,1140.654,2.657,1140.676,3.690
23.632770,1140.654,2.657,1140.665,3.173
23.637500,1140.654,2.657,1140.659,2.915
23.642180,1140.654,2.657,1140.656,2.786
23.646140,1137.504,-4.038,1139.080,-0.626
23.649700,1137.504,-4.038,1138.292,-2.332
23.654290,1137.504,-4.038,1137.898,-3.185
23.659240,1137.504,-4.038,1137.701,-3.612
23.663410,1137.504,-4.038,1137.603,-3.825
23.667360,1137.504,-4.038,1137.553,-3.931
23.671760,1137.504,-4.038,1137.529,-3.985
23.676220,1140.669,-6.194,1139.099,-5.089
23.680410,1140.669,-6.194,1139.884,-5.642
23.684980,1140.669,-6.194,1140.276,-5.918
23.690130,1140.669,-6.194,1140.473,-6.056
23.694170,1140.669,-6.194,1140.571,-6.125
23.697660,1140.669,-6.194,1140.620,-6.159
23.701790,1140.669,-6.194,1140.644,-6.177
23.707090,1146.027,-11.925,1143.336,-9.051
23.711930,1146.027,-11.925,1144.682,-10.488
23.716950,1146.027,-11.925,1145.354,-11.207
23.721630,1146.027,-11.925,1145.691,-11.566
23.725520,1146.027,-11.925,1145.859,-11.745
23.729430,1146.027,-11.925,1145.943,-11.835
23.733480,1080.366,67.906,1113.154,28.035
23.737660,1080.366,67.906,1096.760,47.971
23.741610,1080.366,67.906,1088.563,57.939
23.746750,1080.366,67.906,1084.464,62.922
23.751120,1080.366,67.906,1082.415,65.414
23.755290,1080.366,67.906,1081.390,66.660
23.759740,1080.366,67.906,1080.878,67.283
23.763600,613.329,551.151,847.103,309.217
23.767190,613.329,551.151,730.216,430.184
23.771340,613.329,551.151,671.773,490.667
23.775290,613.329,551.151,642.551,520.909
23.779820,613.329,551.151,627.940,536.030
23.783350,613.329,551.151,620.634,543.590
23.787320,613.329,551.151,616.982,547.370
23.791290,613.329,551.151,615.155,549.261
23.795290,197.546,977.978,406.351,763.619
23.799320,197.546,977.978,301.949,870.799
23.802970,197.546,977.978,249.747,924.388
23.808270,197.546,977.978,223.647,951.183
23.812750,197.546,977.978,210.597,964.581
23.816340,197.546,977.978,204.071,971.279
23.820060,197.546,977.978,200.809,974.629
23.824560,12.020,1146.126,106.414,1060.377
23.829160,12.020,1146.126,59.217,1103.252
23.833260,12.020,1146.126,35.619,1124.689
23.837810,12.020,1146.126,23.819,1135.407
23.842930,12.020,1146.126,17.920,1140.767
23.847640,12.020,1146.126,14.970,1143.447
23.852400,12.020,1146.126,13.495,1144.786
23.857950,-55.843,1214.001,-21.174,1179.394
23.862430,-55.843,1214.001,-38.509,1196.698
23.866980,-55.843,1214.001,-47.176,1205.349
23.871620,-55.843,1214.001,-51.510,1209.675
23.879560,-55.843,1214.001,-53.676,1211.838
23.883730,-55.843,1214.001,-54.760,1212.920
23.888640,-93.122,1247.206,-73.941,1230.063
23.892920,-93.122,1247.206,-83.532,1238.634
23.897110,-93.122,1247.206,-88.327,1242.920
23.901310,-93.122,1247.206,-90.724,1245.063
23.905730,-93.122,1247.206,-91.923,1246.134
23.909660,-93.122,1247.206,-92.523,1246.670
23.913470,-93.122,1247.206,-92.822,1246.938
23.917370,-110.162,1269.409,-101.492,1258.173
23.922350,-110.162,1269.409,-105.827,1263.791
23.926670,-110.162,1269.409,-107.994,1266.600
23.930720,-110.162,1269.409,-109.078,1268.005
23.934920,-110.162,1269.409,-109.620,1268.707
23.938930,-110.162,1269.409,-109.891,1269.058
23.943470,-110.162,1269.409,-110.026,1269.234
23.948370,-226.388,1281.650,-168.207,1275.442
23.951900,-226.388,1281.650,-197.297,1278.546
23.956040,-226.388,1281.650,-211.843,1280.098
23.960670,-226.388,1281.650,-219.115,1280.874
23.964990,-226.388,1281.650,-222.752,1281.262
23.969290,-226.388,1281.650,-224.570,1281.456
23.973260,-226.388,1281.650,-225.479,1281.553
23.976990,-323.793,1280.443,-274.636,1280.998
23.980800,-323.793,1280.443,-299.214,1280.721
23.985770,-323.793,1280.443,-311.504,1280.582
23.990700,-323.793,1280.443,-317.648,1280.512
23.994710,-323.793,1280.443,-320.721,1280.478
23.998540,-323.793,1280.443,-322.257,1280.460
24.003400,-323.793,1280.443,-323.025,1280.452
24.008200,-373.266,1272.253,-348.146,1276.352
24.012160,-373.266,1272.253,-360.706,1274.303
24.015870,-373.266,1272.253,-366.986,1273.278
24.020770,-373.266,1272.253,-370.126,1272.765
24.024990,-373.266,1272.253,-371.696,1272.509
24.029110,-373.266,1272.253,-372.481,1272.381
24.033280,-373.266,1272.253,-372.874,1272.317
24.037940,-406.760,1266.739,-389.817,1269.528
24.042640,-406.760,1266.739,-398.289,1268.133
24.047100,-406.760,1266.739,-402.524,1267.436
24.051640,-406.760,1266.739,-404.642,1267.087
24.056800,-406.760,1266.739,-405.701,1266.913
24.060820,-406.760,1266.739,-406.231,1266.826
24.066030,-428.479,1258.470,-417.355,1262.648
24.071800,-428.479,1258.470,-422.917,1260.559
24.077400,-428.479,1258.470,-425.698,1259.515
24.082370,-428.479,1258.470,-427.089,1258.992
24.088000,-428.479,1258.470,-427.784,1258.731
24.094010,-428.479,1258.470,-428.132,1258.601
24.099480,-440.412,1250.279,-434.272,1254.440
24.104380,-440.412,1250.279,-437.342,1252.359
24.109360,-440.412,1250.279,-438.877,1251.319
24.114750,-440.412,1250.279,-439.644,1250.799
24.119600,-440.412,1250.279,-440.028,1250.539
24.124970,-440.412,1250.279,-440.220,1250.409
24.129750,-448.288,1243.179,-444.254,1246.794
24.134940,-448.288,1243.179,-446.271,1244.987
24.140520,-448.288,1243.179,-447.279,1244.083
24.146550,-448.288,1243.179,-447.783,1243.631
24.150920,-448.288,1243.179,-448.035,1243.405
24.157250,-444.591,1219.273,-446.313,1231.339
24.162670,-444.591,1219.273,-445.452,1225.306
24.167790,-444.591,1219.273,-445.022,1222.290
24.173930,-444.591,1219.273,-444.806,1220.781
24.180360,-444.591,1219.273,-444.699,1220.027
24.184410,-444.591,1219.273,-444.645,1219.650
24.190320,-444.501,1212.468,-444.573,1216.059
24.195310,-444.501,1212.468,-444.537,1214.264
24.201070,-444.501,1212.468,-444.519,1213.366
24.205850,-444.501,1212.468,-444.510,1212.917
24.210350,-444.501,1212.468,-444.506,1212.693
24.214780,-444.501,1212.468,-444.503,1212.581
24.218490,-446.671,1209.898,-445.587,1211.239
24.223400,-446.671,1209.898,-446.129,1210.569
24.229030,-446.671,1209.898,-446.400,1210.233
24.233600,-446.671,1209.898,-446.535,1210.065
24.238270,-446.671,1209.898,-446.603,1209.982
24.250330,-448.261,1206.381,-447.432,1208.181
24.255480,-448.261,1206.381,-447.847,1207.281
24.260190,-448.261,1206.381,-448.054,1206.831
24.264110,-448.261,1206.381,-448.157,1206.606
24.267770,-448.261,1206.381,-448.209,1206.493
24.272410,-448.261,1206.381,-448.235,1206.437
24.277190,-448.261,1206.381,-448.248,1206.409
24.281200,-447.042,1203.947,-447.645,1205.178
24.284980,-447.042,1203.947,-447.344,1204.563
24.289660,-447.042,1203.947,-447.193,1204.255
24.295000,-447.042,1203.947,-447.117,1204.101
24.299020,-447.042,1203.947,-447.080,1204.024
24.303400,-447.042,1203.947,-447.061,1203.986
24.308000,-242.048,1060.168,-344.554,1132.077
24.313050,-242.048,1060.168,-293.301,1096.122
24.319020,-242.048,1060.168,-267.675,1078.145
24.323760,-242.048,1060.168,-254.861,1069.156
24.328010,-242.048,1060.168,-248.455,1064.662
24.332140,-242.048,1060.168,-245.251,1062.415
24.335950,-242.048,1060.168,-243.650,1061.292
24.340440,344.101,614.101,50.225,837.696
24.344990,344.101,614.101,197.163,725.899
24.350070,344.101,614.101,270.632,670.000
24.355330,344.101,614.101,307.366,642.051
24.359790,344.101,614.101,325.733,628.076
24.363610,344.101,614.101,334.917,621.088
24.367370,344.101,614.101,339.509,617.595
24.372150,737.122,282.890,538.315,450.242
24.376580,737.122,282.890,637.719,366.566
24.381720,737.122,282.890,687.420,324.728
24.386180,737.122,282.890,712.271,303.809
24.390380,737.122,282.890,724.696,293.350
24.394550,737.122,282.890,730.909,288.120
24.398350,914.384,156.344,822.647,222.232
24.402240,914.384,156.344,868.515,189.288
24.406050,914.384,156.344,891.450,172.816
24.410460,914.384,156.344,902.917,164.580
24.415060,914.384,156.344,908.650,160.462
24.419360,914.384,156.344,911.517,158.403
24.423630,914.384,156.344,912.951,157.374
24.427330,914.384,156.344,913.667,156.859
24.431810,974.151,108.688,943.909,132.774
24.435530,974.151,108.688,959.030,120.731
24.440360,974.151,108.688,966.591,114.710
24.444900,974.151,108.688,970.371,111.699
24.448820,974.151,108.688,972.261,110.194
24.452300,974.151,108.688,973.206,109.441
24.457330,974.151,108.688,973.679,109.065
24.461990,1000.979,79.705,987.329,94.385
24.466540,1000.979,79.705,994.154,87.045
24.471830,1000.979,79.705,997.567,83.375
24.475880,1000.979,79.705,999.273,81.540
24.479890,1000.979,79.705,1000.126,80.623
24.484420,1000.979,79.705,1000.553,80.164
24.489370,1014.363,67.793,1007.458,73.978
24.494670,1014.363,67.793,1010.910,70.885
24.499180,1014.363,67.793,1012.636,69.339
24.504370,1014.363,67.793,1013.500,68.566
24.509200,1014.363,67.793,1013.931,68.179
24.513050,1014.363,67.793,1014.147,67.986
24.516940,1014.363,67.793,1014.255,67.889
24.522310,1026.288,60.359,1020.272,64.124
24.526770,1026.288,60.359,1023.280,62.241
24.531550,1026.288,60.359,1024.784,61.300
24.539540,1026.288,60.359,1025.536,60.829
24.544100,1026.288,60.359,1025.912,60.594
24.548250,1026.288,60.359,1026.100,60.476
24.553580,1032.117,68.140,1029.109,64.308
24.558200,1032.117,68.140,1030.613,66.224
24.563040,1032.117,68.140,1031.365,67.182
24.570390,1032.117,68.644,1031.741,67.913
24.575140,1032.117,68.644,1031.929,68.279
24.579440,1033.721,69.588,1032.825,68.933
24.585010,1033.721,69.588,1033.273,69.261
24.590680,1033.721,69.588,1033.497,69.424
24.596420,1033.721,69.588,1033.609,69.506
24.601090,1033.721,69.588,1033.665,69.547
24.605830,1033.721,69.588,1033.693,69.567
24.612140,1030.483,71.563,1032.088,70.565
24.616220,1030.483,71.563,1031.286,71.064
24.620260,1030.483,71.563,1030.885,71.314
24.625760,1030.483,71.563,1030.684,71.438
24.630770,1030.483,71.563,1030.583,71.501
24.634840,1030.483,71.563,1030.533,71.532
24.638880,1030.483,71.563,1030.508,71.548
24.643970,1027.948,74.763,1029.228,73.155
24.648220,1027.948,74.763,1028.588,73.959
24.653070,1027.948,74.763,1028.268,74.361
24.658180,1027.948,74.763,1028.108,74.562
24.662710,1027.948,74.763,1028.028,74.663
24.666490,1027.948,74.763,1027.988,74.713
24.670130,1024.416,73.368,1026.202,74.040
24.675140,1024.416,73.368,1025.309,73.704
24.679320,1024.416,73.368,1024.863,73.536
24.683950,1024.416,73.368,1024.639,73.452
24.688000,1024.416,73.368,1024.528,73.410
24.692860,1024.416,73.368,1024.472,73.389
24.696700,1024.416,73.368,1024.444,73.378
24.700350,1025.320,71.660,1024.882,72.519
24.705180,1025.320,71.660,1025.101,72.090
24.709810,1025.320,71.660,1025.211,71.875
24.714350,1025.320,71.660,1025.265,71.768
24.718500,1025.320,71.660,1025.293,71.714
24.722950,1025.320,71.660,1025.306,71.687
24.726920,1025.320,71.660,1025.313,71.674
24.731060,1025.783,69.356,1025.548,70.515
24.735140,1025.783,69.356,1025.666,69.935
24.740000,1025.783,69.356,1025.725,69.646
24.744830,1025.783,69.356,1025.754,69.501
24.748950,1025.783,69.356,1025.769,69.429
24.753650,1025.783,69.356,1025.776,69.392
24.757960,1025.783,69.356,1025.780,69.374
24.762360,1026.650,69.864,1026.215,69.619
24.766290,1026.650,69.864,1026.433,69.742
24.774400,1026.650,69.864,1026.542,69.803
24.779070,1026.650,69.864,1026.596,69.834
24.785240,1026.650,69.864,1026.623,69.849
24.790640,1027.147,70.709,1026.885,70.279
24.796560,1027.147,70.709,1027.016,70.494
24.801510,1027.147,70.709,1027.081,70.602
24.806600,1027.147,70.709,1027.114,70.656
24.810950,1027.147,70.709,1027.130,70.682
24.815280,1027.147,70.709,1027.139,70.696
24.820620,1027.147,70.709,1027.143,70.703
24.825210,1028.261,70.533,1027.702,70.618
24.829380,1028.261,70.533,1027.982,70.576
24.833960,1028.261,70.533,1028.121,70.555
24.838630,1028.261,70.533,1028.191,70.544
24.842850,1028.261,70.533,1028.226,70.539
24.847050,1028.261,70.533,1028.244,70.536
24.851630,1058.470,100.427,1043.357,85.482
24.856970,1058.470,100.427,1050.914,92.954
24.861200,1058.470,100.427,1054.692,96.691
24.866140,1058.470,100.427,1056.581,98.559
24.870380,1058.470,100.427,1057.526,99.493
24.874870,1058.470,100.427,1057.998,99.960
24.878360,1058.470,100.427,1058.234,100.194
24.882330,1150.436,391.280,1104.335,245.737
24.886800,1150.436,391.280,1127.385,318.508
24.891540,1150.436,391.280,1138.911,354.894
24.895960,1150.436,391.280,1144.673,373.087
24.899940,1150.436,391.280,1147.554,382.183
24.904090,1150.436,391.280,1148.995,386.731
24.908190,1150.436,391.280,1149.715,389.005
24.912800,1239.248,781.078,1194.481,585.042
24.917300,1239.248,781.078,1216.865,683.060
24.921560,1239.248,781.078,1228.056,732.069
24.928230,1239.248,781.078,1233.652,756.573
24.932500,1239.248,781.078,1236.450,768.825
24.936160,1239.248,781.078,1237.849,774.951
24.940250,1239.248,781.078,1238.548,778.015
24.944610,1275.391,988.654,1256.970,883.334
24.948900,1275.391,988.654,1266.180,935.994
24.953310,1275.391,988.654,1270.786,962.324
24.958750,1275.391,988.654,1273.089,975.489
24.963400,1275.391,988.654,1274.240,982.071
24.967550,1275.391,988.654,1274.816,985.363
24.971850,1308.663,1084.619,1291.739,1034.991
24.977010,1308.663,1084.619,1300.201,1059.805
24.981320,1308.663,1084.619,1304.432,1072.212
24.986020,1308.663,1084.619,1306.548,1078.415
24.990790,1308.663,1084.619,1307.605,1081.517
24.994640,1308.663,1084.619,1308.134,1083.068
24.998660,1308.663,1084.619,1308.399,1083.844
25.002380,1320.406,1125.630,1314.403,1104.737
25.007310,1320.406,1125.630,1317.405,1115.184
25.011580,1320.406,1125.630,1318.906,1120.407
25.016280,1320.406,1125.630,1319.656,1123.019
25.020410,1320.406,1125.630,1320.031,1124.324
25.024640,1320.406,1125.630,1320.219,1124.977
25.028480,1320.406,1125.630,1320.313,1125.304
25.032220,1320.976,1143.995,1320.645,1134.649
25.036070,1320.976,1143.995,1320.810,1139.322
25.040400,1320.976,1143.995,1320.893,1141.658
25.045110,1320.976,1143.995,1320.935,1142.827
25.049780,1320.976,1143.995,1320.956,1143.411
25.054440,1320.976,1143.995,1320.966,1143.703
25.059450,1320.976,1143.995,1320.971,1143.849
25.064600,1318.929,1152.890,1319.950,1148.369
25.069360,1318.929,1152.890,1319.440,1150.629
25.074460,1318.929,1152.890,1319.185,1151.760
25.079690,1318.929,1152.890,1319.057,1152.324
25.083930,1318.929,1152.890,1318.993,1152.607
25.088140,1318.929,1152.890,1318.961,1152.748
25.092560,1318.929,1152.890,1318.945,1152.819
25.097390,1464.233,1095.226,1391.589,1124.022
25.101990,1464.233,1095.226,1427.911,1109.624
25.106600,1464.233,1095.226,1446.072,1102.425
25.111040,1464.233,1095.226,1455.152,1098.825
25.115580,1464.233,1095.226,1459.692,1097.026
25.119580,1464.233,1095.226,1461.963,1096.126
25.123870,1631.892,1011.252,1546.927,1053.689
25.128480,1631.892,1011.252,1589.410,1032.470
25.132430,1631.892,1011.252,1610.651,1021.861
25.136850,1631.892,1011.252,1621.271,1016.557
25.141350,1631.892,1011.252,1626.582,1013.904
25.145970,1631.892,1011.252,1629.237,1012.578
25.150270,1631.892,1011.252,1630.564,1011.915
25.154470,1752.952,946.982,1691.758,979.448
25.159360,1752.952,946.982,1722.355,963.215
25.163620,1752.952,946.982,1737.653,955.098
25.168700,1752.952,946.982,1745.302,951.040
25.173560,1752.952,946.982,1749.127,949.011
25.177830,1752.952,946.982,1751.039,947.996
25.182100,1752.952,946.982,1751.995,947.489
25.186240,1834.948,893.528,1793.472,920.509
25.190610,1834.948,893.528,1814.210,907.019
25.195000,1834.948,893.528,1824.579,900.274
25.199150,1834.948,893.528,1829.763,896.901
25.203160,1834.948,893.528,1832.356,895.215
25.207570,1834.948,893.528,1833.652,894.372
25.211900,1834.948,893.528,1834.300,893.950
25.216370,1890.331,866.398,1862.316,880.174
25.220200,1890.331,866.398,1876.323,873.286
25.225870,1890.331,866.398,1883.327,869.842
25.230960,1890.331,866.398,1886.829,868.120
25.234870,1890.331,866.398,1888.580,867.259
25.238600,1890.331,866.398,1889.456,866.829
25.242680,1890.331,866.398,1889.894,866.614
25.247030,1921.781,851.959,1905.837,859.287
25.251520,1921.781,851.959,1913.809,855.623
25.256230,1921.781,851.959,1917.795,853.791
25.260890,1921.781,851.959,1919.788,852.875
25.264840,1921.781,851.959,1920.785,852.417
25.269020,1921.781,851.959,1921.283,852.188
25.273940,1921.781,851.959,1921.532,852.074
25.278510,1811.068,673.816,1866.300,762.945
25.282170,1811.068,673.816,1838.684,718.380
25.286420,1811.068,673.816,1824.876,696.098
25.291420,1811.068,673.816,1817.972,684.957
25.295730,1811.068,673.816,1814.520,679.387
25.299490,1811.068,673.816,1812.794,676.601
25.303390,1811.068,673.816,1811.931,675.209
25.308120,1524.160,346.885,1668.046,511.047
25.312610,1524.160,346.885,1596.103,428.966
25.317380,1524.160,346.885,1560.131,387.926
25.322370,1524.160,346.885,1542.146,367.405
25.327050,1524.160,346.885,1533.153,357.145
25.331740,1524.160,346.885,1528.656,352.015
25.336330,1276.461,69.504,1402.559,210.760
25.340830,1276.461,69.504,1339.510,140.132
25.344870,1276.461,69.504,1307.985,104.818
25.350160,1276.461,69.504,1292.223,87.161
25.355800,1276.461,69.504,1284.342,78.333
25.360900,1276.461,69.504,1280.402,73.918
25.365460,1149.853,-45.231,1215.127,14.344
25.370250,1149.853,-45.231,1182.490,-15.443
25.374300,1149.853,-45.231,1166.171,-30.337
25.378650,1149.853,-45.231,1158.012,-37.784
25.382530,1149.853,-45.231,1153.933,-41.507
25.386670,1149.853,-45.231,1151.893,-43.369
25.390900,1149.853,-45.231,1150.873,-44.300
25.395350,1149.853,-45.231,1150.363,-44.765
25.399760,1099.279,-103.174,1124.821,-73.970
25.403720,1099.279,-103.174,1112.050,-88.572
25.408430,1099.279,-103.174,1105.665,-95.873
25.413310,1099.279,-103.174,1102.472,-99.523
25.417350,1099.279,-103.174,1100.876,-101.349
25.423810,1099.279,-103.174,1100.078,-102.261
25.429520,1075.027,-139.292,1087.552,-120.777
25.434710,1075.027,-139.292,1081.290,-130.034
25.440530,1075.027,-139.292,1078.158,-134.663
25.444810,1075.027,-139.292,1076.593,-136.977
25.449550,1075.027,-139.292,1075.810,-138.135
25.454340,1075.027,-139.292,1075.418,-138.713
25.459790,1060.670,-153.134,1068.044,-145.924
25.465260,1060.670,-153.134,1064.357,-149.529
25.470520,1060.670,-153.134,1062.513,-151.331
25.476020,1060.670,-153.134,1061.592,-152.233
25.480950,1060.670,-153.134,1061.131,-152.683
25.485260,1060.670,-153.134,1060.900,-152.909
25.490480,1058.418,-160.773,1059.659,-156.841
25.494320,1058.418,-160.773,1059.038,-158.807
25.498320,1058.418,-160.773,1058.728,-159.790
25.503220,1058.418,-160.773,1058.573,-160.281
25.507620,1058.418,-160.773,1058.495,-160.527
25.511270,1058.418,-160.773,1058.457,-160.650
25.515040,1058.418,-160.773,1058.437,-160.711
25.519300,1060.519,-167.956,1059.478,-164.333
25.523050,1060.519,-167.956,1059.998,-166.145
25.527470,1060.519,-167.956,1060.258,-167.050
25.532410,1060.519,-167.956,1060.388,-167.503
25.536870,1060.519,-167.956,1060.453,-167.729
25.541210,1060.519,-167.956,1060.486,-167.842
25.545200,1060.519,-167.956,1060.502,-167.899
25.549390,1064.373,-171.889,1062.438,-169.894
25.553480,1064.373,-171.889,1063.406,-170.892
25.557630,1064.373,-171.889,1063.889,-171.391
25.562460,1064.373,-171.889,1064.131,-171.640
25.566090,1064.373,-171.889,1064.252,-171.765
25.569790,1064.373,-171.889,1064.313,-171.827
25.573550,1064.373,-171.889,1064.343,-171.858
25.577630,1026.104,-113.044,1045.224,-142.451
25.581660,1026.104,-113.044,1035.664,-127.748
25.585720,1026.104,-113.044,1030.884,-120.396
25.590750,1026.104,-113.044,1028.494,-116.720
25.595100,1026.104,-113.044,1027.299,-114.882
25.599210,1026.104,-113.044,1026.702,-113.963
25.602850,1026.104,-113.044,1026.403,-113.504
25.606830,945.529,25.135,985.966,-44.184
25.612990,945.529,25.135,965.748,-9.525
25.617960,945.529,25.135,955.639,7.805
25.622690,945.529,25.135,950.584,16.470
25.626890,945.529,25.135,948.057,20.802
25.631140,945.529,25.135,946.793,22.969
25.635060,945.529,25.135,946.161,24.052
25.639450,828.686,239.480,887.424,131.766
25.644010,828.686,239.480,858.055,185.623
25.653060,828.686,239.480,843.371,212.552
25.658150,828.686,239.480,836.028,226.016
25.662710,828.686,239.480,832.357,232.748
25.666280,828.686,239.480,830.522,236.114
25.670750,726.387,407.251,778.455,321.683
25.675430,726.387,407.251,752.421,364.467
25.680580,726.387,407.251,739.404,385.859
25.684480,726.387,407.251,732.896,396.555
25.688920,726.387,407.251,729.641,401.903
25.693110,726.387,407.251,728.014,404.577
25.696830,726.387,407.251,727.201,405.914
25.701320,672.912,490.474,700.056,448.194
25.706230,672.912,490.474,686.484,469.334
25.711490,672.912,490.474,679.698,479.904
25.715810,672.912,490.474,676.305,485.189
25.720140,672.912,490.474,674.609,487.831
25.724670,672.912,490.474,673.760,489.153
25.729270,651.906,545.209,662.833,517.181
25.732850,651.906,545.209,657.370,531.195
25.736670,651.906,545.209,654.638,538.202
25.741620,651.906,545.209,653.272,541.705
25.745700,651.906,545.209,652.589,543.457
25.749640,651.906,545.209,652.248,544.333
25.753500,651.906,545.209,652.077,544.771
25.757680,651.705,555.993,651.891,550.382
25.762510,651.705,555.993,651.798,553.187
25.766570,651.705,555.993,651.752,554.590
25.771440,651.705,555.993,651.729,555.292
25.775780,651.705,555.993,651.717,555.642
25.779850,651.705,555.993,651.711,555.818
25.783770,651.705,555.993,651.708,555.905
25.787420,535.102,655.775,593.405,605.840
25.792130,535.102,655.775,564.254,630.808
25.796690,535.102,655.775,549.678,643.292
25.801340,535.102,655.775,542.390,649.534
25.805750,535.102,655.775,538.746,652.654
25.810250,535.102,655.775,536.924,654.215
25.814250,535.102,655.775,536.013,654.995
25.818320,164.083,927.615,350.048,791.305
25.822850,164.083,927.615,257.066,859.460
25.827280,164.083,927.615,210.574,893.538
25.832230,164.083,927.615,187.329,910.577
25.836040,164.083,927.615,175.706,919.096
25.840300,164.083,927.615,169.894,923.356
25.844660,164.083,927.615,166.989,925.486
25.849260,-178.162,1122.840,-5.587,1024.163
25.853770,-178.162,1122.840,-91.874,1073.501
25.858150,-178.162,1122.840,-135.018,1098.171
25.862880,-178.162,1122.840,-156.590,1110.505
25.867780,-178.162,1122.840,-167.376,1116.672
25.873880,-178.162,1122.840,-172.769,1119.756
25.880410,-337.197,1203.663,-254.983,1161.710
25.885930,-337.197,1203.663,-296.090,1182.687
25.892540,-337.197,1203.663,-316.643,1193.175
25.897430,-337.197,1203.663,-326.920,1198.419
25.902470,-337.197,1203.663,-332.058,1201.041
25.908080,-337.197,1203.663,-334.627,1202.352
25.913150,-398.010,1226.997,-366.319,1214.675
25.918500,-398.010,1226.997,-382.164,1220.836
25.925110,-398.010,1226.997,-390.087,1223.917
25.930490,-398.010,1226.997,-394.048,1225.457
25.935560,-398.010,1226.997,-396.029,1226.227
25.941740,-431.635,1239.470,-413.832,1232.849
25.946940,-431.635,1239.470,-422.734,1236.159
25.952450,-431.635,1239.470,-427.184,1237.815
25.958960,-431.635,1239.470,-429.410,1238.643
25.964200,-431.635,1239.470,-430.523,1239.056
25.968960,-447.533,1246.103,-439.028,1242.579
25.974840,-447.533,1246.103,-443.280,1244.341
25.980670,-447.533,1246.103,-445.406,1245.222
25.986150,-447.533,1246.103,-446.469,1245.662
25.991880,-447.533,1246.103,-447.001,1245.882
25.996940,-447.533,1246.103,-447.267,1245.992
26.001990,-459.250,1253.852,-453.258,1249.922
26.006750,-459.250,1253.852,-456.254,1251.887
26.012460,-459.250,1253.852,-457.752,1252.870
26.017370,-459.250,1253.852,-458.501,1253.361
26.022850,-459.250,1253.852,-458.875,1253.607
26.028850,-459.250,1253.852,-459.062,1253.729
26.036120,-297.387,1239.858,-378.224,1246.794
26.043330,-297.387,1239.858,-337.806,1243.326
26.050450,-297.387,1239.858,-317.596,1241.592
26.056280,-297.387,1239.858,-307.491,1240.725
26.062390,375.483,1233.032,33.996,1236.878
26.068720,375.483,1233.032,204.740,1234.955
26.076020,375.483,1233.032,290.111,1233.993
26.081350,375.483,1233.032,332.797,1233.512
26.088610,375.483,1233.032,354.140,1233.272
26.094600,1611.433,1237.831,982.787,1235.552
26.100260,1611.433,1237.831,1297.110,1236.691
26.109190,1611.433,1237.831,1454.271,1237.261
26.115720,1611.433,1237.831,1532.852,1237.546
26.121260,2259.903,1233.834,1896.378,1235.690
26.127460,2259.903,1233.834,2078.141,1234.762
26.133100,2259.903,1233.834,2169.022,1234.298
26.138510,2259.903,1233.834,2214.463,1234.066
26.144320,2259.903,1233.834,2237.183,1233.950
26.149240,2259.903,1233.834,2248.543,1233.892
26.154730,2503.512,1226.819,2376.028,1230.356
26.160380,2503.512,1226.819,2439.770,1228.588
26.166440,2503.512,1226.819,2471.641,1227.703
26.171630,2503.512,1226.819,2487.577,1227.261
26.177350,2503.512,1226.819,2495.544,1227.040
26.182060,2607.917,1225.397,2551.731,1226.219
26.186410,2607.917,1225.397,2579.824,1225.808
26.192990,2607.917,1225.397,2593.871,1225.602
26.198380,2607.917,1225.397,2600.894,1225.500
26.203530,2607.917,1225.397,2604.406,1225.448
26.207910,2607.917,1225.397,2606.162,1225.423
26.212990,2620.454,1233.065,2613.308,1229.244
26.217450,2620.454,1233.065,2616.881,1231.155
26.222510,2620.454,1233.065,2618.667,1232.110
26.227440,2620.454,1233.065,2619.560,1232.588
26.231950,2620.454,1233.065,2620.007,1232.826
26.235560,2620.454,1233.065,2620.230,1232.946
26.239500,2620.454,1233.065,2620.342,1233.006
26.244670,2625.161,1245.286,2622.751,1239.146
26.248340,2625.161,1245.286,2623.956,1242.216
26.252330,2625.161,1245.286,2624.559,1243.751
26.257120,2625.161,1245.286,2624.860,1244.519
26.261440,2625.161,1245.286,2625.010,1244.903
26.265390,2625.161,1245.286,2625.085,1245.095
26.270640,2378.035,1078.336,2501.560,1161.716
26.276720,2378.035,1078.336,2439.797,1120.026
26.282660,2378.035,1078.336,2408.916,1099.181
26.287210,2378.035,1078.336,2393.476,1088.759
26.292460,2378.035,1078.336,2385.755,1083.548
26.297030,2378.035,1078.336,2381.895,1080.942
26.301750,1789.171,762.811,2085.533,921.877
26.306700,1789.171,762.811,1937.352,842.344
26.311250,1789.171,762.811,1863.261,802.577
26.315770,1789.171,762.811,1826.216,782.694
26.319980,1789.171,762.811,1807.693,772.753
26.324310,1789.171,762.811,1798.432,767.782
26.328450,1789.171,762.811,1793.801,765.296
26.333340,1182.160,452.424,1487.980,608.860
26.337200,1182.160,452.424,1335.070,530.642
26.341510,1182.160,452.424,1258.615,491.533
26.346140,1182.160,452.424,1220.387,471.978
26.350110,1182.160,452.424,1201.273,462.201
26.353780,1182.160,452.424,1191.717,457.312
26.357800,1182.160,452.424,1186.938,454.868
26.362180,878.136,286.936,1032.537,370.902
26.366400,878.136,286.936,955.337,328.919
26.371820,878.136,286.936,916.736,307.927
26.377850,878.136,286.936,897.436,297.431
26.382510,878.136,286.936,887.786,292.184
26.386910,878.136,286.936,882.961,289.560
26.391490,878.136,286.936,880.549,288.248
26.395900,751.414,215.275,815.981,251.761
26.400280,751.414,215.275,783.698,233.518
26.405280,751.414,215.275,767.556,224.397
26.410600,751.414,215.275,759.485,219.836
26.415620,751.414,215.275,755.449,217.555
26.420100,751.414,215.275,753.432,216.415
26.425410,702.879,184.003,728.155,200.209
26.430250,702.879,184.003,715.517,192.106
26.434820,702.879,184.003,709.198,188.055
26.438550,702.879,184.003,706.038,186.029
26.443290,702.879,184.003,704.459,185.016
26.446790,702.879,184.003,703.669,184.510
26.450590,702.879,184.003,703.274,184.256
26.454790,700.138,168.896,701.706,176.576
26.459260,700.138,168.896,700.922,172.736
26.463220,700.138,168.896,700.530,170.816
26.468700,700.138,168.896,700.334,169.856
26.474650,700.138,168.896,700.236,169.376
26.478910,700.138,168.896,700.187,169.136
26.482770,700.779,162.898,700.483,166.017
26.487310,700.779,162.898,700.631,164.457
26.491970,700.779,162.898,700.705,163.678
26.497020,700.779,162.898,700.742,163.288
26.501120,700.779,162.898,700.761,163.093
26.505560,700.779,162.898,700.770,162.995
26.510830,700.779,162.898,700.775,162.947
26.515140,698.701,159.880,699.738,161.413
26.519070,698.701,159.880,699.220,160.646
26.523780,698.701,159.880,698.960,160.263
26.528280,698.701,159.880,698.831,160.071
26.532800,698.701,159.880,698.766,159.975
26.536140,698.701,159.880,698.734,159.928
26.540630,698.701,159.880,698.717,159.904
26.545420,635.665,164.490,667.191,162.197
26.549770,635.665,164.490,651.428,163.343
26.554610,635.665,164.490,643.547,163.917
26.560170,635.665,164.490,639.606,164.203
26.564200,635.665,164.490,637.635,164.347
26.568010,635.665,164.490,636.650,164.418
26.572870,729.591,244.841,683.121,204.629
26.577480,729.591,244.841,706.356,224.735
26.582140,729.591,244.841,717.973,234.788
26.587180,729.591,244.841,723.782,239.814
26.592120,729.591,244.841,726.686,242.327
26.595950,729.591,244.841,728.139,243.584
26.600370,729.591,244.841,728.865,244.212
26.608590,729.591,244.841,729.228,244.526
26.614320,729.591,244.841,729.409,244.683
26.619190,729.591,244.841,729.500,244.762
26.624000,729.591,244.841,729.545,244.801
26.627710,729.591,244.841,729.568,244.821
26.632120,729.591,244.841,729.580,244.831
26.636580,729.591,244.841,729.585,244.836
26.640320,729.591,244.841,729.588,244.838
26.644620,729.591,244.841,729.589,244.839
26.649240,729.591,244.841,729.590,244.840
26.653380,729.591,244.841,729.591,244.840
26.657760,729.591,244.841,729.591,244.840
26.663470,729.591,244.841,729.591,244.840
26.667920,729.591,244.841,729.591,244.841
26.672250,729.591,244.841,729.591,244.841
26.677710,729.591,244.841,729.591,244.841
26.682290,729.591,244.841,729.591,244.841
26.686180,729.591,244.841,729.591,244.841
26.689820,729.591,244.841,729.591,244.841
26.693860,729.591,244.841,729.591,244.841
26.698950,729.591,244.841,729.591,244.841
26.703700,729.591,244.841,729.591,244.841
26.708560,729.591,244.841,729.591,244.841
26.713090,729.591,244.841,729.591,244.841
26.716890,729.591,244.841,729.591,244.841
26.720560,729.591,244.841,729.591,244.841
26.725230,729.591,244.841,729.591,244.841
26.729560,729.591,244.841,729.591,244.841
26.733310,729.591,244.841,729.591,244.841
26.737550,729.591,244.841,729.591,244.841
26.742950,729.591,244.841,729.591,244.841
26.746810,729.591,244.841,729.591,244.841
26.750510,729.591,244.841,729.591,244.841
26.754030,729.591,244.841,729.591,244.841
26.758470,729.591,244.841,729.591,244.841
26.762500,729.591,244.841,729.591,244.841
26.767050,729.591,244.841,729.591,244.841
26.771380,729.591,244.841,729.591,244.841
26.775820,729.591,244.841,729.591,244.841
26.779840,729.591,244.841,729.591,244.841
26.783560,729.591,244.841,729.591,244.841
26.786880,729.591,244.841,729.591,244.841
26.791180,729.591,244.841,729.591,244.841
26.795730,729.591,244.841,729.591,244.841
26.800430,729.591,244.841,729.591,244.841
26.804260,729.591,244.841,729.591,244.841
26.808890,729.591,244.841,729.591,244.841
26.812770,729.591,244.841,729.591,244.841
26.816990,729.591,244.841,729.591,244.841
26.820830,729.591,244.841,729.591,244.841
26.825320,729.591,244.841,729.591,244.841
26.829940,729.591,244.841,729.591,244.841
26.834150,729.591,244.841,729.591,244.841
26.838420,729.591,244.841,729.591,244.841
26.843920,625.813,225.495,677.702,235.168
26.848090,625.813,225.495,651.757,230.332
26.852200,625.813,225.495,638.785,227.914
26.856390,625.813,225.495,632.299,226.705
26.861640,625.813,225.495,629.056,226.100
26.866900,625.813,225.495,627.434,225.798
26.874630,721.973,345.379,674.704,285.588
26.900600,721.973,345.379,698.338,315.483
26.907360,895.420,618.292,796.879,466.888
26.913110,895.420,618.292,846.150,542.590
26.918880,895.420,618.292,870.785,580.441
26.924490,895.420,618.292,883.103,599.367
26.929880,895.420,618.292,889.262,608.830
26.935610,895.420,618.292,892.341,613.561
26.941330,1017.925,843.882,955.133,728.721
26.946400,1017.925,843.882,986.529,786.301
26.952140,1017.925,843.882,1002.227,815.091
26.956920,1017.925,843.882,1010.076,829.487
26.961650,1017.925,843.882,1014.000,836.684
26.974780,1093.303,958.348,1053.652,897.516
26.979670,1093.303,958.348,1073.477,927.932
26.984480,1093.303,958.348,1083.390,943.140
26.988390,1093.303,958.348,1088.346,950.744
26.992880,1093.303,958.348,1090.824,954.546
26.997390,1136.489,1026.015,1113.657,990.281
27.001410,1136.489,1026.015,1125.073,1008.147
27.004840,1136.489,1026.015,1130.781,1017.081
27.011050,1136.489,1026.015,1133.635,1021.548
27.016830,1136.489,1026.015,1135.062,1023.781
27.021540,1136.489,1026.015,1135.776,1024.898
27.026280,1163.497,1050.810,1149.636,1037.854
27.032770,1163.497,1050.810,1156.567,1044.332
27.038970,1163.497,1050.810,1160.032,1047.571
27.045630,1163.497,1050.810,1161.765,1049.190
27.051110,1163.497,1050.810,1162.631,1050.000
27.057890,1163.401,1064.027,1163.016,1057.014
27.065750,1163.401,1064.027,1163.208,1060.520
27.074510,1163.401,1064.027,1163.304,1062.274
27.081750,1163.401,1064.027,1163.352,1063.150
27.088960,1178.600,1091.779,1170.976,1077.465
27.096080,1178.600,1091.779,1174.788,1084.622
27.102530,1178.600,1091.779,1176.694,1088.200
27.109080,1178.600,1091.779,1177.647,1089.990
27.115240,1178.600,1091.779,1178.124,1090.884
27.131440,1192.155,1105.975,1185.139,1098.430
27.137690,1192.155,1105.975,1188.647,1102.202
27.144800,1192.155,1105.975,1190.401,1104.089
27.151320,1193.394,1104.813,1191.897,1104.451
27.156670,1193.394,1104.813,1192.646,1104.632
27.162800,1193.394,1104.813,1193.020,1104.723
27.169960,1193.394,1104.813,1193.207,1104.768
27.177140,1196.879,1096.468,1195.043,1100.618
27.184030,1196.879,1096.468,1195.961,1098.543
27.190270,1196.879,1096.468,1196.420,1097.505
27.195910,1196.879,1096.468,1196.649,1096.986
27.201670,1196.879,1096.468,1196.764,1096.727
27.207590,1200.245,1091.010,1198.505,1093.868
27.212790,1200.245,1091.010,1199.375,1092.439
27.216900,1200.245,1091.010,1199.810,1091.724
27.221650,1200.245,1091.010,1200.028,1091.367
27.226180,1200.245,1091.010,1200.137,1091.188
27.229960,1200.245,1091.010,1200.191,1091.099
27.233760,1200.245,1091.010,1200.218,1091.054
27.237670,1200.245,1091.010,1200.232,1091.032
27.241410,1200.245,1091.010,1200.239,1091.021
27.245910,1200.245,1091.010,1200.242,1091.015
27.250170,1200.245,1091.010,1200.244,1091.012
27.254550,1200.245,1091.010,1200.245,1091.011
27.259900,1200.245,1091.010,1200.245,1091.010
27.263800,1200.245,1091.010,1200.245,1091.010
27.268080,1200.245,1091.010,1200.245,1091.010
27.272080,1200.245,1091.010,1200.245,1091.010
27.276960,1200.245,1091.010,1200.245,1091.010
27.281710,1200.245,1091.010,1200.245,1091.010
27.285780,1200.245,1091.010,1200.245,1091.010
27.290000,1200.245,1091.010,1200.245,1091.010
27.294710,1200.245,1091.010,1200.245,1091.010
27.298790,1200.245,1091.010,1200.245,1091.010
27.303190,1200.245,1091.010,1200.245,1091.010
27.307760,1200.245,1091.010,1200.245,1091.010
27.312490,1200.245,1091.010,1200.245,1091.010
27.317080,1200.245,1091.010,1200.245,1091.010
27.321870,1200.245,1091.010,1200.245,1091.010
27.327640,1200.245,1091.010,1200.245,1091.010
27.332010,1200.245,1091.010,1200.245,1091.010
27.336060,1200.245,1091.010,1200.245,1091.010
27.340670,1200.245,1091.010,1200.245,1091.010
27.345270,1200.245,1091.010,1200.245,1091.010
27.349300,1200.245,1091.010,1200.245,1091.010
27.353240,1200.245,1091.010,1200.245,1091.010
27.357420,1200.245,1091.010,1200.245,1091.010
27.363020,1200.245,1091.010,1200.245,1091.010
27.368690,1200.245,1091.010,1200.245,1091.010
27.374780,1200.245,1091.010,1200.245,1091.010
27.378970,1200.245,1091.010,1200.245,1091.010
27.385050,1200.245,1091.010,1200.245,1091.010
27.391500,1200.245,1091.010,1200.245,1091.010
27.397040,1200.245,1091.010,1200.245,1091.010
27.403000,1200.245,1091.010,1200.245,1091.010
27.408940,1200.245,1091.010,1200.245,1091.010
27.413860,1200.245,1091.010,1200.245,1091.010
27.419610,1200.245,1091.010,1200.245,1091.010
27.424750,1200.245,1091.010,1200.245,1091.010
27.430640,1200.245,1091.010,1200.245,1091.010
27.434990,1200.245,1091.010,1200.245,1091.010
27.439980,1200.245,1091.010,1200.245,1091.010
27.445670,1200.245,1091.010,1200.245,1091.010
27.450170,1200.245,1091.010,1200.245,1091.010
27.454410,1200.245,1091.010,1200.245,1091.010
27.459360,1200.245,1091.010,1200.245,1091.010
27.465430,1200.245,1091.010,1200.245,1091.010
27.470000,1200.245,1091.010,1200.245,1091.010
27.474230,1200.245,1091.010,1200.245,1091.010
27.479970,2043.991,1285.921,1622.118,1188.465
27.483990,2043.991,1285.921,1833.054,1237.193
27.487960,2043.991,1285.921,1938.523,1261.557
27.493470,2043.991,1285.921,1991.257,1273.739
27.497910,2043.991,1285.921,2017.624,1279.830
27.501620,2043.991,1285.921,2030.807,1282.876
27.506970,2043.991,1285.921,2037.399,1284.399
27.512060,2212.176,1330.465,2124.788,1307.432
27.515970,2212.176,1330.465,2168.482,1318.948
27.519730,2212.176,1330.465,2190.329,1324.707
27.525140,2212.176,1330.465,2201.252,1327.586
27.530030,2212.176,1330.465,2206.714,1329.025
27.534090,2212.176,1330.465,2209.445,1329.745
27.537820,2212.176,1330.465,2210.811,1330.105
27.542660,2361.482,1366.007,2286.146,1348.056
27.548900,2361.482,1366.007,2323.814,1357.032
27.554610,2361.482,1366.007,2342.648,1361.520
27.560170,2361.482,1366.007,2352.065,1363.763
27.564060,2361.482,1366.007,2356.774,1364.885
27.569980,2441.083,1405.701,2398.928,1385.293
27.576930,2441.083,1405.701,2420.005,1395.497
27.582870,2441.083,1405.701,2430.544,1400.599
27.589210,2441.083,1405.701,2435.813,1403.150
27.595660,2441.083,1405.701,2438.448,1404.426
27.599510,2502.005,1398.662,2470.227,1401.544
27.605270,2502.005,1398.662,2486.116,1400.103
27.611100,2502.005,1398.662,2494.061,1399.383
27.619190,2502.005,1398.662,2498.033,1399.023
27.625010,2502.005,1398.662,2500.019,1398.843
27.635360,2527.163,1401.069,2513.591,1399.956
27.641480,2527.163,1401.069,2520.377,1400.512
27.647370,2527.163,1401.069,2523.770,1400.791
27.652410,2527.163,1401.069,2525.466,1400.930
27.657990,2547.792,1394.292,2536.629,1397.611
27.664380,2547.792,1394.292,2542.210,1395.952
27.669220,2547.792,1394.292,2545.001,1395.122
27.674610,2547.792,1394.292,2546.396,1394.707
27.680650,2547.792,1394.292,2547.094,1394.500
27.686170,2547.792,1394.292,2547.443,1394.396
27.690490,2567.046,1406.258,2557.245,1400.327
27.696720,2567.046,1406.258,2562.146,1403.293
27.702160,2567.046,1406.258,2564.596,1404.775
27.708520,2567.046,1406.258,2565.821,1405.517
27.713910,2567.046,1406.258,2566.434,1405.887
27.717670,2567.046,1406.258,2566.740,1406.073
27.722480,2597.234,1438.000,2581.987,1422.037
27.728830,2597.234,1438.000,2589.610,1430.019
27.734590,2597.234,1438.000,2593.422,1434.010
27.738440,2597.234,1438.000,2595.328,1436.005
27.744120,2597.234,1438.000,2596.281,1437.003
27.749430,2597.234,1438.000,2596.757,1437.502
27.754480,2615.490,1457.618,2606.124,1447.560
27.759200,2615.490,1457.618,2610.807,1452.589
27.765600,2615.490,1457.618,2613.148,1455.103
27.771160,2615.490,1457.618,2614.319,1456.360
27.777250,2615.490,1457.618,2614.904,1456.989
27.782470,2614.643,1477.217,2614.773,1467.103
27.786900,2614.643,1477.217,2614.708,1472.160
27.793780,2614.643,1477.217,2614.675,1474.688
27.798790,2614.643,1477.217,2614.659,1475.953
27.804850,2614.643,1477.217,2614.651,1476.585
27.811050,2616.285,1481.613,2615.468,1479.099
27.816470,2616.285,1481.613,2615.877,1480.356
27.820380,2616.285,1481.613,2616.081,1480.985
27.825270,2616.285,1481.613,2616.183,1481.299
27.830960,2616.285,1481.613,2616.234,1481.456
27.835140,2616.285,1481.613,2616.260,1481.535
27.839810,2616.285,1481.613,2616.272,1481.574
27.845570,2617.156,1493.610,2616.714,1487.592
27.851150,2617.156,1493.610,2616.935,1490.601
27.855840,2617.156,1493.610,2617.045,1492.105
27.860710,2617.156,1493.610,2617.101,1492.858
27.864660,2617.156,1493.610,2617.128,1493.234
27.868760,2617.156,1493.610,2617.142,1493.422
27.873800,2619.270,1508.209,2618.206,1500.815
27.878570,2619.270,1508.209,2618.738,1504.512
27.883300,2619.270,1508.209,2619.004,1506.361
27.887890,2619.270,1508.209,2619.137,1507.285
27.892270,2619.270,1508.209,2619.204,1507.747
27.896440,2619.270,1508.209,2619.237,1507.978
27.900460,2619.270,1508.209,2619.253,1508.093
27.904970,2618.905,1507.380,2619.079,1507.737
27.911510,2618.905,1507.380,2618.992,1507.559
27.916600,2618.905,1507.380,2618.948,1507.469
27.920860,2618.905,1507.380,2618.926,1507.425
27.925190,2618.905,1507.380,2618.916,1507.403
27.931000,2618.905,1507.380,2618.910,1507.391
27.935410,2619.909,1517.511,2619.410,1512.451
27.939490,2619.909,1517.511,2619.660,1514.981
27.944700,2619.909,1517.511,2619.785,1516.246
27.950430,2619.909,1517.511,2619.847,1516.878
27.954050,2619.909,1517.511,2619.878,1517.194
27.958600,2619.909,1517.511,2619.894,1517.353
27.963860,2623.553,1526.162,2621.724,1521.757
27.968170,2623.553,1526.162,2622.638,1523.959
27.972600,2623.553,1526.162,2623.096,1525.061
27.978380,2623.553,1526.162,2623.324,1525.611
27.982510,2623.553,1526.162,2623.438,1525.887
27.986760,2623.553,1526.162,2623.496,1526.024
27.991090,2623.553,1526.162,2623.524,1526.093
27.996340,2618.926,1527.678,2621.225,1526.885
28.000820,2618.926,1527.678,2620.076,1527.282
28.005520,2618.926,1527.678,2619.501,1527.480
28.012650,2618.926,1527.678,2619.214,1527.579
28.016970,2618.926,1527.678,2619.070,1527.628
28.020910,2618.926,1527.678,2618.998,1527.653
28.025540,2621.571,1530.697,2620.285,1529.175
28.030360,2621.571,1530.697,2620.928,1529.936
28.036010,2621.571,1530.697,2621.250,1530.317
28.042510,2621.571,1530.697,2621.410,1530.507
28.049440,2621.571,1530.697,2621.491,1530.602
28.054980,2678.638,1630.831,2650.064,1580.717
28.062250,2678.638,1630.831,2664.352,1605.774
28.068680,2678.638,1630.831,2671.495,1618.303
28.074590,2678.638,1630.831,2675.067,1624.567
28.080270,2678.638,1630.831,2676.853,1627.699
28.085670,2635.981,1544.114,2656.417,1585.907
28.091380,2635.981,1544.114,2646.199,1565.010
28.097430,2635.981,1544.114,2641.090,1554.562
28.103310,2635.981,1544.114,2638.535,1549.338
28.109990,2635.981,1544.114,2637.258,1546.726
28.117860,2634.921,1549.579,2636.090,1548.153
28.123550,2634.921,1549.579,2635.506,1548.866
28.129630,2634.921,1549.579,2635.213,1549.223
28.135920,2634.921,1549.579,2635.067,1549.401
28.140990,2634.921,1549.579,2634.994,1549.490
28.146140,2637.630,1558.436,2636.312,1553.963
28.151460,2637.630,1558.436,2636.971,1556.199
28.158380,2637.630,1558.436,2637.301,1557.318
28.163510,2637.630,1558.436,2637.465,1557.877
28.169330,2637.630,1558.436,2637.548,1558.156
28.174440,2644.043,1569.230,2640.795,1563.693
28.180940,2644.043,1569.230,2642.419,1566.462
28.185870,2644.043,1569.230,2643.231,1567.846
28.191240,2644.043,1569.230,2643.637,1568.538
28.196750,2644.043,1569.230,2643.840,1568.884
28.201600,2644.043,1569.230,2643.941,1569.057
28.208900,2650.998,1580.362,2647.469,1574.709
28.214140,2650.998,1580.362,2649.233,1577.536
28.219550,2650.998,1580.362,2650.115,1578.948
28.224260,2650.998,1580.362,2650.557,1579.655
28.229090,2650.998,1580.362,2650.777,1580.008
28.233270,2650.998,1580.362,2650.887,1580.185
28.238010,2654.865,1586.368,2652.876,1583.276
28.243140,2654.865,1586.368,2653.871,1584.822
28.248410,2654.865,1586.368,2654.368,1585.595
28.252580,2654.865,1586.368,2654.617,1585.981
28.256360,2654.865,1586.368,2654.741,1586.175
28.261600,2654.865,1586.368,2654.803,1586.271
28.266490,2661.096,1589.870,2657.949,1588.071
28.271290,2661.096,1589.870,2659.522,1588.970
28.276450,2661.096,1589.870,2660.309,1589.420
28.282440,2661.096,1589.870,2660.702,1589.645
28.286900,2661.096,1589.870,2660.899,1589.758
28.291350,2661.096,1589.870,2660.997,1589.814
28.296850,2665.208,1594.530,2663.103,1592.172
28.301920,2665.208,1594.530,2664.156,1593.351
28.308760,2665.208,1594.530,2664.682,1593.941
28.313940,2665.208,1594.530,2664.945,1594.235
28.318560,2665.208,1594.530,2665.077,1594.383
28.325400,2670.906,1596.858,2667.992,1595.621
28.330770,2670.906,1596.858,2669.449,1596.240
28.335640,2670.906,1596.858,2670.178,1596.549
28.340790,2670.906,1596.858,2670.542,1596.704
28.345590,2670.906,1596.858,2670.724,1596.781
28.350010,2670.906,1596.858,2670.815,1596.820
28.354500,2670.906,1596.858,2670.861,1596.839
28.359540,2675.907,1595.983,2673.384,1596.411
28.363800,2675.907,1595.983,2674.646,1596.197
28.369050,2675.907,1595.983,2675.277,1596.090
28.374380,2675.907,1595.983,2675.592,1596.036
28.379340,2675.907,1595.983,2675.750,1596.009
28.383860,2675.907,1595.983,2675.829,1595.996
28.388340,2678.388,1596.764,2677.108,1596.380
28.393370,2678.388,1596.764,2677.748,1596.572
28.398350,2678.388,1596.764,2678.068,1596.668
28.404700,2678.388,1596.764,2678.228,1596.716
28.410120,2678.388,1596.764,2678.308,1596.740
28.414930,2678.388,1596.764,2678.348,1596.752
28.419490,2681.802,1595.361,2680.075,1596.057
28.423570,2681.802,1595.361,2680.938,1595.709
28.428950,2681.802,1595.361,2681.370,1595.535
28.434170,2681.802,1595.361,2681.585,1595.448
28.438910,2681.802,1595.361,2681.693,1595.404
28.443610,2681.802,1595.361,2681.748,1595.383
28.448570,2677.084,1592.999,2679.416,1594.191
28.453130,2677.084,1592.999,2678.250,1593.595
28.457330,2677.084,1592.999,2677.667,1593.297
28.463110,2677.084,1592.999,2677.375,1593.148
28.469390,2677.084,1592.999,2677.230,1593.074
28.473790,2677.084,1592.999,2677.157,1593.036
28.479720,2499.358,1558.669,2588.258,1575.853
28.484250,2499.358,1558.669,2543.808,1567.261
28.489600,2499.358,1558.669,2521.583,1562.965
28.495180,2499.358,1558.669,2510.471,1560.817
28.499620,2499.358,1558.669,2504.915,1559.743
28.503480,2499.358,1558.669,2502.136,1559.206
28.508460,1784.547,1416.783,2143.342,1487.995
28.513470,1784.547,1416.783,1963.944,1452.389
28.518460,1784.547,1416.783,1874.245,1434.586
28.523230,1784.547,1416.783,1829.396,1425.685
28.528330,1784.547,1416.783,1806.971,1421.234
28.532160,1784.547,1416.783,1795.759,1419.009
28.536160,1784.547,1416.783,1790.153,1417.896
28.541750,1264.041,1314.470,1527.097,1366.183
28.547170,1264.041,1314.470,1395.569,1340.326
28.552440,1264.041,1314.470,1329.805,1327.398
28.557700,1264.041,1314.470,1296.923,1320.934
28.562580,1264.041,1314.470,1280.482,1317.702
28.567060,1013.675,1282.233,1147.078,1299.968
28.586250,581.279,661.152,864.179,980.560
28.591420,581.279,661.152,722.729,820.856
28.597090,524.611,670.807,623.670,745.831
28.601340,524.611,670.807,574.141,708.319
28.606470,524.611,670.807,549.376,689.563
28.614130,524.611,670.807,536.994,680.185
28.618860,524.611,670.807,530.803,675.496
28.623580,524.611,670.807,527.707,673.152
28.629330,501.417,666.863,514.562,670.007
28.633360,501.417,666.863,507.989,668.435
28.637430,501.417,666.863,504.703,667.649
28.641800,501.417,666.863,503.060,667.256
28.646440,501.417,666.863,502.238,667.059
28.650790,501.417,666.863,501.827,666.961
28.654750,501.417,666.863,501.622,666.912
28.658540,491.536,659.436,496.579,663.174
28.662820,491.536,659.436,494.058,661.305
28.670810,491.536,659.436,492.797,660.370
28.675610,491.536,659.436,492.167,659.903
28.680810,491.536,659.436,491.851,659.669
28.685580,491.536,659.436,491.694,659.552
28.691900,484.715,655.761,488.204,657.657
28.697970,484.715,655.761,486.460,656.709
28.703250,484.715,655.761,485.587,656.235
28.707350,484.715,655.761,485.151,655.998
28.712820,484.715,655.761,484.933,655.879
28.717730,484.715,655.761,484.824,655.820
28.723360,479.707,657.198,482.265,656.509
28.729210,479.707,657.198,480.986,656.853
28.733550,479.707,657.198,480.347,657.026
28.738810,479.707,657.198,480.027,657.112
28.744000,479.707,657.198,479.867,657.155
28.750200,478.914,658.969,479.390,658.062
28.754160,478.914,658.969,479.152,658.516
28.761120,478.914,658.969,479.033,658.742
28.767050,478.914,658.969,478.973,658.856
28.772070,478.914,658.969,478.944,658.912
28.777890,478.914,658.969,478.929,658.941
28.782260,476.231,656.134,477.580,657.538
28.787320,476.231,656.134,476.905,656.836
28.793420,476.231,656.134,476.568,656.485
28.798340,476.231,656.134,476.399,656.310
28.802110,476.231,656.134,476.315,656.222
28.806180,476.231,656.134,476.273,656.178
28.811060,497.483,664.924,486.878,660.551
28.815530,497.483,664.924,492.180,662.737
28.821990,497.483,664.924,494.831,663.830
28.826690,497.483,664.924,496.157,664.377
28.829980,497.483,664.924,496.820,664.650
28.833040,497.483,664.924,497.151,664.787
28.836470,497.483,664.924,497.317,664.855
28.840670,511.568,669.630,504.442,667.243
28.845410,511.568,669.630,508.005,668.436
28.848730,511.568,669.630,509.786,669.033
28.852560,511.568,669.630,510.677,669.331
28.856040,511.568,669.630,511.122,669.481
28.859520,511.568,669.630,511.345,669.555
28.862700,511.568,669.630,511.456,669.593
28.866000,511.568,669.630,511.512,669.611
28.869470,520.418,673.036,515.965,671.323
28.872980,520.418,673.036,518.191,672.180
28.876690,520.418,673.036,519.305,672.608
28.880690,520.418,673.036,519.861,672.822
28.884850,520.418,673.036,520.140,672.929
28.888270,520.418,673.036,520.279,672.982
28.892270,520.418,673.036,520.348,673.009
28.896100,520.418,673.036,520.383,673.022
28.899480,535.570,680.909,527.976,676.966
28.904060,535.570,680.909,531.773,678.938
28.907570,535.570,680.909,533.671,679.924
28.911680,535.570,680.909,534.621,680.416
28.915410,535.570,680.909,535.095,680.663
28.918810,535.570,680.909,535.333,680.786
28.922120,535.570,680.909,535.451,680.848
28.925580,535.570,680.909,535.511,680.879
28.929080,535.570,680.909,535.540,680.894
28.933160,551.711,687.956,543.626,684.425
28.936800,551.711,687.956,547.668,686.190
28.940480,551.711,687.956,549.690,687.073
28.944370,551.711,687.956,550.700,687.514
28.948480,551.711,687.956,551.205,687.735
28.952310,551.711,687.956,551.458,687.846
28.955550,551.711,687.956,551.585,687.901
28.959050,551.711,687.956,551.648,687.928
28.962630,566.848,691.715,559.248,689.822
28.966270,566.848,691.715,563.048,690.768
28.969750,566.848,691.715,564.948,691.242
28.973830,566.848,691.715,565.898,691.478
28.978130,566.848,691.715,566.373,691.597
28.982000,566.848,691.715,566.610,691.656
28.986320,566.848,691.715,566.729,691.685
28.989260,566.848,691.715,566.788,691.700
28.995190,578.800,695.228,572.794,693.464
29.000110,578.800,695.228,575.797,694.346
29.005590,578.800,695.228,577.298,694.787
29.009740,578.800,695.228,578.049,695.007
29.014880,578.800,695.228,578.424,695.118
29.019380,578.800,695.228,578.612,695.173
29.022880,585.259,697.287,581.935,696.230
29.028830,585.259,697.287,583.597,696.759
29.034060,585.259,697.287,584.428,697.023
29.037230,585.259,697.287,584.843,697.155
29.041550,585.259,697.287,585.051,697.221
29.046880,585.259,697.287,585.155,697.254
29.050750,587.066,699.428,586.110,698.341
29.055910,587.066,699.428,586.588,698.885
29.061120,587.066,699.428,586.827,699.156
29.064900,587.066,699.428,586.946,699.292
29.069030,587.066,699.428,587.006,699.360
29.072990,587.066,699.428,587.036,699.394
29.078330,587.066,699.428,587.051,699.411
29.083320,589.160,701.664,588.105,700.538
29.088590,589.160,701.664,588.633,701.101
29.093240,589.160,701.664,588.896,701.382
29.098470,589.160,701.664,589.028,701.523
29.103460,589.160,701.664,589.094,701.594
29.107310,589.160,701.664,589.127,701.629
29.112840,592.055,701.513,590.591,701.571
29.117800,592.055,701.513,591.323,701.542
29.124480,592.055,701.513,591.689,701.528
29.130180,592.055,701.513,591.872,701.521
29.133790,592.055,701.513,591.964,701.517
29.138160,592.055,701.513,592.010,701.515
29.142120,594.070,701.798,593.040,701.656
29.147260,594.070,701.798,593.555,701.727
29.152130,594.070,701.798,593.812,701.762
29.157510,594.070,701.798,593.941,701.780
29.160780,594.070,701.798,594.005,701.789
29.165300,594.070,701.798,594.037,701.793
29.169410,594.070,701.798,594.054,701.795
29.174410,595.022,701.815,594.538,701.805
29.179920,595.022,701.815,594.780,701.810
29.185330,595.022,701.815,594.901,701.813
29.189310,595.022,701.815,594.962,701.814
29.194920,595.022,701.815,594.992,701.815
29.199690,595.022,701.815,595.007,701.815
29.203280,595.096,701.384,595.051,701.600
29.207850,595.096,701.384,595.074,701.492
29.212730,595.096,701.384,595.085,701.438
29.217140,595.096,701.384,595.090,701.411
29.221530,595.096,701.384,595.093,701.398
29.226510,595.096,701.384,595.094,701.391
29.230250,595.096,701.384,595.095,701.388
29.235100,595.706,700.732,595.401,701.060
29.238430,595.706,700.732,595.554,700.896
29.243740,595.706,700.732,595.630,700.814
29.249200,595.706,700.732,595.668,700.773
29.252160,595.706,700.732,595.687,700.752
29.256680,595.706,700.732,595.697,700.742
29.263180,594.923,700.749,595.310,700.745
29.267380,594.923,700.749,595.117,700.747
29.271260,594.923,700.749,595.020,700.748
29.276190,594.923,700.749,594.972,700.748
29.281680,594.923,700.749,594.947,700.748
29.284850,594.923,700.749,594.935,700.748
29.288170,594.923,700.749,594.929,700.749
29.291710,594.923,700.749,594.926,700.749
29.297210,595.059,700.300,594.992,700.524
29.300420,595.059,700.300,595.025,700.412
29.304160,595.059,700.300,595.042,700.356
29.308260,595.059,700.300,595.050,700.328
29.313590,595.059,700.300,595.054,700.314
29.318300,595.059,700.300,595.056,700.307
29.322780,597.764,697.878,596.410,699.092
29.327500,597.764,697.878,597.087,698.485
29.332830,597.764,697.878,597.426,698.181
29.338430,597.764,697.878,597.595,698.030
29.342530,597.764,697.878,597.680,697.954
29.347810,597.764,697.878,597.722,697.916
29.353230,599.307,695.662,598.514,696.789
29.358770,599.307,695.662,598.911,696.226
29.363260,599.307,695.662,599.109,695.944
29.367770,599.307,695.662,599.208,695.803
29.371280,599.307,695.662,599.257,695.733
29.375310,599.307,695.662,599.282,695.698
29.380000,599.307,695.662,599.294,695.680
29.385050,600.335,693.850,599.815,694.765
29.389000,600.335,693.850,600.075,694.308
29.393640,600.335,693.850,600.205,694.079
29.397650,600.335,693.850,600.270,693.965
29.402990,600.335,693.850,600.302,693.907
29.407270,600.335,693.850,600.318,693.879
29.411370,600.335,693.850,600.327,693.864
29.415540,591.302,691.330,595.814,692.597
29.419380,591.302,691.330,593.558,691.964
29.422880,591.302,691.330,592.430,691.647
29.427000,591.302,691.330,591.866,691.489
29.430220,591.302,691.330,591.584,691.409
29.433590,591.302,691.330,591.443,691.370
29.436680,591.302,691.330,591.372,691.350
29.440560,591.302,691.330,591.337,691.340
29.444830,554.777,684.541,573.057,687.940
29.449370,554.777,684.541,563.917,686.241
29.452870,554.777,684.541,559.347,685.391
29.456870,554.777,684.541,557.062,684.966
29.460860,554.777,684.541,555.920,684.753
29.465010,554.777,684.541,555.348,684.647
29.468880,554.777,684.541,555.063,684.594
29.471750,554.777,684.541,554.920,684.567
29.486930,504.513,675.027,529.716,679.797
29.493470,504.513,675.027,517.114,677.412
29.499670,504.513,675.027,510.813,676.220
29.503930,456.698,667.569,483.756,671.894
29.510110,456.698,667.569,470.227,669.732
29.515620,456.698,667.569,463.462,668.651
29.519270,456.698,667.569,460.080,668.110
29.522830,456.698,667.569,458.389,667.840
29.527110,456.698,667.569,457.543,667.704
29.531030,456.698,667.569,457.120,667.637
29.534570,425.558,662.775,441.339,665.206
29.537760,425.558,662.775,433.449,663.991
29.541060,425.558,662.775,429.504,663.383
29.545080,425.558,662.775,427.531,663.079
29.549080,425.558,662.775,426.545,662.927
29.552600,425.558,662.775,426.052,662.851
29.560700,425.558,662.775,425.805,662.813
29.565330,406.044,659.499,415.924,661.156
29.569290,406.044,659.499,410.984,660.328
29.573520,406.044,659.499,408.514,659.913
29.579130,406.044,659.499,407.279,659.706
29.583020,406.044,659.499,406.661,659.603
29.593300,406.044,659.499,406.353,659.551
