time,pos_x,pos_y,corrected_pos_x,corrected_pos_y
0.667024,NN,NN,NN,NN
0.938002,NN,NN,NN,NN
0.951377,NN,NN,NN,NN
0.961673,NN,NN,NN,NN
0.969353,NN,NN,NN,NN
0.978896,NN,NN,NN,NN
0.986915,NN,NN,NN,NN
0.993664,NN,NN,NN,NN
1.000898,NN,NN,NN,NN
1.007286,NN,NN,NN,NN
1.015263,NN,NN,NN,NN
1.021675,NN,NN,NN,NN
1.028162,NN,NN,NN,NN
1.035177,NN,NN,NN,NN
1.041773,NN,NN,NN,NN
1.047783,NN,NN,NN,NN
1.055513,NN,NN,NN,NN
1.063159,NN,NN,NN,NN
1.070281,NN,NN,NN,NN
1.077983,NN,NN,NN,NN
1.086378,NN,NN,NN,NN
1.093840,NN,NN,NN,NN
1.101688,NN,NN,NN,NN
1.109434,NN,NN,NN,NN
1.119236,NN,NN,NN,NN
1.125229,NN,NN,NN,NN
1.131445,NN,NN,NN,NN
1.138767,NN,NN,NN,NN
1.145320,NN,NN,NN,NN
1.152429,NN,NN,NN,NN
1.157936,NN,NN,NN,NN
1.164498,NN,NN,NN,NN
1.171076,NN,NN,NN,NN
1.176780,NN,NN,NN,NN
1.184995,NN,NN,NN,NN
1.191278,NN,NN,NN,NN
1.198298,NN,NN,NN,NN
1.205638,NN,NN,NN,NN
1.212131,NN,NN,NN,NN
1.218695,NN,NN,NN,NN
1.226042,NN,NN,NN,NN
1.235010,NN,NN,NN,NN
1.241951,NN,NN,NN,NN
1.249101,NN,NN,NN,NN
1.256097,NN,NN,NN,NN
1.263204,NN,NN,NN,NN
1.269556,NN,NN,NN,NN
1.276623,NN,NN,NN,NN
1.283552,NN,NN,NN,NN
1.290651,NN,NN,NN,NN
1.297086,NN,NN,NN,NN
1.304075,NN,NN,NN,NN
1.310917,NN,NN,NN,NN
1.318694,NN,NN,NN,NN
1.324992,NN,NN,NN,NN
1.331223,NN,NN,NN,NN
1.338668,NN,NN,NN,NN
1.345181,NN,NN,NN,NN
1.351832,NN,NN,NN,NN
1.358437,NN,NN,NN,NN
1.364913,NN,NN,NN,NN
1.373199,NN,NN,NN,NN
1.379136,NN,NN,NN,NN
1.386767,NN,NN,NN,NN
1.392875,NN,NN,NN,NN
1.400989,NN,NN,NN,NN
1.407890,NN,NN,NN,NN
1.421458,NN,NN,NN,NN
1.432178,NN,NN,NN,NN
1.442310,NN,NN,NN,NN
1.449902,NN,NN,NN,NN
1.456758,NN,NN,NN,NN
1.464276,NN,NN,NN,NN
1.471965,NN,NN,NN,NN
1.478699,NN,NN,NN,NN
1.485592,NN,NN,NN,NN
1.492321,NN,NN,NN,NN
1.499809,NN,NN,NN,NN
1.506242,NN,NN,NN,NN
1.513285,NN,NN,NN,NN
1.518991,NN,NN,NN,NN
1.525501,NN,NN,NN,NN
1.532484,NN,NN,NN,NN
1.540241,NN,NN,NN,NN
1.546914,NN,NN,NN,NN
1.554319,NN,NN,NN,NN
1.561666,NN,NN,NN,NN
1.569037,NN,NN,NN,NN
1.576558,NN,NN,NN,NN
1.583890,NN,NN,NN,NN
1.591546,NN,NN,NN,NN
1.598766,NN,NN,NN,NN
1.605185,NN,NN,NN,NN
1.612745,NN,NN,NN,NN
1.620302,NN,NN,NN,NN
1.626800,NN,NN,NN,NN
1.633932,NN,NN,NN,NN
1.640588,NN,NN,NN,NN
1.647688,NN,NN,NN,NN
1.655176,NN,NN,NN,NN
1.661822,NN,NN,NN,NN
1.669845,NN,NN,NN,NN
1.676101,NN,NN,NN,NN
1.683513,NN,NN,NN,NN
1.689982,NN,NN,NN,NN
1.696802,NN,NN,NN,NN
1.703548,NN,NN,NN,NN
1.710934,NN,NN,NN,NN
1.718874,NN,NN,NN,NN
1.725924,NN,NN,NN,NN
1.734441,NN,NN,NN,NN
1.741200,NN,NN,NN,NN
1.748125,NN,NN,NN,NN
1.755560,NN,NN,NN,NN
1.763473,NN,NN,NN,NN
1.770734,NN,NN,NN,NN
1.778214,NN,NN,NN,NN
1.785714,NN,NN,NN,NN
1.792356,NN,NN,NN,NN
1.799138,NN,NN,NN,NN
1.806716,NN,NN,NN,NN
1.815316,NN,NN,NN,NN
1.822459,NN,NN,NN,NN
1.829654,NN,NN,NN,NN
1.836641,NN,NN,NN,NN
1.843555,NN,NN,NN,NN
1.850775,NN,NN,NN,NN
1.857618,NN,NN,NN,NN
1.864985,NN,NN,NN,NN
1.872280,NN,NN,NN,NN
1.878585,NN,NN,NN,NN
1.886130,NN,NN,NN,NN
1.894122,NN,NN,NN,NN
1.902209,NN,NN,NN,NN
1.908636,NN,NN,NN,NN
1.915910,NN,NN,NN,NN
1.921900,NN,NN,NN,NN
1.928226,NN,NN,NN,NN
1.936881,NN,NN,NN,NN
1.943488,NN,NN,NN,NN
1.950306,NN,NN,NN,NN
1.957116,NN,NN,NN,NN
1.963870,NN,NN,NN,NN
1.970901,NN,NN,NN,NN
1.977260,NN,NN,NN,NN
1.984633,NN,NN,NN,NN
1.992480,NN,NN,NN,NN
2.002437,NN,NN,NN,NN
2.009591,NN,NN,NN,NN
2.016369,NN,NN,NN,NN
2.022740,NN,NN,NN,NN
2.030001,NN,NN,NN,NN
2.036579,NN,NN,NN,NN
2.042530,NN,NN,NN,NN
2.049336,NN,NN,NN,NN
2.056439,NN,NN,NN,NN
2.067225,NN,NN,NN,NN
2.076988,NN,NN,NN,NN
2.083606,NN,NN,NN,NN
2.089881,NN,NN,NN,NN
2.096227,NN,NN,NN,NN
2.103354,NN,NN,NN,NN
2.109683,NN,NN,NN,NN
2.116476,NN,NN,NN,NN
2.125567,NN,NN,NN,NN
2.133681,NN,NN,NN,NN
2.140801,NN,NN,NN,NN
2.147497,NN,NN,NN,NN
2.155192,NN,NN,NN,NN
2.162058,NN,NN,NN,NN
2.169426,NN,NN,NN,NN
2.175252,NN,NN,NN,NN
2.183359,NN,NN,NN,NN
2.193557,NN,NN,NN,NN
2.204612,NN,NN,NN,NN
2.213051,NN,NN,NN,NN
2.219756,NN,NN,NN,NN
2.225388,NN,NN,NN,NN
2.233187,NN,NN,NN,NN
2.239689,NN,NN,NN,NN
2.248177,NN,NN,NN,NN
2.255031,NN,NN,NN,NN
2.261423,NN,NN,NN,NN
2.267895,NN,NN,NN,NN
2.274600,NN,NN,NN,NN
2.281385,NN,NN,NN,NN
2.288154,NN,NN,NN,NN
2.295077,NN,NN,NN,NN
2.302342,NN,NN,NN,NN
2.309318,NN,NN,NN,NN
2.316721,NN,NN,NN,NN
2.323753,NN,NN,NN,NN
2.330635,NN,NN,NN,NN
2.338534,NN,NN,NN,NN
2.346824,NN,NN,NN,NN
2.354494,NN,NN,NN,NN
2.361386,NN,NN,NN,NN
2.368567,NN,NN,NN,NN
2.375689,NN,NN,NN,NN
2.382106,NN,NN,NN,NN
2.390048,NN,NN,NN,NN
2.396595,NN,NN,NN,NN
2.403357,NN,NN,NN,NN
2.409534,NN,NN,NN,NN
2.416612,NN,NN,NN,NN
2.423347,NN,NN,NN,NN
2.431485,NN,NN,NN,NN
2.439127,NN,NN,NN,NN
2.445974,NN,NN,NN,NN
2.453547,NN,NN,NN,NN
2.462543,NN,NN,NN,NN
2.470225,NN,NN,NN,NN
2.477731,NN,NN,NN,NN
2.486375,NN,NN,NN,NN
2.495487,NN,NN,NN,NN
2.502030,NN,NN,NN,NN
2.508950,NN,NN,NN,NN
2.517365,NN,NN,NN,NN
2.523807,NN,NN,NN,NN
2.531241,NN,NN,NN,NN
2.537996,NN,NN,NN,NN
2.544774,NN,NN,NN,NN
2.551345,NN,NN,NN,NN
2.558703,NN,NN,NN,NN
2.565393,NN,NN,NN,NN
2.572171,NN,NN,NN,NN
2.578223,NN,NN,NN,NN
2.585165,NN,NN,NN,NN
2.592414,NN,NN,NN,NN
2.598984,NN,NN,NN,NN
2.605809,NN,NN,NN,NN
2.611549,NN,NN,NN,NN
2.618706,NN,NN,NN,NN
2.625709,NN,NN,NN,NN
2.632730,NN,NN,NN,NN
2.640233,NN,NN,NN,NN
2.647150,NN,NN,NN,NN
2.655827,NN,NN,NN,NN
2.662881,NN,NN,NN,NN
2.670266,NN,NN,NN,NN
2.676692,NN,NN,NN,NN
2.683980,NN,NN,NN,NN
2.689929,NN,NN,NN,NN
2.696650,NN,NN,NN,NN
2.703519,NN,NN,NN,NN
2.708785,NN,NN,NN,NN
2.714682,NN,NN,NN,NN
2.720633,NN,NN,NN,NN
2.726181,NN,NN,NN,NN
2.733091,NN,NN,NN,NN
2.744925,NN,NN,NN,NN
2.753115,NN,NN,NN,NN
2.761691,NN,NN,NN,NN
2.771178,NN,NN,NN,NN
2.778241,NN,NN,NN,NN
2.787496,NN,NN,NN,NN
2.794677,NN,NN,NN,NN
2.802876,NN,NN,NN,NN
2.811852,NN,NN,NN,NN
2.820024,NN,NN,NN,NN
2.827893,NN,NN,NN,NN
2.836062,NN,NN,NN,NN
2.843531,NN,NN,NN,NN
2.855206,NN,NN,NN,NN
2.862636,NN,NN,NN,NN
2.872012,NN,NN,NN,NN
2.880911,NN,NN,NN,NN
2.889421,NN,NN,NN,NN
2.896299,NN,NN,NN,NN
2.905111,NN,NN,NN,NN
2.912535,NN,NN,NN,NN
2.921462,NN,NN,NN,NN
2.930776,NN,NN,NN,NN
2.938845,NN,NN,NN,NN
2.947349,NN,NN,NN,NN
2.956849,NN,NN,NN,NN
2.965121,NN,NN,NN,NN
2.972967,NN,NN,NN,NN
2.979740,NN,NN,NN,NN
2.986275,NN,NN,NN,NN
2.994668,NN,NN,NN,NN
3.002434,NN,NN,NN,NN
3.011527,NN,NN,NN,NN
3.019629,NN,NN,NN,NN
3.026032,NN,NN,NN,NN
3.032983,NN,NN,NN,NN
3.041140,NN,NN,NN,NN
3.057409,NN,NN,NN,NN
3.065969,NN,NN,NN,NN
3.074678,NN,NN,NN,NN
3.082591,NN,NN,NN,NN
3.091067,NN,NN,NN,NN
3.099162,NN,NN,NN,NN
3.107574,NN,NN,NN,NN
3.116381,NN,NN,NN,NN
3.123713,NN,NN,NN,NN
3.131899,NN,NN,NN,NN
3.140846,NN,NN,NN,NN
3.150813,NN,NN,NN,NN
3.158289,NN,NN,NN,NN
3.164515,NN,NN,NN,NN
3.172359,NN,NN,NN,NN
3.178445,NN,NN,NN,NN
3.185394,NN,NN,NN,NN
3.193013,NN,NN,NN,NN
3.199935,NN,NN,NN,NN
3.205613,NN,NN,NN,NN
3.211710,NN,NN,NN,NN
3.218743,NN,NN,NN,NN
3.224540,NN,NN,NN,NN
3.230864,NN,NN,NN,NN
3.237531,NN,NN,NN,NN
3.243443,NN,NN,NN,NN
3.249761,NN,NN,NN,NN
3.255653,NN,NN,NN,NN
3.261798,NN,NN,NN,NN
3.268235,NN,NN,NN,NN
3.274588,NN,NN,NN,NN
3.281883,NN,NN,NN,NN
3.288821,NN,NN,NN,NN
3.295390,NN,NN,NN,NN
3.301913,NN,NN,NN,NN
3.307946,NN,NN,NN,NN
3.313875,NN,NN,NN,NN
3.320235,NN,NN,NN,NN
3.326495,NN,NN,NN,NN
3.332458,NN,NN,NN,NN
3.339617,NN,NN,NN,NN
3.345670,NN,NN,NN,NN
3.352885,NN,NN,NN,NN
3.358911,NN,NN,NN,NN
3.366268,NN,NN,NN,NN
3.373010,NN,NN,NN,NN
3.384657,NN,NN,NN,NN
3.391253,NN,NN,NN,NN
3.399256,NN,NN,NN,NN
3.405616,NN,NN,NN,NN
3.411927,NN,NN,NN,NN
3.420534,NN,NN,NN,NN
3.428175,NN,NN,NN,NN
3.435501,NN,NN,NN,NN
3.442150,NN,NN,NN,NN
3.449661,NN,NN,NN,NN
3.455550,NN,NN,NN,NN
3.462193,NN,NN,NN,NN
3.469827,NN,NN,NN,NN
3.476860,NN,NN,NN,NN
3.491611,NN,NN,NN,NN
3.498340,NN,NN,NN,NN
3.505344,NN,NN,NN,NN
3.511003,NN,NN,NN,NN
3.518019,NN,NN,NN,NN
3.524506,NN,NN,NN,NN
3.530550,NN,NN,NN,NN
3.536193,NN,NN,NN,NN
3.541775,NN,NN,NN,NN
3.548960,NN,NN,NN,NN
3.555969,NN,NN,NN,NN
3.561538,NN,NN,NN,NN
3.567234,NN,NN,NN,NN
3.574081,NN,NN,NN,NN
3.581331,NN,NN,NN,NN
3.589027,NN,NN,NN,NN
3.595259,NN,NN,NN,NN
3.607790,NN,NN,NN,NN
3.616898,NN,NN,NN,NN
3.624040,NN,NN,NN,NN
3.630189,NN,NN,NN,NN
3.639256,NN,NN,NN,NN
3.645378,NN,NN,NN,NN
3.652191,NN,NN,NN,NN
3.657869,NN,NN,NN,NN
3.664222,NN,NN,NN,NN
3.670424,NN,NN,NN,NN
3.675680,NN,NN,NN,NN
3.683113,NN,NN,NN,NN
3.689468,NN,NN,NN,NN
3.696377,NN,NN,NN,NN
3.701909,NN,NN,NN,NN
3.707484,NN,NN,NN,NN
3.714817,NN,NN,NN,NN
3.722029,NN,NN,NN,NN
3.728635,NN,NN,NN,NN
3.734962,NN,NN,NN,NN
3.741015,NN,NN,NN,NN
3.747163,NN,NN,NN,NN
3.753716,NN,NN,NN,NN
3.759382,NN,NN,NN,NN
3.765725,NN,NN,NN,NN
3.771482,NN,NN,NN,NN
3.777386,NN,NN,NN,NN
3.783759,NN,NN,NN,NN
3.789612,NN,NN,NN,NN
3.795385,NN,NN,NN,NN
3.801224,NN,NN,NN,NN
3.807364,NN,NN,NN,NN
3.813344,NN,NN,NN,NN
3.819182,NN,NN,NN,NN
3.824762,NN,NN,NN,NN
3.830173,NN,NN,NN,NN
3.836434,NN,NN,NN,NN
3.843479,NN,NN,NN,NN
3.850681,NN,NN,NN,NN
3.857351,NN,NN,NN,NN
3.863022,NN,NN,NN,NN
3.870390,NN,NN,NN,NN
3.877393,NN,NN,NN,NN
3.885154,NN,NN,NN,NN
3.891205,NN,NN,NN,NN
3.898711,NN,NN,NN,NN
3.905506,NN,NN,NN,NN
3.911824,NN,NN,NN,NN
3.919618,NN,NN,NN,NN
3.926419,NN,NN,NN,NN
3.934833,NN,NN,NN,NN
3.941504,NN,NN,NN,NN
3.947764,NN,NN,NN,NN
3.953979,NN,NN,NN,NN
3.959679,NN,NN,NN,NN
3.967175,NN,NN,NN,NN
3.972875,NN,NN,NN,NN
3.978971,NN,NN,NN,NN
3.984796,NN,NN,NN,NN
3.990973,NN,NN,NN,NN
3.997102,NN,NN,NN,NN
4.002286,NN,NN,NN,NN
4.008204,NN,NN,NN,NN
4.012839,NN,NN,NN,NN
4.017523,NN,NN,NN,NN
4.022389,NN,NN,NN,NN
4.028051,NN,NN,NN,NN
4.033028,NN,NN,NN,NN
4.038239,NN,NN,NN,NN
4.042645,NN,NN,NN,NN
4.047613,NN,NN,NN,NN
4.053018,NN,NN,NN,NN
4.057650,NN,NN,NN,NN
4.062715,NN,NN,NN,NN
4.067993,NN,NN,NN,NN
4.072985,NN,NN,NN,NN
4.077481,NN,NN,NN,NN
4.081839,NN,NN,NN,NN
4.086429,NN,NN,NN,NN
4.090634,NN,NN,NN,NN
4.095532,NN,NN,NN,NN
4.100945,NN,NN,NN,NN
4.105534,NN,NN,NN,NN
4.109853,NN,NN,NN,NN
4.115653,NN,NN,NN,NN
4.120701,NN,NN,NN,NN
4.125224,NN,NN,NN,NN
4.129611,NN,NN,NN,NN
4.134881,NN,NN,NN,NN
4.140012,NN,NN,NN,NN
4.145130,NN,NN,NN,NN
4.150222,NN,NN,NN,NN
4.154476,NN,NN,NN,NN
4.159581,NN,NN,NN,NN
4.165963,NN,NN,NN,NN
4.171245,NN,NN,NN,NN
4.175939,NN,NN,NN,NN
4.181605,NN,NN,NN,NN
4.186535,NN,NN,NN,NN
4.191333,NN,NN,NN,NN
4.197142,NN,NN,NN,NN
4.202264,NN,NN,NN,NN
4.206692,NN,NN,NN,NN
4.212288,NN,NN,NN,NN
4.217758,NN,NN,NN,NN
4.223320,NN,NN,NN,NN
4.230381,NN,NN,NN,NN
4.237036,NN,NN,NN,NN
4.242985,NN,NN,NN,NN
4.248393,NN,NN,NN,NN
4.253647,NN,NN,NN,NN
4.258880,NN,NN,NN,NN
4.264381,NN,NN,NN,NN
4.269748,NN,NN,NN,NN
4.275109,NN,NN,NN,NN
4.280119,NN,NN,NN,NN
4.285180,NN,NN,NN,NN
4.290241,NN,NN,NN,NN
4.294813,NN,NN,NN,NN
4.300256,NN,NN,NN,NN
4.305025,NN,NN,NN,NN
4.310095,NN,NN,NN,NN
4.315693,NN,NN,NN,NN
4.320255,NN,NN,NN,NN
4.324916,NN,NN,NN,NN
4.330382,NN,NN,NN,NN
4.336267,NN,NN,NN,NN
4.341378,NN,NN,NN,NN
4.346411,NN,NN,NN,NN
4.351301,NN,NN,NN,NN
4.355207,NN,NN,NN,NN
4.359746,NN,NN,NN,NN
4.364390,NN,NN,NN,NN
4.370284,NN,NN,NN,NN
4.374619,NN,NN,NN,NN
4.379338,NN,NN,NN,NN
4.384758,NN,NN,NN,NN
4.389971,NN,NN,NN,NN
4.394698,NN,NN,NN,NN
4.401098,NN,NN,NN,NN
4.405510,NN,NN,NN,NN
4.409977,NN,NN,NN,NN
4.425156,NN,NN,NN,NN
4.432785,NN,NN,NN,NN
4.437498,NN,NN,NN,NN
4.442102,NN,NN,NN,NN
4.447568,NN,NN,NN,NN
4.452363,NN,NN,NN,NN
4.456669,NN,NN,NN,NN
4.462571,NN,NN,NN,NN
4.467589,NN,NN,NN,NN
4.472266,NN,NN,NN,NN
4.477116,NN,NN,NN,NN
4.482270,NN,NN,NN,NN
4.486743,NN,NN,NN,NN
4.492382,NN,NN,NN,NN
4.498507,NN,NN,NN,NN
4.504072,NN,NN,NN,NN
4.511771,NN,NN,NN,NN
4.517589,NN,NN,NN,NN
4.522683,NN,NN,NN,NN
4.526735,NN,NN,NN,NN
4.531292,NN,NN,NN,NN
4.536505,NN,NN,NN,NN
4.541461,NN,NN,NN,NN
4.546689,NN,NN,NN,NN
4.551477,NN,NN,NN,NN
4.556793,NN,NN,NN,NN
4.561337,NN,NN,NN,NN
4.566175,NN,NN,NN,NN
4.571395,NN,NN,NN,NN
4.575805,NN,NN,NN,NN
4.580399,NN,NN,NN,NN
4.586381,NN,NN,NN,NN
4.591479,NN,NN,NN,NN
4.596697,NN,NN,NN,NN
4.603358,NN,NN,NN,NN
4.607719,NN,NN,NN,NN
4.612042,NN,NN,NN,NN
4.616745,NN,NN,NN,NN
4.620801,NN,NN,NN,NN
4.624263,NN,NN,NN,NN
4.628324,NN,NN,NN,NN
4.632661,NN,NN,NN,NN
4.636397,NN,NN,NN,NN
4.640250,NN,NN,NN,NN
4.644012,NN,NN,NN,NN
4.649811,NN,NN,NN,NN
4.654740,NN,NN,NN,NN
4.658890,NN,NN,NN,NN
4.664543,NN,NN,NN,NN
4.669362,NN,NN,NN,NN
4.674137,NN,NN,NN,NN
4.679716,NN,NN,NN,NN
4.685203,NN,NN,NN,NN
4.689877,NN,NN,NN,NN
4.694822,NN,NN,NN,NN
4.699528,NN,NN,NN,NN
4.703603,NN,NN,NN,NN
4.708015,NN,NN,NN,NN
4.713369,NN,NN,NN,NN
4.718372,NN,NN,NN,NN
4.722656,NN,NN,NN,NN
4.728069,NN,NN,NN,NN
4.733753,NN,NN,NN,NN
4.739159,NN,NN,NN,NN
4.744290,NN,NN,NN,NN
4.749981,NN,NN,NN,NN
4.755407,NN,NN,NN,NN
4.760579,NN,NN,NN,NN
4.765847,NN,NN,NN,NN
4.770548,NN,NN,NN,NN
4.775016,NN,NN,NN,NN
4.780860,NN,NN,NN,NN
4.785690,NN,NN,NN,NN
4.790135,NN,NN,NN,NN
4.794378,NN,NN,NN,NN
4.799416,NN,NN,NN,NN
4.803827,NN,NN,NN,NN
4.808261,NN,NN,NN,NN
4.813124,NN,NN,NN,NN
4.818022,NN,NN,NN,NN
4.822773,NN,NN,NN,NN
4.827493,NN,NN,NN,NN
4.833264,NN,NN,NN,NN
4.848039,NN,NN,NN,NN
4.852768,NN,NN,NN,NN
4.857489,NN,NN,NN,NN
4.862442,NN,NN,NN,NN
4.868351,NN,NN,NN,NN
4.873035,NN,NN,NN,NN
4.877923,NN,NN,NN,NN
4.883772,NN,NN,NN,NN
4.888618,NN,NN,NN,NN
4.892874,NN,NN,NN,NN
4.897537,NN,NN,NN,NN
4.902184,NN,NN,NN,NN
4.905957,NN,NN,NN,NN
4.910060,NN,NN,NN,NN
4.914397,NN,NN,NN,NN
4.919041,NN,NN,NN,NN
4.922669,NN,NN,NN,NN
4.927615,NN,NN,NN,NN
4.932586,NN,NN,NN,NN
4.937038,NN,NN,NN,NN
4.941122,NN,NN,NN,NN
4.945932,NN,NN,NN,NN
4.950427,NN,NN,NN,NN
4.954474,NN,NN,NN,NN
4.958335,NN,NN,NN,NN
4.963310,NN,NN,NN,NN
4.967900,NN,NN,NN,NN
4.971780,NN,NN,NN,NN
4.976552,NN,NN,NN,NN
4.981958,NN,NN,NN,NN
4.987204,NN,NN,NN,NN
4.992734,NN,NN,NN,NN
4.997965,NN,NN,NN,NN
5.002869,NN,NN,NN,NN
5.008169,NN,NN,NN,NN
5.012786,NN,NN,NN,NN
5.018043,NN,NN,NN,NN
5.023368,NN,NN,NN,NN
5.028049,NN,NN,NN,NN
5.033557,NN,NN,NN,NN
5.038543,NN,NN,NN,NN
5.043459,NN,NN,NN,NN
5.049188,NN,NN,NN,NN
5.054348,NN,NN,NN,NN
5.059143,NN,NN,NN,NN
5.064543,NN,NN,NN,NN
5.069992,NN,NN,NN,NN
5.074462,NN,NN,NN,NN
5.079047,NN,NN,NN,NN
5.084323,NN,NN,NN,NN
5.089333,NN,NN,NN,NN
5.093925,NN,NN,NN,NN
5.099463,NN,NN,NN,NN
5.105305,NN,NN,NN,NN
5.109577,NN,NN,NN,NN
5.115320,NN,NN,NN,NN
5.120388,NN,NN,NN,NN
5.125155,NN,NN,NN,NN
5.131084,NN,NN,NN,NN
5.136092,NN,NN,NN,NN
5.140582,NN,NN,NN,NN
5.145937,NN,NN,NN,NN
5.151953,NN,NN,NN,NN
5.156248,NN,NN,NN,NN
5.160411,NN,NN,NN,NN
5.166017,NN,NN,NN,NN
5.171080,NN,NN,NN,NN
5.175288,NN,NN,NN,NN
5.181104,NN,NN,NN,NN
5.186923,NN,NN,NN,NN
5.191699,NN,NN,NN,NN
5.196846,NN,NN,NN,NN
5.202307,NN,NN,NN,NN
5.206694,NN,NN,NN,NN
5.213598,NN,NN,NN,NN
5.218478,NN,NN,NN,NN
5.223053,NN,NN,NN,NN
5.228535,NN,NN,NN,NN
5.233794,NN,NN,NN,NN
5.238335,NN,NN,NN,NN
5.243804,NN,NN,NN,NN
5.249682,NN,NN,NN,NN
5.255286,NN,NN,NN,NN
5.259895,NN,NN,NN,NN
5.264469,NN,NN,NN,NN
5.269711,NN,NN,NN,NN
5.274997,NN,NN,NN,NN
5.279757,NN,NN,NN,NN
5.284490,NN,NN,NN,NN
5.289151,NN,NN,NN,NN
5.294091,NN,NN,NN,NN
5.300510,NN,NN,NN,NN
5.305850,NN,NN,NN,NN
5.310374,NN,NN,NN,NN
5.315681,NN,NN,NN,NN
5.321607,NN,NN,NN,NN
5.327009,NN,NN,NN,NN
5.332990,NN,NN,NN,NN
5.337815,NN,NN,NN,NN
5.342558,NN,NN,NN,NN
5.347650,NN,NN,NN,NN
5.353451,NN,NN,NN,NN
5.358665,NN,NN,NN,NN
5.363657,NN,NN,NN,NN
5.370070,NN,NN,NN,NN
5.375336,NN,NN,NN,NN
5.380745,NN,NN,NN,NN
5.386873,NN,NN,NN,NN
5.392423,NN,NN,NN,NN
5.397919,NN,NN,NN,NN
5.402657,NN,NN,NN,NN
5.407526,NN,NN,NN,NN
5.413085,NN,NN,NN,NN
5.418778,NN,NN,NN,NN
5.423651,NN,NN,NN,NN
5.429283,NN,NN,NN,NN
5.434914,NN,NN,NN,NN
5.440043,NN,NN,NN,NN
5.445448,NN,NN,NN,NN
5.451112,NN,NN,NN,NN
5.456346,NN,NN,NN,NN
5.461732,NN,NN,NN,NN
5.467020,NN,NN,NN,NN
5.471834,NN,NN,NN,NN
5.476439,NN,NN,NN,NN
5.482477,NN,NN,NN,NN
5.486994,NN,NN,NN,NN
5.492119,NN,NN,NN,NN
5.497546,NN,NN,NN,NN
5.504074,NN,NN,NN,NN
5.510947,NN,NN,NN,NN
5.516878,NN,NN,NN,NN
5.522735,NN,NN,NN,NN
5.528131,NN,NN,NN,NN
5.533514,NN,NN,NN,NN
5.538895,NN,NN,NN,NN
5.543499,NN,NN,NN,NN
5.548898,NN,NN,NN,NN
5.553878,NN,NN,NN,NN
5.569151,NN,NN,NN,NN
5.574780,NN,NN,NN,NN
5.580097,NN,NN,NN,NN
5.584848,NN,NN,NN,NN
5.589760,NN,NN,NN,NN
5.594290,NN,NN,NN,NN
5.600421,NN,NN,NN,NN
5.605595,NN,NN,NN,NN
5.610680,NN,NN,NN,NN
5.617078,NN,NN,NN,NN
5.622724,NN,NN,NN,NN
5.628338,NN,NN,NN,NN
5.633938,NN,NN,NN,NN
5.638709,NN,NN,NN,NN
5.643724,NN,NN,NN,NN
5.649582,NN,NN,NN,NN
5.654972,NN,NN,NN,NN
5.659885,NN,NN,NN,NN
5.665188,NN,NN,NN,NN
5.670099,NN,NN,NN,NN
5.675388,NN,NN,NN,NN
5.680527,NN,NN,NN,NN
5.686125,NN,NN,NN,NN
5.691675,NN,NN,NN,NN
5.697285,NN,NN,NN,NN
5.702766,NN,NN,NN,NN
5.708175,NN,NN,NN,NN
5.713352,NN,NN,NN,NN
5.718526,NN,NN,NN,NN
5.724864,NN,NN,NN,NN
5.730062,NN,NN,NN,NN
5.735199,NN,NN,NN,NN
5.739731,NN,NN,NN,NN
5.744820,NN,NN,NN,NN
5.749903,NN,NN,NN,NN
5.755045,NN,NN,NN,NN
5.760229,NN,NN,NN,NN
5.765921,NN,NN,NN,NN
5.771708,NN,NN,NN,NN
5.776711,NN,NN,NN,NN
5.782589,NN,NN,NN,NN
5.788984,NN,NN,NN,NN
5.794441,NN,NN,NN,NN
5.800303,NN,NN,NN,NN
5.805771,NN,NN,NN,NN
5.811655,NN,NN,NN,NN
5.817408,NN,NN,NN,NN
5.822336,NN,NN,NN,NN
5.827366,NN,NN,NN,NN
5.832554,NN,NN,NN,NN
5.837591,NN,NN,NN,NN
5.842455,NN,NN,NN,NN
5.847860,NN,NN,NN,NN
5.852743,NN,NN,NN,NN
5.857763,NN,NN,NN,NN
5.863127,NN,NN,NN,NN
5.868273,NN,NN,NN,NN
5.873226,NN,NN,NN,NN
5.878349,NN,NN,NN,NN
5.883926,NN,NN,NN,NN
5.888954,NN,NN,NN,NN
5.894341,NN,NN,NN,NN
5.900534,NN,NN,NN,NN
5.906364,NN,NN,NN,NN
5.912350,NN,NN,NN,NN
5.917816,NN,NN,NN,NN
5.923031,NN,NN,NN,NN
5.928568,NN,NN,NN,NN
5.934198,NN,NN,NN,NN
5.940323,NN,NN,NN,NN
5.945911,NN,NN,NN,NN
5.951357,NN,NN,NN,NN
5.955957,NN,NN,NN,NN
5.961288,NN,NN,NN,NN
5.968081,NN,NN,NN,NN
5.973738,NN,NN,NN,NN
5.978325,NN,NN,NN,NN
5.983147,NN,NN,NN,NN
5.988483,NN,NN,NN,NN
5.993622,NN,NN,NN,NN
5.999344,NN,NN,NN,NN
6.004898,NN,NN,NN,NN
6.011236,NN,NN,NN,NN
6.016497,NN,NN,NN,NN
6.022350,NN,NN,NN,NN
6.027067,NN,NN,NN,NN
6.031944,NN,NN,NN,NN
6.037537,NN,NN,NN,NN
6.042212,NN,NN,NN,NN
6.047256,NN,NN,NN,NN
6.052299,NN,NN,NN,NN
6.056993,NN,NN,NN,NN
6.061714,NN,NN,NN,NN
6.067167,NN,NN,NN,NN
6.072742,NN,NN,NN,NN
6.078373,NN,NN,NN,NN
6.084106,NN,NN,NN,NN
6.088926,NN,NN,NN,NN
6.094284,NN,NN,NN,NN
6.099428,NN,NN,NN,NN
6.104551,NN,NN,NN,NN
6.110006,NN,NN,NN,NN
6.116640,NN,NN,NN,NN
6.121677,NN,NN,NN,NN
6.126488,NN,NN,NN,NN
6.132069,NN,NN,NN,NN
6.136742,NN,NN,NN,NN
6.142475,NN,NN,NN,NN
6.147825,NN,NN,NN,NN
6.153046,NN,NN,NN,NN
6.157555,NN,NN,NN,NN
6.162785,NN,NN,NN,NN
6.167984,NN,NN,NN,NN
6.173796,NN,NN,NN,NN
6.179419,NN,NN,NN,NN
6.184923,NN,NN,NN,NN
6.190311,NN,NN,NN,NN
6.196213,NN,NN,NN,NN
6.201765,NN,NN,NN,NN
6.207405,NN,NN,NN,NN
6.218464,NN,NN,NN,NN
6.223621,NN,NN,NN,NN
6.228285,NN,NN,NN,NN
6.234102,NN,NN,NN,NN
6.239635,NN,NN,NN,NN
6.243870,NN,NN,NN,NN
6.249069,NN,NN,NN,NN
6.253927,NN,NN,NN,NN
6.258333,NN,NN,NN,NN
6.263639,NN,NN,NN,NN
6.269793,NN,NN,NN,NN
6.275164,NN,NN,NN,NN
6.280188,NN,NN,NN,NN
6.285471,NN,NN,NN,NN
6.290642,NN,NN,NN,NN
6.296040,NN,NN,NN,NN
6.300955,NN,NN,NN,NN
6.305380,NN,NN,NN,NN
6.309591,NN,NN,NN,NN
6.314920,NN,NN,NN,NN
6.319530,NN,NN,NN,NN
6.324694,NN,NN,NN,NN
6.329878,NN,NN,NN,NN
6.334715,NN,NN,NN,NN
6.339842,NN,NN,NN,NN
6.345638,NN,NN,NN,NN
6.350504,NN,NN,NN,NN
6.355249,NN,NN,NN,NN
6.360403,NN,NN,NN,NN
6.366285,NN,NN,NN,NN
6.371105,NN,NN,NN,NN
6.375500,NN,NN,NN,NN
6.380257,NN,NN,NN,NN
6.385752,NN,NN,NN,NN
6.391909,NN,NN,NN,NN
6.397873,NN,NN,NN,NN
6.402342,NN,NN,NN,NN
6.407272,NN,NN,NN,NN
6.412111,NN,NN,NN,NN
6.418581,NN,NN,NN,NN
6.423683,NN,NN,NN,NN
6.428324,NN,NN,NN,NN
6.433619,NN,NN,NN,NN
6.438259,NN,NN,NN,NN
6.442997,NN,NN,NN,NN
6.449249,NN,NN,NN,NN
6.454618,NN,NN,NN,NN
6.459702,NN,NN,NN,NN
6.464857,NN,NN,NN,NN
6.470800,NN,NN,NN,NN
6.475584,NN,NN,NN,NN
6.479769,NN,NN,NN,NN
6.485384,NN,NN,NN,NN
6.490013,NN,NN,NN,NN
6.494465,NN,NN,NN,NN
6.500114,NN,NN,NN,NN
6.505318,NN,NN,NN,NN
6.510344,NN,NN,NN,NN
6.525887,NN,NN,NN,NN
6.532223,NN,NN,NN,NN
6.537010,NN,NN,NN,NN
6.541462,NN,NN,NN,NN
6.546780,NN,NN,NN,NN
6.551910,NN,NN,NN,NN
6.556246,NN,NN,NN,NN
6.560514,NN,NN,NN,NN
6.566172,NN,NN,NN,NN
6.571297,NN,NN,NN,NN
6.575953,NN,NN,NN,NN
6.581078,NN,NN,NN,NN
6.586052,NN,NN,NN,NN
6.590525,NN,NN,NN,NN
6.595835,NN,NN,NN,NN
6.600615,NN,NN,NN,NN
6.605566,NN,NN,NN,NN
6.611052,NN,NN,NN,NN
6.617229,NN,NN,NN,NN
6.622484,NN,NN,NN,NN
6.628849,NN,NN,NN,NN
6.634413,NN,NN,NN,NN
6.638811,NN,NN,NN,NN
6.643127,NN,NN,NN,NN
6.648088,NN,NN,NN,NN
6.653406,NN,NN,NN,NN
6.658487,NN,NN,NN,NN
6.662880,NN,NN,NN,NN
6.667881,NN,NN,NN,NN
6.672642,NN,NN,NN,NN
6.677126,NN,NN,NN,NN
6.682175,NN,NN,NN,NN
6.687151,NN,NN,NN,NN
6.692711,NN,NN,NN,NN
6.697769,NN,NN,NN,NN
6.703030,NN,NN,NN,NN
6.708385,NN,NN,NN,NN
6.713461,NN,NN,NN,NN
6.718836,NN,NN,NN,NN
6.724003,NN,NN,NN,NN
6.728996,NN,NN,NN,NN
6.734589,NN,NN,NN,NN
6.739401,NN,NN,NN,NN
6.743486,NN,NN,NN,NN
6.748600,NN,NN,NN,NN
6.753975,NN,NN,NN,NN
6.765249,NN,NN,NN,NN
6.774004,NN,NN,NN,NN
6.783953,NN,NN,NN,NN
6.793186,NN,NN,NN,NN
6.803524,NN,NN,NN,NN
6.810507,NN,NN,NN,NN
6.815964,NN,NN,NN,NN
6.820488,NN,NN,NN,NN
6.824768,NN,NN,NN,NN
6.829428,NN,NN,NN,NN
6.834818,NN,NN,NN,NN
6.839041,NN,NN,NN,NN
6.844427,NN,NN,NN,NN
6.850401,NN,NN,NN,NN
6.855093,NN,NN,NN,NN
6.859138,NN,NN,NN,NN
6.864172,NN,NN,NN,NN
6.869576,NN,NN,NN,NN
6.873962,NN,NN,NN,NN
6.879105,NN,NN,NN,NN
6.884249,NN,NN,NN,NN
6.889002,NN,NN,NN,NN
6.894796,NN,NN,NN,NN
6.901213,NN,NN,NN,NN
6.906199,NN,NN,NN,NN
6.912951,NN,NN,NN,NN
6.918299,NN,NN,NN,NN
6.923206,NN,NN,NN,NN
6.929581,NN,NN,NN,NN
6.934357,NN,NN,NN,NN
6.938694,NN,NN,NN,NN
6.944304,NN,NN,NN,NN
6.949373,NN,NN,NN,NN
6.954288,NN,NN,NN,NN
6.959999,NN,NN,NN,NN
6.965126,NN,NN,NN,NN
6.969608,NN,NN,NN,NN
6.974987,NN,NN,NN,NN
6.979527,NN,NN,NN,NN
6.984325,NN,NN,NN,NN
6.989719,NN,NN,NN,NN
6.993963,NN,NN,NN,NN
6.998644,NN,NN,NN,NN
7.003794,NN,NN,NN,NN
7.009083,NN,NN,NN,NN
7.014341,NN,NN,NN,NN
7.019714,NN,NN,NN,NN
7.024626,NN,NN,NN,NN
7.029930,NN,NN,NN,NN
7.035517,NN,NN,NN,NN
7.040314,NN,NN,NN,NN
7.045214,NN,NN,NN,NN
7.050514,NN,NN,NN,NN
7.055481,NN,NN,NN,NN
7.060516,NN,NN,NN,NN
7.065901,NN,NN,NN,NN
7.070911,NN,NN,NN,NN
7.075951,NN,NN,NN,NN
7.081362,NN,NN,NN,NN
7.086987,NN,NN,NN,NN
7.091763,NN,NN,NN,NN
7.097044,NN,NN,NN,NN
7.103203,NN,NN,NN,NN
7.108318,NN,NN,NN,NN
7.114082,NN,NN,NN,NN
7.120293,NN,NN,NN,NN
7.125399,NN,NN,NN,NN
7.131002,NN,NN,NN,NN
7.136961,NN,NN,NN,NN
7.142302,NN,NN,NN,NN
7.147900,NN,NN,NN,NN
7.152744,NN,NN,NN,NN
7.156889,NN,NN,NN,NN
7.161821,NN,NN,NN,NN
7.166985,NN,NN,NN,NN
7.172045,NN,NN,NN,NN
7.177073,NN,NN,NN,NN
7.181938,NN,NN,NN,NN
7.187262,NN,NN,NN,NN
7.193279,NN,NN,NN,NN
7.199497,NN,NN,NN,NN
7.205580,NN,NN,NN,NN
7.211388,NN,NN,NN,NN
7.216360,NN,NN,NN,NN
7.221266,NN,NN,NN,NN
7.227272,NN,NN,NN,NN
7.233673,NN,NN,NN,NN
7.238798,NN,NN,NN,NN
7.244059,NN,NN,NN,NN
7.249378,NN,NN,NN,NN
7.254395,NN,NN,NN,NN
7.259281,NN,NN,NN,NN
7.264545,NN,NN,NN,NN
7.270082,NN,NN,NN,NN
7.275045,NN,NN,NN,NN
7.279568,NN,NN,NN,NN
7.284815,NN,NN,NN,NN
7.291214,NN,NN,NN,NN
7.296377,NN,NN,NN,NN
7.301538,NN,NN,NN,NN
7.305857,NN,NN,NN,NN
7.310011,NN,NN,NN,NN
7.315165,NN,NN,NN,NN
7.321278,NN,NN,NN,NN
7.326475,NN,NN,NN,NN
7.331537,NN,NN,NN,NN
7.336258,NN,NN,NN,NN
7.341393,NN,NN,NN,NN
7.346935,NN,NN,NN,NN
7.353533,NN,NN,NN,NN
7.358669,NN,NN,NN,NN
7.364723,NN,NN,NN,NN
7.369688,NN,NN,NN,NN
7.374075,NN,NN,NN,NN
7.379766,NN,NN,NN,NN
7.385933,NN,NN,NN,NN
7.390999,NN,NN,NN,NN
7.397209,NN,NN,NN,NN
7.402905,NN,NN,NN,NN
7.407557,NN,NN,NN,NN
7.413284,NN,NN,NN,NN
7.419340,NN,NN,NN,NN
7.424427,NN,NN,NN,NN
7.430017,NN,NN,NN,NN
7.434683,NN,NN,NN,NN
7.438921,NN,NN,NN,NN
7.446280,NN,NN,NN,NN
7.451263,NN,NN,NN,NN
7.456255,NN,NN,NN,NN
7.461386,NN,NN,NN,NN
7.466599,NN,NN,NN,NN
7.472679,NN,NN,NN,NN
7.478127,NN,NN,NN,NN
7.483809,NN,NN,NN,NN
7.489706,NN,NN,NN,NN
7.494728,NN,NN,NN,NN
7.499413,NN,NN,NN,NN
7.504843,NN,NN,NN,NN
7.509451,NN,NN,NN,NN
7.514381,NN,NN,NN,NN
7.519821,NN,NN,NN,NN
7.524351,NN,NN,NN,NN
7.529352,NN,NN,NN,NN
7.534878,NN,NN,NN,NN
7.540148,NN,NN,NN,NN
7.544962,NN,NN,NN,NN
7.550236,NN,NN,NN,NN
7.555611,NN,NN,NN,NN
7.560610,NN,NN,NN,NN
7.567583,NN,NN,NN,NN
7.580898,NN,NN,NN,NN
7.586901,NN,NN,NN,NN
7.591923,NN,NN,NN,NN
7.598112,NN,NN,NN,NN
7.603985,NN,NN,NN,NN
7.608505,NN,NN,NN,NN
7.614048,NN,NN,NN,NN
7.619499,NN,NN,NN,NN
7.624571,NN,NN,NN,NN
7.629721,NN,NN,NN,NN
7.635536,NN,NN,NN,NN
7.640371,NN,NN,NN,NN
7.645636,NN,NN,NN,NN
7.651093,NN,NN,NN,NN
7.655918,NN,NN,NN,NN
7.660908,NN,NN,NN,NN
7.667038,NN,NN,NN,NN
7.672014,NN,NN,NN,NN
7.677645,NN,NN,NN,NN
7.683691,NN,NN,NN,NN
7.688568,NN,NN,NN,NN
7.694248,NN,NN,NN,NN
7.699646,NN,NN,NN,NN
7.704361,NN,NN,NN,NN
7.710222,NN,NN,NN,NN
7.714951,NN,NN,NN,NN
7.719429,NN,NN,NN,NN
7.724144,NN,NN,NN,NN
7.729345,NN,NN,NN,NN
7.734957,NN,NN,NN,NN
7.740084,NN,NN,NN,NN
7.745293,NN,NN,NN,NN
7.750080,NN,NN,NN,NN
7.755043,NN,NN,NN,NN
7.760206,NN,NN,NN,NN
7.765272,NN,NN,NN,NN
7.770063,NN,NN,NN,NN
7.775183,NN,NN,NN,NN
7.780251,NN,NN,NN,NN
7.784872,NN,NN,NN,NN
7.790451,NN,NN,NN,NN
7.794842,NN,NN,NN,NN
7.799490,NN,NN,NN,NN
7.803972,NN,NN,NN,NN
7.808567,NN,NN,NN,NN
7.812445,NN,NN,NN,NN
7.826649,NN,NN,NN,NN
7.833075,NN,NN,NN,NN
7.841763,NN,NN,NN,NN
7.846903,NN,NN,NN,NN
7.851641,NN,NN,NN,NN
7.856388,NN,NN,NN,NN
7.861326,NN,NN,NN,NN
7.866385,NN,NN,NN,NN
7.871384,NN,NN,NN,NN
7.875523,NN,NN,NN,NN
7.880638,NN,NN,NN,NN
7.885384,NN,NN,NN,NN
7.889692,NN,NN,NN,NN
7.894667,NN,NN,NN,NN
7.900635,NN,NN,NN,NN
7.905716,NN,NN,NN,NN
7.911028,NN,NN,NN,NN
7.917095,NN,NN,NN,NN
7.922634,NN,NN,NN,NN
7.927538,NN,NN,NN,NN
7.933960,NN,NN,NN,NN
7.938347,NN,NN,NN,NN
7.942904,NN,NN,NN,NN
7.948418,NN,NN,NN,NN
7.953947,NN,NN,NN,NN
7.958849,NN,NN,NN,NN
7.965700,NN,NN,NN,NN
7.970610,NN,NN,NN,NN
7.975597,NN,NN,NN,NN
7.980825,NN,NN,NN,NN
7.986341,NN,NN,NN,NN
7.991585,NN,NN,NN,NN
7.995819,NN,NN,NN,NN
8.000925,NN,NN,NN,NN
8.006010,NN,NN,NN,NN
8.012268,NN,NN,NN,NN
8.018236,NN,NN,NN,NN
8.023418,NN,NN,NN,NN
8.028379,NN,NN,NN,NN
8.033768,NN,NN,NN,NN
8.038776,NN,NN,NN,NN
8.043985,NN,NN,NN,NN
8.048992,NN,NN,NN,NN
8.053749,NN,NN,NN,NN
8.058203,NN,NN,NN,NN
8.063160,NN,NN,NN,NN
8.068678,NN,NN,NN,NN
8.073610,NN,NN,NN,NN
8.078018,NN,NN,NN,NN
8.082800,NN,NN,NN,NN
8.087948,NN,NN,NN,NN
8.092642,NN,NN,NN,NN
8.097219,NN,NN,NN,NN
8.102108,NN,NN,NN,NN
8.107637,NN,NN,NN,NN
8.113220,NN,NN,NN,NN
8.119026,NN,NN,NN,NN
8.124016,NN,NN,NN,NN
8.129156,NN,NN,NN,NN
8.134487,NN,NN,NN,NN
8.139456,NN,NN,NN,NN
8.144058,NN,NN,NN,NN
8.150331,NN,NN,NN,NN
8.155432,NN,NN,NN,NN
8.160284,NN,NN,NN,NN
8.165754,NN,NN,NN,NN
8.170671,NN,NN,NN,NN
8.175306,NN,NN,NN,NN
8.181330,NN,NN,NN,NN
8.186655,NN,NN,NN,NN
8.191118,NN,NN,NN,NN
8.197115,NN,NN,NN,NN
8.202484,NN,NN,NN,NN
8.207197,NN,NN,NN,NN
8.212671,NN,NN,NN,NN
8.218157,NN,NN,NN,NN
8.222578,NN,NN,NN,NN
8.227438,NN,NN,NN,NN
8.233229,NN,NN,NN,NN
8.238165,NN,NN,NN,NN
8.244125,NN,NN,NN,NN
8.249384,NN,NN,NN,NN
8.253843,NN,NN,NN,NN
8.258947,NN,NN,NN,NN
8.263594,NN,NN,NN,NN
8.268637,NN,NN,NN,NN
8.273132,NN,NN,NN,NN
8.277836,NN,NN,NN,NN
8.283131,NN,NN,NN,NN
8.287626,NN,NN,NN,NN
8.292658,NN,NN,NN,NN
8.297031,NN,NN,NN,NN
8.302101,NN,NN,NN,NN
8.307003,NN,NN,NN,NN
8.311153,NN,NN,NN,NN
8.316410,NN,NN,NN,NN
8.321318,NN,NN,NN,NN
8.325581,NN,NN,NN,NN
8.330770,NN,NN,NN,NN
8.335873,NN,NN,NN,NN
8.340097,NN,NN,NN,NN
8.345100,NN,NN,NN,NN
8.351097,NN,NN,NN,NN
8.355661,NN,NN,NN,NN
8.360174,NN,NN,NN,NN
8.365278,NN,NN,NN,NN
8.370417,NN,NN,NN,NN
8.375170,NN,NN,NN,NN
8.380352,NN,NN,NN,NN
8.385969,NN,NN,NN,NN
8.390720,NN,NN,NN,NN
8.396891,NN,NN,NN,NN
8.401993,NN,NN,NN,NN
8.406635,NN,NN,NN,NN
8.410822,NN,NN,NN,NN
8.416689,NN,NN,NN,NN
8.421425,NN,NN,NN,NN
8.425856,NN,NN,NN,NN
8.431881,NN,NN,NN,NN
8.437401,NN,NN,NN,NN
8.442448,NN,NN,NN,NN
8.449387,NN,NN,NN,NN
8.454376,NN,NN,NN,NN
8.458710,NN,NN,NN,NN
8.464457,NN,NN,NN,NN
8.469639,NN,NN,NN,NN
8.474442,NN,NN,NN,NN
8.479309,NN,NN,NN,NN
8.484388,NN,NN,NN,NN
8.488798,NN,NN,NN,NN
8.494469,NN,NN,NN,NN
8.499779,NN,NN,NN,NN
8.504789,NN,NN,NN,NN
8.509583,NN,NN,NN,NN
8.514143,NN,NN,NN,NN
8.518887,NN,NN,NN,NN
8.523760,NN,NN,NN,NN
8.529308,NN,NN,NN,NN
8.534906,NN,NN,NN,NN
8.540272,NN,NN,NN,NN
8.545380,NN,NN,NN,NN
8.550224,NN,NN,NN,NN
8.555391,NN,NN,NN,NN
8.559690,NN,NN,NN,NN
8.564905,NN,NN,NN,NN
8.569960,NN,NN,NN,NN
8.575283,NN,NN,NN,NN
8.580231,NN,NN,NN,NN
8.585432,NN,NN,NN,NN
8.590910,NN,NN,NN,NN
8.595764,NN,NN,NN,NN
8.600721,NN,NN,NN,NN
8.606487,NN,NN,NN,NN
8.611155,NN,NN,NN,NN
8.616085,NN,NN,NN,NN
8.621714,NN,NN,NN,NN
8.626085,NN,NN,NN,NN
8.630688,NN,NN,NN,NN
8.636639,NN,NN,NN,NN
8.641470,NN,NN,NN,NN
8.647388,NN,NN,NN,NN
8.653507,NN,NN,NN,NN
8.658293,NN,NN,NN,NN
8.663261,NN,NN,NN,NN
8.668182,NN,NN,NN,NN
8.672728,NN,NN,NN,NN
8.677715,NN,NN,NN,NN
8.683506,NN,NN,NN,NN
8.688234,NN,NN,NN,NN
8.692402,NN,NN,NN,NN
8.698565,NN,NN,NN,NN
8.704132,NN,NN,NN,NN
8.708933,NN,NN,NN,NN
8.713921,NN,NN,NN,NN
8.718918,NN,NN,NN,NN
8.723278,NN,NN,NN,NN
8.728167,NN,NN,NN,NN
8.733152,NN,NN,NN,NN
8.737803,NN,NN,NN,NN
8.742153,NN,NN,NN,NN
8.749153,NN,NN,NN,NN
8.754221,NN,NN,NN,NN
8.758965,NN,NN,NN,NN
8.767061,NN,NN,NN,NN
8.776188,NN,NN,NN,NN
8.783092,NN,NN,NN,NN
8.788841,NN,NN,NN,NN
8.794281,NN,NN,NN,NN
8.803215,NN,NN,NN,NN
8.809872,NN,NN,NN,NN
8.816601,NN,NN,NN,NN
8.821499,NN,NN,NN,NN
8.828197,NN,NN,NN,NN
8.834805,NN,NN,NN,NN
8.841869,NN,NN,NN,NN
8.848431,NN,NN,NN,NN
8.854805,NN,NN,NN,NN
8.861395,NN,NN,NN,NN
8.867565,NN,NN,NN,NN
8.873774,NN,NN,NN,NN
8.889366,NN,NN,NN,NN
8.896624,NN,NN,NN,NN
8.903130,NN,NN,NN,NN
8.908606,NN,NN,NN,NN
8.915136,NN,NN,NN,NN
8.921957,NN,NN,NN,NN
8.927982,NN,NN,NN,NN
8.936270,NN,NN,NN,NN
8.948975,NN,NN,NN,NN
8.955189,NN,NN,NN,NN
8.959999,NN,NN,NN,NN
8.967211,NN,NN,NN,NN
8.972986,NN,NN,NN,NN
8.978838,NN,NN,NN,NN
8.985285,NN,NN,NN,NN
8.991550,NN,NN,NN,NN
8.998867,NN,NN,NN,NN
9.005018,NN,NN,NN,NN
9.011417,NN,NN,NN,NN
9.018351,NN,NN,NN,NN
9.023161,NN,NN,NN,NN
9.028248,NN,NN,NN,NN
9.035246,NN,NN,NN,NN
9.040119,NN,NN,NN,NN
9.045841,NN,NN,NN,NN
9.050697,NN,NN,NN,NN
9.055569,NN,NN,NN,NN
9.061918,NN,NN,NN,NN
9.067751,NN,NN,NN,NN
9.072998,NN,NN,NN,NN
9.078157,NN,NN,NN,NN
9.083021,NN,NN,NN,NN
9.087919,NN,NN,NN,NN
9.094524,NN,NN,NN,NN
9.100908,NN,NN,NN,NN
9.106565,NN,NN,NN,NN
9.111200,NN,NN,NN,NN
9.118191,NN,NN,NN,NN
9.124485,NN,NN,NN,NN
9.131119,NN,NN,NN,NN
9.137039,NN,NN,NN,NN
9.143286,NN,NN,NN,NN
9.149334,NN,NN,NN,NN
9.155552,NN,NN,NN,NN
9.160480,NN,NN,NN,NN
9.167812,NN,NN,NN,NN
9.173941,NN,NN,NN,NN
9.180593,NN,NN,NN,NN
9.187393,NN,NN,NN,NN
9.193787,NN,NN,NN,NN
9.201120,NN,NN,NN,NN
9.208471,NN,NN,NN,NN
9.215960,NN,NN,NN,NN
9.223442,NN,NN,NN,NN
9.229256,NN,NN,NN,NN
9.235952,NN,NN,NN,NN
9.241219,NN,NN,NN,NN
9.248722,NN,NN,NN,NN
9.253881,NN,NN,NN,NN
9.258406,NN,NN,NN,NN
9.263260,NN,NN,NN,NN
9.267834,NN,NN,NN,NN
9.273140,NN,NN,NN,NN
9.277754,NN,NN,NN,NN
9.287235,NN,NN,NN,NN
9.294050,NN,NN,NN,NN
9.300434,NN,NN,NN,NN
9.305546,NN,NN,NN,NN
9.312515,NN,NN,NN,NN
9.319189,NN,NN,NN,NN
9.325947,NN,NN,NN,NN
9.332573,NN,NN,NN,NN
9.339022,NN,NN,NN,NN
9.344959,NN,NN,NN,NN
9.350733,NN,NN,NN,NN
9.357170,NN,NN,NN,NN
9.362862,NN,NN,NN,NN
9.369513,NN,NN,NN,NN
9.376162,NN,NN,NN,NN
9.381489,NN,NN,NN,NN
9.388245,NN,NN,NN,NN
9.394848,NN,NN,NN,NN
9.402170,NN,NN,NN,NN
9.410498,NN,NN,NN,NN
9.418028,NN,NN,NN,NN
9.424948,NN,NN,NN,NN
9.430365,NN,NN,NN,NN
9.436377,NN,NN,NN,NN
9.440777,NN,NN,NN,NN
9.444805,NN,NN,NN,NN
9.450089,NN,NN,NN,NN
9.455984,NN,NN,NN,NN
9.461044,NN,NN,NN,NN
9.466906,NN,NN,NN,NN
9.472128,NN,NN,NN,NN
9.476789,NN,NN,NN,NN
9.483202,NN,NN,NN,NN
9.488514,NN,NN,NN,NN
9.493902,NN,NN,NN,NN
9.499422,NN,NN,NN,NN
9.503960,NN,NN,NN,NN
9.508696,NN,NN,NN,NN
9.513651,NN,NN,NN,NN
9.519049,NN,NN,NN,NN
9.523769,NN,NN,NN,NN
9.528440,NN,NN,NN,NN
9.533998,NN,NN,NN,NN
9.538778,NN,NN,NN,NN
9.543987,NN,NN,NN,NN
9.549541,NN,NN,NN,NN
9.554590,NN,NN,NN,NN
9.560156,NN,NN,NN,NN
9.566679,NN,NN,NN,NN
9.571440,NN,NN,NN,NN
9.576742,NN,NN,NN,NN
9.582973,NN,NN,NN,NN
9.589373,NN,NN,NN,NN
9.595680,NN,NN,NN,NN
9.601650,NN,NN,NN,NN
9.607168,NN,NN,NN,NN
9.613041,NN,NN,NN,NN
9.619873,NN,NN,NN,NN
9.626179,NN,NN,NN,NN
9.632004,NN,NN,NN,NN
9.636763,NN,NN,NN,NN
9.642061,NN,NN,NN,NN
9.647751,NN,NN,NN,NN
9.652784,NN,NN,NN,NN
9.658207,NN,NN,NN,NN
9.665529,NN,NN,NN,NN
9.672800,NN,NN,NN,NN
9.680365,NN,NN,NN,NN
9.687855,NN,NN,NN,NN
9.695562,NN,NN,NN,NN
9.703159,NN,NN,NN,NN
9.710640,NN,NN,NN,NN
9.717793,NN,NN,NN,NN
9.724188,NN,NN,NN,NN
9.731596,NN,NN,NN,NN
9.738859,NN,NN,NN,NN
9.746071,NN,NN,NN,NN
9.754253,NN,NN,NN,NN
9.762072,NN,NN,NN,NN
9.770197,NN,NN,NN,NN
9.777763,NN,NN,NN,NN
9.787117,NN,NN,NN,NN
9.794790,NN,NN,NN,NN
9.801571,NN,NN,NN,NN
9.808426,NN,NN,NN,NN
9.816797,NN,NN,NN,NN
9.824331,NN,NN,NN,NN
9.836226,NN,NN,NN,NN
9.842632,NN,NN,NN,NN
9.847784,NN,NN,NN,NN
9.853390,NN,NN,NN,NN
9.858591,NN,NN,NN,NN
9.863419,NN,NN,NN,NN
9.869064,NN,NN,NN,NN
9.873993,NN,NN,NN,NN
9.879417,NN,NN,NN,NN
9.885803,NN,NN,NN,NN
9.890482,NN,NN,NN,NN
9.894999,NN,NN,NN,NN
9.899357,NN,NN,NN,NN
9.903605,NN,NN,NN,NN
9.908236,NN,NN,NN,NN
9.912592,NN,NN,NN,NN
9.917456,NN,NN,NN,NN
9.923466,NN,NN,NN,NN
9.929516,NN,NN,NN,NN
9.935541,NN,NN,NN,NN
9.941135,NN,NN,NN,NN
9.946075,NN,NN,NN,NN
9.951832,NN,NN,NN,NN
9.957077,NN,NN,NN,NN
9.961594,NN,NN,NN,NN
9.968142,NN,NN,NN,NN
9.973932,NN,NN,NN,NN
9.980722,NN,NN,NN,NN
9.987371,NN,NN,NN,NN
9.995426,NN,NN,NN,NN
10.001580,NN,NN,NN,NN
10.006840,NN,NN,NN,NN
10.015430,NN,NN,NN,NN
10.021760,NN,NN,NN,NN
10.030550,NN,NN,NN,NN
10.036960,NN,NN,NN,NN
10.044860,NN,NN,NN,NN
10.052000,NN,NN,NN,NN
10.057840,NN,NN,NN,NN
10.066250,NN,NN,NN,NN
10.071870,NN,NN,NN,NN
10.077920,NN,NN,NN,NN
10.083340,NN,NN,NN,NN
10.088660,NN,NN,NN,NN
10.094170,NN,NN,NN,NN
10.100970,NN,NN,NN,NN
10.106770,NN,NN,NN,NN
10.112530,NN,NN,NN,NN
10.124320,NN,NN,NN,NN
10.130000,NN,NN,NN,NN
10.134990,NN,NN,NN,NN
10.140670,NN,NN,NN,NN
10.145040,NN,NN,NN,NN
10.150080,NN,NN,NN,NN
10.155450,NN,NN,NN,NN
10.160030,NN,NN,NN,NN
10.164840,NN,NN,NN,NN
10.169680,NN,NN,NN,NN
10.175140,NN,NN,NN,NN
10.188760,NN,NN,NN,NN
10.542360,NN,NN,NN,NN
10.682190,NN,NN,NN,NN
10.691740,NN,NN,NN,NN
10.695530,NN,NN,NN,NN
10.699250,NN,NN,NN,NN
10.705630,NN,NN,NN,NN
10.708390,NN,NN,NN,NN
10.711220,NN,NN,NN,NN
10.714660,NN,NN,NN,NN
10.719900,NN,NN,NN,NN
10.722980,NN,NN,NN,NN
10.726100,NN,NN,NN,NN
10.728580,NN,NN,NN,NN
10.733040,NN,NN,NN,NN
10.736890,NN,NN,NN,NN
10.740450,NN,NN,NN,NN
10.743930,NN,NN,NN,NN
10.748530,NN,NN,NN,NN
10.753610,NN,NN,NN,NN
10.756610,NN,NN,NN,NN
10.759700,NN,NN,NN,NN
10.764910,NN,NN,NN,NN
10.768280,NN,NN,NN,NN
10.772000,NN,NN,NN,NN
10.775430,NN,NN,NN,NN
10.779960,NN,NN,NN,NN
10.783540,NN,NN,NN,NN
10.787170,NN,NN,NN,NN
10.791090,NN,NN,NN,NN
10.795320,NN,NN,NN,NN
10.799630,NN,NN,NN,NN
10.803300,NN,NN,NN,NN
10.806850,NN,NN,NN,NN
10.809940,NN,NN,NN,NN
10.813690,NN,NN,NN,NN
10.817100,NN,NN,NN,NN
10.820510,NN,NN,NN,NN
10.823380,NN,NN,NN,NN
10.827800,NN,NN,NN,NN
10.831420,NN,NN,NN,NN
10.834530,NN,NN,NN,NN
10.837660,NN,NN,NN,NN
10.841180,NN,NN,NN,NN
10.846310,NN,NN,NN,NN
10.849670,NN,NN,NN,NN
10.853160,NN,NN,NN,NN
10.857690,NN,NN,NN,NN
10.860500,NN,NN,NN,NN
10.864540,NN,NN,NN,NN
10.867840,NN,NN,NN,NN
10.870470,NN,NN,NN,NN
10.874490,NN,NN,NN,NN
10.878550,NN,NN,NN,NN
10.881520,NN,NN,NN,NN
10.884570,NN,NN,NN,NN
10.887450,NN,NN,NN,NN
10.892280,NN,NN,NN,NN
10.895730,NN,NN,NN,NN
10.898410,NN,NN,NN,NN
10.901660,NN,NN,NN,NN
10.904960,NN,NN,NN,NN
10.908030,NN,NN,NN,NN
10.911340,NN,NN,NN,NN
10.915490,NN,NN,NN,NN
10.918240,NN,NN,NN,NN
10.922260,NN,NN,NN,NN
10.926630,NN,NN,NN,NN
10.930630,NN,NN,NN,NN
10.934370,NN,NN,NN,NN
10.938690,NN,NN,NN,NN
10.941160,NN,NN,NN,NN
10.944650,NN,NN,NN,NN
10.948230,NN,NN,NN,NN
10.952340,NN,NN,NN,NN
10.955830,NN,NN,NN,NN
10.958960,NN,NN,NN,NN
10.962890,NN,NN,NN,NN
10.965930,NN,NN,NN,NN
10.970180,NN,NN,NN,NN
10.973700,NN,NN,NN,NN
10.976830,NN,NN,NN,NN
10.980700,NN,NN,NN,NN
10.984520,NN,NN,NN,NN
10.988040,NN,NN,NN,NN
10.991990,NN,NN,NN,NN
10.995290,NN,NN,NN,NN
11.000240,NN,NN,NN,NN
11.004200,NN,NN,NN,NN
11.007560,NN,NN,NN,NN
11.010980,NN,NN,NN,NN
11.014680,NN,NN,NN,NN
11.017820,NN,NN,NN,NN
11.021120,NN,NN,NN,NN
11.024100,NN,NN,NN,NN
11.027060,NN,NN,NN,NN
11.031740,NN,NN,NN,NN
11.035040,NN,NN,NN,NN
11.039270,NN,NN,NN,NN
11.042710,NN,NN,NN,NN
11.046550,NN,NN,NN,NN
11.050750,NN,NN,NN,NN
11.054000,NN,NN,NN,NN
11.057550,NN,NN,NN,NN
11.060140,NN,NN,NN,NN
11.066240,NN,NN,NN,NN
11.069810,NN,NN,NN,NN
11.072760,NN,NN,NN,NN
11.075200,NN,NN,NN,NN
11.079640,NN,NN,NN,NN
11.084000,NN,NN,NN,NN
11.087400,NN,NN,NN,NN
11.094480,NN,NN,NN,NN
11.099260,NN,NN,NN,NN
11.104940,NN,NN,NN,NN
11.107880,NN,NN,NN,NN
11.111810,NN,NN,NN,NN
11.116740,NN,NN,NN,NN
11.121570,NN,NN,NN,NN
11.126860,NN,NN,NN,NN
11.130070,NN,NN,NN,NN
11.135890,NN,NN,NN,NN
11.140880,NN,NN,NN,NN
11.143760,NN,NN,NN,NN
11.149070,NN,NN,NN,NN
11.153660,NN,NN,NN,NN
11.157090,NN,NN,NN,NN
11.162260,NN,NN,NN,NN
11.167510,NN,NN,NN,NN
11.170520,NN,NN,NN,NN
11.175190,NN,NN,NN,NN
11.178090,NN,NN,NN,NN
11.183290,NN,NN,NN,NN
11.188930,NN,NN,NN,NN
11.194620,NN,NN,NN,NN
11.198130,NN,NN,NN,NN
11.202600,NN,NN,NN,NN
11.205410,NN,NN,NN,NN
11.209490,NN,NN,NN,NN
11.213050,NN,NN,NN,NN
11.218450,NN,NN,NN,NN
11.223770,NN,NN,NN,NN
11.228530,NN,NN,NN,NN
11.232530,NN,NN,NN,NN
11.236000,NN,NN,NN,NN
11.238530,NN,NN,NN,NN
11.241160,NN,NN,NN,NN
11.244120,NN,NN,NN,NN
11.248430,NN,NN,NN,NN
11.255810,NN,NN,NN,NN
11.258890,NN,NN,NN,NN
11.261530,NN,NN,NN,NN
11.266520,NN,NN,NN,NN
11.269870,NN,NN,NN,NN
11.272570,NN,NN,NN,NN
11.275930,NN,NN,NN,NN
11.280080,NN,NN,NN,NN
11.283270,NN,NN,NN,NN
11.287050,NN,NN,NN,NN
11.296230,NN,NN,NN,NN
11.303380,NN,NN,NN,NN
11.311710,NN,NN,NN,NN
11.315040,NN,NN,NN,NN
11.318590,NN,NN,NN,NN
11.321560,NN,NN,NN,NN
11.324210,NN,NN,NN,NN
11.327960,NN,NN,NN,NN
11.331450,NN,NN,NN,NN
11.334810,NN,NN,NN,NN
11.341190,NN,NN,NN,NN
11.344500,NN,NN,NN,NN
11.347500,NN,NN,NN,NN
11.350340,NN,NN,NN,NN
11.353010,NN,NN,NN,NN
11.355940,NN,NN,NN,NN
11.360990,NN,NN,NN,NN
11.364480,NN,NN,NN,NN
11.368500,NN,NN,NN,NN
11.372020,NN,NN,NN,NN
11.376040,NN,NN,NN,NN
11.378930,NN,NN,NN,NN
11.382800,NN,NN,NN,NN
11.386750,NN,NN,NN,NN
11.390170,NN,NN,NN,NN
11.393560,NN,NN,NN,NN
11.396850,NN,NN,NN,NN
11.401400,NN,NN,NN,NN
11.405680,NN,NN,NN,NN
11.412570,NN,NN,NN,NN
11.421230,NN,NN,NN,NN
11.424660,NN,NN,NN,NN
11.427670,NN,NN,NN,NN
11.431790,NN,NN,NN,NN
11.436700,NN,NN,NN,NN
11.440780,NN,NN,NN,NN
11.443770,NN,NN,NN,NN
11.447020,NN,NN,NN,NN
11.451330,NN,NN,NN,NN
11.454940,NN,NN,NN,NN
11.458810,NN,NN,NN,NN
11.461940,NN,NN,NN,NN
11.465310,NN,NN,NN,NN
11.469870,NN,NN,NN,NN
11.473200,NN,NN,NN,NN
11.476430,NN,NN,NN,NN
11.479610,NN,NN,NN,NN
11.484240,NN,NN,NN,NN
11.487650,NN,NN,NN,NN
11.490690,NN,NN,NN,NN
11.494170,NN,NN,NN,NN
11.498160,NN,NN,NN,NN
11.502470,NN,NN,NN,NN
11.506000,NN,NN,NN,NN
11.509500,NN,NN,NN,NN
11.513960,NN,NN,NN,NN
11.517170,NN,NN,NN,NN
11.524240,NN,NN,NN,NN
11.534880,NN,NN,NN,NN
11.538500,NN,NN,NN,NN
11.543320,NN,NN,NN,NN
11.547390,NN,NN,NN,NN
11.551200,NN,NN,NN,NN
11.554320,NN,NN,NN,NN
11.557630,NN,NN,NN,NN
11.561810,NN,NN,NN,NN
11.564930,NN,NN,NN,NN
11.568040,NN,NN,NN,NN
11.571030,NN,NN,NN,NN
11.574390,NN,NN,NN,NN
11.578740,NN,NN,NN,NN
11.582650,NN,NN,NN,NN
11.586200,NN,NN,NN,NN
11.589980,NN,NN,NN,NN
11.592810,NN,NN,NN,NN
11.596220,NN,NN,NN,NN
11.599760,NN,NN,NN,NN
11.603620,NN,NN,NN,NN
11.607860,NN,NN,NN,NN
11.611570,NN,NN,NN,NN
11.616030,NN,NN,NN,NN
11.620200,NN,NN,NN,NN
11.625090,NN,NN,NN,NN
11.628780,NN,NN,NN,NN
11.632540,NN,NN,NN,NN
11.636660,NN,NN,NN,NN
11.640070,NN,NN,NN,NN
11.642830,NN,NN,NN,NN
11.646720,NN,NN,NN,NN
11.649730,NN,NN,NN,NN
11.654380,NN,NN,NN,NN
11.664810,NN,NN,NN,NN
11.668540,NN,NN,NN,NN
11.671570,NN,NN,NN,NN
11.675000,NN,NN,NN,NN
11.678380,NN,NN,NN,NN
11.681540,NN,NN,NN,NN
11.686110,NN,NN,NN,NN
11.688710,NN,NN,NN,NN
11.692320,NN,NN,NN,NN
11.695500,NN,NN,NN,NN
11.699240,NN,NN,NN,NN
11.704230,NN,NN,NN,NN
11.707850,NN,NN,NN,NN
11.710250,NN,NN,NN,NN
11.712870,NN,NN,NN,NN
11.717010,NN,NN,NN,NN
11.720290,NN,NN,NN,NN
11.723780,NN,NN,NN,NN
11.727080,NN,NN,NN,NN
11.731320,NN,NN,NN,NN
11.734480,NN,NN,NN,NN
11.738020,NN,NN,NN,NN
11.741460,NN,NN,NN,NN
11.744660,NN,NN,NN,NN
11.749810,NN,NN,NN,NN
11.752910,NN,NN,NN,NN
11.755740,NN,NN,NN,NN
11.758220,NN,NN,NN,NN
11.762240,NN,NN,NN,NN
11.766650,NN,NN,NN,NN
11.769640,NN,NN,NN,NN
11.772480,NN,NN,NN,NN
11.775160,NN,NN,NN,NN
11.779920,NN,NN,NN,NN
11.782590,NN,NN,NN,NN
11.785800,NN,NN,NN,NN
11.789060,NN,NN,NN,NN
11.792950,NN,NN,NN,NN
11.797970,NN,NN,NN,NN
11.801860,NN,NN,NN,NN
11.804510,NN,NN,NN,NN
11.806890,NN,NN,NN,NN
11.811070,NN,NN,NN,NN
11.815120,NN,NN,NN,NN
11.818250,NN,NN,NN,NN
11.821080,NN,NN,NN,NN
11.824700,NN,NN,NN,NN
11.828790,NN,NN,NN,NN
11.832040,NN,NN,NN,NN
11.835480,NN,NN,NN,NN
11.839620,NN,NN,NN,NN
11.843440,NN,NN,NN,NN
11.846670,NN,NN,NN,NN
11.850940,NN,NN,NN,NN
11.854430,NN,NN,NN,NN
11.858550,NN,NN,NN,NN
11.862080,NN,NN,NN,NN
11.865340,NN,NN,NN,NN
11.869110,NN,NN,NN,NN
11.873820,NN,NN,NN,NN
11.876990,NN,NN,NN,NN
11.881100,NN,NN,NN,NN
11.884220,NN,NN,NN,NN
11.887220,NN,NN,NN,NN
11.890580,NN,NN,NN,NN
11.893670,NN,NN,NN,NN
11.897680,NN,NN,NN,NN
11.900690,NN,NN,NN,NN
11.905040,NN,NN,NN,NN
11.908860,NN,NN,NN,NN
11.912870,NN,NN,NN,NN
11.917030,NN,NN,NN,NN
11.920370,NN,NN,NN,NN
11.922910,NN,NN,NN,NN
11.925840,NN,NN,NN,NN
11.929190,NN,NN,NN,NN
11.932880,NN,NN,NN,NN
11.937490,NN,NN,NN,NN
11.940340,NN,NN,NN,NN
11.944290,NN,NN,NN,NN
11.947670,NN,NN,NN,NN
11.951750,NN,NN,NN,NN
11.955170,NN,NN,NN,NN
11.957320,NN,NN,NN,NN
11.960130,NN,NN,NN,NN
11.964520,NN,NN,NN,NN
11.969220,NN,NN,NN,NN
11.972010,NN,NN,NN,NN
11.974660,NN,NN,NN,NN
11.978650,NN,NN,NN,NN
11.984050,NN,NN,NN,NN
11.987410,NN,NN,NN,NN
11.990390,NN,NN,NN,NN
11.993340,NN,NN,NN,NN
11.997460,NN,NN,NN,NN
12.001540,NN,NN,NN,NN
12.005840,NN,NN,NN,NN
12.009440,NN,NN,NN,NN
12.015410,NN,NN,NN,NN
12.020170,NN,NN,NN,NN
12.023620,NN,NN,NN,NN
12.027290,NN,NN,NN,NN
12.032080,NN,NN,NN,NN
12.035720,NN,NN,NN,NN
12.038910,NN,NN,NN,NN
12.043310,NN,NN,NN,NN
12.047360,NN,NN,NN,NN
12.050800,NN,NN,NN,NN
12.054040,NN,NN,NN,NN
12.057310,NN,NN,NN,NN
12.063630,NN,NN,NN,NN
12.067730,NN,NN,NN,NN
12.070600,NN,NN,NN,NN
12.074080,NN,NN,NN,NN
12.079330,NN,NN,NN,NN
12.083370,NN,NN,NN,NN
12.086880,NN,NN,NN,NN
12.090520,NN,NN,NN,NN
12.095030,NN,NN,NN,NN
12.098780,NN,NN,NN,NN
12.102450,NN,NN,NN,NN
12.106060,NN,NN,NN,NN
12.109910,NN,NN,NN,NN
12.113660,NN,NN,NN,NN
12.116610,NN,NN,NN,NN
12.120470,NN,NN,NN,NN
12.126130,NN,NN,NN,NN
12.129500,NN,NN,NN,NN
12.132760,NN,NN,NN,NN
12.135650,NN,NN,NN,NN
12.141450,NN,NN,NN,NN
12.144940,NN,NN,NN,NN
12.148310,NN,NN,NN,NN
12.152080,NN,NN,NN,NN
12.156270,NN,NN,NN,NN
12.160010,NN,NN,NN,NN
12.163650,NN,NN,NN,NN
12.166690,NN,NN,NN,NN
12.171440,NN,NN,NN,NN
12.176170,NN,NN,NN,NN
12.179940,NN,NN,NN,NN
12.183850,NN,NN,NN,NN
12.188340,NN,NN,NN,NN
12.191970,NN,NN,NN,NN
12.195750,NN,NN,NN,NN
12.199580,NN,NN,NN,NN
12.203450,NN,NN,NN,NN
12.207260,NN,NN,NN,NN
12.210930,NN,NN,NN,NN
12.215880,NN,NN,NN,NN
12.219250,NN,NN,NN,NN
12.222860,NN,NN,NN,NN
12.226740,NN,NN,NN,NN
12.232050,NN,NN,NN,NN
12.236740,NN,NN,NN,NN
12.240640,NN,NN,NN,NN
12.244690,NN,NN,NN,NN
12.249430,NN,NN,NN,NN
12.253260,NN,NN,NN,NN
12.256930,NN,NN,NN,NN
12.261460,NN,NN,NN,NN
12.265310,NN,NN,NN,NN
12.268670,NN,NN,NN,NN
12.272910,NN,NN,NN,NN
12.277240,NN,NN,NN,NN
12.281520,NN,NN,NN,NN
12.287020,NN,NN,NN,NN
12.290990,NN,NN,NN,NN
12.297580,NN,NN,NN,NN
12.303660,NN,NN,NN,NN
12.309150,NN,NN,NN,NN
12.321660,NN,NN,NN,NN
12.325430,NN,NN,NN,NN
12.329830,NN,NN,NN,NN
12.333760,NN,NN,NN,NN
12.339510,NN,NN,NN,NN
12.346290,NN,NN,NN,NN
12.350690,NN,NN,NN,NN
12.356200,NN,NN,NN,NN
12.359210,NN,NN,NN,NN
12.362040,NN,NN,NN,NN
12.365710,NN,NN,NN,NN
12.370960,NN,NN,NN,NN
12.374530,NN,NN,NN,NN
12.378030,NN,NN,NN,NN
12.386310,NN,NN,NN,NN
12.389050,NN,NN,NN,NN
12.392430,NN,NN,NN,NN
12.396120,NN,NN,NN,NN
12.400310,NN,NN,NN,NN
12.405530,NN,NN,NN,NN
12.408910,NN,NN,NN,NN
12.412490,NN,NN,NN,NN
12.416500,NN,NN,NN,NN
12.421590,NN,NN,NN,NN
12.425030,NN,NN,NN,NN
12.428870,NN,NN,NN,NN
12.433530,NN,NN,NN,NN
12.437590,NN,NN,NN,NN
12.440890,NN,NN,NN,NN
12.444310,NN,NN,NN,NN
12.449050,NN,NN,NN,NN
12.452980,NN,NN,NN,NN
12.456750,NN,NN,NN,NN
12.460160,NN,NN,NN,NN
12.464340,NN,NN,NN,NN
12.470150,NN,NN,NN,NN
12.473760,NN,NN,NN,NN
12.477550,NN,NN,NN,NN
12.481930,NN,NN,NN,NN
12.492700,NN,NN,NN,NN
12.501190,NN,NN,NN,NN
12.511840,NN,NN,NN,NN
12.520800,NN,NN,NN,NN
12.529300,NN,NN,NN,NN
12.536580,NN,NN,NN,NN
12.543760,NN,NN,NN,NN
12.551620,NN,NN,NN,NN
12.557890,NN,NN,NN,NN
12.564850,NN,NN,NN,NN
12.572980,NN,NN,NN,NN
12.580460,NN,NN,NN,NN
12.586860,NN,NN,NN,NN
12.594950,NN,NN,NN,NN
12.602330,NN,NN,NN,NN
12.610910,NN,NN,NN,NN
12.623160,NN,NN,NN,NN
12.629380,NN,NN,NN,NN
12.637060,NN,NN,NN,NN
12.643340,NN,NN,NN,NN
12.649930,NN,NN,NN,NN
12.657010,NN,NN,NN,NN
12.662740,NN,NN,NN,NN
12.670230,NN,NN,NN,NN
12.677590,NN,NN,NN,NN
12.685540,NN,NN,NN,NN
12.693610,NN,NN,NN,NN
12.702080,NN,NN,NN,NN
12.708920,NN,NN,NN,NN
12.716570,NN,NN,NN,NN
12.723740,NN,NN,NN,NN
12.731440,NN,NN,NN,NN
12.738780,NN,NN,NN,NN
12.746050,NN,NN,NN,NN
12.754740,NN,NN,NN,NN
12.762870,NN,NN,NN,NN
12.770360,NN,NN,NN,NN
12.779050,NN,NN,NN,NN
12.785710,NN,NN,NN,NN
12.791990,NN,NN,NN,NN
12.798400,NN,NN,NN,NN
12.806210,NN,NN,NN,NN
12.814930,NN,NN,NN,NN
12.821550,NN,NN,NN,NN
12.829160,NN,NN,NN,NN
12.837610,NN,NN,NN,NN
12.845300,NN,NN,NN,NN
12.854190,NN,NN,NN,NN
12.863460,NN,NN,NN,NN
12.874970,NN,NN,NN,NN
12.882640,NN,NN,NN,NN
12.893960,NN,NN,NN,NN
12.903790,NN,NN,NN,NN
12.912160,NN,NN,NN,NN
12.919620,NN,NN,NN,NN
12.932580,NN,NN,NN,NN
12.938590,NN,NN,NN,NN
12.943340,NN,NN,NN,NN
12.950570,NN,NN,NN,NN
12.958020,NN,NN,NN,NN
12.963930,NN,NN,NN,NN
12.970280,NN,NN,NN,NN
12.975910,NN,NN,NN,NN
12.985050,NN,NN,NN,NN
12.993700,NN,NN,NN,NN
13.003620,NN,NN,NN,NN
13.014860,NN,NN,NN,NN
13.027850,NN,NN,NN,NN
13.034640,NN,NN,NN,NN
13.039990,NN,NN,NN,NN
13.046740,NN,NN,NN,NN
13.052240,NN,NN,NN,NN
13.058540,NN,NN,NN,NN
13.064810,NN,NN,NN,NN
13.070190,NN,NN,NN,NN
13.076470,NN,NN,NN,NN
13.082150,NN,NN,NN,NN
13.087470,NN,NN,NN,NN
13.093490,NN,NN,NN,NN
13.100560,NN,NN,NN,NN
13.107610,NN,NN,NN,NN
13.113850,NN,NN,NN,NN
13.120300,NN,NN,NN,NN
13.126220,NN,NN,NN,NN
13.132870,NN,NN,NN,NN
13.141820,NN,NN,NN,NN
13.150550,NN,NN,NN,NN
13.157390,NN,NN,NN,NN
13.169180,NN,NN,NN,NN
13.175600,NN,NN,NN,NN
13.182600,NN,NN,NN,NN
13.189240,NN,NN,NN,NN
13.195770,NN,NN,NN,NN
13.202300,NN,NN,NN,NN
13.207600,NN,NN,NN,NN
13.215330,NN,NN,NN,NN
13.233670,NN,NN,NN,NN
13.248370,NN,NN,NN,NN
13.260030,NN,NN,NN,NN
13.267280,NN,NN,NN,NN
13.272680,NN,NN,NN,NN
13.279030,NN,NN,NN,NN
13.285480,NN,NN,NN,NN
13.291380,NN,NN,NN,NN
13.296550,NN,NN,NN,NN
13.302000,NN,NN,NN,NN
13.306600,NN,NN,NN,NN
13.312780,NN,NN,NN,NN
13.318600,NN,NN,NN,NN
13.324580,NN,NN,NN,NN
13.329990,NN,NN,NN,NN
13.336550,NN,NN,NN,NN
13.341870,NN,NN,NN,NN
13.348520,NN,NN,NN,NN
13.358140,NN,NN,NN,NN
13.364300,NN,NN,NN,NN
13.372030,NN,NN,NN,NN
13.377290,NN,NN,NN,NN
13.384330,NN,NN,NN,NN
13.391050,NN,NN,NN,NN
13.398820,NN,NN,NN,NN
13.405610,NN,NN,NN,NN
13.412240,NN,NN,NN,NN
13.417970,NN,NN,NN,NN
13.424760,NN,NN,NN,NN
13.431590,NN,NN,NN,NN
13.437920,NN,NN,NN,NN
13.444470,NN,NN,NN,NN
13.451420,NN,NN,NN,NN
13.456040,NN,NN,NN,NN
13.462040,NN,NN,NN,NN
13.473630,NN,NN,NN,NN
13.479880,NN,NN,NN,NN
13.487690,NN,NN,NN,NN
13.492710,NN,NN,NN,NN
13.500470,NN,NN,NN,NN
13.504690,NN,NN,NN,NN
13.509020,NN,NN,NN,NN
13.514700,NN,NN,NN,NN
13.519790,NN,NN,NN,NN
13.526040,NN,NN,NN,NN
13.533520,NN,NN,NN,NN
13.538440,NN,NN,NN,NN
13.544000,NN,NN,NN,NN
13.549290,NN,NN,NN,NN
13.554000,NN,NN,NN,NN
13.560830,NN,NN,NN,NN
13.565660,NN,NN,NN,NN
13.570230,NN,NN,NN,NN
13.575230,NN,NN,NN,NN
13.581010,NN,NN,NN,NN
13.587070,NN,NN,NN,NN
13.593840,NN,NN,NN,NN
13.599380,NN,NN,NN,NN
13.603920,NN,NN,NN,NN
13.610070,NN,NN,NN,NN
13.616130,NN,NN,NN,NN
13.621140,NN,NN,NN,NN
13.626670,NN,NN,NN,NN
13.631940,NN,NN,NN,NN
13.636700,NN,NN,NN,NN
13.641240,NN,NN,NN,NN
13.646710,NN,NN,NN,NN
13.652080,NN,NN,NN,NN
13.656780,NN,NN,NN,NN
13.661150,NN,NN,NN,NN
13.666050,NN,NN,NN,NN
13.670820,NN,NN,NN,NN
13.675730,NN,NN,NN,NN
13.680440,NN,NN,NN,NN
13.685380,NN,NN,NN,NN
13.689990,NN,NN,NN,NN
13.694270,NN,NN,NN,NN
13.700030,NN,NN,NN,NN
13.704170,NN,NN,NN,NN
13.708750,NN,NN,NN,NN
13.714270,NN,NN,NN,NN
13.719150,NN,NN,NN,NN
13.723580,NN,NN,NN,NN
13.727890,NN,NN,NN,NN
13.732770,NN,NN,NN,NN
13.737540,NN,NN,NN,NN
13.742070,NN,NN,NN,NN
13.747770,NN,NN,NN,NN
13.753100,NN,NN,NN,NN
13.757170,NN,NN,NN,NN
13.761880,NN,NN,NN,NN
13.767800,NN,NN,NN,NN
13.772350,NN,NN,NN,NN
13.776960,NN,NN,NN,NN
13.781600,NN,NN,NN,NN
13.786030,NN,NN,NN,NN
13.790590,NN,NN,NN,NN
13.796870,NN,NN,NN,NN
13.801620,NN,NN,NN,NN
13.835740,NN,NN,NN,NN
13.847930,NN,NN,NN,NN
13.854220,NN,NN,NN,NN
13.858390,NN,NN,NN,NN
13.862600,NN,NN,NN,NN
13.867260,NN,NN,NN,NN
13.872020,NN,NN,NN,NN
13.875950,NN,NN,NN,NN
13.879990,NN,NN,NN,NN
13.884640,NN,NN,NN,NN
13.889880,NN,NN,NN,NN
13.894470,NN,NN,NN,NN
13.899180,NN,NN,NN,NN
13.903610,NN,NN,NN,NN
13.908040,NN,NN,NN,NN
13.913000,NN,NN,NN,NN
13.917880,NN,NN,NN,NN
13.922520,NN,NN,NN,NN
13.926850,NN,NN,NN,NN
13.931410,NN,NN,NN,NN
13.935570,NN,NN,NN,NN
13.943030,NN,NN,NN,NN
13.950940,NN,NN,NN,NN
13.955760,NN,NN,NN,NN
13.960610,NN,NN,NN,NN
13.967340,NN,NN,NN,NN
13.971300,NN,NN,NN,NN
13.975590,NN,NN,NN,NN
13.980910,NN,NN,NN,NN
13.985320,NN,NN,NN,NN
13.988960,NN,NN,NN,NN
13.992650,NN,NN,NN,NN
13.998320,NN,NN,NN,NN
14.002910,NN,NN,NN,NN
14.007090,NN,NN,NN,NN
14.012790,NN,NN,NN,NN
14.018870,NN,NN,NN,NN
14.023340,NN,NN,NN,NN
14.029130,NN,NN,NN,NN
14.034680,NN,NN,NN,NN
14.039440,NN,NN,NN,NN
14.043780,NN,NN,NN,NN
14.048750,NN,NN,NN,NN
14.053350,NN,NN,NN,NN
14.057860,NN,NN,NN,NN
14.062400,NN,NN,NN,NN
14.066520,NN,NN,NN,NN
14.071390,NN,NN,NN,NN
14.076590,NN,NN,NN,NN
14.080920,NN,NN,NN,NN
14.085740,NN,NN,NN,NN
14.090400,NN,NN,NN,NN
14.094360,NN,NN,NN,NN
14.099370,NN,NN,NN,NN
14.104030,NN,NN,NN,NN
14.108240,NN,NN,NN,NN
14.112370,NN,NN,NN,NN
14.116580,NN,NN,NN,NN
14.121720,NN,NN,NN,NN
14.126200,NN,NN,NN,NN
14.131640,NN,NN,NN,NN
14.136750,NN,NN,NN,NN
14.141180,NN,NN,NN,NN
14.145850,NN,NN,NN,NN
14.151290,NN,NN,NN,NN
14.155470,NN,NN,NN,NN
14.160580,NN,NN,NN,NN
14.165160,NN,NN,NN,NN
14.169780,NN,NN,NN,NN
14.175070,NN,NN,NN,NN
14.179840,NN,NN,NN,NN
14.184430,NN,NN,NN,NN
14.188760,NN,NN,NN,NN
14.193740,NN,NN,NN,NN
14.199610,NN,NN,NN,NN
14.204430,NN,NN,NN,NN
14.210350,NN,NN,NN,NN
14.217140,NN,NN,NN,NN
14.225300,NN,NN,NN,NN
14.234330,NN,NN,NN,NN
14.240900,NN,NN,NN,NN
14.249020,NN,NN,NN,NN
14.256960,NN,NN,NN,NN
14.263430,NN,NN,NN,NN
14.269260,NN,NN,NN,NN
14.283440,NN,NN,NN,NN
14.290420,NN,NN,NN,NN
14.297210,NN,NN,NN,NN
14.301920,NN,NN,NN,NN
14.308750,NN,NN,NN,NN
14.315710,NN,NN,NN,NN
14.321820,NN,NN,NN,NN
14.328500,NN,NN,NN,NN
14.334810,NN,NN,NN,NN
14.340350,NN,NN,NN,NN
14.347340,NN,NN,NN,NN
14.352530,NN,NN,NN,NN
14.357320,NN,NN,NN,NN
14.363980,NN,NN,NN,NN
14.370940,NN,NN,NN,NN
14.376700,NN,NN,NN,NN
14.381180,NN,NN,NN,NN
14.386400,NN,NN,NN,NN
14.401740,NN,NN,NN,NN
14.406930,NN,NN,NN,NN
14.411240,NN,NN,NN,NN
14.416390,NN,NN,NN,NN
14.422800,NN,NN,NN,NN
14.427860,NN,NN,NN,NN
14.434740,NN,NN,NN,NN
14.439150,NN,NN,NN,NN
14.443370,NN,NN,NN,NN
14.449220,NN,NN,NN,NN
14.454330,NN,NN,NN,NN
14.458740,NN,NN,NN,NN
14.464650,NN,NN,NN,NN
14.469990,NN,NN,NN,NN
14.474180,NN,NN,NN,NN
14.478090,NN,NN,NN,NN
14.484100,NN,NN,NN,NN
14.488360,NN,NN,NN,NN
14.492790,NN,NN,NN,NN
14.497980,NN,NN,NN,NN
14.502710,NN,NN,NN,NN
14.506750,NN,NN,NN,NN
14.512080,NN,NN,NN,NN
14.516790,NN,NN,NN,NN
14.521620,NN,NN,NN,NN
14.526680,NN,NN,NN,NN
14.531600,NN,NN,NN,NN
14.535580,NN,NN,NN,NN
14.539720,NN,NN,NN,NN
14.544080,NN,NN,NN,NN
14.549010,NN,NN,NN,NN
14.554220,NN,NN,NN,NN
14.559360,NN,NN,NN,NN
14.563730,NN,NN,NN,NN
14.568340,NN,NN,NN,NN
14.573380,NN,NN,NN,NN
14.578700,NN,NN,NN,NN
14.584160,NN,NN,NN,NN
14.588600,NN,NN,NN,NN
14.594700,NN,NN,NN,NN
14.599930,NN,NN,NN,NN
14.604700,NN,NN,NN,NN
14.609780,NN,NN,NN,NN
14.615680,NN,NN,NN,NN
14.619730,NN,NN,NN,NN
14.625140,NN,NN,NN,NN
14.629420,NN,NN,NN,NN
14.634060,NN,NN,NN,NN
14.639500,NN,NN,NN,NN
14.644940,NN,NN,NN,NN
14.650150,NN,NN,NN,NN
14.654600,NN,NN,NN,NN
14.659940,NN,NN,NN,NN
14.664620,NN,NN,NN,NN
14.670340,NN,NN,NN,NN
14.675300,NN,NN,NN,NN
14.680700,NN,NN,NN,NN
14.685420,NN,NN,NN,NN
14.689710,NN,NN,NN,NN
14.695660,NN,NN,NN,NN
14.701260,NN,NN,NN,NN
14.706390,NN,NN,NN,NN
14.711850,NN,NN,NN,NN
14.717380,NN,NN,NN,NN
14.722420,NN,NN,NN,NN
14.726400,NN,NN,NN,NN
14.732100,NN,NN,NN,NN
14.738090,NN,NN,NN,NN
14.742460,NN,NN,NN,NN
14.748700,NN,NN,NN,NN
14.753380,NN,NN,NN,NN
14.757200,NN,NN,NN,NN
14.762700,NN,NN,NN,NN
14.768650,NN,NN,NN,NN
14.772450,NN,NN,NN,NN
14.777540,NN,NN,NN,NN
14.783260,NN,NN,NN,NN
14.787470,NN,NN,NN,NN
14.791460,NN,NN,NN,NN
14.797200,NN,NN,NN,NN
14.802140,NN,NN,NN,NN
14.806340,NN,NN,NN,NN
14.810930,NN,NN,NN,NN
14.816540,NN,NN,NN,NN
14.820520,NN,NN,NN,NN
14.826480,NN,NN,NN,NN
14.831360,NN,NN,NN,NN
14.835480,NN,NN,NN,NN
14.839750,NN,NN,NN,NN
14.843990,NN,NN,NN,NN
14.848300,NN,NN,NN,NN
14.852880,NN,NN,NN,NN
14.857670,NN,NN,NN,NN
14.861840,NN,NN,NN,NN
14.867120,NN,NN,NN,NN
14.871140,NN,NN,NN,NN
14.876580,NN,NN,NN,NN
14.881740,NN,NN,NN,NN
14.886560,NN,NN,NN,NN
14.891100,NN,NN,NN,NN
14.895360,NN,NN,NN,NN
14.900160,NN,NN,NN,NN
14.905320,NN,NN,NN,NN
14.910250,NN,NN,NN,NN
14.915730,NN,NN,NN,NN
14.920590,NN,NN,NN,NN
14.924730,NN,NN,NN,NN
14.929210,NN,NN,NN,NN
14.934550,NN,NN,NN,NN
14.939210,NN,NN,NN,NN
14.943730,NN,NN,NN,NN
14.948570,NN,NN,NN,NN
14.953490,NN,NN,NN,NN
14.957840,NN,NN,NN,NN
14.962070,NN,NN,NN,NN
14.967910,NN,NN,NN,NN
14.973190,NN,NN,NN,NN
14.978530,NN,NN,NN,NN
14.983930,NN,NN,NN,NN
14.987770,NN,NN,NN,NN
14.992440,NN,NN,NN,NN
14.997700,NN,NN,NN,NN
15.001960,NN,NN,NN,NN
15.006590,NN,NN,NN,NN
15.011430,NN,NN,NN,NN
15.017890,NN,NN,NN,NN
15.022310,NN,NN,NN,NN
15.026440,NN,NN,NN,NN
15.031680,NN,NN,NN,NN
15.036650,NN,NN,NN,NN
15.041080,NN,NN,NN,NN
15.045680,NN,NN,NN,NN
15.050330,NN,NN,NN,NN
15.054410,NN,NN,NN,NN
15.058890,NN,NN,NN,NN
15.065050,NN,NN,NN,NN
15.070160,NN,NN,NN,NN
15.074760,NN,NN,NN,NN
15.079940,NN,NN,NN,NN
15.084550,NN,NN,NN,NN
15.088550,NN,NN,NN,NN
15.093610,NN,NN,NN,NN
15.099920,NN,NN,NN,NN
15.104550,NN,NN,NN,NN
15.109110,NN,NN,NN,NN
15.113500,NN,NN,NN,NN
15.118040,NN,NN,NN,NN
15.122850,NN,NN,NN,NN
15.128300,NN,NN,NN,NN
15.133540,NN,NN,NN,NN
15.138690,NN,NN,NN,NN
15.143680,NN,NN,NN,NN
15.148420,NN,NN,NN,NN
15.152540,NN,NN,NN,NN
15.157510,NN,NN,NN,NN
15.163150,NN,NN,NN,NN
15.168050,NN,NN,NN,NN
15.172560,NN,NN,NN,NN
15.176650,NN,NN,NN,NN
15.181170,NN,NN,NN,NN
15.186380,NN,NN,NN,NN
15.190920,NN,NN,NN,NN
15.196010,NN,NN,NN,NN
15.200570,NN,NN,NN,NN
15.205430,NN,NN,NN,NN
15.209380,NN,NN,NN,NN
15.214300,NN,NN,NN,NN
15.219510,NN,NN,NN,NN
15.223780,NN,NN,NN,NN
15.228120,NN,NN,NN,NN
15.233410,NN,NN,NN,NN
15.237810,NN,NN,NN,NN
15.242160,NN,NN,NN,NN
15.248550,NN,NN,NN,NN
15.253680,NN,NN,NN,NN
15.258550,NN,NN,NN,NN
15.263540,NN,NN,NN,NN
15.267890,NN,NN,NN,NN
15.271570,NN,NN,NN,NN
15.275290,NN,NN,NN,NN
15.281270,NN,NN,NN,NN
15.285950,NN,NN,NN,NN
15.290420,NN,NN,NN,NN
15.294710,NN,NN,NN,NN
15.299610,NN,NN,NN,NN
15.303750,NN,NN,NN,NN
15.309400,NN,NN,NN,NN
15.314380,NN,NN,NN,NN
15.318860,NN,NN,NN,NN
15.323050,NN,NN,NN,NN
15.328110,NN,NN,NN,NN
15.332850,NN,NN,NN,NN
15.337800,NN,NN,NN,NN
15.342690,NN,NN,NN,NN
15.346930,NN,NN,NN,NN
15.351470,NN,NN,NN,NN
15.356420,NN,NN,NN,NN
15.360900,NN,NN,NN,NN
15.365940,NN,NN,NN,NN
15.371200,NN,NN,NN,NN
15.376000,NN,NN,NN,NN
15.380140,NN,NN,NN,NN
15.385070,NN,NN,NN,NN
15.390210,NN,NN,NN,NN
15.394490,NN,NN,NN,NN
15.400160,NN,NN,NN,NN
15.405270,NN,NN,NN,NN
15.409510,NN,NN,NN,NN
15.414290,NN,NN,NN,NN
15.419480,NN,NN,NN,NN
15.426690,NN,NN,NN,NN
15.436100,NN,NN,NN,NN
15.444140,NN,NN,NN,NN
15.450110,NN,NN,NN,NN
15.455030,NN,NN,NN,NN
15.459800,NN,NN,NN,NN
15.466460,NN,NN,NN,NN
15.471230,NN,NN,NN,NN
15.475790,NN,NN,NN,NN
15.480370,NN,NN,NN,NN
15.485070,NN,NN,NN,NN
15.490290,NN,NN,NN,NN
15.495990,NN,NN,NN,NN
15.501010,NN,NN,NN,NN
15.505340,NN,NN,NN,NN
15.510320,NN,NN,NN,NN
15.516000,NN,NN,NN,NN
15.520900,NN,NN,NN,NN
15.525770,NN,NN,NN,NN
15.530770,NN,NN,NN,NN
15.535270,NN,NN,NN,NN
15.539810,NN,NN,NN,NN
15.544380,NN,NN,NN,NN
15.549190,NN,NN,NN,NN
15.554030,NN,NN,NN,NN
15.559940,NN,NN,NN,NN
15.565020,NN,NN,NN,NN
15.572430,231.243,-92.087,115.621,-46.044
15.580900,231.243,-92.087,173.432,-69.065
15.589280,231.243,-92.087,202.337,-80.576
15.597110,231.243,-92.087,216.790,-86.332
15.605510,239.531,-93.861,228.160,-90.096
15.612030,239.531,-93.861,233.845,-91.978
15.618780,239.531,-93.861,236.688,-92.920
15.624090,239.531,-93.861,238.109,-93.390
15.628880,239.531,-93.861,238.820,-93.625
15.635620,252.908,-96.221,245.864,-94.923
15.641320,252.908,-96.221,249.386,-95.572
15.647030,252.908,-96.221,251.147,-95.896
15.653290,252.908,-96.221,252.028,-96.058
15.659030,268.282,-99.741,260.155,-97.900
15.666040,268.282,-99.741,264.218,-98.820
15.671760,268.282,-99.741,266.250,-99.281
15.676350,268.282,-99.741,267.266,-99.511
15.682290,268.282,-99.741,267.774,-99.626
15.688550,283.841,-102.022,275.808,-100.824
15.693910,283.841,-102.022,279.825,-101.423
15.700790,283.841,-102.022,281.833,-101.723
15.706060,283.841,-102.022,282.837,-101.872
15.710480,283.841,-102.022,283.339,-101.947
15.717040,297.582,-103.849,290.461,-102.898
15.722600,297.582,-103.849,294.021,-103.373
15.729280,297.582,-103.849,295.802,-103.611
15.735140,297.582,-103.849,296.692,-103.730
15.739390,297.582,-103.849,297.137,-103.789
15.744950,297.582,-103.849,297.359,-103.819
15.762080,309.399,-105.183,303.379,-104.501
15.768400,309.399,-105.183,306.389,-104.842
15.773110,309.399,-105.183,307.894,-105.013
15.779550,319.453,-105.520,313.674,-105.266
15.784520,319.453,-105.520,316.563,-105.393
15.789050,319.453,-105.520,318.008,-105.457
15.793830,319.453,-105.520,318.731,-105.488
15.799050,319.453,-105.520,319.092,-105.504
15.803600,319.453,-105.520,319.273,-105.512
15.808660,326.738,-107.243,323.005,-106.378
15.813230,326.738,-107.243,324.872,-106.811
15.818150,326.738,-107.243,325.805,-107.027
15.822710,326.738,-107.243,326.271,-107.135
15.826870,326.738,-107.243,326.505,-107.189
15.831870,326.738,-107.243,326.621,-107.216
15.836060,326.738,-107.243,326.680,-107.230
15.841510,332.365,-107.783,329.522,-107.506
15.846850,332.365,-107.783,330.944,-107.645
15.852070,332.365,-107.783,331.654,-107.714
15.856700,332.365,-107.783,332.010,-107.748
15.861150,332.365,-107.783,332.187,-107.766
15.866700,332.365,-107.783,332.276,-107.774
15.871580,335.616,-107.636,333.946,-107.705
15.876010,335.616,-107.636,334.781,-107.670
15.881770,335.616,-107.636,335.199,-107.653
15.887310,335.616,-107.636,335.407,-107.644
15.891850,335.616,-107.636,335.512,-107.640
15.896890,335.616,-107.636,335.564,-107.638
15.902160,338.018,-105.324,336.791,-106.481
15.906710,338.018,-105.324,337.405,-105.903
15.911150,338.018,-105.324,337.712,-105.614
15.916450,338.018,-105.324,337.865,-105.469
15.921160,338.018,-105.324,337.942,-105.397
15.925510,338.018,-105.324,337.980,-105.360
15.930390,339.716,-103.401,338.848,-104.381
15.935750,339.716,-103.401,339.282,-103.891
15.941110,339.716,-103.401,339.499,-103.646
15.946310,339.716,-103.401,339.608,-103.523
15.950840,339.716,-103.401,339.662,-103.462
15.955450,339.716,-103.401,339.689,-103.431
15.959450,339.716,-103.401,339.703,-103.416
15.965190,341.134,-102.595,340.418,-103.006
15.969760,341.134,-102.595,340.776,-102.801
15.975100,341.134,-102.595,340.955,-102.698
15.979560,341.134,-102.595,341.044,-102.647
15.984730,341.134,-102.595,341.089,-102.621
15.989110,341.134,-102.595,341.112,-102.608
15.994230,342.375,-101.566,341.743,-102.087
15.999920,342.375,-101.566,342.059,-101.827
16.004760,342.375,-101.566,342.217,-101.696
16.008970,342.375,-101.566,342.296,-101.631
16.014030,342.375,-101.566,342.335,-101.599
16.019220,342.375,-101.566,342.355,-101.582
16.024100,344.075,-101.230,343.215,-101.406
16.029350,344.075,-101.230,343.645,-101.318
16.034510,344.075,-101.230,343.860,-101.274
16.039290,344.075,-101.230,343.967,-101.252
16.045020,344.075,-101.230,344.021,-101.241
16.050490,344.075,-101.230,344.048,-101.235
16.055400,347.166,-95.422,345.607,-98.329
16.061010,347.166,-95.422,346.386,-96.875
16.067820,347.166,-95.422,346.776,-96.149
16.071970,347.166,-95.422,346.971,-95.785
16.076660,347.166,-95.422,347.068,-95.604
16.081970,352.277,-75.213,349.672,-85.408
16.086710,352.277,-75.213,350.975,-80.310
16.091860,352.277,-75.213,351.626,-77.762
16.096980,352.277,-75.213,351.951,-76.487
16.101740,352.277,-75.213,352.114,-75.850
16.107200,352.277,-75.213,352.195,-75.531
16.112380,359.529,-48.155,355.862,-61.843
16.118050,359.529,-48.155,357.695,-54.999
16.122710,359.529,-48.155,358.612,-51.577
16.127300,359.529,-48.155,359.070,-49.866
16.132070,359.529,-48.155,359.299,-49.011
16.136520,359.529,-48.155,359.414,-48.583
16.141470,363.683,-23.007,361.548,-35.795
16.146930,363.683,-23.007,362.616,-29.401
16.151850,363.683,-23.007,363.149,-26.204
16.156850,363.683,-23.007,363.416,-24.606
16.161980,363.683,-23.007,363.549,-23.807
16.167440,363.683,-23.007,363.616,-23.407
16.172750,366.579,-2.956,365.097,-13.182
16.177810,366.579,-2.956,365.838,-8.069
16.183140,366.579,-2.956,366.208,-5.513
16.188430,366.579,-2.956,366.394,-4.234
16.192820,366.579,-2.956,366.486,-3.595
16.197760,366.579,-2.956,366.532,-3.276
16.202880,350.197,9.626,358.365,3.175
16.207440,350.197,9.626,354.281,6.400
16.212930,350.197,9.626,352.239,8.013
16.218800,350.197,9.626,351.218,8.819
16.223030,350.197,9.626,350.708,9.223
16.227160,350.197,9.626,350.452,9.424
16.232460,226.153,21.848,288.303,15.636
16.237800,226.153,21.848,257.228,18.742
16.242660,226.153,21.848,241.690,20.295
16.248080,226.153,21.848,233.922,21.071
16.252860,226.153,21.848,230.037,21.460
16.256470,226.153,21.848,228.095,21.654
16.260490,226.153,21.848,227.124,21.751
16.265920,-100.101,31.484,63.511,26.618
16.271330,-100.101,31.484,-18.295,29.051
16.276640,-100.101,31.484,-59.198,30.268
16.281600,-100.101,31.484,-79.650,30.876
16.286190,-100.101,31.484,-89.875,31.180
16.289840,-100.101,31.484,-94.988,31.332
16.294480,-100.101,31.484,-97.545,31.408
16.300230,-100.101,31.484,-98.823,31.446
16.304840,-100.101,31.484,-99.462,31.465
16.309480,-100.101,31.484,-99.782,31.475
16.314080,-100.101,31.484,-99.941,31.480
16.318130,-100.101,31.484,-100.021,31.482
16.321950,-100.101,31.484,-100.061,31.483
16.326850,-100.101,31.484,-100.081,31.484
16.331110,-100.101,31.484,-100.091,31.484
16.335940,-100.101,31.484,-100.096,31.484
16.340590,-100.101,31.484,-100.099,31.484
16.345460,-100.101,31.484,-100.100,31.484
16.351290,-100.101,31.484,-100.101,31.484
16.356590,-100.101,31.484,-100.101,31.484
16.361430,-100.101,31.484,-100.101,31.484
16.366310,-100.101,31.484,-100.101,31.484
16.370950,-100.101,31.484,-100.101,31.484
16.376020,-100.101,31.484,-100.101,31.484
16.380020,-100.101,31.484,-100.101,31.484
16.385170,-100.101,31.484,-100.101,31.484
16.389740,-100.101,31.484,-100.101,31.484
16.394650,-100.101,31.484,-100.101,31.484
16.399810,-100.101,31.484,-100.101,31.484
16.405070,-100.101,31.484,-100.101,31.484
16.409360,-100.101,31.484,-100.101,31.484
16.414070,-100.101,31.484,-100.101,31.484
16.418840,-100.101,31.484,-100.101,31.484
16.423710,-100.101,31.484,-100.101,31.484
16.428650,-100.101,31.484,-100.101,31.484
16.433840,-100.101,31.484,-100.101,31.484
16.438280,-100.101,31.484,-100.101,31.484
16.443050,-100.101,31.484,-100.101,31.484
16.447400,-100.101,31.484,-100.101,31.484
16.452070,-100.101,31.484,-100.101,31.484
16.456910,-100.101,31.484,-100.101,31.484
16.461320,-100.101,31.484,-100.101,31.484
16.466670,-100.101,31.484,-100.101,31.484
16.471640,-100.101,31.484,-100.101,31.484
16.476140,-100.101,31.484,-100.101,31.484
16.481560,-100.101,31.484,-100.101,31.484
16.486400,-100.101,31.484,-100.101,31.484
16.491190,-100.101,31.484,-100.101,31.484
16.495480,-100.101,31.484,-100.101,31.484
16.500520,-100.101,31.484,-100.101,31.484
16.505640,-568.237,-9.552,-334.169,10.966
16.509970,-568.237,-9.552,-451.203,0.707
16.515290,-568.237,-9.552,-509.720,-4.422
16.520500,-568.237,-9.552,-538.978,-6.987
16.524580,-568.237,-9.552,-553.607,-8.269
16.530320,-568.237,-9.552,-560.922,-8.911
16.535200,-499.688,-26.724,-530.305,-17.817
16.539430,-499.688,-26.724,-514.997,-22.270
16.544030,-499.688,-26.724,-507.342,-24.497
16.548890,-499.688,-26.724,-503.515,-25.610
16.553460,-499.688,-26.724,-501.602,-26.167
16.558030,-499.688,-26.724,-500.645,-26.445
16.562700,-499.688,-26.724,-500.166,-26.585
16.567850,-198.295,-104.084,-349.231,-65.334
16.572400,-198.295,-104.084,-273.763,-84.709
16.578250,-198.295,-104.084,-236.029,-94.396
16.583630,-198.295,-104.084,-217.162,-99.240
16.587950,-198.295,-104.084,-207.728,-101.662
16.592520,-198.295,-104.084,-203.011,-102.873
16.597970,154.348,-199.565,-24.332,-151.219
16.605600,154.348,-199.565,65.008,-175.392
16.614220,154.348,-199.565,109.678,-187.478
16.623220,154.348,-199.565,132.013,-193.522
16.628460,338.392,-247.782,235.202,-220.652
16.633200,338.392,-247.782,286.797,-234.217
16.638030,338.392,-247.782,312.594,-240.999
16.642270,338.392,-247.782,325.493,-244.390
16.647480,338.392,-247.782,331.942,-246.086
16.652380,338.392,-247.782,335.167,-246.934
16.657910,414.923,-270.146,375.045,-258.540
16.662710,414.923,-270.146,394.984,-264.343
16.667560,414.923,-270.146,404.953,-267.244
16.672640,414.923,-270.146,409.938,-268.695
16.676930,414.923,-270.146,412.430,-269.420
16.681840,414.923,-270.146,413.676,-269.783
16.687160,446.072,-276.192,429.874,-272.988
16.691660,446.072,-276.192,437.973,-274.590
16.696390,446.072,-276.192,442.022,-275.391
16.701940,446.072,-276.192,444.047,-275.792
16.706560,446.072,-276.192,445.059,-275.992
16.710520,446.072,-276.192,445.565,-276.092
16.715250,462.912,-278.286,454.238,-277.189
16.720450,462.912,-278.286,458.575,-277.737
16.724850,462.912,-278.286,460.743,-278.012
16.730420,462.912,-278.286,461.827,-278.149
16.735700,462.912,-278.286,462.369,-278.217
16.740430,462.912,-278.286,462.641,-278.251
16.745100,410.259,-263.968,436.450,-271.110
16.752040,410.259,-263.968,423.354,-267.539
16.757310,410.259,-263.968,416.807,-265.753
16.762640,410.259,-263.968,413.533,-264.860
16.768100,410.259,-263.968,411.896,-264.414
16.772750,410.259,-263.968,411.078,-264.191
16.778190,334.563,-249.578,372.820,-256.884
16.782700,334.563,-249.578,353.691,-253.231
16.787150,334.563,-249.578,344.127,-251.405
16.792540,334.563,-249.578,339.345,-250.491
16.797330,334.563,-249.578,336.954,-250.035
16.801840,334.563,-249.578,335.758,-249.806
16.806000,119.096,-211.477,227.427,-230.642
16.811160,119.096,-211.477,173.262,-221.059
16.816960,119.096,-211.477,146.179,-216.268
16.822220,119.096,-211.477,132.637,-213.872
16.827240,119.096,-211.477,125.867,-212.675
16.832280,119.096,-211.477,122.481,-212.076
16.836920,-308.300,-132.589,-92.909,-172.332
16.842120,-308.300,-132.589,-200.605,-152.460
16.847660,-308.300,-132.589,-254.453,-142.524
16.852570,-308.300,-132.589,-281.376,-137.556
16.857450,-308.300,-132.589,-294.838,-135.072
16.862020,-308.300,-132.589,-301.569,-133.831
16.867120,-547.400,-82.927,-424.485,-108.379
16.872250,-547.400,-82.927,-485.943,-95.653
16.876890,-547.400,-82.927,-516.671,-89.290
16.882740,-547.400,-82.927,-532.036,-86.108
16.887830,-547.400,-82.927,-539.718,-84.517
16.892240,-547.400,-82.927,-543.559,-83.722
16.897200,-652.160,-59.956,-597.859,-71.839
16.902470,-652.160,-59.956,-625.010,-65.898
16.907910,-652.160,-59.956,-638.585,-62.927
16.913530,-652.160,-59.956,-645.372,-61.442
16.918950,-652.160,-59.956,-648.766,-60.699
16.923730,-652.160,-59.956,-650.463,-60.328
16.928540,-692.923,-49.055,-671.693,-54.691
16.934830,-692.923,-49.055,-682.308,-51.873
16.940040,-692.923,-49.055,-687.616,-50.464
16.944520,-692.923,-49.055,-690.269,-49.759
16.950220,-692.923,-49.055,-691.596,-49.407
16.955480,-692.923,-49.055,-692.260,-49.231
16.960770,-711.746,-46.085,-702.003,-47.658
16.967070,-711.746,-46.085,-706.874,-46.871
16.972280,-711.746,-46.085,-709.310,-46.478
16.976890,-711.746,-46.085,-710.528,-46.282
16.982680,-711.746,-46.085,-711.137,-46.183
16.987110,-719.718,-41.983,-715.427,-44.083
16.992160,-719.718,-41.983,-717.573,-43.033
16.998010,-719.718,-41.983,-718.645,-42.508
17.003290,-719.718,-41.983,-719.181,-42.245
17.007050,-719.718,-41.983,-719.450,-42.114
17.011090,-719.718,-41.983,-719.584,-42.048
17.016140,-719.718,-41.983,-719.651,-42.015
17.021450,-723.388,-44.136,-721.520,-43.076
17.026150,-723.388,-44.136,-722.454,-43.606
17.032270,-723.388,-44.136,-722.921,-43.871
17.037090,-723.388,-44.136,-723.155,-44.003
17.041200,-723.388,-44.136,-723.272,-44.070
17.045710,-723.388,-44.136,-723.330,-44.103
17.050690,-723.388,-44.136,-723.359,-44.119
17.054960,-723.388,-44.136,-723.374,-44.128
17.060670,-723.388,-44.136,-723.381,-44.132
17.066560,-723.388,-44.136,-723.385,-44.134
17.071710,-723.388,-44.136,-723.387,-44.135
17.076940,-723.388,-44.136,-723.388,-44.136
17.081540,-723.388,-44.136,-723.388,-44.136
17.086150,-723.388,-44.136,-723.388,-44.136
17.091200,-723.388,-44.136,-723.388,-44.136
17.095990,-723.388,-44.136,-723.388,-44.136
17.100890,-723.388,-44.136,-723.388,-44.136
17.104840,-723.388,-44.136,-723.388,-44.136
17.110450,-723.388,-44.136,-723.388,-44.136
17.120850,-723.388,-44.136,-723.388,-44.136
17.126210,-723.388,-44.136,-723.388,-44.136
17.131330,-723.388,-44.136,-723.388,-44.136
17.136450,-723.388,-44.136,-723.388,-44.136
17.142040,-723.388,-44.136,-723.388,-44.136
17.146840,-723.388,-44.136,-723.388,-44.136
17.151460,-723.388,-44.136,-723.388,-44.136
17.156170,-723.388,-44.136,-723.388,-44.136
17.160810,-723.388,-44.136,-723.388,-44.136
17.165930,-723.388,-44.136,-723.388,-44.136
17.170420,-723.388,-44.136,-723.388,-44.136
17.174860,-723.388,-44.136,-723.388,-44.136
17.180510,-723.388,-44.136,-723.388,-44.136
17.186020,-723.388,-44.136,-723.388,-44.136
17.189810,-723.388,-44.136,-723.388,-44.136
17.194960,-723.388,-44.136,-723.388,-44.136
17.200240,-723.388,-44.136,-723.388,-44.136
17.204480,-723.388,-44.136,-723.388,-44.136
17.208990,-723.388,-44.136,-723.388,-44.136
17.214410,-723.388,-44.136,-723.388,-44.136
17.219660,-723.388,-44.136,-723.388,-44.136
17.223820,-723.388,-44.136,-723.388,-44.136
17.229740,-723.388,-44.136,-723.388,-44.136
17.234870,-723.388,-44.136,-723.388,-44.136
17.239590,-723.388,-44.136,-723.388,-44.136
17.244500,-723.388,-44.136,-723.388,-44.136
17.250080,-723.388,-44.136,-723.388,-44.136
17.255050,-723.388,-44.136,-723.388,-44.136
17.260310,-723.388,-44.136,-723.388,-44.136
17.266450,-723.388,-44.136,-723.388,-44.136
17.272030,-723.388,-44.136,-723.388,-44.136
17.276700,-723.388,-44.136,-723.388,-44.136
17.282190,-723.388,-44.136,-723.388,-44.136
17.286530,-723.388,-44.136,-723.388,-44.136
17.290860,-723.388,-44.136,-723.388,-44.136
17.299120,-723.388,-44.136,-723.388,-44.136
17.304900,-723.388,-44.136,-723.388,-44.136
17.310090,-723.388,-44.136,-723.388,-44.136
17.314900,-723.388,-44.136,-723.388,-44.136
17.320380,-714.596,6.456,-718.992,-18.840
17.325380,-714.596,6.456,-716.794,-6.192
17.332640,-714.596,6.456,-715.695,0.132
17.341880,-714.596,6.456,-715.146,3.294
17.349830,-631.179,8.650,-673.163,5.972
17.355000,-631.179,8.650,-652.171,7.311
17.363560,-631.179,8.650,-641.675,7.981
17.370380,-631.179,8.650,-636.427,8.316
17.377350,-631.179,8.650,-633.803,8.483
17.384340,-255.623,-41.292,-444.713,-16.404
17.391630,-255.623,-41.292,-350.168,-28.848
17.398550,-255.623,-41.292,-302.896,-35.070
17.405120,-255.623,-41.292,-279.259,-38.181
17.411450,252.285,-152.223,-13.487,-95.202
17.418450,252.285,-152.223,119.399,-123.712
17.426200,252.285,-152.223,185.842,-137.968
17.434010,252.285,-152.223,219.064,-145.095
17.442210,515.201,-211.961,367.132,-178.528
17.450810,515.201,-211.961,441.167,-195.245
17.456970,515.201,-211.961,478.184,-203.603
17.461360,515.201,-211.961,496.692,-207.782
17.466460,515.201,-211.961,505.946,-209.871
17.472110,611.743,-235.300,558.845,-222.586
17.476550,611.743,-235.300,585.294,-228.943
17.482110,611.743,-235.300,598.518,-232.121
17.487120,611.743,-235.300,605.130,-233.711
17.491590,611.743,-235.300,608.436,-234.505
17.496440,611.743,-235.300,610.090,-234.903
17.502470,651.542,-241.884,630.816,-238.393
17.507030,651.542,-241.884,641.179,-240.138
17.512740,651.542,-241.884,646.360,-241.011
17.518340,651.542,-241.884,648.951,-241.447
17.522670,651.542,-241.884,650.247,-241.666
17.527080,651.542,-241.884,650.894,-241.775
17.532880,665.855,-247.378,658.375,-244.577
17.537550,665.855,-247.378,662.115,-245.978
17.542790,665.855,-247.378,663.985,-246.678
17.549720,665.855,-247.378,664.920,-247.028
17.555020,665.855,-247.378,665.388,-247.203
17.561240,670.936,-249.356,668.162,-248.279
17.567000,670.936,-249.356,669.549,-248.818
17.572700,670.936,-249.356,670.243,-249.087
17.578090,670.936,-249.356,670.589,-249.221
17.583520,670.936,-249.356,670.763,-249.288
17.587840,670.936,-249.356,670.850,-249.322
17.593580,674.157,-249.464,672.503,-249.393
17.598580,674.157,-249.464,673.330,-249.428
17.603530,674.157,-249.464,673.743,-249.446
17.608630,674.157,-249.464,673.950,-249.455
17.613440,674.157,-249.464,674.053,-249.460
17.617690,674.157,-249.464,674.105,-249.462
17.622810,675.086,-247.895,674.596,-248.679
17.627570,675.086,-247.895,674.841,-248.287
17.633030,675.086,-247.895,674.963,-248.091
17.638230,675.086,-247.895,675.025,-247.993
17.642760,675.086,-247.895,675.055,-247.944
17.648080,675.086,-247.895,675.071,-247.920
17.653500,675.550,-248.643,675.310,-248.281
17.657420,675.550,-248.643,675.430,-248.462
17.661730,675.550,-248.643,675.490,-248.553
17.666890,675.550,-248.643,675.520,-248.598
17.672960,675.550,-248.643,675.535,-248.620
17.677540,675.550,-248.643,675.543,-248.632
17.682990,675.048,-249.404,675.295,-249.018
17.688610,675.048,-249.404,675.172,-249.211
17.693080,675.048,-249.404,675.110,-249.307
17.699010,675.048,-249.404,675.079,-249.356
17.703350,675.048,-249.404,675.063,-249.380
17.708330,675.048,-249.404,675.056,-249.392
17.714380,674.791,-250.567,674.923,-249.980
17.719480,674.791,-250.567,674.857,-250.274
17.724640,674.791,-250.567,674.824,-250.421
17.730580,674.791,-250.567,674.807,-250.494
17.735820,674.791,-250.567,674.799,-250.531
17.741110,674.791,-250.567,674.795,-250.549
17.746560,675.133,-251.621,674.964,-251.085
17.751290,675.133,-251.621,675.049,-251.353
17.756360,675.133,-251.621,675.091,-251.487
17.762450,675.133,-251.621,675.112,-251.554
17.767840,675.133,-251.621,675.122,-251.588
17.772590,675.769,-251.489,675.446,-251.538
17.777040,675.769,-251.489,675.608,-251.514
17.782810,675.769,-251.489,675.688,-251.501
17.787960,675.769,-251.489,675.729,-251.495
17.792850,675.769,-251.489,675.749,-251.492
17.798590,675.769,-251.489,675.759,-251.491
17.803300,676.648,-251.328,676.204,-251.410
17.808610,676.648,-251.328,676.426,-251.369
17.816640,676.648,-251.328,676.537,-251.349
17.822790,676.648,-251.328,676.593,-251.338
17.829650,676.648,-251.328,676.621,-251.333
17.840190,663.479,-224.053,670.050,-237.693
17.847300,663.479,-224.053,666.764,-230.873
17.852500,663.479,-224.053,665.122,-227.463
17.857830,663.479,-224.053,664.300,-225.758
17.862770,663.479,-224.053,663.890,-224.906
17.868170,618.868,-119.420,641.379,-172.163
17.874010,618.868,-119.420,630.124,-145.791
17.880440,618.868,-119.420,624.496,-132.605
17.886020,618.868,-119.420,621.682,-126.013
17.891310,618.868,-119.420,620.275,-122.716
17.896850,574.166,-4.616,597.221,-63.666
17.902920,574.166,-4.616,585.693,-34.141
17.908940,574.166,-4.616,579.930,-19.378
17.914310,574.166,-4.616,577.048,-11.997
17.919280,574.166,-4.616,575.607,-8.306
17.924770,543.984,62.416,559.795,27.055
17.930300,543.984,62.416,551.890,44.735
17.936090,543.984,62.416,547.937,53.576
17.941760,543.984,62.416,545.960,57.996
17.946820,543.984,62.416,544.972,60.206
17.953640,530.350,100.531,537.661,80.368
17.960310,530.350,100.531,534.005,90.450
17.967860,530.350,100.531,532.178,95.491
17.974130,530.350,100.531,531.264,98.011
17.980690,530.350,100.531,530.807,99.271
17.987010,524.388,123.394,527.598,111.333
17.992220,524.388,123.394,525.993,117.364
17.998020,524.388,123.394,525.191,120.379
18.002740,524.388,123.394,524.790,121.887
18.008160,524.388,123.394,524.589,122.640
18.014560,520.521,131.598,522.555,127.119
18.021040,520.521,131.598,521.538,129.358
18.026030,520.521,131.598,521.030,130.478
18.031580,520.521,131.598,520.775,131.038
18.036810,520.521,131.598,520.648,131.318
18.041120,520.521,131.598,520.585,131.458
18.046980,518.330,134.939,519.457,133.198
18.052800,518.330,134.939,518.894,134.069
18.058930,518.330,134.939,518.612,134.504
18.064960,518.330,134.939,518.471,134.722
18.070960,518.330,134.939,518.400,134.830
18.076740,516.653,137.404,517.527,136.117
18.082840,516.653,137.404,517.090,136.761
18.088470,516.653,137.404,516.871,137.083
18.094440,516.653,137.404,516.762,137.243
18.099640,516.653,137.404,516.708,137.324
18.105710,515.318,141.791,516.013,139.557
18.111470,515.318,141.791,515.665,140.674
18.117000,515.318,141.791,515.492,141.232
18.122260,515.318,141.791,515.405,141.511
18.127250,515.318,141.791,515.361,141.651
18.132890,515.318,141.791,515.340,141.721
18.139710,514.458,144.013,514.899,142.867
18.147050,514.458,144.013,514.679,143.440
18.152640,514.458,144.013,514.569,143.727
18.158760,514.458,144.013,514.513,143.870
18.164750,514.458,144.013,514.486,143.942
18.170850,515.162,146.042,514.824,144.992
18.175870,515.162,146.042,514.993,145.517
18.181750,515.162,146.042,515.077,145.780
18.187810,515.162,146.042,515.119,145.911
18.194650,515.162,146.042,515.141,145.977
18.200990,514.703,147.265,514.922,146.621
18.206540,514.703,147.265,514.812,146.943
18.212360,514.703,147.265,514.758,147.104
18.217790,514.703,147.265,514.730,147.184
18.222390,514.703,147.265,514.717,147.224
18.227690,513.820,147.277,514.269,147.251
18.232580,513.820,147.277,514.044,147.264
18.237650,513.820,147.277,513.932,147.271
18.242950,513.820,147.277,513.876,147.274
18.249630,513.820,147.277,513.848,147.276
18.255000,513.820,147.277,513.834,147.277
18.262150,512.813,147.408,513.324,147.342
18.268970,512.813,147.408,513.068,147.375
18.273960,512.813,147.408,512.940,147.392
18.278880,512.813,147.408,512.877,147.400
18.284630,512.813,147.408,512.845,147.404
18.289810,512.616,147.348,512.730,147.376
18.295540,512.616,147.348,512.673,147.362
18.301350,512.616,147.348,512.644,147.355
18.306760,512.616,147.348,512.630,147.352
18.312760,512.616,147.348,512.623,147.350
18.318180,512.573,147.044,512.598,147.197
18.324110,512.573,147.044,512.586,147.120
18.331170,512.573,147.044,512.580,147.082
18.335990,512.573,147.044,512.576,147.063
18.340770,512.573,147.044,512.575,147.053
18.345280,512.573,147.044,512.574,147.049
18.351030,512.576,147.187,512.575,147.118
18.356930,512.576,147.187,512.576,147.152
18.363880,512.576,147.187,512.576,147.169
18.369100,512.576,147.187,512.576,147.178
18.373970,512.576,147.187,512.576,147.182
18.380820,512.639,146.826,512.608,147.004
18.386600,512.639,146.826,512.624,146.915
18.392250,512.639,146.826,512.632,146.871
18.397980,512.639,146.826,512.636,146.849
18.402770,512.639,146.826,512.638,146.837
18.408010,512.432,146.893,512.535,146.865
18.413340,512.432,146.893,512.483,146.879
18.419180,512.432,146.893,512.457,146.886
18.424530,512.432,146.893,512.445,146.890
18.429280,512.432,146.893,512.438,146.892
18.435330,512.432,146.893,512.435,146.892
18.440200,512.162,146.866,512.298,146.879
18.445080,512.162,146.866,512.230,146.873
18.451590,512.162,146.866,512.196,146.869
18.456500,512.162,146.866,512.179,146.868
18.461070,512.162,146.866,512.170,146.867
18.467200,512.162,146.866,512.166,146.866
18.472360,512.086,146.620,512.126,146.743
18.477630,512.086,146.620,512.106,146.682
18.484800,512.086,146.620,512.096,146.651
18.489440,512.086,146.620,512.091,146.635
18.494080,512.086,146.620,512.089,146.628
18.500320,511.807,147.063,511.948,146.846
18.504940,511.807,147.063,511.878,146.955
18.510400,511.807,147.063,511.843,147.009
18.516020,511.807,147.063,511.825,147.036
18.521070,511.807,147.063,511.816,147.050
18.526660,511.807,147.063,511.812,147.057
18.532900,511.712,147.253,511.762,147.155
18.537840,511.712,147.253,511.737,147.204
18.543780,511.712,147.253,511.724,147.228
18.549000,511.712,147.253,511.718,147.241
18.554070,511.712,147.253,511.715,147.247
18.559960,511.556,147.029,511.635,147.138
18.565320,511.556,147.029,511.595,147.084
18.570720,511.556,147.029,511.576,147.056
18.576090,511.556,147.029,511.566,147.043
18.582020,511.556,147.029,511.561,147.036
18.587060,511.556,147.029,511.558,147.033
18.593180,511.489,147.063,511.524,147.048
18.598630,511.489,147.063,511.506,147.056
18.604310,511.489,147.063,511.498,147.059
18.609940,511.489,147.063,511.493,147.061
18.615230,511.489,147.063,511.491,147.062
18.620700,511.261,146.955,511.376,147.009
18.625970,511.261,146.955,511.318,146.982
18.631570,511.261,146.955,511.289,146.968
18.638150,511.261,146.955,511.275,146.962
18.643080,511.261,146.955,511.268,146.958
18.649580,511.166,146.808,511.217,146.883
18.654790,511.166,146.808,511.192,146.846
18.659550,511.166,146.808,511.179,146.827
18.665000,511.166,146.808,511.173,146.817
18.670560,511.166,146.808,511.169,146.813
18.674540,511.166,146.808,511.168,146.810
18.680440,510.893,146.896,511.030,146.853
18.686060,510.893,146.896,510.962,146.874
18.691110,510.893,146.896,510.927,146.885
18.696160,510.893,146.896,510.910,146.890
18.701430,510.893,146.896,510.901,146.893
18.705840,510.893,146.896,510.897,146.894
18.710250,510.687,146.864,510.792,146.879
18.716770,510.687,146.864,510.740,146.872
18.721990,510.687,146.864,510.713,146.868
18.726530,510.687,146.864,510.700,146.866
18.732170,510.687,146.864,510.694,146.865
18.736720,510.687,146.864,510.690,146.865
18.741070,510.451,146.833,510.571,146.849
18.745790,510.451,146.833,510.511,146.841
18.751390,510.451,146.833,510.481,146.837
18.755830,510.451,146.833,510.466,146.835
18.760350,510.451,146.833,510.458,146.834
18.765870,510.451,146.833,510.455,146.833
18.770480,510.162,146.933,510.308,146.883
18.776010,510.162,146.933,510.235,146.908
18.782590,510.162,146.933,510.199,146.921
18.787490,510.162,146.933,510.180,146.927
18.792770,510.162,146.933,510.171,146.930
18.798020,510.162,146.933,510.167,146.932
18.803250,509.869,147.381,510.018,147.156
18.807690,509.869,147.381,509.944,147.269
18.812760,509.869,147.381,509.907,147.325
18.817880,509.869,147.381,509.888,147.353
18.823090,509.869,147.381,509.879,147.367
18.826940,509.869,147.381,509.874,147.374
18.832690,509.409,147.893,509.642,147.633
18.838830,509.409,147.893,509.525,147.763
18.844870,509.409,147.893,509.467,147.828
18.850380,509.409,147.893,509.438,147.861
18.856610,509.409,147.893,509.424,147.877
18.863290,509.073,148.367,509.249,148.122
18.870010,509.073,148.367,509.161,148.245
18.876190,509.073,148.367,509.117,148.306
18.882040,509.073,148.367,509.095,148.337
18.887620,509.073,148.367,509.084,148.352
18.893740,508.700,148.857,508.892,148.605
18.899560,508.700,148.857,508.796,148.731
18.905540,508.700,148.857,508.748,148.794
18.910820,508.700,148.857,508.724,148.826
18.916480,508.700,148.857,508.712,148.842
18.922220,508.263,148.979,508.488,148.910
18.927400,508.263,148.979,508.376,148.945
18.934700,508.263,148.979,508.320,148.962
18.939740,508.263,148.979,508.291,148.971
18.944920,508.263,148.979,508.277,148.975
18.950360,508.263,148.979,508.270,148.977
18.955690,508.140,148.894,508.205,148.936
18.961080,508.140,148.894,508.173,148.915
18.967520,508.140,148.894,508.156,148.904
18.972320,508.140,148.894,508.148,148.899
18.977120,508.140,148.894,508.144,148.897
18.985180,507.886,148.269,508.015,148.583
18.991560,507.886,148.269,507.951,148.426
18.997590,507.886,148.269,507.918,148.348
19.002720,507.886,148.269,507.902,148.309
19.007240,507.886,148.269,507.894,148.289
19.013250,507.595,147.843,507.744,148.066
19.018330,507.595,147.843,507.670,147.954
19.023380,507.595,147.843,507.632,147.899
19.028360,507.595,147.843,507.613,147.871
19.033060,507.595,147.843,507.604,147.857
19.037750,507.595,147.843,507.599,147.850
19.043650,507.285,147.474,507.442,147.662
19.050370,507.285,147.474,507.364,147.568
19.056860,507.285,147.474,507.324,147.521
19.064090,507.285,147.474,507.305,147.497
19.068830,507.285,147.474,507.295,147.486
19.074340,505.250,146.756,506.272,147.121
19.079380,505.250,146.756,505.761,146.938
19.084760,505.250,146.756,505.505,146.847
19.089760,505.250,146.756,505.377,146.801
19.093890,505.250,146.756,505.314,146.779
19.098990,505.250,146.756,505.282,146.767
19.103970,480.051,147.832,492.666,147.300
19.108850,480.051,147.832,486.358,147.566
19.114150,480.051,147.832,483.205,147.699
19.126980,480.051,147.832,481.628,147.766
19.133670,436.026,150.312,458.827,149.039
19.138830,436.026,150.312,447.426,149.675
19.143260,436.026,150.312,441.726,149.993
19.148080,436.026,150.312,438.876,150.153
19.153100,436.026,150.312,437.451,150.232
19.157930,436.026,150.312,436.738,150.272
19.163330,391.453,152.855,414.096,151.564
19.168560,391.453,152.855,402.775,152.209
19.173680,391.453,152.855,397.114,152.532
19.178870,391.453,152.855,394.284,152.694
19.184520,391.453,152.855,392.868,152.775
19.190410,391.453,152.855,392.161,152.815
19.195290,356.596,155.923,374.378,154.369
19.201400,356.596,155.923,365.487,155.146
19.207360,356.596,155.923,361.042,155.535
19.212750,356.596,155.923,358.819,155.729
19.217750,356.596,155.923,357.707,155.826
19.222100,356.596,155.923,357.152,155.875
19.227920,331.556,158.174,344.354,157.024
19.235280,331.556,158.174,337.955,157.599
19.240220,331.556,158.174,334.755,157.887
19.246150,331.556,158.174,333.155,158.030
19.251560,331.556,158.174,332.355,158.102
19.256320,314.104,160.616,323.229,159.359
19.262570,314.104,160.616,318.667,159.987
19.268430,314.104,160.616,316.385,160.301
19.272670,314.104,160.616,315.244,160.458
19.276890,314.104,160.616,314.674,160.537
19.283880,300.612,162.806,307.643,161.672
19.288910,300.612,162.806,304.128,162.239
19.294700,300.612,162.806,302.370,162.523
19.300250,300.612,162.806,301.491,162.664
19.305380,300.612,162.806,301.052,162.735
19.309770,300.612,162.806,300.832,162.771
19.314580,290.680,165.767,295.756,164.269
19.320190,290.680,165.767,293.218,165.018
19.325120,290.680,165.767,291.949,165.392
19.330320,290.680,165.767,291.315,165.580
19.334430,290.680,165.767,290.997,165.673
19.338550,290.680,165.767,290.839,165.720
19.343540,284.428,166.849,287.633,166.285
19.348970,284.428,166.849,286.030,166.567
19.354180,284.428,166.849,285.229,166.708
19.359770,284.428,166.849,284.828,166.779
19.365230,284.428,166.849,284.628,166.814
19.369340,284.428,166.849,284.528,166.832
19.376030,279.223,167.993,281.875,167.412
19.381000,279.223,167.993,280.549,167.703
19.386230,279.223,167.993,279.886,167.848
19.390870,279.223,167.993,279.554,167.921
19.395400,279.223,167.993,279.388,167.957
19.400700,279.223,167.993,279.306,167.975
19.406270,276.299,171.021,277.802,169.498
19.410350,276.299,171.021,277.051,170.259
19.416210,276.299,171.021,276.675,170.640
19.421340,276.299,171.021,276.487,170.831
19.425800,276.299,171.021,276.393,170.926
19.431330,276.299,171.021,276.346,170.973
19.436870,273.950,172.567,275.148,171.770
19.441680,273.950,172.567,274.549,172.169
19.447130,273.950,172.567,274.250,172.368
19.452860,273.950,172.567,274.100,172.468
19.456780,273.950,172.567,274.025,172.518
19.461150,273.950,172.567,273.988,172.542
19.466960,272.372,171.998,273.180,172.270
19.471500,272.372,171.998,272.776,172.134
19.476000,272.372,171.998,272.574,172.066
19.481990,272.372,171.998,272.473,172.032
19.486310,272.372,171.998,272.423,172.015
19.490790,272.372,171.998,272.398,172.007
19.496570,270.390,172.028,271.394,172.018
19.501810,270.390,172.028,270.892,172.023
19.506980,270.390,172.028,270.641,172.026
19.511260,270.390,172.028,270.516,172.027
19.516320,270.390,172.028,270.453,172.028
19.520750,270.390,172.028,270.422,172.028
19.524880,268.920,172.640,269.671,172.334
19.530500,268.920,172.640,269.296,172.487
19.535710,268.920,172.640,269.108,172.564
19.540240,268.920,172.640,269.014,172.602
19.545910,268.920,172.640,268.967,172.621
19.551060,268.920,172.640,268.944,172.631
19.556160,267.458,173.398,268.201,173.015
19.561750,267.458,173.398,267.830,173.206
19.566830,267.458,173.398,267.644,173.302
19.572620,267.458,173.398,267.551,173.350
19.578150,267.458,173.398,267.505,173.374
19.582790,267.458,173.398,267.481,173.386
19.587560,275.201,172.343,271.341,172.865
19.591850,275.201,172.343,273.271,172.604
19.597330,275.201,172.343,274.236,172.473
19.602970,275.201,172.343,274.719,172.408
19.607790,275.201,172.343,274.960,172.375
19.613110,275.201,172.343,275.080,172.359
19.618390,314.835,163.956,294.958,168.157
19.623450,314.835,163.956,304.897,166.056
19.628660,314.835,163.956,309.866,165.006
19.634070,314.835,163.956,312.351,164.481
19.639300,314.835,163.956,313.593,164.218
19.644310,314.835,163.956,314.214,164.087
19.649700,382.784,147.470,348.499,155.779
19.654480,382.784,147.470,365.642,151.624
19.659540,382.784,147.470,374.213,149.547
19.665010,382.784,147.470,378.499,148.509
19.669330,382.784,147.470,380.642,147.990
19.674240,382.784,147.470,381.713,147.730
19.679870,443.264,132.940,412.489,140.335
19.685220,443.264,132.940,427.876,136.638
19.690640,443.264,132.940,435.570,134.789
19.695510,443.264,132.940,439.417,133.864
19.700500,443.264,132.940,441.341,133.402
19.704980,443.264,132.940,442.302,133.171
19.710190,489.459,122.416,465.881,127.794
19.715180,489.459,122.416,477.670,125.105
19.720850,489.459,122.416,483.565,123.761
19.725420,489.459,122.416,486.512,123.088
19.730410,489.459,122.416,487.986,122.752
19.736030,489.459,122.416,488.722,122.584
19.740960,520.335,114.369,504.529,118.477
19.745620,520.335,114.369,512.432,116.423
19.752000,520.335,114.369,516.383,115.396
19.756580,520.335,114.369,518.359,114.882
19.761350,520.335,114.369,519.347,114.626
19.767830,539.054,110.323,529.201,112.474
19.772610,539.054,110.323,534.128,111.399
19.777410,539.054,110.323,536.591,110.861
19.783670,539.054,110.323,537.823,110.592
19.788880,539.054,110.323,538.439,110.458
19.793270,539.054,110.323,538.747,110.391
19.798770,549.753,106.606,544.250,108.498
19.803200,549.753,106.606,547.001,107.552
19.808490,549.753,106.606,548.377,107.079
19.814310,549.753,106.606,549.065,106.843
19.819180,549.753,106.606,549.409,106.724
19.824060,549.753,106.606,549.581,106.665
19.839610,555.608,104.614,552.594,105.639
19.844740,555.608,104.614,554.101,105.126
19.850040,555.608,104.614,554.854,104.870
19.854740,555.608,104.614,555.231,104.742
19.859790,558.773,102.345,557.002,103.543
19.865110,558.773,102.345,557.887,102.944
19.869990,558.773,102.345,558.330,102.645
19.874830,558.773,102.345,558.551,102.495
19.880200,558.773,102.345,558.662,102.420
19.884740,558.773,102.345,558.717,102.383
19.889050,562.068,102.026,560.393,102.204
19.894390,562.068,102.026,561.231,102.115
19.899750,562.068,102.026,561.649,102.070
19.905060,562.068,102.026,561.859,102.048
19.909500,562.068,102.026,561.963,102.037
19.914490,562.068,102.026,562.016,102.031
19.919750,564.260,102.067,563.138,102.049
19.924160,564.260,102.067,563.699,102.058
19.930060,564.260,102.067,563.979,102.063
19.935570,564.260,102.067,564.120,102.065
19.940040,564.260,102.067,564.190,102.066
19.944470,564.260,102.067,564.225,102.067
19.949500,566.419,103.228,565.322,102.647
19.953840,566.419,103.228,565.870,102.938
19.958450,566.419,103.228,566.145,103.083
19.963710,566.419,103.228,566.282,103.155
19.969680,566.419,103.228,566.350,103.192
19.974440,566.419,103.228,566.385,103.210
19.980110,567.172,104.223,566.778,103.716
19.985600,567.172,104.223,566.975,103.970
19.990570,567.172,104.223,567.073,104.096
19.995630,567.172,104.223,567.123,104.159
20.001020,567.172,104.223,567.147,104.191
20.005430,567.172,104.223,567.159,104.207
20.009920,567.000,104.406,567.080,104.306
20.016660,567.000,104.406,567.040,104.356
20.023320,567.000,104.406,567.020,104.381
20.028730,567.000,104.406,567.010,104.393
20.034230,567.000,104.406,567.005,104.399
20.039880,567.443,104.505,567.224,104.452
20.044300,567.443,104.505,567.334,104.478
20.049490,567.443,104.505,567.388,104.492
20.054190,567.443,104.505,567.416,104.498
20.059200,567.443,104.505,567.429,104.501
20.063890,567.443,104.505,567.436,104.503
20.068060,567.443,104.505,567.440,104.504
20.073720,567.777,104.329,567.608,104.416
20.078760,567.777,104.329,567.693,104.372
20.084020,567.777,104.329,567.735,104.350
20.088960,567.777,104.329,567.756,104.340
20.093920,567.777,104.329,567.767,104.334
20.098830,568.585,103.514,568.176,103.924
20.104520,568.585,103.514,568.380,103.719
20.109600,568.585,103.514,568.482,103.616
20.115550,568.585,103.514,568.534,103.565
20.120880,568.585,103.514,568.559,103.540
20.125950,568.585,103.514,568.572,103.527
20.131370,569.034,102.838,568.803,103.183
20.136790,569.034,102.838,568.918,103.010
20.141520,569.034,102.838,568.976,102.924
20.146390,569.034,102.838,569.005,102.881
20.151130,569.034,102.838,569.019,102.860
20.155610,569.034,102.838,569.027,102.849
20.160500,569.434,102.309,569.230,102.579
20.165290,569.434,102.309,569.332,102.444
20.172020,569.434,102.309,569.383,102.377
20.177230,569.434,102.309,569.408,102.343
20.182660,569.434,102.309,569.421,102.326
20.187080,569.434,102.309,569.428,102.318
20.191370,569.789,102.102,569.609,102.210
20.196640,569.789,102.102,569.699,102.156
20.203440,569.789,102.102,569.744,102.129
20.207490,569.789,102.102,569.767,102.115
20.211430,569.789,102.102,569.778,102.109
20.216890,569.789,102.102,569.784,102.105
20.221630,570.454,101.774,570.119,101.940
20.225980,570.454,101.774,570.286,101.857
20.231420,570.454,101.774,570.370,101.816
20.237570,570.454,101.774,570.412,101.795
20.242000,570.454,101.774,570.433,101.784
20.247610,570.454,101.774,570.443,101.779
20.252800,567.739,102.152,569.091,101.966
20.257100,567.739,102.152,568.415,102.059
20.262680,567.739,102.152,568.077,102.105
20.267930,567.739,102.152,567.908,102.129
20.273050,567.739,102.152,567.823,102.140
20.278050,567.739,102.152,567.781,102.146
20.283250,536.527,105.526,552.154,103.836
20.288630,536.527,105.526,544.341,104.681
20.294420,536.527,105.526,540.434,105.103
20.300440,536.527,105.526,538.481,105.315
20.306020,536.527,105.526,537.504,105.420
20.310990,470.953,111.541,504.229,108.480
20.316310,470.953,111.541,487.591,110.011
20.321770,470.953,111.541,479.272,110.776
20.327610,470.953,111.541,475.113,111.158
20.342250,407.268,117.392,441.190,114.275
20.348830,407.268,117.392,424.229,115.834
20.353730,407.268,117.392,415.748,116.613
20.358190,407.268,117.392,411.508,117.002
20.362930,407.268,117.392,409.388,117.197
20.367280,407.268,117.392,408.328,117.295
20.372790,359.197,122.993,383.762,120.144
20.377010,359.197,122.993,371.480,121.568
20.381990,359.197,122.993,365.338,122.280
20.386900,359.197,122.993,362.268,122.636
20.391410,359.197,122.993,360.732,122.815
20.395680,359.197,122.993,359.965,122.904
20.401540,328.284,124.855,344.124,123.880
20.406480,328.284,124.855,336.204,124.367
20.411760,328.284,124.855,332.244,124.611
20.417350,328.284,124.855,330.264,124.733
20.422730,328.284,124.855,329.274,124.794
20.427350,328.284,124.855,328.779,124.825
20.433670,306.235,126.005,317.507,125.415
20.438690,306.235,126.005,311.871,125.710
20.443320,306.235,126.005,309.053,125.857
20.448380,306.235,126.005,307.644,125.931
20.453290,306.235,126.005,306.940,125.968
20.457770,306.235,126.005,306.588,125.986
20.462860,292.463,126.201,299.525,126.094
20.467690,292.463,126.201,295.994,126.148
20.472150,292.463,126.201,294.229,126.175
20.477380,292.463,126.201,293.346,126.188
20.483300,292.463,126.201,292.904,126.195
20.488270,292.463,126.201,292.684,126.198
20.493870,284.274,126.982,288.479,126.590
20.498840,284.274,126.982,286.376,126.786
20.503880,284.274,126.982,285.325,126.884
20.508830,284.274,126.982,284.799,126.933
20.513870,284.274,126.982,284.536,126.957
20.518820,284.274,126.982,284.405,126.970
20.523730,278.809,126.606,281.607,126.788
20.528920,278.809,126.606,280.208,126.697
20.534070,278.809,126.606,279.509,126.652
20.538840,278.809,126.606,279.159,126.629
20.543700,278.809,126.606,278.984,126.618
20.547940,278.809,126.606,278.897,126.612
20.553250,275.304,126.749,277.101,126.681
20.557950,275.304,126.749,276.202,126.715
20.562690,275.304,126.749,275.753,126.732
20.567620,275.304,126.749,275.529,126.741
20.572510,275.304,126.749,275.417,126.745
20.577530,275.304,126.749,275.360,126.747
20.582440,272.586,126.098,273.973,126.423
20.587520,272.586,126.098,273.280,126.260
20.592140,272.586,126.098,272.933,126.179
20.597580,272.586,126.098,272.760,126.139
20.602180,272.586,126.098,272.673,126.118
20.606560,272.586,126.098,272.630,126.108
20.611700,272.586,126.098,272.608,126.103
20.617620,270.624,125.099,271.616,125.601
20.622710,270.624,125.099,271.120,125.350
20.627990,270.624,125.099,270.872,125.225
20.633350,270.624,125.099,270.748,125.162
20.638000,270.624,125.099,270.686,125.131
20.642280,268.925,124.844,269.805,124.988
20.647670,268.925,124.844,269.365,124.916
20.653150,268.925,124.844,269.145,124.880
20.657720,268.925,124.844,269.035,124.862
20.662460,268.925,124.844,268.980,124.853
20.667880,268.925,124.844,268.953,124.849
20.671960,268.925,124.844,268.939,124.847
20.677090,267.831,124.949,268.385,124.898
20.682710,267.831,124.949,268.108,124.924
20.687810,267.831,124.949,267.969,124.936
20.692040,267.831,124.949,267.900,124.943
20.697780,267.831,124.949,267.865,124.946
20.702490,267.831,124.949,267.848,124.948
20.707490,267.251,124.876,267.549,124.912
20.712810,267.251,124.876,267.400,124.894
20.718530,267.251,124.876,267.326,124.885
20.722530,267.251,124.876,267.288,124.881
20.727460,267.251,124.876,267.270,124.879
20.733060,266.561,125.280,266.915,125.079
20.738420,266.561,125.280,266.738,125.179
20.743490,266.561,125.280,266.650,125.229
20.749100,266.561,125.280,266.606,125.255
20.753250,266.561,125.280,266.583,125.267
20.757530,266.561,125.280,266.572,125.273
20.762360,266.561,125.280,266.567,125.276
20.767870,265.994,125.823,266.281,125.550
20.772420,265.994,125.823,266.137,125.686
20.777590,265.994,125.823,266.066,125.755
20.782330,265.994,125.823,266.030,125.789
20.786680,265.994,125.823,266.012,125.806
20.791560,265.994,125.823,266.003,125.814
20.797270,265.502,126.729,265.753,126.272
20.802250,265.502,126.729,265.627,126.500
20.807910,265.502,126.729,265.565,126.615
20.812940,265.502,126.729,265.533,126.672
20.817740,265.502,126.729,265.518,126.700
20.822620,265.502,126.729,265.510,126.715
20.827860,264.796,127.202,265.153,126.959
20.832630,264.796,127.202,264.974,127.080
20.837940,264.796,127.202,264.885,127.141
20.842230,264.796,127.202,264.841,127.172
20.847330,264.796,127.202,264.818,127.187
20.852600,264.796,127.202,264.807,127.195
20.857460,264.261,127.454,264.534,127.324
20.862030,264.261,127.454,264.397,127.389
20.868090,264.261,127.454,264.329,127.422
20.872720,264.261,127.454,264.295,127.438
20.877050,264.261,127.454,264.278,127.446
20.881910,264.261,127.454,264.269,127.450
20.886900,263.724,128.353,263.997,127.902
20.891470,263.724,128.353,263.860,128.128
20.896810,263.724,128.353,263.792,128.241
20.902450,263.724,128.353,263.758,128.297
20.906660,263.724,128.353,263.741,128.325
20.911430,263.724,128.353,263.733,128.339
20.919130,263.201,128.558,263.467,128.449
20.923470,263.201,128.558,263.334,128.503
20.928920,263.201,128.558,263.268,128.531
20.934670,263.201,128.558,263.234,128.544
20.939550,263.201,128.558,263.218,128.551
20.944050,262.918,130.157,263.068,129.354
20.950760,262.918,130.157,262.993,129.755
20.955550,262.918,130.157,262.955,129.956
20.961300,262.918,130.157,262.937,130.056
20.966220,262.918,130.157,262.927,130.106
20.970490,262.918,130.157,262.923,130.132
20.976160,240.302,187.335,251.612,158.733
20.981150,240.302,187.335,245.957,173.034
20.985810,240.302,187.335,243.129,180.185
20.991200,240.302,187.335,241.715,183.760
20.996250,240.302,187.335,241.009,185.547
21.001140,240.302,187.335,240.655,186.441
21.006450,183.413,313.739,212.034,250.090
21.012360,183.413,313.739,197.724,281.914
21.017910,183.413,313.739,190.569,297.827
21.022950,183.413,313.739,186.991,305.783
21.028710,183.413,313.739,185.202,309.761
21.033430,183.413,313.739,184.308,311.750
21.038530,132.703,407.435,158.505,359.592
21.043280,132.703,407.435,145.604,383.514
21.048720,132.703,407.435,139.153,395.474
21.054090,132.703,407.435,135.928,401.455
21.058950,132.703,407.435,134.316,404.445
21.063450,132.703,407.435,133.509,405.940
21.069270,63.417,463.255,98.463,434.598
21.074180,63.417,463.255,80.940,448.926
21.080140,63.417,463.255,72.179,456.091
21.085650,63.417,463.255,67.798,459.673
21.091270,63.417,463.255,65.608,461.464
21.096460,24.960,498.209,45.284,479.836
21.102030,24.960,498.209,35.122,489.023
21.106440,24.960,498.209,30.041,493.616
21.111360,24.960,498.209,27.501,495.912
21.116900,24.960,498.209,26.231,497.060
21.121380,24.960,498.209,25.596,497.635
21.126050,5.165,520.616,15.380,509.125
21.131510,5.165,520.616,10.272,514.871
21.136750,5.165,520.616,7.719,517.743
21.141970,5.165,520.616,6.442,519.180
21.147150,5.165,520.616,5.803,519.898
21.151930,5.165,520.616,5.484,520.257
21.156860,-9.966,541.760,-2.241,531.008
21.161300,-9.966,541.760,-6.103,536.384
21.166860,-9.966,541.760,-8.035,539.072
21.171830,-9.966,541.760,-9.000,540.416
21.176340,-9.966,541.760,-9.483,541.088
21.182110,-9.966,541.760,-9.724,541.424
21.187280,-24.406,560.216,-17.065,550.820
21.192280,-24.406,560.216,-20.736,555.518
21.207660,-24.406,560.216,-22.571,557.867
21.213020,-24.406,560.216,-23.488,559.041
21.218120,16.469,579.124,-3.509,569.082
21.222720,16.469,579.124,6.480,574.103
21.228080,16.469,579.124,11.475,576.613
21.233720,16.469,579.124,13.972,577.868
21.238100,16.469,579.124,15.221,578.496
21.243600,16.469,579.124,15.845,578.810
21.248980,227.930,609.395,121.888,594.102
21.253940,227.930,609.395,174.909,601.749
21.259590,227.930,609.395,201.420,605.572
21.264720,227.930,609.395,214.675,607.483
21.269340,227.930,609.395,221.303,608.439
21.274420,227.930,609.395,224.617,608.917
21.278960,439.711,628.860,332.164,618.888
21.283980,439.711,628.860,385.937,623.874
21.289300,439.711,628.860,412.824,626.367
21.294140,439.711,628.860,426.267,627.614
21.299070,439.711,628.860,432.989,628.237
21.305260,439.711,628.860,436.350,628.548
21.310580,579.527,632.997,507.939,630.773
21.315660,579.527,632.997,543.733,631.885
21.321000,579.527,632.997,561.630,632.441
21.325520,579.527,632.997,570.579,632.719
21.330880,579.527,632.997,575.053,632.858
21.335770,579.527,632.997,577.290,632.927
21.340430,659.285,632.838,618.288,632.883
21.344840,659.285,632.838,638.786,632.860
21.350740,659.285,632.838,649.036,632.849
21.355810,659.285,632.838,654.160,632.843
21.360040,659.285,632.838,656.723,632.841
21.364950,659.285,632.838,658.004,632.839
21.370500,702.457,631.131,680.230,631.985
21.374970,702.457,631.131,691.344,631.558
21.380340,702.457,631.131,696.900,631.345
21.385950,702.457,631.131,699.679,631.238
21.390790,702.457,631.131,701.068,631.184
21.395570,702.457,631.131,701.762,631.158
21.400980,724.131,627.862,712.947,629.510
21.405850,724.131,627.862,718.539,628.686
21.411070,724.131,627.862,721.335,628.274
21.416900,724.131,627.862,722.733,628.068
21.421630,724.131,627.862,723.432,627.965
21.426460,724.131,627.862,723.781,627.914
21.432500,734.305,622.250,729.043,625.082
21.437060,734.305,622.250,731.674,623.666
21.442390,734.305,622.250,732.989,622.958
21.447740,734.305,622.250,733.647,622.604
21.452870,734.305,622.250,733.976,622.427
21.457000,734.305,622.250,734.140,622.338
21.462820,741.668,617.913,737.904,620.126
21.468480,741.668,617.913,739.786,619.019
21.473990,741.668,617.913,740.727,618.466
21.479300,741.668,617.913,741.197,618.189
21.484620,741.668,617.913,741.432,618.051
21.489730,747.649,612.915,744.541,615.483
21.494510,747.649,612.915,746.095,614.199
21.500410,747.649,612.915,746.872,613.557
21.505520,747.649,612.915,747.261,613.236
21.511720,747.649,612.915,747.455,613.076
21.516650,747.649,612.915,747.552,612.996
21.521840,750.732,609.716,749.142,611.356
21.527780,750.732,609.716,749.937,610.536
21.533150,750.732,609.716,750.335,610.126
21.538270,750.732,609.716,750.534,609.921
21.550830,750.067,573.770,750.300,591.846
21.556400,750.067,573.770,750.184,582.808
21.561440,750.067,573.770,750.125,578.289
21.566110,750.067,573.770,750.096,576.030
21.570750,750.067,573.770,750.081,574.900
21.575440,750.067,573.770,750.074,574.335
21.580660,703.300,419.077,726.687,496.706
21.586380,703.300,419.077,714.994,457.891
21.591120,703.300,419.077,709.147,438.484
21.596010,703.300,419.077,706.224,428.780
21.600440,703.300,419.077,704.762,423.929
21.605200,703.300,419.077,704.031,421.503
21.610050,591.270,102.507,647.651,262.005
21.615780,591.270,102.507,619.460,182.256
21.620920,591.270,102.507,605.365,142.381
21.625830,591.270,102.507,598.317,122.444
21.631170,591.270,102.507,594.794,112.475
21.635560,591.270,102.507,593.032,107.491
21.640260,511.260,-178.736,552.146,-35.623
21.645090,511.260,-178.736,531.703,-107.179
21.650900,511.260,-178.736,521.482,-142.958
21.655780,511.260,-178.736,516.371,-160.847
21.660330,511.260,-178.736,513.816,-169.792
21.665950,511.260,-178.736,512.538,-174.264
21.671260,483.301,-290.547,497.920,-232.406
21.676010,483.301,-290.547,490.610,-261.476
21.682670,483.301,-290.547,486.956,-276.012
21.687850,483.301,-290.547,485.128,-283.280
21.692400,483.301,-290.547,484.215,-286.913
21.697120,483.301,-290.547,483.758,-288.730
21.702320,466.936,-326.482,475.347,-307.606
21.706850,466.936,-326.482,471.141,-317.044
21.712290,466.936,-326.482,469.039,-321.763
21.717010,466.936,-326.482,467.987,-324.123
21.721760,466.936,-326.482,467.462,-325.303
21.726790,466.936,-326.482,467.199,-325.893
21.732190,462.748,-342.743,464.974,-334.318
21.737320,462.748,-342.743,463.861,-338.531
21.742810,462.748,-342.743,463.305,-340.637
21.747780,462.748,-342.743,463.026,-341.690
21.752710,462.748,-342.743,462.887,-342.217
21.757010,462.748,-342.743,462.818,-342.480
21.761640,459.939,-351.382,461.379,-346.931
21.767090,459.939,-351.382,460.659,-349.156
21.771460,459.939,-351.382,460.299,-350.269
21.776520,459.939,-351.382,460.119,-350.826
21.781530,459.939,-351.382,460.029,-351.104
21.786330,459.939,-351.382,459.984,-351.243
21.791800,460.095,-355.454,460.040,-353.348
21.796310,460.095,-355.454,460.067,-354.401
21.801120,460.095,-355.454,460.081,-354.927
21.806280,460.095,-355.454,460.088,-355.190
21.811330,460.095,-355.454,460.091,-355.322
21.815970,460.095,-355.454,460.093,-355.388
21.819870,461.392,-356.681,460.742,-356.034
21.824670,461.392,-356.681,461.067,-356.358
21.829470,461.392,-356.681,461.229,-356.519
21.835380,461.392,-356.681,461.311,-356.600
21.840230,461.392,-356.681,461.351,-356.640
21.845250,461.392,-356.681,461.371,-356.661
21.850260,464.889,-357.954,463.130,-357.307
21.855090,464.889,-357.954,464.010,-357.631
21.859670,464.889,-357.954,464.449,-357.792
21.864810,464.889,-357.954,464.669,-357.873
21.870230,464.889,-357.954,464.779,-357.914
21.875120,464.889,-357.954,464.834,-357.934
21.879500,464.889,-357.954,464.861,-357.944
21.885450,467.747,-356.164,466.304,-357.054
21.889470,467.747,-356.164,467.026,-356.609
21.894180,467.747,-356.164,467.386,-356.386
21.899690,467.747,-356.164,467.567,-356.275
21.903730,467.747,-356.164,467.657,-356.219
21.908590,467.747,-356.164,467.702,-356.191
21.914560,468.161,-353.353,467.931,-354.772
21.919500,468.161,-353.353,468.046,-354.063
21.924800,468.161,-353.353,468.103,-353.708
21.929930,468.161,-353.353,468.132,-353.531
21.934950,468.161,-353.353,468.146,-353.442
21.938920,468.161,-353.353,468.154,-353.397
21.944010,468.181,-351.102,468.167,-352.250
21.948740,468.181,-351.102,468.174,-351.676
21.953600,468.181,-351.102,468.178,-351.389
21.958600,468.181,-351.102,468.179,-351.246
21.963370,468.181,-351.102,468.180,-351.174
21.967490,468.181,-351.102,468.181,-351.138
21.972150,468.256,-349.749,468.218,-350.444
21.976920,468.256,-349.749,468.237,-350.097
21.982220,468.256,-349.749,468.247,-349.923
21.987110,468.256,-349.749,468.251,-349.836
21.991860,468.256,-349.749,468.254,-349.793
21.996480,468.256,-349.749,468.255,-349.771
22.001570,468.710,-349.886,468.482,-349.828
22.006780,468.710,-349.886,468.596,-349.857
22.011380,468.710,-349.886,468.653,-349.871
22.016790,468.710,-349.886,468.682,-349.878
22.022100,468.710,-349.886,468.696,-349.882
22.027970,468.710,-349.886,468.703,-349.884
22.033490,431.698,-327.276,450.200,-338.580
22.038270,431.698,-327.276,440.949,-332.928
22.043070,431.698,-327.276,436.323,-330.102
22.048790,431.698,-327.276,434.011,-328.689
22.053560,431.698,-327.276,432.854,-327.982
22.058230,431.698,-327.276,432.276,-327.629
22.062780,171.496,-204.217,301.886,-265.923
22.067460,171.496,-204.217,236.691,-235.070
22.071920,171.496,-204.217,204.094,-219.643
22.076890,171.496,-204.217,187.795,-211.930
22.081520,171.496,-204.217,179.646,-208.073
22.086230,171.496,-204.217,175.571,-206.145
22.090880,171.496,-204.217,173.534,-205.181
22.095220,171.496,-204.217,172.515,-204.699
22.099780,171.496,-204.217,172.006,-204.458
22.105840,171.496,-204.217,171.751,-204.337
22.110240,171.496,-204.217,171.624,-204.277
22.116730,171.496,-204.217,171.560,-204.247
22.122450,171.496,-204.217,171.528,-204.232
22.127840,171.496,-204.217,171.512,-204.224
22.135000,171.496,-204.217,171.504,-204.220
22.141420,171.496,-204.217,171.500,-204.219
22.147950,171.496,-204.217,171.498,-204.218
22.154800,171.496,-204.217,171.497,-204.217
22.159440,171.496,-204.217,171.497,-204.217
22.165940,171.496,-204.217,171.497,-204.217
22.171570,171.496,-204.217,171.497,-204.217
22.176730,171.496,-204.217,171.497,-204.217
22.182940,171.496,-204.217,171.497,-204.217
22.188610,171.496,-204.217,171.496,-204.217
22.193160,171.496,-204.217,171.496,-204.217
22.200240,171.496,-204.217,171.496,-204.217
22.205900,171.496,-204.217,171.496,-204.217
22.211110,171.496,-204.217,171.496,-204.217
22.217240,171.496,-204.217,171.496,-204.217
22.221940,171.496,-204.217,171.496,-204.217
22.231260,171.496,-204.217,171.496,-204.217
22.237760,171.496,-204.217,171.496,-204.217
22.242330,171.496,-204.217,171.496,-204.217
22.248460,171.496,-204.217,171.496,-204.217
22.253700,171.496,-204.217,171.496,-204.217
22.260290,171.496,-204.217,171.496,-204.217
22.266740,171.496,-204.217,171.496,-204.217
22.272360,171.496,-204.217,171.496,-204.217
22.276800,171.496,-204.217,171.496,-204.217
22.283120,171.496,-204.217,171.496,-204.217
22.288960,171.496,-204.217,171.496,-204.217
22.294150,171.496,-204.217,171.496,-204.217
22.300040,171.496,-204.217,171.496,-204.217
22.304730,171.496,-204.217,171.496,-204.217
22.310850,171.496,-204.217,171.496,-204.217
22.317060,171.496,-204.217,171.496,-204.217
22.322260,171.496,-204.217,171.496,-204.217
22.326560,171.496,-204.217,171.496,-204.217
22.331770,171.496,-204.217,171.496,-204.217
22.337930,171.496,-204.217,171.496,-204.217
22.343560,171.496,-204.217,171.496,-204.217
22.348810,171.496,-204.217,171.496,-204.217
22.353080,171.496,-204.217,171.496,-204.217
22.356920,171.496,-204.217,171.496,-204.217
22.361200,171.496,-204.217,171.496,-204.217
22.366400,171.496,-204.217,171.496,-204.217
22.370560,171.496,-204.217,171.496,-204.217
22.374670,171.496,-204.217,171.496,-204.217
22.380130,171.496,-204.217,171.496,-204.217
22.385460,171.496,-204.217,171.496,-204.217
22.389310,171.496,-204.217,171.496,-204.217
22.393590,171.496,-204.217,171.496,-204.217
22.398430,171.496,-204.217,171.496,-204.217
22.402920,171.496,-204.217,171.496,-204.217
22.407100,171.496,-204.217,171.496,-204.217
22.411650,171.496,-204.217,171.496,-204.217
22.416190,171.496,-204.217,171.496,-204.217
22.420470,171.496,-204.217,171.496,-204.217
22.424360,171.496,-204.217,171.496,-204.217
22.429030,171.496,-204.217,171.496,-204.217
22.433450,171.496,-204.217,171.496,-204.217
22.438280,171.496,-204.217,171.496,-204.217
22.442130,171.496,-204.217,171.496,-204.217
22.446370,171.496,-204.217,171.496,-204.217
22.450910,171.496,-204.217,171.496,-204.217
22.455090,171.496,-204.217,171.496,-204.217
22.460000,171.496,-204.217,171.496,-204.217
22.464460,171.496,-204.217,171.496,-204.217
22.469420,171.496,-204.217,171.496,-204.217
22.473750,171.496,-204.217,171.496,-204.217
22.477670,171.496,-204.217,171.496,-204.217
22.482270,171.496,-204.217,171.496,-204.217
22.486560,171.496,-204.217,171.496,-204.217
22.490470,171.496,-204.217,171.496,-204.217
22.494810,171.496,-204.217,171.496,-204.217
22.500080,171.496,-204.217,171.496,-204.217
22.504160,171.496,-204.217,171.496,-204.217
22.508740,171.496,-204.217,171.496,-204.217
22.513590,171.496,-204.217,171.496,-204.217
22.518120,171.496,-204.217,171.496,-204.217
22.522680,171.496,-204.217,171.496,-204.217
22.527080,171.496,-204.217,171.496,-204.217
22.531680,171.496,-204.217,171.496,-204.217
22.536340,171.496,-204.217,171.496,-204.217
22.541160,171.496,-204.217,171.496,-204.217
22.545980,171.496,-204.217,171.496,-204.217
22.553320,171.496,-204.217,171.496,-204.217
22.569010,NN,NN,NN,NN
22.573470,NN,NN,NN,NN
22.579500,NN,NN,NN,NN
22.587100,NN,NN,NN,NN
22.593840,NN,NN,NN,NN
22.600300,NN,NN,NN,NN
22.607030,NN,NN,NN,NN
22.613410,NN,NN,NN,NN
22.620210,NN,NN,NN,NN
22.626200,NN,NN,NN,NN
22.632140,NN,NN,NN,NN
22.636260,NN,NN,NN,NN
22.641650,NN,NN,NN,NN
22.647230,NN,NN,NN,NN
22.651940,NN,NN,NN,NN
22.656860,NN,NN,NN,NN
22.661930,NN,NN,NN,NN
22.666620,NN,NN,NN,NN
22.670470,NN,NN,NN,NN
22.674620,NN,NN,NN,NN
22.679430,NN,NN,NN,NN
22.684080,NN,NN,NN,NN
22.688630,NN,NN,NN,NN
22.692690,NN,NN,NN,NN
22.697370,NN,NN,NN,NN
22.701900,NN,NN,NN,NN
22.705770,NN,NN,NN,NN
22.710840,NN,NN,NN,NN
22.715230,NN,NN,NN,NN
22.719870,NN,NN,NN,NN
22.724550,NN,NN,NN,NN
22.730920,NN,NN,NN,NN
22.736390,NN,NN,NN,NN
22.742900,NN,NN,NN,NN
22.749100,NN,NN,NN,NN
22.754430,NN,NN,NN,NN
22.767790,NN,NN,NN,NN
22.774790,NN,NN,NN,NN
22.779520,NN,NN,NN,NN
22.784210,NN,NN,NN,NN
22.788640,NN,NN,NN,NN
22.792830,NN,NN,NN,NN
22.797640,NN,NN,NN,NN
22.802170,NN,NN,NN,NN
22.806710,NN,NN,NN,NN
22.811150,NN,NN,NN,NN
22.815740,NN,NN,NN,NN
22.821790,NN,NN,NN,NN
22.826360,NN,NN,NN,NN
22.831500,NN,NN,NN,NN
22.837010,NN,NN,NN,NN
22.841520,NN,NN,NN,NN
22.847930,NN,NN,NN,NN
22.853740,NN,NN,NN,NN
22.861310,NN,NN,NN,NN
22.868450,NN,NN,NN,NN
22.874300,NN,NN,NN,NN
22.880330,NN,NN,NN,NN
22.884590,NN,NN,NN,NN
22.890540,NN,NN,NN,NN
22.896490,NN,NN,NN,NN
22.902800,NN,NN,NN,NN
22.908240,NN,NN,NN,NN
22.913120,NN,NN,NN,NN
22.920230,NN,NN,NN,NN
22.926910,NN,NN,NN,NN
22.932650,NN,NN,NN,NN
22.936720,NN,NN,NN,NN
22.940680,NN,NN,NN,NN
22.948740,NN,NN,NN,NN
22.953880,NN,NN,NN,NN
22.958170,NN,NN,NN,NN
22.963200,NN,NN,NN,NN
22.967100,NN,NN,NN,NN
22.972500,NN,NN,NN,NN
22.977400,NN,NN,NN,NN
22.983740,NN,NN,NN,NN
22.988340,NN,NN,NN,NN
22.993260,NN,NN,NN,NN
22.999850,NN,NN,NN,NN
23.004750,NN,NN,NN,NN
23.009080,NN,NN,NN,NN
23.015840,NN,NN,NN,NN
23.021490,NN,NN,NN,NN
23.027640,NN,NN,NN,NN
23.034270,NN,NN,NN,NN
23.040130,NN,NN,NN,NN
23.046010,NN,NN,NN,NN
23.050830,NN,NN,NN,NN
23.056780,NN,NN,NN,NN
23.062090,NN,NN,NN,NN
23.067770,NN,NN,NN,NN
23.073230,NN,NN,NN,NN
23.077810,NN,NN,NN,NN
23.084520,NN,NN,NN,NN
23.090520,NN,NN,NN,NN
23.095620,NN,NN,NN,NN
23.100900,NN,NN,NN,NN
23.108210,NN,NN,NN,NN
23.114840,NN,NN,NN,NN
23.119930,NN,NN,NN,NN
23.125600,NN,NN,NN,NN
23.131830,NN,NN,NN,NN
23.138010,NN,NN,NN,NN
23.143110,NN,NN,NN,NN
23.147790,NN,NN,NN,NN
23.153830,NN,NN,NN,NN
23.158730,NN,NN,NN,NN
23.174670,NN,NN,NN,NN
23.182530,NN,NN,NN,NN
23.188150,NN,NN,NN,NN
23.194150,NN,NN,NN,NN
23.200640,NN,NN,NN,NN
23.206510,NN,NN,NN,NN
23.212350,NN,NN,NN,NN
23.218640,NN,NN,NN,NN
23.223100,NN,NN,NN,NN
23.229470,NN,NN,NN,NN
23.234980,NN,NN,NN,NN
23.240990,NN,NN,NN,NN
23.247250,NN,NN,NN,NN
23.253070,NN,NN,NN,NN
23.257670,NN,NN,NN,NN
23.263750,NN,NN,NN,NN
23.269910,NN,NN,NN,NN
23.276250,NN,NN,NN,NN
23.281920,NN,NN,NN,NN
23.287490,NN,NN,NN,NN
23.291480,NN,NN,NN,NN
23.296790,NN,NN,NN,NN
23.303620,NN,NN,NN,NN
23.309400,NN,NN,NN,NN
23.315630,NN,NN,NN,NN
23.320430,NN,NN,NN,NN
23.326700,NN,NN,NN,NN
23.332240,NN,NN,NN,NN
23.339190,NN,NN,NN,NN
23.345350,NN,NN,NN,NN
23.352790,NN,NN,NN,NN
23.358570,NN,NN,NN,NN
23.364160,NN,NN,NN,NN
23.368960,NN,NN,NN,NN
23.375720,NN,NN,NN,NN
23.381290,NN,NN,NN,NN
23.386660,NN,NN,NN,NN
23.391600,NN,NN,NN,NN
23.396100,NN,NN,NN,NN
23.403270,NN,NN,NN,NN
23.409610,NN,NN,NN,NN
23.415900,NN,NN,NN,NN
23.420950,NN,NN,NN,NN
23.426500,NN,NN,NN,NN
23.433310,NN,NN,NN,NN
23.438050,NN,NN,NN,NN
23.444030,NN,NN,NN,NN
23.449570,NN,NN,NN,NN
23.455210,NN,NN,NN,NN
23.460720,NN,NN,NN,NN
23.465660,NN,NN,NN,NN
23.472780,NN,NN,NN,NN
23.481630,NN,NN,NN,NN
23.486170,NN,NN,NN,NN
23.492120,NN,NN,NN,NN
23.498990,NN,NN,NN,NN
23.505040,NN,NN,NN,NN
23.511050,NN,NN,NN,NN
23.517550,NN,NN,NN,NN
23.523310,NN,NN,NN,NN
23.528100,NN,NN,NN,NN
23.534390,NN,NN,NN,NN
23.539930,NN,NN,NN,NN
23.545740,NN,NN,NN,NN
23.552270,NN,NN,NN,NN
23.557140,NN,NN,NN,NN
23.561420,NN,NN,NN,NN
23.566780,NN,NN,NN,NN
23.572620,NN,NN,NN,NN
23.577010,NN,NN,NN,NN
23.583460,NN,NN,NN,NN
23.589780,NN,NN,NN,NN
23.595280,NN,NN,NN,NN
23.601900,NN,NN,NN,NN
23.607460,NN,NN,NN,NN
23.614330,NN,NN,NN,NN
23.622510,NN,NN,NN,NN
23.631300,NN,NN,NN,NN
23.637450,NN,NN,NN,NN
23.642100,NN,NN,NN,NN
23.648290,NN,NN,NN,NN
23.653580,NN,NN,NN,NN
23.657820,NN,NN,NN,NN
23.663760,NN,NN,NN,NN
23.668250,NN,NN,NN,NN
23.672300,NN,NN,NN,NN
23.677420,NN,NN,NN,NN
23.683800,NN,NN,NN,NN
23.688310,NN,NN,NN,NN
23.692520,NN,NN,NN,NN
23.698480,NN,NN,NN,NN
23.703950,NN,NN,NN,NN
23.710470,NN,NN,NN,NN
23.714820,NN,NN,NN,NN
23.720780,NN,NN,NN,NN
23.727650,NN,NN,NN,NN
23.734800,NN,NN,NN,NN
23.740660,NN,NN,NN,NN
23.746100,NN,NN,NN,NN
23.751250,NN,NN,NN,NN
23.755540,NN,NN,NN,NN
23.760920,NN,NN,NN,NN
23.767340,NN,NN,NN,NN
23.773180,NN,NN,NN,NN
23.777540,NN,NN,NN,NN
23.782270,NN,NN,NN,NN
23.787480,NN,NN,NN,NN
23.792140,NN,NN,NN,NN
23.797440,NN,NN,NN,NN
23.802270,NN,NN,NN,NN
23.806210,NN,NN,NN,NN
23.810040,NN,NN,NN,NN
23.816950,NN,NN,NN,NN
23.821010,NN,NN,NN,NN
23.824990,NN,NN,NN,NN
23.831020,NN,NN,NN,NN
23.835710,NN,NN,NN,NN
23.839750,NN,NN,NN,NN
23.844060,NN,NN,NN,NN
23.849360,NN,NN,NN,NN
23.853820,NN,NN,NN,NN
23.858380,NN,NN,NN,NN
23.864410,NN,NN,NN,NN
23.870120,NN,NN,NN,NN
23.874590,NN,NN,NN,NN
23.879740,NN,NN,NN,NN
23.885620,NN,NN,NN,NN
23.891310,NN,NN,NN,NN
23.897550,NN,NN,NN,NN
23.902720,NN,NN,NN,NN
23.907050,NN,NN,NN,NN
23.914490,NN,NN,NN,NN
23.920150,NN,NN,NN,NN
23.924630,NN,NN,NN,NN
23.940530,NN,NN,NN,NN
23.946020,NN,NN,NN,NN
23.950930,NN,NN,NN,NN
23.955550,NN,NN,NN,NN
23.960480,NN,NN,NN,NN
23.966310,NN,NN,NN,NN
23.971930,NN,NN,NN,NN
23.977070,NN,NN,NN,NN
23.983700,NN,NN,NN,NN
23.989700,NN,NN,NN,NN
23.995940,NN,NN,NN,NN
24.002900,NN,NN,NN,NN
24.009790,NN,NN,NN,NN
24.015580,NN,NN,NN,NN
24.020970,NN,NN,NN,NN
24.026880,NN,NN,NN,NN
24.034700,NN,NN,NN,NN
24.040310,NN,NN,NN,NN
24.044620,NN,NN,NN,NN
24.050960,NN,NN,NN,NN
24.057900,NN,NN,NN,NN
24.063910,NN,NN,NN,NN
24.069890,NN,NN,NN,NN
24.074540,NN,NN,NN,NN
24.079240,NN,NN,NN,NN
24.085490,NN,NN,NN,NN
24.091040,NN,NN,NN,NN
24.096700,NN,NN,NN,NN
24.101580,NN,NN,NN,NN
24.106520,NN,NN,NN,NN
24.112090,NN,NN,NN,NN
24.120920,NN,NN,NN,NN
24.131520,NN,NN,NN,NN
24.137250,NN,NN,NN,NN
24.142110,NN,NN,NN,NN
24.147000,NN,NN,NN,NN
24.150930,NN,NN,NN,NN
24.155410,NN,NN,NN,NN
24.161570,NN,NN,NN,NN
24.166330,NN,NN,NN,NN
24.170630,NN,NN,NN,NN
24.175570,NN,NN,NN,NN
24.181090,NN,NN,NN,NN
24.185750,NN,NN,NN,NN
24.190650,NN,NN,NN,NN
24.196010,NN,NN,NN,NN
24.202730,NN,NN,NN,NN
24.208620,NN,NN,NN,NN
24.213560,NN,NN,NN,NN
24.219350,NN,NN,NN,NN
24.225180,NN,NN,NN,NN
24.230770,NN,NN,NN,NN
24.236410,NN,NN,NN,NN
24.241600,NN,NN,NN,NN
24.246170,NN,NN,NN,NN
24.251280,NN,NN,NN,NN
24.257200,NN,NN,NN,NN
24.262040,NN,NN,NN,NN
24.266750,NN,NN,NN,NN
24.271250,NN,NN,NN,NN
24.276370,NN,NN,NN,NN
24.282810,NN,NN,NN,NN
24.287030,NN,NN,NN,NN
24.290750,NN,NN,NN,NN
24.294660,NN,NN,NN,NN
24.300000,NN,NN,NN,NN
24.304350,NN,NN,NN,NN
24.309060,NN,NN,NN,NN
24.315450,NN,NN,NN,NN
24.319330,NN,NN,NN,NN
24.322970,NN,NN,NN,NN
24.327150,NN,NN,NN,NN
24.331880,NN,NN,NN,NN
24.336370,NN,NN,NN,NN
24.341200,NN,NN,NN,NN
24.346760,NN,NN,NN,NN
24.352180,NN,NN,NN,NN
24.357290,NN,NN,NN,NN
24.361610,NN,NN,NN,NN
24.367270,NN,NN,NN,NN
24.372150,NN,NN,NN,NN
24.376700,NN,NN,NN,NN
24.381940,NN,NN,NN,NN
24.386370,NN,NN,NN,NN
24.390290,NN,NN,NN,NN
24.395070,NN,NN,NN,NN
24.400720,NN,NN,NN,NN
24.405030,NN,NN,NN,NN
24.409590,NN,NN,NN,NN
24.421130,NN,NN,NN,NN
24.429930,NN,NN,NN,NN
24.435520,NN,NN,NN,NN
24.440540,NN,NN,NN,NN
24.444720,NN,NN,NN,NN
24.449140,NN,NN,NN,NN
24.453480,NN,NN,NN,NN
24.457820,NN,NN,NN,NN
24.462440,NN,NN,NN,NN
24.467570,NN,NN,NN,NN
24.472180,NN,NN,NN,NN
24.475760,NN,NN,NN,NN
24.479820,NN,NN,NN,NN
24.484270,NN,NN,NN,NN
24.488820,NN,NN,NN,NN
24.493280,NN,NN,NN,NN
24.497670,NN,NN,NN,NN
24.502180,NN,NN,NN,NN
24.506930,NN,NN,NN,NN
24.531140,NN,NN,NN,NN
