time,pos_x,pos_y,corrected_pos_x,corrected_pos_y
0.001198,1303.322,264.791,1303.859,270.731
0.005716,1303.322,264.791,1303.590,267.761
0.008848,1300.318,247.949,1301.954,257.855
0.011387,1300.318,247.949,1301.136,252.902
0.014090,1300.318,247.949,1300.727,250.425
0.016394,1300.318,247.949,1300.523,249.187
0.018757,1300.318,247.949,1300.420,248.568
0.021378,1300.318,247.949,1300.369,248.258
0.023880,1300.318,247.949,1300.344,248.103
0.026680,1300.318,247.949,1300.331,248.026
0.029926,1300.318,247.949,1300.325,247.987
0.033356,1300.318,247.949,1300.322,247.968
0.036112,1300.318,247.949,1300.320,247.958
0.038759,1296.742,235.006,1298.531,241.482
0.041590,1296.742,235.006,1297.636,238.244
0.044693,1296.742,235.006,1297.189,236.625
0.048105,1296.742,235.006,1296.965,235.815
0.051186,1296.742,235.006,1296.854,235.411
0.054235,1296.742,235.006,1296.798,235.208
0.057005,1296.742,235.006,1296.770,235.107
0.060978,1296.742,235.006,1296.756,235.057
0.064566,1296.742,235.006,1296.749,235.031
0.066992,1296.742,235.006,1296.745,235.019
0.069654,1295.970,224.504,1296.358,229.761
0.072245,1295.970,224.504,1296.164,227.132
0.075636,1295.970,224.504,1296.067,225.818
0.080227,1295.970,224.504,1296.019,225.161
0.083458,1295.970,224.504,1295.995,224.832
0.085991,1295.970,224.504,1295.982,224.668
0.088552,1295.970,224.504,1295.976,224.586
0.092203,1295.970,224.504,1295.973,224.545
0.095989,1295.970,224.504,1295.972,224.524
0.099083,1297.384,220.891,1296.678,222.708
0.101736,1297.384,220.891,1297.031,221.800
0.104199,1297.384,220.891,1297.208,221.346
0.107393,1297.384,220.891,1297.296,221.119
0.113094,1297.384,220.891,1297.340,221.005
0.118315,1297.384,220.891,1297.362,220.948
0.124142,1297.384,220.891,1297.373,220.920
0.127632,1297.384,220.891,1297.379,220.906
0.130371,1297.384,220.891,1297.382,220.899
0.133175,1299.520,220.076,1298.451,220.487
0.135578,1299.520,220.076,1298.985,220.282
0.138369,1299.520,220.076,1299.252,220.179
0.142853,1299.520,220.076,1299.386,220.127
0.145979,1299.520,220.076,1299.453,220.102
0.148275,1299.520,220.076,1299.486,220.089
0.150610,1299.520,220.076,1299.503,220.082
0.153416,1299.520,220.076,1299.511,220.079
0.157337,1300.076,218.842,1299.794,219.461
0.160574,1300.076,218.842,1299.935,219.151
0.163584,1300.076,218.842,1300.005,218.997
0.165999,1300.076,218.842,1300.041,218.919
0.168564,1300.076,218.842,1300.058,218.881
0.172239,1300.076,218.842,1300.067,218.861
0.175476,1300.076,218.842,1300.071,218.852
0.178310,1300.076,218.842,1300.073,218.847
0.180994,1300.076,218.842,1300.075,218.845
0.183613,1300.076,218.842,1300.075,218.843
0.187256,1300.129,216.871,1300.102,217.857
0.193956,1300.129,216.871,1300.115,217.364
0.196878,1300.129,216.871,1300.122,217.117
0.200657,1300.129,216.871,1300.125,216.994
0.204943,1300.129,216.871,1300.127,216.933
0.208693,1300.129,216.871,1300.128,216.902
0.212433,1300.129,216.871,1300.128,216.886
0.215340,1300.129,216.871,1300.129,216.879
0.218592,1301.492,216.994,1300.810,216.937
0.221310,1301.492,216.994,1301.151,216.965
0.223988,1301.492,216.994,1301.322,216.980
0.226809,1301.492,216.994,1301.407,216.987
0.229958,1301.492,216.994,1301.449,216.991
0.233677,1301.492,216.994,1301.470,216.993
0.236424,1301.492,216.994,1301.481,216.994
0.239395,1301.492,216.994,1301.487,216.994
0.242065,1301.492,216.994,1301.489,216.994
0.244852,1301.492,216.994,1301.490,216.994
0.248114,1301.492,216.994,1301.491,216.994
0.251640,1304.434,218.165,1302.962,217.580
0.254234,1304.434,218.165,1303.698,217.872
0.256912,1304.434,218.165,1304.066,218.018
0.260109,1304.434,218.165,1304.250,218.092
0.264162,1304.434,218.165,1304.342,218.128
0.267086,1304.434,218.165,1304.388,218.146
0.269564,1304.434,218.165,1304.411,218.156
0.272038,1304.434,218.165,1304.422,218.160
0.274729,1304.434,218.165,1304.428,218.162
0.278009,1304.434,218.165,1304.431,218.164
0.282185,1310.205,221.889,1307.318,220.026
0.285250,1310.205,221.889,1308.761,220.958
0.287874,1310.205,221.889,1309.483,221.423
0.290869,1310.205,221.889,1309.844,221.656
0.294643,1310.205,221.889,1310.024,221.773
0.297924,1310.205,221.889,1310.115,221.831
0.300617,1310.205,221.889,1310.160,221.860
0.303135,1310.205,221.889,1310.182,221.875
0.305576,1310.205,221.889,1310.193,221.882
0.308332,1310.205,221.889,1310.199,221.886
0.311676,1310.205,221.889,1310.202,221.887
0.315132,1327.874,241.747,1319.038,231.817
0.318104,1327.874,241.747,1323.456,236.782
0.321144,1327.874,241.747,1325.665,239.264
0.325920,1327.874,241.747,1326.769,240.505
0.329598,1327.874,241.747,1327.322,241.126
0.333756,1327.874,241.747,1327.598,241.436
0.336447,1327.874,241.747,1327.736,241.592
0.338818,1327.874,241.747,1327.805,241.669
0.343784,1327.874,241.747,1327.839,241.708
0.348496,1361.828,282.552,1344.833,262.130
0.352255,1361.828,282.552,1353.331,272.341
0.356005,1361.828,282.552,1357.579,277.447
0.359091,1361.828,282.552,1359.703,279.999
0.362486,1361.828,282.552,1360.766,281.276
0.364948,1361.828,282.552,1361.297,281.914
0.367466,1361.828,282.552,1361.562,282.233
0.370091,1361.828,282.552,1361.695,282.393
0.373869,1361.828,282.552,1361.761,282.472
0.377804,1398.938,322.870,1380.350,302.671
0.381130,1398.938,322.870,1389.644,312.770
0.384201,1398.938,322.870,1394.291,317.820
0.387644,1398.938,322.870,1396.615,320.345
0.393866,1398.938,322.870,1397.777,321.607
0.396561,1398.938,322.870,1398.357,322.238
0.399256,1398.938,322.870,1398.648,322.554
0.402075,1398.938,322.870,1398.793,322.712
0.405191,1431.344,357.126,1415.069,339.919
0.408123,1431.344,357.126,1423.206,348.522
0.411455,1431.344,357.126,1427.275,352.824
0.414858,1431.344,357.126,1429.310,354.975
0.418060,1431.344,357.126,1430.327,356.050
0.420702,1431.344,357.126,1430.835,356.588
0.423294,1431.344,357.126,1431.090,356.857
0.425951,1431.344,357.126,1431.217,356.991
0.429266,1431.344,357.126,1431.281,357.059
0.432726,1455.961,386.982,1443.621,372.020
0.435803,1455.961,386.982,1449.791,379.501
0.438501,1455.961,386.982,1452.876,383.242
0.441713,1455.961,386.982,1454.418,385.112
0.445166,1455.961,386.982,1455.189,386.047
0.448931,1455.961,386.982,1455.575,386.515
0.451693,1455.961,386.982,1455.768,386.749
0.454113,1455.961,386.982,1455.864,386.865
0.456577,1455.961,386.982,1455.912,386.924
0.459198,1455.961,386.982,1455.937,386.953
0.462091,1455.961,386.982,1455.949,386.968
0.466272,1473.232,407.471,1464.591,397.219
0.469450,1473.232,407.471,1468.911,402.345
0.472725,1473.232,407.471,1471.072,404.908
0.476252,1473.232,407.471,1472.152,406.190
0.480724,1473.232,407.471,1472.692,406.830
0.483973,1473.232,407.471,1472.962,407.151
0.486441,1473.232,407.471,1473.097,407.311
0.488895,1473.232,407.471,1473.165,407.391
0.491867,1484.902,420.411,1479.033,413.901
0.495871,1484.902,420.411,1481.968,417.156
0.499565,1484.902,420.411,1483.435,418.783
0.503061,1484.902,420.411,1484.168,419.597
0.506220,1484.902,420.411,1484.535,420.004
0.509806,1484.902,420.411,1484.719,420.207
0.513390,1484.902,420.411,1484.810,420.309
0.516119,1484.902,420.411,1484.856,420.360
0.518578,1484.902,420.411,1484.879,420.385
0.520948,1484.902,420.411,1484.891,420.398
0.524420,1493.189,428.584,1489.040,424.491
0.528114,1493.189,428.584,1491.114,426.538
0.531456,1493.189,428.584,1492.152,427.561
0.534351,1493.189,428.584,1492.670,428.072
0.536955,1493.189,428.584,1492.930,428.328
0.539364,1493.189,428.584,1493.059,428.456
0.543104,1493.189,428.584,1493.124,428.520
0.546238,1493.189,428.584,1493.156,428.552
0.548740,1493.189,428.584,1493.173,428.568
0.551285,1493.189,428.584,1493.181,428.576
0.554031,1499.457,435.706,1496.319,432.141
0.557325,1499.457,435.706,1497.888,433.924
0.560278,1499.457,435.706,1498.673,434.815
0.563580,1499.457,435.706,1499.065,435.261
0.566532,1499.457,435.706,1499.261,435.483
0.569073,1499.457,435.706,1499.359,435.595
0.572149,1499.457,435.706,1499.408,435.651
0.575262,1499.457,435.706,1499.433,435.678
0.578009,1499.457,435.706,1499.445,435.692
0.580658,1499.457,435.706,1499.451,435.699
0.583468,1503.390,439.611,1501.421,437.655
0.586493,1503.390,439.611,1502.405,438.633
0.590946,1503.390,439.611,1502.898,439.122
0.595652,1503.390,439.611,1503.144,439.367
0.599117,1503.390,439.611,1503.267,439.489
0.602602,1503.390,439.611,1503.328,439.550
0.605766,1503.390,439.611,1503.359,439.580
0.609240,1503.390,439.611,1503.375,439.596
0.614668,1506.648,440.475,1505.011,440.036
0.620161,1506.648,440.475,1505.829,440.256
0.623323,1506.648,440.475,1506.239,440.365
0.626518,1506.648,440.475,1506.443,440.420
0.629517,1506.648,440.475,1506.545,440.448
0.640177,1506.648,440.475,1506.596,440.462
0.643980,1508.088,441.826,1507.342,441.144
0.646475,1508.088,441.826,1507.715,441.485
0.649296,1508.088,441.826,1507.902,441.655
0.652218,1508.088,441.826,1507.995,441.740
0.654835,1508.088,441.826,1508.042,441.783
0.657448,1508.088,441.826,1508.065,441.804
0.660372,1508.088,441.826,1508.077,441.815
0.663143,1508.088,441.826,1508.083,441.820
0.666395,1508.088,441.826,1508.085,441.823
0.669041,1508.088,441.826,1508.087,441.824
0.671595,1508.088,441.826,1508.088,441.825
0.674505,1510.682,442.262,1509.385,442.043
0.677189,1510.682,442.262,1510.034,442.153
0.680311,1510.682,442.262,1510.358,442.207
0.683258,1510.682,442.262,1510.520,442.234
0.685991,1510.682,442.262,1510.601,442.248
0.688475,1510.682,442.262,1510.642,442.255
0.691355,1510.682,442.262,1510.662,442.258
0.693953,1510.682,442.262,1510.672,442.260
0.697485,1510.682,442.262,1510.677,442.261
0.700552,1510.682,442.262,1510.680,442.261
0.703270,1512.761,442.537,1511.720,442.399
0.705965,1512.761,442.537,1512.241,442.468
0.708719,1512.761,442.537,1512.501,442.503
0.712299,1512.761,442.537,1512.631,442.520
0.715653,1512.761,442.537,1512.696,442.529
0.718330,1512.761,442.537,1512.729,442.533
0.720932,1512.761,442.537,1512.745,442.535
0.723663,1512.761,442.537,1512.753,442.536
0.726872,1512.761,442.537,1512.757,442.537
0.733713,1513.346,445.068,1513.052,443.802
0.739000,1513.346,445.068,1513.199,444.435
0.744585,1513.346,445.068,1513.272,444.751
0.748385,1513.346,445.068,1513.309,444.910
0.750883,1513.346,445.068,1513.327,444.989
0.753378,1513.346,445.068,1513.337,445.028
0.755678,1513.346,445.068,1513.341,445.048
0.759451,1513.346,445.068,1513.344,445.058
0.763083,1513.346,445.068,1513.345,445.063
0.766537,1512.926,446.807,1513.135,445.935
0.769087,1512.926,446.807,1513.031,446.371
0.771601,1512.926,446.807,1512.978,446.589
0.775288,1512.926,446.807,1512.952,446.698
0.778479,1512.926,446.807,1512.939,446.752
0.781313,1512.926,446.807,1512.932,446.779
0.783991,1512.926,446.807,1512.929,446.793
0.786791,1512.926,446.807,1512.927,446.800
0.790478,1512.926,446.807,1512.927,446.803
0.793480,1513.811,447.773,1513.369,447.288
0.796753,1513.811,447.773,1513.590,447.530
0.799309,1513.811,447.773,1513.700,447.652
0.801685,1513.811,447.773,1513.755,447.712
0.804747,1513.811,447.773,1513.783,447.743
0.808544,1513.811,447.773,1513.797,447.758
0.811529,1513.811,447.773,1513.804,447.765
0.814507,1513.811,447.773,1513.807,447.769
0.817053,1513.811,447.773,1513.809,447.771
0.820190,1513.811,447.773,1513.810,447.772
0.823429,1514.539,448.283,1514.174,448.027
0.826811,1514.539,448.283,1514.356,448.155
0.830216,1514.539,448.283,1514.448,448.219
0.832954,1514.539,448.283,1514.493,448.251
0.836721,1514.539,448.283,1514.516,448.267
0.839563,1514.539,448.283,1514.527,448.275
0.842346,1514.539,448.283,1514.533,448.279
0.845036,1514.539,448.283,1514.536,448.281
0.847908,1514.539,448.283,1514.537,448.282
0.850660,1514.539,448.283,1514.538,448.283
0.854601,1514.797,449.529,1514.667,448.906
0.857595,1514.797,449.529,1514.732,449.218
0.860468,1514.797,449.529,1514.765,449.373
0.863697,1514.797,449.529,1514.781,449.451
0.867054,1514.797,449.529,1514.789,449.490
0.870974,1514.797,449.529,1514.793,449.510
0.873859,1514.797,449.529,1514.795,449.519
0.876980,1514.797,449.529,1514.796,449.524
0.879929,1514.797,449.529,1514.796,449.527
0.884195,1515.171,450.823,1514.984,450.175
0.888430,1515.171,450.823,1515.077,450.499
0.891373,1515.171,450.823,1515.124,450.661
0.894770,1515.171,450.823,1515.148,450.742
0.898804,1515.171,450.823,1515.159,450.783
0.902062,1515.171,450.823,1515.165,450.803
0.904833,1515.171,450.823,1515.168,450.813
0.907373,1515.171,450.823,1515.170,450.818
0.910044,1515.171,450.823,1515.170,450.821
0.913300,1515.171,450.823,1515.171,450.822
0.916601,1515.171,450.823,1515.171,450.822
0.919539,1515.301,451.669,1515.236,451.246
0.922472,1515.301,451.669,1515.269,451.458
0.925476,1515.301,451.669,1515.285,451.564
0.929272,1515.301,451.669,1515.293,451.616
0.932758,1515.301,451.669,1515.297,451.643
0.935289,1515.301,451.669,1515.299,451.656
0.937721,1515.301,451.669,1515.300,451.663
0.940287,1515.301,451.669,1515.301,451.666
0.943010,1515.301,451.669,1515.301,451.668
0.947266,1515.301,451.669,1515.301,451.669
0.950731,1515.519,451.611,1515.410,451.640
0.953655,1515.519,451.611,1515.465,451.625
0.956738,1515.519,451.611,1515.492,451.618
0.959646,1515.519,451.611,1515.505,451.614
0.963175,1515.519,451.611,1515.512,451.612
0.966139,1515.519,451.611,1515.516,451.612
0.968554,1515.519,451.611,1515.517,451.611
0.971264,1515.519,451.611,1515.518,451.611
0.973707,1515.519,451.611,1515.519,451.611
0.976704,1515.519,451.611,1515.519,451.611
0.980776,1516.000,451.978,1515.759,451.794
0.983912,1516.000,451.978,1515.879,451.886
0.987108,1516.000,451.978,1515.939,451.932
0.992744,1516.000,451.978,1515.969,451.955
0.998760,1516.000,451.978,1515.984,451.967
1.003433,1516.000,451.978,1515.992,451.972
1.007133,1515.802,452.655,1515.897,452.314
1.010904,1515.802,452.655,1515.849,452.484
1.014582,1515.802,452.655,1515.825,452.570
1.018167,1515.802,452.655,1515.813,452.612
1.021366,1515.802,452.655,1515.807,452.634
1.026190,1515.802,452.655,1515.804,452.644
1.030750,1515.802,452.655,1515.803,452.650
1.034304,1515.802,452.655,1515.802,452.652
1.037968,1515.987,453.046,1515.895,452.849
1.041376,1515.987,453.046,1515.941,452.948
1.045866,1515.987,453.046,1515.964,452.997
1.049751,1515.987,453.046,1515.975,453.021
1.052465,1515.987,453.046,1515.981,453.034
1.055275,1515.987,453.046,1515.984,453.040
1.058083,1515.987,453.046,1515.985,453.043
1.060760,1515.987,453.046,1515.986,453.044
1.063595,1515.987,453.046,1515.986,453.045
1.066698,1516.464,453.123,1516.225,453.084
1.069782,1516.464,453.123,1516.344,453.103
1.072994,1516.464,453.123,1516.404,453.113
1.075815,1516.464,453.123,1516.434,453.118
1.078997,1516.464,453.123,1516.449,453.120
1.082336,1516.464,453.123,1516.456,453.122
1.085445,1516.464,453.123,1516.460,453.122
1.089254,1516.464,453.123,1516.462,453.122
1.091970,1516.464,453.123,1516.463,453.123
1.094898,1516.464,453.123,1516.463,453.123
1.100138,1516.821,453.738,1516.642,453.430
1.105843,1516.821,453.738,1516.731,453.584
1.111580,1516.821,453.738,1516.776,453.661
1.114443,1516.821,453.738,1516.798,453.699
1.116978,1516.821,453.738,1516.810,453.719
1.120152,1516.821,453.738,1516.815,453.728
1.122673,1516.821,453.738,1516.818,453.733
1.125530,1517.232,453.817,1517.025,453.775
1.129114,1517.232,453.817,1517.128,453.796
1.132231,1517.232,453.817,1517.180,453.806
1.135561,1517.232,453.817,1517.206,453.811
1.138475,1517.232,453.817,1517.219,453.814
1.141127,1517.232,453.817,1517.225,453.815
1.144035,1517.232,453.817,1517.229,453.816
1.147457,1517.232,453.817,1517.230,453.816
1.151358,1517.232,453.817,1517.231,453.817
1.153780,1517.232,453.817,1517.231,453.817
1.156376,1517.729,453.501,1517.480,453.659
1.159176,1517.729,453.501,1517.605,453.580
1.161884,1517.729,453.501,1517.667,453.540
1.165964,1517.729,453.501,1517.698,453.520
1.169170,1517.729,453.501,1517.713,453.511
1.171709,1517.729,453.501,1517.721,453.506
1.174194,1517.729,453.501,1517.725,453.503
1.176695,1517.729,453.501,1517.727,453.502
1.180231,1517.729,453.501,1517.728,453.501
1.183182,1517.729,453.501,1517.729,453.501
1.185757,1518.241,452.984,1517.985,453.242
1.188627,1518.241,452.984,1518.113,453.113
1.191473,1518.241,452.984,1518.177,453.049
1.195311,1518.241,452.984,1518.209,453.016
1.199345,1518.241,452.984,1518.225,453.000
1.202204,1518.241,452.984,1518.233,452.992
1.204670,1518.241,452.984,1518.237,452.988
1.207199,1518.241,452.984,1518.239,452.986
1.210726,1518.241,452.984,1518.240,452.985
1.214008,1518.241,452.984,1518.240,452.984
1.217140,1518.700,453.086,1518.470,453.035
1.219934,1518.700,453.086,1518.585,453.061
1.222534,1518.700,453.086,1518.642,453.074
1.226173,1518.700,453.086,1518.671,453.080
1.229927,1518.700,453.086,1518.686,453.083
1.233131,1518.700,453.086,1518.693,453.085
1.235687,1518.700,453.086,1518.696,453.086
1.238100,1518.700,453.086,1518.698,453.086
1.241106,1518.700,453.086,1518.699,453.086
1.244345,1518.700,453.086,1518.699,453.086
1.247419,1518.799,453.018,1518.749,453.052
1.250273,1518.799,453.018,1518.774,453.035
1.252972,1518.799,453.018,1518.786,453.026
1.256567,1518.799,453.018,1518.792,453.022
1.259768,1518.799,453.018,1518.795,453.020
1.262960,1518.799,453.018,1518.797,453.019
1.265812,1518.799,453.018,1518.798,453.018
1.268303,1518.799,453.018,1518.798,453.018
1.271238,1518.799,453.018,1518.798,453.018
1.274830,1518.799,453.018,1518.798,453.018
1.278872,1519.125,453.147,1518.962,453.082
1.282017,1519.125,453.147,1519.043,453.115
1.284702,1519.125,453.147,1519.084,453.131
1.288559,1519.125,453.147,1519.105,453.139
1.292860,1519.125,453.147,1519.115,453.143
1.295877,1519.125,453.147,1519.120,453.145
1.298864,1519.125,453.147,1519.123,453.146
1.301325,1519.125,453.147,1519.124,453.146
1.304363,1519.125,453.147,1519.125,453.147
1.307289,1519.484,452.617,1519.304,452.882
1.310175,1519.484,452.617,1519.394,452.749
1.312979,1519.484,452.617,1519.439,452.683
1.315878,1519.484,452.617,1519.461,452.650
1.319719,1519.484,452.617,1519.472,452.633
1.323112,1519.484,452.617,1519.478,452.625
1.325769,1519.484,452.617,1519.481,452.621
1.328533,1519.484,452.617,1519.482,452.619
1.331507,1519.484,452.617,1519.483,452.618
1.336435,1529.914,382.278,1524.698,417.448
1.339478,1529.914,382.278,1527.306,399.863
1.342047,1529.914,382.278,1528.610,391.070
1.344845,1529.914,382.278,1529.262,386.674
1.347965,1529.914,382.278,1529.588,384.476
1.352612,1529.914,382.278,1529.751,383.377
1.355831,1529.914,382.278,1529.833,382.827
1.359020,1529.914,382.278,1529.873,382.553
1.362370,1529.914,382.278,1529.894,382.415
1.366365,1529.914,382.278,1529.904,382.347
1.369225,1529.914,382.278,1529.909,382.312
1.371822,1529.914,382.278,1529.911,382.295
1.374323,1529.914,382.278,1529.913,382.287
1.377504,1529.914,382.278,1529.913,382.282
1.381605,1529.914,382.278,1529.914,382.280
1.384691,1529.914,382.278,1529.914,382.279
1.387354,1529.914,382.278,1529.914,382.278
1.389854,1529.914,382.278,1529.914,382.278
1.392576,1529.914,382.278,1529.914,382.278
1.404716,1529.914,382.278,1529.914,382.278
1.412064,1529.914,382.278,1529.914,382.278
1.415520,1529.914,382.278,1529.914,382.278
1.418324,1529.914,382.278,1529.914,382.278
1.420765,1529.914,382.278,1529.914,382.278
1.422968,1529.914,382.278,1529.914,382.278
1.425529,1529.914,382.278,1529.914,382.278
1.428564,1529.914,382.278,1529.914,382.278
1.432415,1529.914,382.278,1529.914,382.278
1.435265,1529.914,382.278,1529.914,382.278
1.437874,1529.914,382.278,1529.914,382.278
1.440840,1529.914,382.278,1529.914,382.278
1.443966,1529.914,382.278,1529.914,382.278
1.447256,1529.914,382.278,1529.914,382.278
1.450010,1529.914,382.278,1529.914,382.278
1.452402,1529.914,382.278,1529.914,382.278
1.454990,1620.861,195.070,1575.387,288.674
1.458847,1620.861,195.070,1598.124,241.872
1.462450,1620.861,195.070,1609.492,218.471
1.465437,1620.861,195.070,1615.177,206.770
1.468050,1620.861,195.070,1618.019,200.920
1.470884,1620.861,195.070,1619.440,197.995
1.473419,1620.861,195.070,1620.150,196.533
1.476923,1620.861,195.070,1620.505,195.801
1.479734,1620.861,195.070,1620.683,195.436
1.482719,1620.861,195.070,1620.772,195.253
1.485174,1620.861,195.070,1620.816,195.161
1.487850,1632.142,174.511,1626.479,184.836
1.491503,1632.142,174.511,1629.311,179.673
1.494957,1632.142,174.511,1630.727,177.092
1.499193,1632.142,174.511,1631.435,175.801
1.503050,1632.142,174.511,1631.789,175.156
1.507418,1632.142,174.511,1631.966,174.833
1.511187,1632.142,174.511,1632.054,174.672
1.515327,1632.142,174.511,1632.098,174.591
1.519390,1615.045,202.097,1623.572,188.344
1.523331,1615.045,202.097,1619.308,195.220
1.526930,1615.045,202.097,1617.177,198.658
1.530989,1615.045,202.097,1616.111,200.378
1.534412,1615.045,202.097,1615.578,201.237
1.537407,1615.045,202.097,1615.312,201.667
1.539879,1615.045,202.097,1615.178,201.882
1.542376,1615.045,202.097,1615.112,201.989
1.544991,1615.045,202.097,1615.078,202.043
1.547888,1595.493,242.623,1605.286,222.333
1.551643,1595.493,242.623,1600.389,232.478
1.555618,1595.493,242.623,1597.941,237.551
1.559580,1595.493,242.623,1596.717,240.087
1.564775,1595.493,242.623,1596.105,241.355
1.568438,1595.493,242.623,1595.799,241.989
1.571114,1595.493,242.623,1595.646,242.306
1.573635,1595.493,242.623,1595.569,242.465
1.576351,1595.493,242.623,1595.531,242.544
1.579710,1554.987,322.374,1575.259,282.459
1.583845,1554.987,322.374,1565.123,302.417
1.586432,1554.987,322.374,1560.055,312.396
1.588999,1554.987,322.374,1557.521,317.385
1.592003,1554.987,322.374,1556.254,319.880
1.594812,1554.987,322.374,1555.621,321.127
1.598446,1554.987,322.374,1555.304,321.751
1.601360,1554.987,322.374,1555.146,322.062
1.603867,1554.987,322.374,1555.066,322.218
1.606445,1554.987,322.374,1555.027,322.296
1.609192,1514.924,396.221,1534.975,359.259
1.612921,1514.924,396.221,1524.949,377.740
1.616756,1514.924,396.221,1519.937,386.980
1.619623,1514.924,396.221,1517.430,391.600
1.622522,1514.924,396.221,1516.177,393.911
1.625038,1514.924,396.221,1515.550,395.066
1.627892,1514.924,396.221,1515.237,395.643
1.630915,1514.924,396.221,1515.080,395.932
1.633797,1514.924,396.221,1515.002,396.076
1.636353,1514.924,396.221,1514.963,396.148
1.639256,1485.642,451.462,1500.302,423.805
1.642176,1485.642,451.462,1492.972,437.634
1.645788,1485.642,451.462,1489.307,444.548
1.649158,1485.642,451.462,1487.474,448.005
1.652243,1485.642,451.462,1486.558,449.734
1.654852,1485.642,451.462,1486.100,450.598
1.657248,1485.642,451.462,1485.871,451.030
1.660667,1485.642,451.462,1485.756,451.246
1.663675,1485.642,451.462,1485.699,451.354
1.666336,1485.642,451.462,1485.670,451.408
1.668938,1485.642,451.462,1485.656,451.435
1.671654,1327.261,424.020,1406.458,437.728
1.674185,1327.261,424.020,1366.859,430.874
1.677765,1327.261,424.020,1347.060,427.447
1.681082,1327.261,424.020,1337.160,425.733
1.684494,1327.261,424.020,1332.211,424.876
1.686981,1327.261,424.020,1329.736,424.448
1.689383,1327.261,424.020,1328.498,424.234
1.693064,1327.261,424.020,1327.879,424.127
1.697149,1327.261,424.020,1327.570,424.073
1.700397,1099.908,360.133,1213.739,392.103
1.703457,1099.908,360.133,1156.823,376.118
1.706278,1099.908,360.133,1128.366,368.125
1.709522,1099.908,360.133,1114.137,364.129
1.713055,1099.908,360.133,1107.022,362.131
1.716072,1099.908,360.133,1103.465,361.132
1.718868,1099.908,360.133,1101.687,360.632
1.721870,1099.908,360.133,1100.797,360.383
1.725134,1099.908,360.133,1100.353,360.258
1.728436,1099.908,360.133,1100.130,360.195
1.732975,911.332,308.051,1005.731,334.123
1.736061,911.332,308.051,958.531,321.087
1.739496,911.332,308.051,934.932,314.569
1.743147,911.332,308.051,923.132,311.310
1.746805,911.332,308.051,917.232,309.681
1.749941,911.332,308.051,914.282,308.866
1.753481,911.332,308.051,912.807,308.459
1.756681,911.332,308.051,912.069,308.255
1.759401,911.332,308.051,911.700,308.153
1.763409,791.626,267.355,851.663,287.754
1.766863,791.626,267.355,821.645,277.555
1.770681,791.626,267.355,806.636,272.455
1.774271,791.626,267.355,799.131,269.905
1.777306,791.626,267.355,795.379,268.630
1.780516,791.626,267.355,793.502,267.993
1.784065,791.626,267.355,792.564,267.674
1.787609,791.626,267.355,792.095,267.515
1.790743,715.991,239.729,754.043,253.622
1.794086,715.991,239.729,735.017,246.676
1.797407,715.991,239.729,725.504,243.202
1.801968,715.991,239.729,720.747,241.466
1.807062,715.991,239.729,718.369,240.597
1.811287,715.991,239.729,717.180,240.163
1.815384,715.991,239.729,716.585,239.946
1.818943,715.991,239.729,716.288,239.838
1.821917,673.383,229.085,694.835,234.461
1.825127,673.383,229.085,684.109,231.773
1.828197,673.383,229.085,678.746,230.429
1.832348,673.383,229.085,676.065,229.757
1.836329,673.383,229.085,674.724,229.421
1.839369,673.383,229.085,674.053,229.253
1.841831,673.383,229.085,673.718,229.169
1.844456,673.383,229.085,673.551,229.127
1.848650,673.383,229.085,673.467,229.106
1.851992,646.629,218.951,660.048,224.028
1.854885,646.629,218.951,653.338,221.489
1.857515,646.629,218.951,649.983,220.220
1.860586,646.629,218.951,648.306,219.585
1.865250,646.629,218.951,647.467,219.268
1.868481,646.629,218.951,647.048,219.109
1.871218,646.629,218.951,646.838,219.030
1.873749,646.629,218.951,646.733,218.990
1.876257,646.629,218.951,646.681,218.970
1.879707,646.629,218.951,646.655,218.960
1.883602,627.109,213.353,636.882,216.157
1.886564,627.109,213.353,631.995,214.755
1.889210,627.109,213.353,629.552,214.054
1.892006,627.109,213.353,628.330,213.703
1.896673,627.109,213.353,627.720,213.528
1.900505,627.109,213.353,627.414,213.440
1.903606,627.109,213.353,627.262,213.397
1.906815,627.109,213.353,627.185,213.375
1.910669,615.802,210.613,621.493,211.994
1.915447,615.802,210.613,618.647,211.303
1.918753,615.802,210.613,617.224,210.958
1.922392,615.802,210.613,616.513,210.785
1.926208,615.802,210.613,616.157,210.699
1.930326,615.802,210.613,615.979,210.656
1.933781,615.802,210.613,615.890,210.634
1.936497,615.802,210.613,615.846,210.623
1.939043,615.802,210.613,615.824,210.618
1.942833,665.008,209.691,640.416,210.154
1.946508,665.008,209.691,652.712,209.923
1.949787,665.008,209.691,658.860,209.807
1.953062,665.008,209.691,661.934,209.749
1.956760,665.008,209.691,663.471,209.720
1.960999,665.008,209.691,664.240,209.705
1.964476,665.008,209.691,664.624,209.698
1.967793,665.008,209.691,664.816,209.695
1.970566,665.008,209.691,664.912,209.693
1.980736,699.724,209.617,682.318,209.655
1.984411,699.724,209.617,691.021,209.636
1.988884,699.724,209.617,695.373,209.626
1.991665,699.724,209.617,697.548,209.621
1.996193,699.724,209.617,698.636,209.619
1.999670,699.724,209.617,699.180,209.618
2.005049,739.424,208.774,719.302,209.196
2.008064,739.424,208.774,729.363,208.985
2.010809,739.424,208.774,734.393,208.879
2.014549,739.424,208.774,736.908,208.826
2.018911,739.424,208.774,738.166,208.800
2.022335,739.424,208.774,738.795,208.787
2.024967,739.424,208.774,739.109,208.780
2.027729,739.424,208.774,739.266,208.777
2.030823,739.424,208.774,739.345,208.775
2.035851,803.650,207.422,771.498,208.099
2.040041,803.650,207.422,787.574,207.760
2.043327,803.650,207.422,795.612,207.591
2.047894,803.650,207.422,799.631,207.507
2.051764,803.650,207.422,801.641,207.464
2.055960,803.650,207.422,802.646,207.443
2.058556,803.650,207.422,803.148,207.433
2.063087,870.369,206.057,836.758,206.745
2.066629,870.369,206.057,853.563,206.401
2.070879,870.369,206.057,861.966,206.229
2.073620,870.369,206.057,866.167,206.143
2.077560,870.369,206.057,868.268,206.100
2.081718,870.369,206.057,869.318,206.079
2.085743,870.369,206.057,869.843,206.068
2.088255,870.369,206.057,870.106,206.063
2.090887,870.369,206.057,870.237,206.060
2.095703,927.550,202.544,898.894,204.302
2.101627,927.550,202.544,913.222,203.423
2.104883,927.550,202.544,920.386,202.983
2.108826,927.550,202.544,923.968,202.764
2.111622,927.550,202.544,925.759,202.654
2.116619,927.550,202.544,926.655,202.599
2.119347,927.550,202.544,927.102,202.571
2.123377,969.112,199.245,948.107,200.908
2.125994,969.112,199.245,958.609,200.077
2.130697,969.112,199.245,963.860,199.661
2.134266,969.112,199.245,966.486,199.453
2.138601,969.112,199.245,967.799,199.349
2.141373,969.112,199.245,968.455,199.297
2.145832,969.112,199.245,968.783,199.271
2.148853,969.112,199.245,968.947,199.258
2.152905,1002.962,193.959,985.955,196.608
2.155493,1002.962,193.959,994.458,195.284
2.158554,1002.962,193.959,998.710,194.621
2.162817,1002.962,193.959,1000.836,194.290
2.167665,1002.962,193.959,1001.899,194.124
2.170425,1002.962,193.959,1002.430,194.042
2.172747,1002.962,193.959,1002.696,194.000
2.177591,1002.962,193.959,1002.829,193.979
2.182772,1024.729,192.614,1013.779,193.297
2.185911,1024.729,192.614,1019.254,192.956
2.188641,1024.729,192.614,1021.992,192.785
2.194023,1024.729,192.614,1023.361,192.700
2.198874,1024.729,192.614,1024.045,192.657
2.201756,1024.729,192.614,1024.387,192.636
2.206173,1024.729,192.614,1024.558,192.625
2.209833,1024.729,192.614,1024.644,192.620
2.214899,1040.864,193.103,1032.754,192.861
2.218422,1040.864,193.103,1036.809,192.982
2.230375,1040.864,193.103,1038.837,193.043
2.237768,1040.864,193.103,1039.850,193.073
2.243763,1053.110,193.343,1046.480,193.208
2.252119,1053.110,193.343,1049.795,193.275
2.265848,1053.110,193.343,1051.453,193.309
2.269119,1053.110,193.343,1052.281,193.326
2.272358,1053.110,193.343,1052.696,193.334
2.274776,1060.680,192.980,1056.688,193.157
2.276848,1060.680,192.980,1058.684,193.068
2.280302,1060.680,192.980,1059.682,193.024
2.283573,1060.680,192.980,1060.181,193.002
2.287792,1060.680,192.980,1060.430,192.991
2.290583,1060.680,192.980,1060.555,192.985
2.293337,1060.680,192.980,1060.617,192.982
2.296667,1060.680,192.980,1060.648,192.981
2.301001,1060.680,192.980,1060.664,192.980
2.304962,1064.158,190.803,1062.411,191.892
2.307369,1064.158,190.803,1063.284,191.348
2.310965,1064.158,190.803,1063.721,191.075
2.314243,1064.158,190.803,1063.939,190.939
2.319004,1064.158,190.803,1064.049,190.871
2.321381,1064.158,190.803,1064.103,190.837
2.326071,1064.158,190.803,1064.131,190.820
2.329477,1064.158,190.803,1064.144,190.812
2.334248,1067.322,191.625,1065.733,191.218
2.338259,1067.322,191.625,1066.527,191.421
2.341782,1067.322,191.625,1066.925,191.523
2.345081,1067.322,191.625,1067.123,191.574
2.350183,1067.322,191.625,1067.222,191.599
2.353327,1067.322,191.625,1067.272,191.612
2.356791,1067.322,191.625,1067.297,191.618
2.359013,1067.322,191.625,1067.309,191.622
2.365303,1070.016,192.752,1068.662,192.187
2.370201,1070.016,192.752,1069.339,192.469
2.373495,1070.016,192.752,1069.677,192.610
2.378441,1070.016,192.752,1069.846,192.681
2.381727,1070.016,192.752,1069.931,192.716
2.385580,1070.016,192.752,1069.973,192.734
2.388826,1070.016,192.752,1069.994,192.743
2.394753,1070.016,192.752,1070.005,192.747
2.400440,1072.107,193.065,1071.056,192.906
2.403954,1072.107,193.065,1071.581,192.986
2.408155,1072.107,193.065,1071.844,193.026
2.414551,1072.107,193.065,1071.975,193.045
2.417488,1072.107,193.065,1072.041,193.055
2.419796,1072.107,193.065,1072.074,193.060
2.422010,1072.107,193.065,1072.090,193.063
2.425964,1074.352,192.877,1073.221,192.970
2.428860,1074.352,192.877,1073.787,192.924
2.432705,1074.352,192.877,1074.069,192.900
2.435961,1074.352,192.877,1074.211,192.889
2.439646,1074.352,192.877,1074.281,192.883
2.442120,1074.352,192.877,1074.317,192.880
2.444706,1074.352,192.877,1074.334,192.879
2.448303,1074.352,192.877,1074.343,192.878
2.451452,1074.352,192.877,1074.348,192.878
2.454573,1075.596,193.096,1074.972,192.987
2.457697,1075.596,193.096,1075.284,193.041
2.460062,1075.596,193.096,1075.440,193.069
2.462698,1075.596,193.096,1075.518,193.082
2.466543,1075.596,193.096,1075.557,193.089
2.470451,1075.596,193.096,1075.577,193.092
2.473913,1075.596,193.096,1075.586,193.094
2.476362,1075.596,193.096,1075.591,193.095
2.479187,1075.596,193.096,1075.594,193.095
2.482918,1075.596,193.096,1075.595,193.096
2.486776,1076.673,193.262,1076.134,193.179
2.489319,1076.673,193.262,1076.404,193.220
2.491631,1076.673,193.262,1076.538,193.241
2.494343,1076.673,193.262,1076.606,193.251
2.498093,1076.673,193.262,1076.639,193.257
2.502554,1076.673,193.262,1076.656,193.259
2.506363,1076.673,193.262,1076.665,193.261
2.509176,1076.673,193.262,1076.669,193.261
2.511803,1076.673,193.262,1076.671,193.261
2.516314,1078.166,193.570,1077.418,193.416
2.520132,1078.166,193.570,1077.792,193.493
2.522556,1078.166,193.570,1077.979,193.532
2.525072,1078.166,193.570,1078.073,193.551
2.527933,1078.166,193.570,1078.119,193.561
2.532330,1078.166,193.570,1078.143,193.565
2.536779,1078.166,193.570,1078.154,193.568
2.539631,1078.166,193.570,1078.160,193.569
2.542000,1078.166,193.570,1078.163,193.570
2.544813,1079.258,193.233,1078.711,193.401
2.550255,1079.258,193.233,1078.985,193.317
2.553280,1079.258,193.233,1079.122,193.275
2.556185,1079.258,193.233,1079.190,193.254
2.559019,1079.258,193.233,1079.224,193.244
2.562077,1079.258,193.233,1079.241,193.238
2.566500,1079.258,193.233,1079.250,193.236
2.569838,1079.258,193.233,1079.254,193.235
2.572403,1079.258,193.233,1079.256,193.234
2.574833,1079.258,193.233,1079.257,193.234
2.578495,1087.393,191.063,1083.325,192.148
2.582745,1087.393,191.063,1085.359,191.606
2.586338,1087.393,191.063,1086.376,191.334
2.589518,1087.393,191.063,1086.885,191.199
2.593021,1087.393,191.063,1087.139,191.131
2.595930,1087.393,191.063,1087.266,191.097
2.599781,1087.393,191.063,1087.329,191.080
2.602808,1087.393,191.063,1087.361,191.071
2.605389,1100.732,186.865,1094.047,188.968
2.609245,1100.732,186.865,1097.389,187.916
2.613319,1100.732,186.865,1099.061,187.391
2.617596,1100.732,186.865,1099.896,187.128
2.621271,1100.732,186.865,1100.314,186.996
2.624376,1100.732,186.865,1100.523,186.930
2.627203,1100.732,186.865,1100.627,186.898
2.629808,1100.732,186.865,1100.680,186.881
2.632496,1100.732,186.865,1100.706,186.873
2.635208,1100.732,186.865,1100.719,186.869
2.638609,1113.198,183.054,1106.958,184.961
2.641630,1113.198,183.054,1110.078,184.007
2.644222,1113.198,183.054,1111.638,183.531
2.647421,1113.198,183.054,1112.418,183.292
2.650784,1113.198,183.054,1112.808,183.173
2.653505,1113.198,183.054,1113.003,183.113
2.656397,1113.198,183.054,1113.100,183.084
2.658997,1113.198,183.054,1113.149,183.069
2.661489,1113.198,183.054,1113.173,183.061
2.664080,1113.198,183.054,1113.185,183.057
2.667253,1124.024,179.663,1118.605,181.360
2.670624,1124.024,179.663,1121.314,180.511
2.673618,1124.024,179.663,1122.669,180.087
2.676353,1124.024,179.663,1123.347,179.875
2.679270,1124.024,179.663,1123.686,179.769
2.682116,1124.024,179.663,1123.855,179.716
2.685110,1124.024,179.663,1123.940,179.689
2.688496,1124.024,179.663,1123.982,179.676
2.691248,1124.024,179.663,1124.003,179.669
2.693684,1124.024,179.663,1124.014,179.666
2.696302,1135.037,175.276,1129.525,177.471
2.699953,1135.037,175.276,1132.281,176.373
2.703638,1135.037,175.276,1133.659,175.825
2.706581,1135.037,175.276,1134.348,175.550
2.709656,1135.037,175.276,1134.692,175.413
2.712214,1135.037,175.276,1134.865,175.344
2.714750,1135.037,175.276,1134.951,175.310
2.717892,1135.037,175.276,1134.994,175.293
2.721022,1135.037,175.276,1135.015,175.284
2.723650,1135.037,175.276,1135.026,175.280
2.726059,1135.037,175.276,1135.031,175.278
2.729025,1143.079,170.684,1139.055,172.981
2.732346,1143.079,170.684,1141.067,171.832
2.736156,1143.079,170.684,1142.073,171.258
2.738972,1143.079,170.684,1142.576,170.971
2.741760,1143.079,170.684,1142.828,170.828
2.744331,1143.079,170.684,1142.954,170.756
2.746817,1143.079,170.684,1143.017,170.720
2.750074,1143.079,170.684,1143.048,170.702
2.752960,1143.079,170.684,1143.064,170.693
2.755352,1143.079,170.684,1143.072,170.688
2.758097,1150.479,166.340,1146.775,168.514
2.760923,1150.479,166.340,1148.627,167.427
2.764082,1150.479,166.340,1149.553,166.884
2.769175,1150.479,166.340,1150.016,166.612
2.772327,1150.479,166.340,1150.247,166.476
2.774940,1150.479,166.340,1150.363,166.408
2.777428,1150.479,166.340,1150.421,166.374
2.780565,1150.479,166.340,1150.450,166.357
2.783689,1150.479,166.340,1150.464,166.349
2.786371,1150.479,166.340,1150.471,166.345
2.789623,1158.727,163.762,1154.599,165.053
2.792305,1158.727,163.762,1156.663,164.407
2.795179,1158.727,163.762,1157.695,164.085
2.799223,1158.727,163.762,1158.211,163.923
2.802481,1158.727,163.762,1158.469,163.843
2.805155,1158.727,163.762,1158.598,163.802
2.807642,1158.727,163.762,1158.662,163.782
2.810429,1158.727,163.762,1158.694,163.772
2.813295,1158.727,163.762,1158.710,163.767
2.816469,1206.835,69.967,1182.773,116.867
2.819607,1206.835,69.967,1194.804,93.417
2.822296,1206.835,69.967,1200.820,81.692
2.824755,1206.835,69.967,1203.827,75.829
2.828293,1206.835,69.967,1205.331,72.898
2.831646,1206.835,69.967,1206.083,71.433
2.834797,1206.835,69.967,1206.459,70.700
2.837547,1206.835,69.967,1206.647,70.333
2.840021,1206.835,69.967,1206.741,70.150
2.843235,1206.835,69.967,1206.788,70.059
2.845995,1206.835,69.967,1206.812,70.013
2.848873,1206.835,69.967,1206.823,69.990
2.851736,1206.835,69.967,1206.829,69.978
2.854414,1206.835,69.967,1206.832,69.973
2.857504,1206.835,69.967,1206.834,69.970
2.861151,1206.835,69.967,1206.834,69.968
2.863840,1206.835,69.967,1206.835,69.968
2.866398,1206.835,69.967,1206.835,69.967
2.869253,1206.835,69.967,1206.835,69.967
2.873455,1206.835,69.967,1206.835,69.967
2.877560,1185.659,-490.246,1196.247,-210.139
2.881580,1185.659,-490.246,1190.953,-350.193
2.884861,1185.659,-490.246,1188.306,-420.219
2.888439,1185.659,-490.246,1186.982,-455.233
2.892881,1185.659,-490.246,1186.321,-472.739
2.896805,1185.659,-490.246,1185.990,-481.493
2.908272,1225.234,-240.811,1205.612,-361.152
2.911888,1225.234,-240.811,1215.423,-300.981
2.915554,1225.234,-240.811,1220.329,-270.896
2.920750,1225.234,-240.811,1222.782,-255.853
2.924572,1225.234,-240.811,1224.008,-248.332
2.927273,1225.234,-240.811,1224.621,-244.571
2.930300,1225.234,-240.811,1224.928,-242.691
2.934351,1225.234,-240.811,1225.081,-241.751
2.938425,1225.234,-240.811,1225.158,-241.281
2.941565,1225.234,-240.811,1225.196,-241.046
2.944818,1313.007,-288.556,1269.102,-264.801
2.948797,1313.007,-288.556,1291.054,-276.679
2.953421,1313.007,-288.556,1302.031,-282.618
2.956478,1313.007,-288.556,1307.519,-285.587
2.958933,1313.007,-288.556,1310.263,-287.072
2.961859,1313.007,-288.556,1311.635,-287.814
2.965216,1313.007,-288.556,1312.321,-288.185
2.970356,1371.998,-279.880,1342.160,-284.033
2.973204,1371.998,-279.880,1357.079,-281.956
2.975912,1371.998,-279.880,1364.539,-280.918
2.979460,1371.998,-279.880,1368.268,-280.399
2.985754,1371.998,-279.880,1370.133,-280.139
2.988745,1371.998,-279.880,1371.066,-280.010
2.992365,1371.998,-279.880,1371.532,-279.945
2.994785,1371.998,-279.880,1371.765,-279.912
2.998505,1404.817,-255.248,1388.291,-267.580
3.003820,1404.817,-255.248,1396.554,-261.414
3.006958,1404.817,-255.248,1400.686,-258.331
3.009901,1404.817,-255.248,1402.752,-256.790
3.014626,1404.817,-255.248,1403.784,-256.019
3.019365,1404.817,-255.248,1404.301,-255.634
3.023470,1404.817,-255.248,1404.559,-255.441
3.026140,1404.817,-255.248,1404.688,-255.345
3.031889,1425.189,-232.628,1414.939,-243.986
3.036909,1425.189,-232.628,1420.064,-238.307
3.040283,1425.189,-232.628,1422.626,-235.467
3.045122,1425.189,-232.628,1423.908,-234.048
3.049063,1425.189,-232.628,1424.548,-233.338
3.053015,1425.189,-232.628,1424.869,-232.983
3.055664,1425.189,-232.628,1425.029,-232.805
3.058361,1439.750,-223.898,1432.389,-228.352
3.062738,1439.750,-223.898,1436.069,-226.125
3.068865,1439.750,-223.898,1437.909,-225.011
3.074654,1439.750,-223.898,1438.830,-224.455
3.077545,1439.750,-223.898,1439.290,-224.176
3.080460,1439.750,-223.898,1439.520,-224.037
3.084793,1439.750,-223.898,1439.635,-223.968
3.088097,1439.750,-223.898,1439.692,-223.933
3.092239,1471.873,-224.169,1455.783,-224.051
3.095886,1471.873,-224.169,1463.828,-224.110
3.100103,1471.873,-224.169,1467.851,-224.140
3.105026,1471.873,-224.169,1469.862,-224.155
3.108267,1471.873,-224.169,1470.868,-224.162
3.112057,1471.873,-224.169,1471.370,-224.166
3.115326,1471.873,-224.169,1471.622,-224.168
3.120316,1471.873,-224.169,1471.748,-224.169
3.123299,1471.873,-224.169,1471.810,-224.169
3.126823,1471.873,-224.169,1471.842,-224.169
3.129732,1471.873,-224.169,1471.858,-224.169
3.135136,1471.873,-224.169,1471.865,-224.169
3.138073,1471.873,-224.169,1471.869,-224.169
3.142416,1471.873,-224.169,1471.871,-224.169
3.145124,1471.873,-224.169,1471.872,-224.169
3.148113,1471.873,-224.169,1471.873,-224.169
3.152594,1471.873,-224.169,1471.873,-224.169
3.156626,1471.873,-224.169,1471.873,-224.169
3.159769,1471.873,-224.169,1471.873,-224.169
3.162943,1471.873,-224.169,1471.873,-224.169
3.167101,1471.873,-224.169,1471.873,-224.169
3.170561,1471.873,-224.169,1471.873,-224.169
3.174490,1471.873,-224.169,1471.873,-224.169
3.176977,1471.873,-224.169,1471.873,-224.169
3.180244,1471.873,-224.169,1471.873,-224.169
3.184011,1471.873,-224.169,1471.873,-224.169
3.188555,1471.873,-224.169,1471.873,-224.169
3.191662,1471.873,-224.169,1471.873,-224.169
3.196383,1471.873,-224.169,1471.873,-224.169
3.199707,1471.873,-224.169,1471.873,-224.169
3.204666,1471.873,-224.169,1471.873,-224.169
3.207623,1471.873,-224.169,1471.873,-224.169
3.211388,1531.087,-418.417,1501.480,-321.293
3.214415,1531.087,-418.417,1516.284,-369.855
3.219736,1531.087,-418.417,1523.686,-394.136
3.224665,1531.087,-418.417,1527.386,-406.276
3.228079,1531.087,-418.417,1529.237,-412.346
3.231834,1531.087,-418.417,1530.162,-415.382
3.236534,1531.087,-418.417,1530.625,-416.899
3.241459,1553.471,-428.750,1542.048,-422.825
3.245249,1553.471,-428.750,1547.759,-425.787
3.251589,1553.471,-428.750,1550.615,-427.269
3.255659,1553.471,-428.750,1552.043,-428.010
3.258600,1553.471,-428.750,1552.757,-428.380
3.262419,1553.471,-428.750,1553.114,-428.565
3.267075,1553.471,-428.750,1553.292,-428.658
3.272068,1544.940,-396.321,1549.116,-412.489
3.274828,1544.940,-396.321,1547.028,-404.405
3.278585,1544.940,-396.321,1545.984,-400.363
3.282476,1544.940,-396.321,1545.462,-398.342
3.287189,1544.940,-396.321,1545.201,-397.331
3.289755,1544.940,-396.321,1545.071,-396.826
3.293715,1544.940,-396.321,1545.005,-396.573
3.298031,1544.940,-396.321,1544.973,-396.447
3.303658,1529.659,-331.205,1537.316,-363.826
3.307098,1529.659,-331.205,1533.487,-347.516
3.310352,1529.659,-331.205,1531.573,-339.360
3.316032,1529.659,-331.205,1530.616,-335.283
3.319368,1529.659,-331.205,1530.137,-333.244
3.323174,1529.659,-331.205,1529.898,-332.224
3.326405,1529.659,-331.205,1529.778,-331.715
3.331739,1510.262,-237.955,1520.020,-284.835
3.335670,1510.262,-237.955,1515.141,-261.395
3.340872,1510.262,-237.955,1512.701,-249.675
3.344547,1510.262,-237.955,1511.481,-243.815
3.347363,1510.262,-237.955,1510.872,-240.885
3.350863,1510.262,-237.955,1510.567,-239.420
3.353609,1510.262,-237.955,1510.414,-238.688
3.356544,1510.262,-237.955,1510.338,-238.322
3.359669,1453.121,-66.768,1481.729,-152.545
3.362169,1453.121,-66.768,1467.425,-109.656
3.365475,1453.121,-66.768,1460.273,-88.212
3.369038,1453.121,-66.768,1456.697,-77.490
3.374331,1453.121,-66.768,1454.909,-72.129
3.377941,1453.121,-66.768,1454.015,-69.449
3.381926,1453.121,-66.768,1453.568,-68.108
3.386068,1453.121,-66.768,1453.344,-67.438
3.390045,1453.121,-66.768,1453.232,-67.103
3.393040,1356.099,267.231,1404.666,100.064
3.396008,1356.099,267.231,1380.383,183.648
3.401949,1356.099,267.231,1368.241,225.439
3.409821,1356.099,267.231,1362.170,246.335
3.415020,1356.099,267.231,1359.135,256.783
3.423882,1297.053,483.508,1328.094,370.146
3.428183,1297.053,483.508,1312.573,426.827
3.431387,1297.053,483.508,1304.813,455.168
3.436142,1297.053,483.508,1300.933,469.338
3.438999,1297.053,483.508,1298.993,476.423
3.442455,1297.053,483.508,1298.023,479.966
3.444778,1297.053,483.508,1297.538,481.737
3.447460,1297.053,483.508,1297.296,482.623
3.452343,1266.099,593.271,1281.697,537.947
3.455864,1266.099,593.271,1273.898,565.609
3.459368,1266.099,593.271,1269.998,579.440
3.461813,1266.099,593.271,1268.048,586.355
3.467045,1266.099,593.271,1267.073,589.813
3.470161,1266.099,593.271,1266.586,591.542
3.473696,1266.099,593.271,1266.342,592.406
3.475952,1266.099,593.271,1266.220,592.839
3.481169,1266.099,593.271,1266.160,593.055
3.485071,1250.315,643.924,1258.237,618.489
3.488258,1250.315,643.924,1254.276,631.206
3.490614,1250.315,643.924,1252.296,637.565
3.494080,1250.315,643.924,1251.305,640.744
3.498877,1250.315,643.924,1250.810,642.334
3.502747,1250.315,643.924,1250.563,643.129
3.505428,1250.315,643.924,1250.439,643.526
3.507727,1250.315,643.924,1250.377,643.725
3.512432,1242.232,667.614,1246.304,655.669
3.515900,1242.232,667.614,1244.268,661.642
3.520168,1242.232,667.614,1243.250,664.628
3.522673,1242.232,667.614,1242.741,666.121
3.528135,1242.232,667.614,1242.486,666.867
3.532682,1242.232,667.614,1242.359,667.241
3.535976,1242.232,667.614,1242.295,667.427
3.540108,1242.232,667.614,1242.263,667.520
3.543938,1240.852,682.629,1241.558,675.075
3.548775,1240.852,682.629,1241.205,678.852
3.552780,1240.852,682.629,1241.029,680.741
3.557819,1240.852,682.629,1240.940,681.685
3.560781,1240.852,682.629,1240.896,682.157
3.566044,1240.852,682.629,1240.874,682.393
3.569300,1240.852,682.629,1240.863,682.511
3.573353,1237.010,689.179,1238.936,685.845
3.576544,1237.010,689.179,1237.973,687.513
3.579166,1237.010,689.179,1237.491,688.346
3.582029,1237.010,689.179,1237.250,688.763
3.587658,1237.010,689.179,1237.130,688.971
3.590528,1237.010,689.179,1237.070,689.075
3.592863,1237.010,689.179,1237.040,689.127
3.595268,1237.010,689.179,1237.025,689.153
3.597687,1237.010,689.179,1237.017,689.166
3.600435,1237.010,689.179,1237.013,689.173
3.604799,1232.401,695.808,1234.707,692.490
3.607533,1232.401,695.808,1233.554,694.149
3.609940,1232.401,695.808,1232.978,694.978
3.612379,1232.401,695.808,1232.689,695.393
3.615637,1232.401,695.808,1232.545,695.600
3.619720,1232.401,695.808,1232.473,695.704
3.631243,1232.401,695.808,1232.437,695.756
3.637562,1232.684,709.228,1232.561,702.492
3.640190,1232.684,709.228,1232.622,705.860
3.642609,1232.684,709.228,1232.653,707.544
3.646635,1232.684,709.228,1232.669,708.386
3.650190,1232.684,709.228,1232.676,708.807
3.654291,1232.684,709.228,1232.680,709.018
3.656544,1232.684,709.228,1232.682,709.123
3.660027,1232.684,709.228,1232.683,709.176
3.662369,1189.538,862.712,1211.111,785.944
3.668348,1189.538,862.712,1200.324,824.328
3.671707,1189.538,862.712,1194.931,843.520
3.680193,1189.538,862.712,1192.235,853.116
3.683731,1189.538,862.712,1190.886,857.914
3.686348,1189.538,862.712,1190.212,860.313
3.690336,1189.538,862.712,1189.875,861.513
3.692614,1189.538,862.712,1189.707,862.112
3.695965,1130.273,1054.761,1159.990,958.437
3.698874,1130.273,1054.761,1145.132,1006.599
3.701809,1130.273,1054.761,1137.703,1030.680
3.706232,1130.273,1054.761,1133.988,1042.720
3.708794,1130.273,1054.761,1132.131,1048.740
3.713484,1130.273,1054.761,1131.202,1051.750
3.717731,1130.273,1054.761,1130.738,1053.256
3.722095,1130.273,1054.761,1130.506,1054.008
3.724895,1093.254,1178.470,1111.880,1116.239
3.729134,1093.254,1178.470,1102.567,1147.354
3.731936,1093.254,1178.470,1097.910,1162.912
3.736671,1093.254,1178.470,1095.582,1170.691
3.739515,1093.254,1178.470,1094.418,1174.581
3.743092,1093.254,1178.470,1093.836,1176.525
3.745872,1093.254,1178.470,1093.545,1177.498
3.748287,1093.254,1178.470,1093.399,1177.984
3.750698,1093.254,1178.470,1093.327,1178.227
3.753572,1075.538,1246.519,1084.432,1212.373
3.756496,1075.538,1246.519,1079.985,1229.446
3.759529,1075.538,1246.519,1077.761,1237.982
3.762304,1075.538,1246.519,1076.650,1242.250
3.765009,1075.538,1246.519,1076.094,1244.385
3.767933,1075.538,1246.519,1075.816,1245.452
3.771252,1075.538,1246.519,1075.677,1245.985
3.774401,1075.538,1246.519,1075.607,1246.252
3.777075,1075.538,1246.519,1075.573,1246.385
3.779461,1075.538,1246.519,1075.555,1246.452
3.781937,1075.538,1246.519,1075.547,1246.485
3.785908,1059.665,1287.240,1067.606,1266.863
3.790581,1059.665,1287.240,1063.635,1277.051
3.793669,1059.665,1287.240,1061.650,1282.146
3.796461,1059.665,1287.240,1060.657,1284.693
3.799149,1059.665,1287.240,1060.161,1285.966
3.801743,1059.665,1287.240,1059.913,1286.603
3.804989,1059.665,1287.240,1059.789,1286.922
3.807726,1059.665,1287.240,1059.727,1287.081
3.810158,1059.665,1287.240,1059.696,1287.160
3.812729,1059.665,1287.240,1059.680,1287.200
3.817699,1051.720,1305.036,1055.700,1296.118
3.822268,1051.720,1305.036,1053.710,1300.577
3.827700,1051.720,1305.036,1052.715,1302.806
3.830763,1051.720,1305.036,1052.218,1303.921
3.833572,1051.720,1305.036,1051.969,1304.479
3.837145,1051.720,1305.036,1051.844,1304.757
3.840792,1051.720,1305.036,1051.782,1304.896
3.843346,1051.720,1305.036,1051.751,1304.966
3.846132,1047.212,1317.322,1049.481,1311.144
3.848795,1047.212,1317.322,1048.347,1314.233
3.852352,1047.212,1317.322,1047.779,1315.777
3.857214,1047.212,1317.322,1047.496,1316.549
3.860012,1047.212,1317.322,1047.354,1316.935
3.862425,1047.212,1317.322,1047.283,1317.128
3.864944,1047.212,1317.322,1047.247,1317.225
3.870275,1047.212,1317.322,1047.229,1317.273
3.873287,1047.212,1317.322,1047.221,1317.297
3.877008,1047.212,1317.322,1047.216,1317.309
3.880133,1043.917,1328.077,1045.567,1322.693
3.884809,1043.917,1328.077,1044.742,1325.385
3.888285,1043.917,1328.077,1044.329,1326.731
3.892393,1043.917,1328.077,1044.123,1327.404
3.895208,1043.917,1328.077,1044.020,1327.740
3.900261,1043.917,1328.077,1043.969,1327.908
3.904030,1041.328,1335.522,1042.648,1331.715
3.908306,1041.328,1335.522,1041.988,1333.619
3.911041,1041.328,1335.522,1041.658,1334.570
3.915977,1041.328,1335.522,1041.493,1335.046
3.919836,1041.328,1335.522,1041.411,1335.284
3.923952,1041.328,1335.522,1041.369,1335.403
3.926193,1041.328,1335.522,1041.349,1335.463
3.929815,1041.328,1335.522,1041.339,1335.492
3.932459,1041.328,1335.522,1041.333,1335.507
3.935240,1041.972,1338.563,1041.653,1337.035
3.940413,1041.972,1338.563,1041.812,1337.799
3.944841,1041.972,1338.563,1041.892,1338.181
3.948872,1041.972,1338.563,1041.932,1338.372
3.955490,1041.972,1338.563,1041.952,1338.467
3.960861,1041.972,1338.563,1041.962,1338.515
3.964008,1041.972,1338.563,1041.967,1338.539
3.968857,1042.351,1340.068,1042.159,1339.303
3.971762,1042.351,1340.068,1042.255,1339.686
3.976591,1042.351,1340.068,1042.303,1339.877
3.980059,1042.351,1340.068,1042.327,1339.972
3.984070,1042.351,1340.068,1042.339,1340.020
3.987019,1042.351,1340.068,1042.345,1340.044
3.991892,1042.351,1340.068,1042.348,1340.056
3.994993,1040.908,1342.141,1041.628,1341.099
3.998823,1040.908,1342.141,1041.268,1341.620
4.001490,1040.908,1342.141,1041.088,1341.880
4.005995,1040.908,1342.141,1040.998,1342.011
4.009373,1040.908,1342.141,1040.953,1342.076
4.013472,1040.908,1342.141,1040.930,1342.109
4.015846,1040.908,1342.141,1040.919,1342.125
4.020058,1040.908,1342.141,1040.914,1342.133
4.023687,1040.908,1342.141,1040.911,1342.137
4.027735,1043.234,1343.336,1042.072,1342.737
4.030281,1043.234,1343.336,1042.653,1343.036
4.032495,1043.234,1343.336,1042.943,1343.186
4.036669,1043.234,1343.336,1043.089,1343.261
4.041960,1043.234,1343.336,1043.161,1343.299
4.044567,1043.234,1343.336,1043.198,1343.317
4.046686,1043.234,1343.336,1043.216,1343.327
4.050501,1043.234,1343.336,1043.225,1343.331
4.053663,1043.234,1343.336,1043.229,1343.334
4.058073,1044.061,1343.698,1043.645,1343.516
4.060616,1044.061,1343.698,1043.853,1343.607
4.063395,1044.061,1343.698,1043.957,1343.653
4.068035,1044.061,1343.698,1044.009,1343.675
4.072407,1044.061,1343.698,1044.035,1343.687
4.075186,1044.061,1343.698,1044.048,1343.692
4.077864,1044.061,1343.698,1044.055,1343.695
4.082052,1044.061,1343.698,1044.058,1343.697
4.087536,1044.061,1343.698,1044.060,1343.698
4.090731,1046.183,1345.373,1045.121,1344.535
4.094799,1046.183,1345.373,1045.652,1344.954
4.097853,1046.183,1345.373,1045.917,1345.164
4.101673,1046.183,1345.373,1046.050,1345.269
4.104900,1046.183,1345.373,1046.116,1345.321
4.108625,1046.183,1345.373,1046.150,1345.347
4.112309,1046.183,1345.373,1046.166,1345.360
4.115490,1046.183,1345.373,1046.175,1345.367
4.119884,1047.887,1344.549,1047.031,1344.958
4.122896,1047.887,1344.549,1047.459,1344.753
4.127207,1047.887,1344.549,1047.673,1344.651
4.130417,1047.887,1344.549,1047.780,1344.600
4.133528,1047.887,1344.549,1047.833,1344.574
4.136103,1047.887,1344.549,1047.860,1344.562
4.140587,1047.887,1344.549,1047.873,1344.555
4.143045,1047.887,1344.549,1047.880,1344.552
4.146475,1049.640,1345.442,1048.760,1344.997
4.149765,1049.640,1345.442,1049.200,1345.219
4.153095,1049.640,1345.442,1049.420,1345.331
4.157341,1049.640,1345.442,1049.530,1345.386
4.160381,1049.640,1345.442,1049.585,1345.414
4.164244,1049.640,1345.442,1049.612,1345.428
4.166904,1049.640,1345.442,1049.626,1345.435
4.169432,1049.640,1345.442,1049.633,1345.438
4.172190,1049.640,1345.442,1049.636,1345.440
4.174723,1049.640,1345.442,1049.638,1345.441
4.179605,1050.980,1346.576,1050.309,1346.009
4.182825,1050.980,1346.576,1050.645,1346.292
4.187637,1050.980,1346.576,1050.813,1346.434
4.191774,1050.980,1346.576,1050.897,1346.505
4.196465,1050.980,1346.576,1050.938,1346.541
4.200554,1050.980,1346.576,1050.959,1346.559
4.203640,1050.980,1346.576,1050.970,1346.568
4.207212,1050.980,1346.576,1050.975,1346.572
4.210569,1051.476,1347.318,1051.225,1346.945
4.215685,1051.476,1347.318,1051.350,1347.131
4.218754,1051.476,1347.318,1051.413,1347.224
4.223434,1051.476,1347.318,1051.444,1347.271
4.227459,1051.476,1347.318,1051.460,1347.294
4.232508,1051.476,1347.318,1051.468,1347.306
4.237511,1052.461,1348.816,1051.964,1348.061
4.241062,1052.461,1348.816,1052.212,1348.439
4.245184,1052.461,1348.816,1052.336,1348.628
4.247906,1052.461,1348.816,1052.398,1348.722
4.252275,1052.461,1348.816,1052.429,1348.769
4.256174,1052.461,1348.816,1052.445,1348.793
4.260595,1052.461,1348.816,1052.453,1348.805
4.263266,1052.461,1348.816,1052.457,1348.811
4.266039,1052.461,1348.816,1052.459,1348.813
4.270372,1052.605,1349.843,1052.532,1349.328
4.275152,1052.605,1349.843,1052.568,1349.585
4.278208,1052.605,1349.843,1052.586,1349.714
4.282188,1052.605,1349.843,1052.596,1349.778
4.284885,1052.605,1349.843,1052.600,1349.810
4.288063,1052.605,1349.843,1052.602,1349.826
4.292702,1052.605,1349.843,1052.604,1349.834
4.296608,1052.605,1349.843,1052.604,1349.839
4.299131,1052.605,1349.843,1052.604,1349.841
4.301962,1054.683,1347.810,1053.644,1348.825
4.307257,1054.683,1347.810,1054.163,1348.317
4.311903,1054.683,1347.810,1054.423,1348.063
4.314539,1054.683,1347.810,1054.553,1347.937
4.316828,1054.683,1347.810,1054.618,1347.873
4.321886,1054.683,1347.810,1054.651,1347.841
4.326361,1054.683,1347.810,1054.667,1347.825
4.330172,1054.683,1347.810,1054.675,1347.818
4.333342,1061.690,1337.237,1058.183,1342.527
4.337841,1061.690,1337.237,1059.937,1339.882
4.343428,1061.690,1337.237,1060.813,1338.559
4.345875,1061.690,1337.237,1061.252,1337.898
4.349859,1061.690,1337.237,1061.471,1337.567
4.353838,1061.690,1337.237,1061.581,1337.402
4.358042,1061.690,1337.237,1061.635,1337.319
4.360348,1061.690,1337.237,1061.663,1337.278
4.363207,1076.794,1314.083,1069.229,1325.680
4.368029,1076.794,1314.083,1073.011,1319.882
4.373085,1076.794,1314.083,1074.903,1316.982
4.375622,1076.794,1314.083,1075.849,1315.532
4.377882,1076.794,1314.083,1076.322,1314.808
4.381741,1076.794,1314.083,1076.558,1314.445
4.386627,1076.794,1314.083,1076.676,1314.264
4.391508,1096.758,1282.738,1086.717,1298.501
4.394205,1096.758,1282.738,1091.738,1290.620
4.396597,1096.758,1282.738,1094.248,1286.679
4.400751,1096.758,1282.738,1095.503,1284.709
4.407181,1096.758,1282.738,1096.131,1283.723
4.413263,1096.758,1282.738,1096.444,1283.231
4.418821,1115.265,1248.955,1105.855,1266.093
4.422247,1115.265,1248.955,1110.560,1257.524
4.425423,1115.265,1248.955,1112.913,1253.240
4.431484,1115.265,1248.955,1114.089,1251.098
4.434029,1115.265,1248.955,1114.677,1250.026
4.436628,1115.265,1248.955,1114.971,1249.491
4.438961,1115.265,1248.955,1115.118,1249.223
4.441692,1115.265,1248.955,1115.192,1249.089
4.444124,1115.265,1248.955,1115.228,1249.022
4.447449,1115.265,1248.955,1115.247,1248.989
4.450291,1129.755,1222.687,1122.501,1235.838
4.452864,1129.755,1222.687,1126.128,1229.262
4.455439,1129.755,1222.687,1127.941,1225.974
4.458208,1129.755,1222.687,1128.848,1224.331
4.461725,1129.755,1222.687,1129.302,1223.509
4.464680,1129.755,1222.687,1129.528,1223.098
4.467155,1129.755,1222.687,1129.642,1222.892
4.469643,1129.755,1222.687,1129.698,1222.789
4.472816,1129.755,1222.687,1129.727,1222.738
4.475435,1129.755,1222.687,1129.741,1222.712
4.478825,1149.232,1095.848,1139.487,1159.280
4.481823,1149.232,1095.848,1144.359,1127.564
4.486080,1149.232,1095.848,1146.796,1111.706
4.489424,1149.232,1095.848,1148.014,1103.777
4.493004,1149.232,1095.848,1148.623,1099.812
4.495577,1149.232,1095.848,1148.928,1097.830
4.497978,1149.232,1095.848,1149.080,1096.839
4.500721,1149.232,1095.848,1149.156,1096.343
4.503347,1149.232,1095.848,1149.194,1096.095
4.509270,1174.662,886.097,1161.928,991.096
4.512321,1174.662,886.097,1168.295,938.597
4.514584,1174.662,886.097,1171.478,912.347
4.517651,1174.662,886.097,1173.070,899.222
4.520884,1174.662,886.097,1173.866,892.660
4.525473,1174.662,886.097,1174.264,889.378
4.530458,1174.662,886.097,1174.463,887.738
4.536119,1174.662,886.097,1174.562,886.917
4.542381,1191.973,735.965,1183.268,811.441
4.548460,1191.973,735.965,1187.620,773.703
4.553513,1191.973,735.965,1189.797,754.834
4.558657,1191.973,735.965,1190.885,745.400
4.562523,1191.973,735.965,1191.429,740.683
4.566303,1191.973,735.965,1191.701,738.324
4.571491,1201.889,651.326,1196.795,694.825
4.576099,1201.889,651.326,1199.342,673.075
4.580662,1201.889,651.326,1200.616,662.200
4.585901,1201.889,651.326,1201.252,656.763
4.590151,1201.889,651.326,1201.571,654.044
4.593203,1201.889,651.326,1201.730,652.685
4.596542,1201.889,651.326,1201.810,652.005
4.600246,1203.844,604.558,1202.827,628.282
4.606989,1203.844,604.558,1203.335,616.420
4.612307,1203.844,604.558,1203.590,610.489
4.615143,1203.844,604.558,1203.717,607.523
4.618364,1203.844,604.558,1203.781,606.041
4.621243,1203.844,604.558,1203.812,605.299
4.624454,1203.844,604.558,1203.828,604.929
4.626902,1203.844,604.558,1203.836,604.743
4.629229,1203.844,604.558,1203.840,604.651
4.632526,1204.504,574.629,1204.172,589.640
4.636793,1204.504,574.629,1204.338,582.135
4.640905,1204.504,574.629,1204.421,578.382
4.644260,1204.504,574.629,1204.463,576.506
4.647718,1204.504,574.629,1204.483,575.567
4.651012,1204.504,574.629,1204.494,575.098
4.653582,1204.504,574.629,1204.499,574.864
4.656471,1204.504,574.629,1204.502,574.747
4.659155,1204.504,574.629,1204.503,574.688
4.661978,1206.036,556.897,1205.270,565.792
4.665348,1206.036,556.897,1205.653,561.345
4.668205,1206.036,556.897,1205.844,559.121
4.671259,1206.036,556.897,1205.940,558.009
4.674503,1206.036,556.897,1205.988,557.453
4.677025,1206.036,556.897,1206.012,557.175
4.680063,1206.036,556.897,1206.024,557.036
4.682684,1206.036,556.897,1206.030,556.966
4.685205,1206.036,556.897,1206.033,556.931
4.687897,1206.036,556.897,1206.035,556.914
4.690763,1207.353,546.745,1206.694,551.829
4.693930,1207.353,546.745,1207.023,549.287
4.696709,1207.353,546.745,1207.188,548.016
4.699255,1207.353,546.745,1207.271,547.380
4.702063,1207.353,546.745,1207.312,547.063
4.705074,1207.353,546.745,1207.332,546.904
4.707764,1207.353,546.745,1207.343,546.824
4.711111,1207.353,546.745,1207.348,546.785
4.713682,1207.353,546.745,1207.350,546.765
4.716227,1207.353,546.745,1207.352,546.755
4.718964,1207.353,546.745,1207.352,546.750
4.722588,1206.946,541.780,1207.149,544.265
4.726294,1206.946,541.780,1207.048,543.022
4.729116,1206.946,541.780,1206.997,542.401
4.732016,1206.946,541.780,1206.971,542.090
4.735258,1206.946,541.780,1206.959,541.935
4.738071,1206.946,541.780,1206.952,541.857
4.741808,1206.946,541.780,1206.949,541.819
4.744427,1206.946,541.780,1206.948,541.799
4.748497,1206.946,541.780,1206.947,541.789
4.751444,1208.430,538.425,1207.689,540.107
4.754412,1208.430,538.425,1208.060,539.266
4.757858,1208.430,538.425,1208.245,538.845
4.760744,1208.430,538.425,1208.338,538.635
4.763798,1208.430,538.425,1208.384,538.530
4.766506,1208.430,538.425,1208.407,538.477
4.768930,1208.430,538.425,1208.419,538.451
4.772079,1208.430,538.425,1208.425,538.438
4.775318,1208.430,538.425,1208.427,538.431
4.778107,1208.430,538.425,1208.429,538.428
4.780787,1208.455,533.896,1208.442,536.162
4.784220,1208.455,533.896,1208.448,535.029
4.789207,1208.455,533.896,1208.451,534.463
4.794144,1208.455,533.896,1208.453,534.179
4.796793,1208.455,533.896,1208.454,534.038
4.799341,1208.455,533.896,1208.454,533.967
4.801756,1208.455,533.896,1208.455,533.931
4.805082,1208.455,533.896,1208.455,533.914
4.807779,1208.455,533.896,1208.455,533.905
4.810312,1208.455,533.896,1208.455,533.900
4.814100,1207.978,532.728,1208.216,533.314
4.816830,1207.978,532.728,1208.097,533.021
4.820368,1207.978,532.728,1208.038,532.874
4.823912,1207.978,532.728,1208.008,532.801
4.826672,1207.978,532.728,1207.993,532.764
4.829176,1207.978,532.728,1207.986,532.746
4.831497,1207.978,532.728,1207.982,532.737
4.834669,1207.978,532.728,1207.980,532.732
4.837559,1207.978,532.728,1207.979,532.730
4.840435,1207.978,532.728,1207.979,532.729
4.844976,1209.905,547.735,1208.942,540.232
4.847715,1209.905,547.735,1209.423,543.984
4.851233,1209.905,547.735,1209.664,545.859
4.854403,1209.905,547.735,1209.784,546.797
4.857426,1209.905,547.735,1209.844,547.266
4.861282,1209.905,547.735,1209.875,547.501
4.864332,1209.905,547.735,1209.890,547.618
4.868193,1209.905,547.735,1209.897,547.677
4.871098,1212.915,557.718,1211.406,552.697
4.875626,1212.915,557.718,1212.161,555.207
4.878340,1212.915,557.718,1212.538,556.462
4.882931,1212.915,557.718,1212.727,557.090
4.886124,1212.915,557.718,1212.821,557.404
4.890345,1212.915,557.718,1212.868,557.561
4.893120,1212.915,557.718,1212.892,557.639
4.897409,1212.915,557.718,1212.904,557.678
4.900431,1212.915,557.718,1212.909,557.698
4.905373,1214.913,565.764,1213.911,561.731
4.908108,1214.913,565.764,1214.412,563.747
4.912939,1214.913,565.764,1214.662,564.755
4.915937,1214.913,565.764,1214.787,565.260
4.920229,1214.913,565.764,1214.850,565.512
4.923626,1214.913,565.764,1214.881,565.638
4.928690,1214.913,565.764,1214.897,565.701
4.931786,1218.269,578.498,1216.583,572.099
4.936035,1218.269,578.498,1217.426,575.299
4.939121,1218.269,578.498,1217.848,576.898
4.944139,1218.269,578.498,1218.058,577.698
4.947149,1218.269,578.498,1218.164,578.098
4.950768,1218.269,578.498,1218.217,578.298
4.953421,1218.269,578.498,1218.243,578.398
4.957699,1218.269,578.498,1218.256,578.448
4.960403,1218.269,578.498,1218.263,578.473
4.962721,1218.269,578.498,1218.266,578.485
4.966570,1221.559,593.235,1219.912,585.860
4.969542,1221.559,593.235,1220.736,589.548
4.975296,1221.559,593.235,1221.147,591.392
4.978428,1221.559,593.235,1221.353,592.313
4.982660,1221.559,593.235,1221.456,592.774
4.985325,1221.559,593.235,1221.508,593.005
4.990868,1221.559,593.235,1221.533,593.120
4.994848,1221.559,593.235,1221.546,593.178
4.998245,1224.444,609.446,1222.995,601.312
5.001589,1224.444,609.446,1223.720,605.379
5.007221,1224.444,609.446,1224.082,607.412
5.010992,1224.444,609.446,1224.263,608.429
5.013485,1224.444,609.446,1224.354,608.937
5.016848,1224.444,609.446,1224.399,609.192
5.020201,1224.444,609.446,1224.421,609.319
5.024216,1224.444,609.446,1224.433,609.382
5.028130,1228.980,625.249,1226.706,617.315
5.032072,1228.980,625.249,1227.843,621.282
5.036127,1228.980,625.249,1228.412,623.265
5.040874,1228.980,625.249,1228.696,624.257
5.044111,1228.980,625.249,1228.838,624.753
5.046680,1228.980,625.249,1228.909,625.001
5.049347,1228.980,625.249,1228.945,625.125
5.052904,1233.662,640.454,1231.303,632.789
5.056400,1233.662,640.454,1232.483,636.622
5.059078,1233.662,640.454,1233.072,638.538
5.061533,1233.662,640.454,1233.367,639.496
5.064342,1233.662,640.454,1233.515,639.975
5.068171,1233.662,640.454,1233.588,640.215
5.071253,1233.662,640.454,1233.625,640.335
5.074379,1233.662,640.454,1233.644,640.395
5.076874,1233.662,640.454,1233.653,640.424
5.079283,1233.662,640.454,1233.657,640.439
5.082464,1233.662,640.454,1233.660,640.447
5.086046,1235.874,651.961,1234.767,646.204
5.088955,1235.874,651.961,1235.321,649.083
5.091801,1235.874,651.961,1235.597,650.522
5.094456,1235.874,651.961,1235.736,651.242
5.097546,1235.874,651.961,1235.805,651.601
5.100422,1235.874,651.961,1235.840,651.781
5.107533,1235.874,651.961,1235.857,651.871
5.110613,1235.874,651.961,1235.866,651.916
5.114304,1237.833,662.239,1236.849,657.078
5.117092,1237.833,662.239,1237.341,659.658
5.119551,1237.833,662.239,1237.587,660.949
5.122524,1237.833,662.239,1237.710,661.594
5.125765,1237.833,662.239,1237.772,661.917
5.129730,1237.833,662.239,1237.802,662.078
5.132669,1237.833,662.239,1237.818,662.159
5.135239,1237.833,662.239,1237.826,662.199
5.137920,1237.833,662.239,1237.829,662.219
5.140999,1237.833,662.239,1237.831,662.229
5.145138,1240.805,670.448,1239.318,666.339
5.147923,1240.805,670.448,1240.062,668.393
5.150696,1240.805,670.448,1240.434,669.421
5.155109,1240.805,670.448,1240.619,669.934
5.158726,1240.805,670.448,1240.712,670.191
5.161924,1240.805,670.448,1240.759,670.320
5.164724,1240.805,670.448,1240.782,670.384
5.168354,1240.805,670.448,1240.794,670.416
5.171089,1240.805,670.448,1240.800,670.432
5.175697,1243.568,679.504,1242.184,674.968
5.178690,1243.568,679.504,1242.876,677.236
5.182344,1243.568,679.504,1243.222,678.370
5.185133,1243.568,679.504,1243.395,678.937
5.190714,1243.568,679.504,1243.482,679.220
5.194183,1243.568,679.504,1243.525,679.362
5.198296,1243.568,679.504,1243.547,679.433
5.201097,1243.568,679.504,1243.557,679.468
5.204311,1244.033,687.915,1243.795,683.692
5.207817,1244.033,687.915,1243.914,685.803
5.210810,1244.033,687.915,1243.973,686.859
5.214941,1244.033,687.915,1244.003,687.387
5.217686,1244.033,687.915,1244.018,687.651
5.222950,1244.033,687.915,1244.025,687.783
5.226938,1244.033,687.915,1244.029,687.849
5.229483,1244.033,687.915,1244.031,687.882
5.231794,1244.033,687.915,1244.032,687.898
5.237085,1244.666,692.647,1244.349,690.273
5.240858,1244.666,692.647,1244.508,691.460
5.244743,1244.666,692.647,1244.587,692.054
5.247606,1244.666,692.647,1244.627,692.351
5.252125,1244.666,692.647,1244.646,692.499
5.255224,1244.666,692.647,1244.656,692.573
5.259436,1244.666,692.647,1244.661,692.610
5.261753,1244.666,692.647,1244.664,692.629
5.266462,1244.666,692.647,1244.665,692.638
5.269838,1244.039,696.804,1244.352,694.721
5.274076,1244.039,696.804,1244.195,695.762
5.277609,1244.039,696.804,1244.117,696.283
5.281633,1244.039,696.804,1244.078,696.544
5.284973,1244.039,696.804,1244.058,696.674
5.289133,1244.039,696.804,1244.049,696.739
5.292088,1244.039,696.804,1244.044,696.771
5.296131,1243.001,699.752,1243.522,698.262
5.299467,1243.001,699.752,1243.262,699.007
5.303316,1243.001,699.752,1243.131,699.379
5.306717,1243.001,699.752,1243.066,699.565
5.310802,1243.001,699.752,1243.034,699.659
5.313488,1243.001,699.752,1243.017,699.705
5.317905,1243.001,699.752,1243.009,699.728
5.320503,1243.001,699.752,1243.005,699.740
5.323574,1243.001,699.752,1243.003,699.746
5.328154,1243.146,700.259,1243.074,700.002
5.333725,1243.146,700.259,1243.110,700.130
5.337164,1243.146,700.259,1243.128,700.195
5.341711,1243.146,700.259,1243.137,700.226
5.346514,1243.146,700.259,1243.141,700.242
5.350468,1243.146,700.259,1243.143,700.251
5.353207,1243.146,700.259,1243.145,700.255
5.357986,1243.915,700.633,1243.530,700.444
5.361458,1243.915,700.633,1243.722,700.538
5.365879,1243.915,700.633,1243.819,700.586
5.368914,1243.915,700.633,1243.867,700.609
5.372971,1243.915,700.633,1243.891,700.621
5.377863,1243.915,700.633,1243.903,700.627
5.381008,1243.915,700.633,1243.909,700.630
5.383463,1243.915,700.633,1243.912,700.631
5.386370,1245.135,701.047,1244.524,700.839
5.389421,1245.135,701.047,1244.829,700.943
5.395576,1245.135,701.047,1244.982,700.995
5.399107,1245.135,701.047,1245.059,701.021
5.402340,1245.135,701.047,1245.097,701.034
5.405359,1245.135,701.047,1245.116,701.040
5.409422,1245.135,701.047,1245.126,701.044
5.412302,1245.135,701.047,1245.130,701.045
5.416258,1246.145,702.193,1245.638,701.619
5.418951,1246.145,702.193,1245.892,701.906
5.424280,1246.145,702.193,1246.019,702.050
5.427748,1246.145,702.193,1246.082,702.122
5.430500,1246.145,702.193,1246.114,702.158
5.433117,1246.145,702.193,1246.130,702.176
5.435654,1246.145,702.193,1246.137,702.184
5.439474,1246.145,702.193,1246.141,702.189
5.447849,1247.030,701.924,1246.586,702.057
5.452345,1247.030,701.924,1246.808,701.990
5.456152,1247.030,701.924,1246.919,701.957
5.460964,1247.030,701.924,1246.974,701.941
5.463470,1247.030,701.924,1247.002,701.932
5.465797,1247.030,701.924,1247.016,701.928
5.468187,1247.030,701.924,1247.023,701.926
5.472204,1247.030,701.924,1247.026,701.925
5.477428,1248.329,701.372,1247.677,701.649
5.481918,1248.329,701.372,1248.003,701.510
5.485260,1248.329,701.372,1248.166,701.441
5.488798,1248.329,701.372,1248.247,701.407
5.491655,1248.329,701.372,1248.288,701.389
5.494205,1248.329,701.372,1248.308,701.381
5.497967,1248.329,701.372,1248.319,701.376
5.500696,1248.329,701.372,1248.324,701.374
5.505310,1248.329,701.372,1248.326,701.373
5.508902,1248.329,701.372,1248.327,701.373
5.513210,1249.493,700.480,1248.910,700.926
5.516981,1249.493,700.480,1249.202,700.703
5.522081,1249.493,700.480,1249.347,700.591
5.527979,1249.493,700.480,1249.420,700.536
5.532072,1249.493,700.480,1249.457,700.508
5.536947,1250.492,700.373,1249.975,700.440
5.540854,1250.492,700.373,1250.234,700.407
5.545059,1250.492,700.373,1250.363,700.390
5.550102,1250.492,700.373,1250.428,700.382
5.553076,1250.492,700.373,1250.460,700.377
5.557089,1250.492,700.373,1250.476,700.375
5.560608,1250.492,700.373,1250.484,700.374
5.566023,1250.492,700.373,1250.488,700.374
5.568937,1250.492,700.373,1250.490,700.373
5.573675,1250.228,699.942,1250.359,700.158
5.576946,1250.228,699.942,1250.294,700.050
5.581934,1250.228,699.942,1250.261,699.996
5.584700,1250.228,699.942,1250.245,699.969
5.588871,1250.228,699.942,1250.236,699.955
5.591875,1250.228,699.942,1250.232,699.949
5.597868,1250.228,699.942,1250.230,699.945
5.603168,1249.873,698.940,1250.052,699.443
5.606764,1249.873,698.940,1249.963,699.191
5.612738,1249.873,698.940,1249.918,699.066
5.617094,1249.873,698.940,1249.896,699.003
5.619827,1249.873,698.940,1249.885,698.971
5.622816,1249.873,698.940,1249.879,698.956
5.628143,1249.451,697.532,1249.665,698.244
5.632761,1249.451,697.532,1249.558,697.888
5.635731,1249.451,697.532,1249.505,697.710
5.640593,1249.451,697.532,1249.478,697.621
5.645596,1249.451,697.532,1249.465,697.577
5.649441,1249.451,697.532,1249.458,697.554
5.651913,1249.451,697.532,1249.455,697.543
5.654657,1248.865,695.745,1249.160,696.644
5.658686,1248.865,695.745,1249.012,696.195
5.662212,1248.865,695.745,1248.939,695.970
5.664768,1248.865,695.745,1248.902,695.857
5.667570,1248.865,695.745,1248.883,695.801
5.670410,1248.865,695.745,1248.874,695.773
5.673460,1248.865,695.745,1248.870,695.759
5.677284,1248.865,695.745,1248.867,695.752
5.680485,1248.865,695.745,1248.866,695.748
5.682884,1248.865,695.745,1248.866,695.747
5.685291,1248.865,695.745,1248.865,695.746
5.688690,1253.292,694.880,1251.079,695.313
5.692057,1253.292,694.880,1252.186,695.096
5.694693,1253.292,694.880,1252.739,694.988
5.697248,1253.292,694.880,1253.016,694.934
5.699987,1253.292,694.880,1253.154,694.907
5.702612,1253.292,694.880,1253.223,694.893
5.706263,1253.292,694.880,1253.258,694.886
5.709248,1253.292,694.880,1253.275,694.883
5.711941,1253.292,694.880,1253.284,694.881
5.714392,1253.292,694.880,1253.288,694.881
5.716932,1281.866,704.173,1267.577,699.527
5.720846,1281.866,704.173,1274.721,701.850
5.724039,1281.866,704.173,1278.294,703.011
5.727007,1281.866,704.173,1280.080,703.592
5.730181,1281.866,704.173,1280.973,703.882
5.732780,1281.866,704.173,1281.419,704.028
5.735502,1281.866,704.173,1281.643,704.100
5.739332,1281.866,704.173,1281.754,704.136
5.742853,1281.866,704.173,1281.810,704.155
5.745777,1281.866,704.173,1281.838,704.164
5.748768,1344.406,728.896,1313.122,716.530
5.752033,1344.406,728.896,1328.764,722.713
5.754919,1344.406,728.896,1336.585,725.804
5.758118,1344.406,728.896,1340.495,727.350
5.762138,1344.406,728.896,1342.450,728.123
5.765144,1344.406,728.896,1343.428,728.509
5.769770,1344.406,728.896,1343.917,728.702
5.773207,1344.406,728.896,1344.161,728.799
5.777521,1408.196,755.469,1376.178,742.134
5.780624,1408.196,755.469,1392.187,748.802
5.785515,1408.196,755.469,1400.191,752.136
5.790146,1408.196,755.469,1404.193,753.802
5.793392,1408.196,755.469,1406.194,754.636
5.798639,1408.196,755.469,1407.195,755.053
5.801504,1408.196,755.469,1407.695,755.261
5.805235,1408.196,755.469,1407.945,755.365
5.808769,1460.812,777.656,1434.378,766.510
5.812946,1460.812,777.656,1447.595,772.083
5.816181,1460.812,777.656,1454.203,774.869
5.820372,1460.812,777.656,1457.507,776.263
5.823359,1460.812,777.656,1459.159,776.959
5.827610,1460.812,777.656,1459.985,777.307
5.831152,1460.812,777.656,1460.398,777.481
5.835899,1460.812,777.656,1460.605,777.569
5.839506,1501.390,791.407,1480.997,784.488
5.843927,1501.390,791.407,1491.193,787.947
5.850718,1501.390,791.407,1496.292,789.677
5.854332,1501.390,791.407,1498.841,790.542
5.865961,1501.390,791.407,1500.115,790.974
5.870316,1538.333,807.094,1519.224,799.034
5.874258,1538.333,807.094,1528.779,803.064
5.877800,1538.333,807.094,1533.556,805.079
5.881805,1538.333,807.094,1535.945,806.086
5.884367,1538.333,807.094,1537.139,806.590
5.887980,1538.333,807.094,1537.736,806.842
5.890970,1538.333,807.094,1538.035,806.968
5.893856,1538.333,807.094,1538.184,807.031
5.896673,1590.547,821.736,1564.366,814.383
5.899282,1590.547,821.736,1577.456,818.060
5.901981,1590.547,821.736,1584.002,819.898
5.904335,1590.547,821.736,1587.274,820.817
5.907436,1590.547,821.736,1588.911,821.276
5.912701,1590.547,821.736,1589.729,821.506
5.916725,1590.547,821.736,1590.138,821.621
5.919262,1590.547,821.736,1590.343,821.679
5.922249,1590.547,821.736,1590.445,821.707
5.927269,1628.794,830.202,1609.620,825.954
5.931828,1628.794,830.202,1619.207,828.078
5.934313,1628.794,830.202,1624.001,829.140
5.938156,1628.794,830.202,1626.398,829.671
5.942978,1628.794,830.202,1627.596,829.936
5.946995,1628.794,830.202,1628.195,830.069
5.949518,1628.794,830.202,1628.495,830.135
5.952061,1628.794,830.202,1628.645,830.169
5.955801,1628.794,830.202,1628.719,830.185
5.959089,1653.872,832.441,1641.296,831.313
5.962942,1653.872,832.441,1647.584,831.877
5.965370,1653.872,832.441,1650.728,832.159
5.969988,1653.872,832.441,1652.300,832.300
5.973400,1653.872,832.441,1653.086,832.370
5.977602,1653.872,832.441,1653.479,832.405
5.980370,1653.872,832.441,1653.676,832.423
5.985048,1653.872,832.441,1653.774,832.432
5.987560,1653.872,832.441,1653.823,832.436
5.990198,1653.872,832.441,1653.848,832.438
5.994999,1669.945,830.028,1661.896,831.233
5.998678,1669.945,830.028,1665.921,830.631
6.001802,1669.945,830.028,1667.933,830.330
6.004433,1669.945,830.028,1668.939,830.179
6.006975,1669.945,830.028,1669.442,830.104
6.009735,1669.945,830.028,1669.693,830.066
6.013157,1669.945,830.028,1669.819,830.047
6.016066,1669.945,830.028,1669.882,830.038
6.018452,1669.945,830.028,1669.913,830.033
6.021023,1678.318,827.105,1674.116,828.569
6.024021,1678.318,827.105,1676.217,827.837
6.026686,1678.318,827.105,1677.268,827.471
6.030270,1678.318,827.105,1677.793,827.288
6.033119,1678.318,827.105,1678.056,827.197
6.035608,1678.318,827.105,1678.187,827.151
6.037964,1678.318,827.105,1678.253,827.128
6.040503,1678.318,827.105,1678.285,827.117
6.044481,1678.318,827.105,1678.302,827.111
6.048498,1683.996,823.550,1681.149,825.331
6.051538,1683.996,823.550,1682.573,824.440
6.054171,1683.996,823.550,1683.285,823.995
6.056952,1683.996,823.550,1683.641,823.773
6.060818,1683.996,823.550,1683.819,823.662
6.064043,1683.996,823.550,1683.907,823.606
6.066551,1683.996,823.550,1683.952,823.578
6.068937,1683.996,823.550,1683.974,823.564
6.071323,1683.996,823.550,1683.985,823.557
6.074615,1683.996,823.550,1683.991,823.554
6.077528,1683.996,823.550,1683.994,823.552
6.080206,1683.996,823.550,1683.995,823.551
6.083117,1674.543,813.771,1679.269,818.661
6.085953,1674.543,813.771,1676.906,816.216
6.089050,1674.543,813.771,1675.725,814.993
6.093670,1674.543,813.771,1675.134,814.382
6.096567,1674.543,813.771,1674.839,814.077
6.099220,1674.543,813.771,1674.691,813.924
6.101761,1674.543,813.771,1674.617,813.847
6.105137,1674.543,813.771,1674.580,813.809
6.109364,1644.969,798.057,1659.775,805.933
6.112345,1644.969,798.057,1652.372,801.995
6.114883,1644.969,798.057,1648.670,800.026
6.117661,1644.969,798.057,1646.820,799.041
6.121244,1644.969,798.057,1645.894,798.549
6.124815,1644.969,798.057,1645.432,798.303
6.127949,1644.969,798.057,1645.200,798.180
6.130575,1644.969,798.057,1645.085,798.118
6.133041,1644.969,798.057,1645.027,798.088
6.136454,1644.969,798.057,1644.998,798.072
6.141212,1566.734,755.235,1605.866,776.654
6.144484,1566.734,755.235,1586.300,765.945
6.147041,1566.734,755.235,1576.517,760.590
6.149635,1566.734,755.235,1571.626,757.913
6.153187,1566.734,755.235,1569.180,756.574
6.156284,1566.734,755.235,1567.957,755.905
6.159342,1566.734,755.235,1567.346,755.570
6.162155,1566.734,755.235,1567.040,755.403
6.164804,1566.734,755.235,1566.887,755.319
6.167967,1566.734,755.235,1566.811,755.277
6.171343,1470.832,708.592,1518.821,731.934
6.174393,1470.832,708.592,1494.827,720.263
6.177382,1470.832,708.592,1482.829,714.427
6.180241,1470.832,708.592,1476.831,711.509
6.183775,1470.832,708.592,1473.831,710.051
6.186573,1470.832,708.592,1472.332,709.321
6.189182,1470.832,708.592,1471.582,708.956
6.191959,1470.832,708.592,1471.207,708.774
6.194733,1470.832,708.592,1471.019,708.683
6.197338,1470.832,708.592,1470.926,708.637
6.200546,1470.832,708.592,1470.879,708.614
6.203474,1380.392,672.038,1425.635,690.326
6.206434,1380.392,672.038,1403.014,681.182
6.209297,1380.392,672.038,1391.703,676.610
6.213118,1380.392,672.038,1386.047,674.324
6.216461,1380.392,672.038,1383.220,673.181
6.219242,1380.392,672.038,1381.806,672.610
6.221840,1380.392,672.038,1381.099,672.324
6.224718,1380.392,672.038,1380.746,672.181
6.227764,1380.392,672.038,1380.569,672.110
6.231665,1312.662,642.805,1346.616,657.457
6.235430,1312.662,642.805,1329.639,650.131
6.238468,1312.662,642.805,1321.151,646.468
6.241720,1312.662,642.805,1316.906,644.637
6.244989,1312.662,642.805,1314.784,643.721
6.249039,1312.662,642.805,1313.723,643.263
6.252935,1312.662,642.805,1313.193,643.034
6.256367,1312.662,642.805,1312.928,642.919
6.260286,1312.662,642.805,1312.795,642.862
6.264200,1259.505,617.676,1286.150,630.269
6.267307,1259.505,617.676,1272.827,623.973
6.270046,1259.505,617.676,1266.166,620.825
6.273188,1259.505,617.676,1262.835,619.250
6.276636,1259.505,617.676,1261.170,618.463
6.280273,1259.505,617.676,1260.337,618.070
6.282990,1259.505,617.676,1259.921,617.873
6.285620,1259.505,617.676,1259.713,617.775
6.288181,1221.891,603.446,1240.802,610.610
6.291878,1221.891,603.446,1231.347,607.028
6.295143,1221.891,603.446,1226.619,605.237
6.297766,1221.891,603.446,1224.255,604.341
6.300446,1221.891,603.446,1223.073,603.894
6.303270,1221.891,603.446,1222.482,603.670
6.306160,1221.891,603.446,1222.187,603.558
6.309883,1221.891,603.446,1222.039,603.502
6.313133,1221.891,603.446,1221.965,603.474
6.316200,1221.891,603.446,1221.928,603.460
6.319464,1197.691,594.927,1209.810,599.194
6.323055,1197.691,594.927,1203.750,597.060
6.327747,1197.691,594.927,1200.721,595.994
6.330582,1197.691,594.927,1199.206,595.461
6.333586,1197.691,594.927,1198.448,595.194
6.336489,1197.691,594.927,1198.070,595.061
6.339758,1197.691,594.927,1197.880,594.994
6.343233,1197.691,594.927,1197.786,594.961
6.347733,1197.691,594.927,1197.738,594.944
6.350185,1197.691,594.927,1197.715,594.936
6.352676,1181.538,582.700,1189.626,588.818
6.356258,1181.538,582.700,1185.582,585.759
6.366953,1181.538,582.700,1183.560,584.229
6.369530,1181.538,582.700,1182.549,583.465
6.372923,1181.538,582.700,1182.043,583.082
6.375521,1181.538,582.700,1181.791,582.891
6.378298,1181.538,582.700,1181.664,582.795
6.380814,1181.538,582.700,1181.601,582.748
6.383802,1189.416,577.805,1185.508,580.276
6.386900,1189.416,577.805,1187.462,579.041
6.389894,1189.416,577.805,1188.439,578.423
6.393097,1189.416,577.805,1188.927,578.114
6.396374,1189.416,577.805,1189.172,577.959
6.399324,1189.416,577.805,1189.294,577.882
6.403460,1189.416,577.805,1189.355,577.844
6.407501,1189.416,577.805,1189.385,577.824
6.411013,1189.416,577.805,1189.401,577.815
6.414562,1197.589,583.096,1193.495,580.455
6.417795,1197.589,583.096,1195.542,581.776
6.420324,1197.589,583.096,1196.565,582.436
6.423231,1197.589,583.096,1197.077,582.766
6.426928,1197.589,583.096,1197.333,582.931
6.429949,1197.589,583.096,1197.461,583.014
6.433340,1197.589,583.096,1197.525,583.055
6.436243,1197.589,583.096,1197.557,583.076
6.439091,1197.589,583.096,1197.573,583.086
6.442160,1201.349,592.831,1199.461,587.959
6.445658,1201.349,592.831,1200.405,590.395
6.451759,1201.349,592.831,1200.877,591.613
6.454828,1201.349,592.831,1201.113,592.222
6.457693,1201.349,592.831,1201.231,592.527
6.460560,1201.349,592.831,1201.290,592.679
6.464075,1201.349,592.831,1201.319,592.755
6.467257,1201.349,592.831,1201.334,592.793
6.469931,1201.349,592.831,1201.341,592.812
6.472549,1201.349,592.831,1201.345,592.822
6.475422,1201.349,592.831,1201.347,592.826
6.479088,1204.322,599.729,1202.834,596.278
6.482939,1204.322,599.729,1203.578,598.003
6.486195,1204.322,599.729,1203.950,598.866
6.489090,1204.322,599.729,1204.136,599.298
6.491737,1204.322,599.729,1204.229,599.513
6.495140,1204.322,599.729,1204.275,599.621
6.498695,1204.322,599.729,1204.298,599.675
6.502882,1206.651,605.821,1205.475,602.748
6.506073,1206.651,605.821,1206.063,604.285
6.511351,1206.651,605.821,1206.357,605.053
6.514956,1206.651,605.821,1206.504,605.437
6.518862,1206.651,605.821,1206.577,605.629
6.521919,1206.651,605.821,1206.614,605.725
6.527025,1206.651,605.821,1206.632,605.773
6.530174,1206.651,605.821,1206.642,605.797
6.534002,1206.651,605.821,1206.646,605.809
6.536402,1209.553,613.392,1208.100,609.601
6.548683,1209.553,613.392,1208.826,611.497
6.553223,1209.553,613.392,1209.190,612.445
6.556232,1209.553,613.392,1209.372,612.919
6.559347,1209.553,613.392,1209.462,613.155
6.563700,1209.553,613.392,1209.508,613.274
6.566055,1209.553,613.392,1209.531,613.333
6.569742,1212.716,622.968,1211.123,618.151
6.573074,1212.716,622.968,1211.920,620.559
6.577911,1212.716,622.968,1212.318,621.764
6.581062,1212.716,622.968,1212.517,622.366
6.584486,1212.716,622.968,1212.617,622.667
6.588017,1212.716,622.968,1212.667,622.817
6.592896,1216.223,633.447,1214.445,628.132
6.596054,1216.223,633.447,1215.334,630.789
6.599466,1216.223,633.447,1215.779,632.118
6.602381,1216.223,633.447,1216.001,632.782
6.605885,1216.223,633.447,1216.112,633.115
6.610199,1216.223,633.447,1216.168,633.281
6.614174,1216.223,633.447,1216.195,633.364
6.617208,1216.223,633.447,1216.209,633.405
6.620243,1216.223,633.447,1216.216,633.426
6.623850,1216.223,633.447,1216.220,633.436
6.626980,1219.170,645.495,1217.695,639.466
6.630966,1219.170,645.495,1218.432,642.481
6.634245,1219.170,645.495,1218.801,643.988
6.638399,1219.170,645.495,1218.986,644.742
6.641096,1219.170,645.495,1219.078,645.118
6.645084,1219.170,645.495,1219.124,645.307
6.648106,1219.170,645.495,1219.147,645.401
6.653069,1222.014,657.551,1220.580,651.476
6.656712,1222.014,657.551,1221.297,654.514
6.661440,1222.014,657.551,1221.656,656.033
6.666187,1222.014,657.551,1221.835,656.792
6.670002,1222.014,657.551,1221.924,657.172
6.672365,1222.014,657.551,1221.969,657.362
6.676111,1222.014,657.551,1221.991,657.456
6.679094,1222.014,657.551,1222.003,657.504
6.683548,1225.608,668.507,1223.805,663.005
6.686342,1225.608,668.507,1224.707,665.756
6.689148,1225.608,668.507,1225.157,667.131
6.692949,1225.608,668.507,1225.383,667.819
6.697723,1225.608,668.507,1225.495,668.163
6.700447,1225.608,668.507,1225.552,668.335
6.702713,1225.608,668.507,1225.580,668.421
6.706251,1225.608,668.507,1225.594,668.464
6.709013,1225.608,668.507,1225.601,668.485
6.713461,1225.608,668.507,1225.604,668.496
6.716328,1228.339,681.074,1226.971,674.785
6.718908,1228.339,681.074,1227.655,677.929
6.721884,1228.339,681.074,1227.997,679.502
6.724787,1228.339,681.074,1228.168,680.288
6.728348,1228.339,681.074,1228.253,680.681
6.731388,1228.339,681.074,1228.296,680.877
6.735031,1228.339,681.074,1228.317,680.976
6.737953,1228.339,681.074,1228.328,681.025
6.740379,1228.339,681.074,1228.333,681.049
6.745567,1232.695,690.084,1230.514,685.567
6.749046,1232.695,690.084,1231.604,687.826
6.751574,1232.695,690.084,1232.149,688.955
6.754120,1232.695,690.084,1232.422,689.520
6.757166,1232.695,690.084,1232.558,689.802
6.761131,1232.695,690.084,1232.626,689.943
6.765081,1232.695,690.084,1232.661,690.014
6.767687,1232.695,690.084,1232.677,690.049
6.769974,1232.695,690.084,1232.686,690.067
6.773052,1242.788,669.885,1237.737,679.976
6.776247,1242.788,669.885,1240.262,674.930
6.778992,1242.788,669.885,1241.525,672.407
6.781710,1242.788,669.885,1242.156,671.146
6.784569,1242.788,669.885,1242.472,670.515
6.787764,1242.788,669.885,1242.630,670.200
6.791191,1242.788,669.885,1242.709,670.042
6.797289,1242.788,669.885,1242.749,669.963
6.800117,1242.788,669.885,1242.768,669.924
6.803320,1466.810,136.478,1354.789,403.201
6.807302,1466.810,136.478,1410.800,269.839
6.810493,1466.810,136.478,1438.805,203.158
6.813557,1466.810,136.478,1452.808,169.818
6.816494,1466.810,136.478,1459.809,153.148
6.819822,1466.810,136.478,1463.310,144.813
6.822430,1466.810,136.478,1465.060,140.645
6.825201,1466.810,136.478,1465.935,138.561
6.827961,1466.810,136.478,1466.373,137.520
6.830492,1466.810,136.478,1466.591,136.999
6.833220,1966.623,-1217.565,1716.607,-540.283
6.836658,1966.623,-1217.565,1841.615,-878.924
6.839300,1966.623,-1217.565,1904.119,-1048.244
6.841953,1966.623,-1217.565,1935.371,-1132.905
6.845245,1966.623,-1217.565,1950.997,-1175.235
6.848322,1966.623,-1217.565,1958.810,-1196.400
6.851755,1966.623,-1217.565,1962.717,-1206.982
6.854343,1966.623,-1217.565,1964.670,-1212.273
6.857059,1966.623,-1217.565,1965.647,-1214.919
6.859989,1966.623,-1217.565,1966.135,-1216.242
6.864063,1966.623,-1217.565,1966.379,-1216.903
6.867914,1966.623,-1217.565,1966.501,-1217.234
6.870678,1966.623,-1217.565,1966.562,-1217.399
6.873339,1966.623,-1217.565,1966.593,-1217.482
6.878103,1966.623,-1217.565,1966.608,-1217.523
6.881620,1966.623,-1217.565,1966.616,-1217.544
6.885708,1966.623,-1217.565,1966.620,-1217.554
6.888470,1966.623,-1217.565,1966.622,-1217.560
6.891163,1966.623,-1217.565,1966.623,-1217.562
6.893879,1966.623,-1217.565,1966.623,-1217.563
6.898367,1966.623,-1217.565,1966.623,-1217.564
6.901775,1966.623,-1217.565,1966.623,-1217.564
6.904434,1966.623,-1217.565,1966.623,-1217.565
6.907299,1966.623,-1217.565,1966.623,-1217.565
6.910490,1966.623,-1217.565,1966.623,-1217.565
6.913988,1966.623,-1217.565,1966.623,-1217.565
6.917913,1966.623,-1217.565,1966.623,-1217.565
6.921909,1966.623,-1217.565,1966.623,-1217.565
6.924801,1966.623,-1217.565,1966.623,-1217.565
6.928255,1966.623,-1217.565,1966.623,-1217.565
6.931795,1966.623,-1217.565,1966.623,-1217.565
6.934641,1966.623,-1217.565,1966.623,-1217.565
6.937286,1966.623,-1217.565,1966.623,-1217.565
6.939976,1966.623,-1217.565,1966.623,-1217.565
6.942575,1966.623,-1217.565,1966.623,-1217.565
6.948151,1966.623,-1217.565,1966.623,-1217.565
6.951174,1966.623,-1217.565,1966.623,-1217.565
6.953491,1966.623,-1217.565,1966.623,-1217.565
6.956198,1966.623,-1217.565,1966.623,-1217.565
6.959766,1966.623,-1217.565,1966.623,-1217.565
6.962965,1966.623,-1217.565,1966.623,-1217.565
6.965872,1966.623,-1217.565,1966.623,-1217.565
6.968639,1966.623,-1217.565,1966.623,-1217.565
6.971228,1966.623,-1217.565,1966.623,-1217.565
6.973843,1966.623,-1217.565,1966.623,-1217.565
6.976803,1966.623,-1217.565,1966.623,-1217.565
6.979443,1966.623,-1217.565,1966.623,-1217.565
6.981888,1966.623,-1217.565,1966.623,-1217.565
6.984236,1966.623,-1217.565,1966.623,-1217.565
6.986860,1966.623,-1217.565,1966.623,-1217.565
6.991806,1966.623,-1217.565,1966.623,-1217.565
6.995001,1966.623,-1217.565,1966.623,-1217.565
6.998367,1966.623,-1217.565,1966.623,-1217.565
7.001072,1966.623,-1217.565,1966.623,-1217.565
7.006090,1966.623,-1217.565,1966.623,-1217.565
7.009293,1966.623,-1217.565,1966.623,-1217.565
7.013721,1966.623,-1217.565,1966.623,-1217.565
7.016373,1966.623,-1217.565,1966.623,-1217.565
7.021423,1966.623,-1217.565,1966.623,-1217.565
7.024822,1966.623,-1217.565,1966.623,-1217.565
7.029493,1966.623,-1217.565,1966.623,-1217.565
7.032263,1966.623,-1217.565,1966.623,-1217.565
7.037306,1966.623,-1217.565,1966.623,-1217.565
7.040659,1966.623,-1217.565,1966.623,-1217.565
7.044630,1966.623,-1217.565,1966.623,-1217.565
7.049372,1966.623,-1217.565,1966.623,-1217.565
7.053518,1966.623,-1217.565,1966.623,-1217.565
7.058741,1966.623,-1217.565,1966.623,-1217.565
7.062416,1966.623,-1217.565,1966.623,-1217.565
7.067629,1966.623,-1217.565,1966.623,-1217.565
7.072506,1966.623,-1217.565,1966.623,-1217.565
7.076912,1966.623,-1217.565,1966.623,-1217.565
7.081631,1966.623,-1217.565,1966.623,-1217.565
7.084589,1966.623,-1217.565,1966.623,-1217.565
7.088751,1966.623,-1217.565,1966.623,-1217.565
7.091909,1966.623,-1217.565,1966.623,-1217.565
7.096119,1966.623,-1217.565,1966.623,-1217.565
7.099176,1966.623,-1217.565,1966.623,-1217.565
7.103340,1966.623,-1217.565,1966.623,-1217.565
7.105711,1966.623,-1217.565,1966.623,-1217.565
7.110226,1966.623,-1217.565,1966.623,-1217.565
7.113132,1966.623,-1217.565,1966.623,-1217.565
7.117874,1966.623,-1217.565,1966.623,-1217.565
7.120665,1966.623,-1217.565,1966.623,-1217.565
7.123129,1966.623,-1217.565,1966.623,-1217.565
7.127672,1966.623,-1217.565,1966.623,-1217.565
7.132450,1966.623,-1217.565,1966.623,-1217.565
7.134987,1966.623,-1217.565,1966.623,-1217.565
7.137373,1966.623,-1217.565,1966.623,-1217.565
7.141567,1966.623,-1217.565,1966.623,-1217.565
7.144819,1966.623,-1217.565,1966.623,-1217.565
7.149967,1966.623,-1217.565,1966.623,-1217.565
7.153364,1966.623,-1217.565,1966.623,-1217.565
7.157455,1966.623,-1217.565,1966.623,-1217.565
7.160351,1966.623,-1217.565,1966.623,-1217.565
7.164753,1966.623,-1217.565,1966.623,-1217.565
7.167137,1966.623,-1217.565,1966.623,-1217.565
7.170799,1966.623,-1217.565,1966.623,-1217.565
7.173090,1966.623,-1217.565,1966.623,-1217.565
7.175526,1966.623,-1217.565,1966.623,-1217.565
7.181013,1966.623,-1217.565,1966.623,-1217.565
7.184923,1966.623,-1217.565,1966.623,-1217.565
7.187683,1966.623,-1217.565,1966.623,-1217.565
7.189964,1966.623,-1217.565,1966.623,-1217.565
7.194588,1966.623,-1217.565,1966.623,-1217.565
7.198286,1966.623,-1217.565,1966.623,-1217.565
7.202017,1966.623,-1217.565,1966.623,-1217.565
7.204304,1966.623,-1217.565,1966.623,-1217.565
7.209675,1966.623,-1217.565,1966.623,-1217.565
7.216490,1966.623,-1217.565,1966.623,-1217.565
7.219061,1966.623,-1217.565,1966.623,-1217.565
7.222874,1966.623,-1217.565,1966.623,-1217.565
7.226709,1966.623,-1217.565,1966.623,-1217.565
7.231281,1966.623,-1217.565,1966.623,-1217.565
7.233677,1966.623,-1217.565,1966.623,-1217.565
7.235991,1966.623,-1217.565,1966.623,-1217.565
7.238373,1966.623,-1217.565,1966.623,-1217.565
7.242208,1966.623,-1217.565,1966.623,-1217.565
7.245352,1966.623,-1217.565,1966.623,-1217.565
7.248266,1966.623,-1217.565,1966.623,-1217.565
7.250814,1966.623,-1217.565,1966.623,-1217.565
7.253454,1966.623,-1217.565,1966.623,-1217.565
7.256500,1966.623,-1217.565,1966.623,-1217.565
7.259575,1966.623,-1217.565,1966.623,-1217.565
7.262283,1966.623,-1217.565,1966.623,-1217.565
7.264908,1966.623,-1217.565,1966.623,-1217.565
7.270615,1966.623,-1217.565,1966.623,-1217.565
7.278315,1966.623,-1217.565,1966.623,-1217.565
7.281734,1966.623,-1217.565,1966.623,-1217.565
7.284025,1966.623,-1217.565,1966.623,-1217.565
7.287167,1966.623,-1217.565,1966.623,-1217.565
7.289988,1966.623,-1217.565,1966.623,-1217.565
7.292442,1966.623,-1217.565,1966.623,-1217.565
7.295019,1966.623,-1217.565,1966.623,-1217.565
7.298267,1966.623,-1217.565,1966.623,-1217.565
7.302019,1966.623,-1217.565,1966.623,-1217.565
7.305162,1966.623,-1217.565,1966.623,-1217.565
7.307556,1966.623,-1217.565,1966.623,-1217.565
7.310413,1966.623,-1217.565,1966.623,-1217.565
7.312979,1966.623,-1217.565,1966.623,-1217.565
7.316105,1966.623,-1217.565,1966.623,-1217.565
7.318977,1966.623,-1217.565,1966.623,-1217.565
7.321619,1966.623,-1217.565,1966.623,-1217.565
7.324211,1966.623,-1217.565,1966.623,-1217.565
7.327066,1966.623,-1217.565,1966.623,-1217.565
7.330343,1966.623,-1217.565,1966.623,-1217.565
7.333771,NN,NN,NN,NN
7.336525,NN,NN,NN,NN
7.339079,NN,NN,NN,NN
7.341606,NN,NN,NN,NN
7.344162,NN,NN,NN,NN
7.348827,NN,NN,NN,NN
7.353138,NN,NN,NN,NN
7.355700,NN,NN,NN,NN
7.358490,NN,NN,NN,NN
7.362301,NN,NN,NN,NN
7.365927,NN,NN,NN,NN
7.368603,NN,NN,NN,NN
7.371185,NN,NN,NN,NN
7.373556,NN,NN,NN,NN
7.376289,NN,NN,NN,NN
7.380381,NN,NN,NN,NN
7.383480,NN,NN,NN,NN
7.386694,NN,NN,NN,NN
7.389389,NN,NN,NN,NN
7.392300,NN,NN,NN,NN
7.398024,NN,NN,NN,NN
7.402269,NN,NN,NN,NN
7.405828,NN,NN,NN,NN
7.411720,NN,NN,NN,NN
7.417797,NN,NN,NN,NN
7.421303,NN,NN,NN,NN
7.426533,NN,NN,NN,NN
7.429871,NN,NN,NN,NN
7.433809,NN,NN,NN,NN
7.436289,NN,NN,NN,NN
7.441210,NN,NN,NN,NN
7.448584,NN,NN,NN,NN
7.453436,NN,NN,NN,NN
7.462757,NN,NN,NN,NN
7.467459,NN,NN,NN,NN
7.472458,1596.061,-867.446,1596.061,-867.446
7.477051,1596.061,-867.446,1596.061,-867.446
7.480513,1596.061,-867.446,1596.061,-867.446
7.485054,1596.061,-867.446,1596.061,-867.446
7.488028,1596.061,-867.446,1596.061,-867.446
7.490923,1596.061,-867.446,1596.061,-867.446
7.494686,1596.061,-867.446,1596.061,-867.446
7.497267,1596.061,-867.446,1596.061,-867.446
7.500210,1417.994,-140.608,1507.028,-504.027
7.503099,1417.994,-140.608,1462.511,-322.317
7.507723,1417.994,-140.608,1440.253,-231.462
7.510847,1417.994,-140.608,1429.124,-186.035
7.515173,1417.994,-140.608,1423.559,-163.321
7.517723,1417.994,-140.608,1420.777,-151.964
7.520792,1417.994,-140.608,1419.385,-146.286
7.523470,1417.994,-140.608,1418.690,-143.447
7.525906,1417.994,-140.608,1418.342,-142.027
7.528406,1417.994,-140.608,1418.168,-141.317
7.531696,1368.043,68.295,1393.105,-36.511
7.535229,1368.043,68.295,1380.574,15.892
7.538218,1368.043,68.295,1374.308,42.094
7.540823,1368.043,68.295,1371.176,55.195
7.543745,1368.043,68.295,1369.609,61.745
7.546734,1368.043,68.295,1368.826,65.020
7.550230,1368.043,68.295,1368.434,66.658
7.553268,1368.043,68.295,1368.239,67.477
7.556068,1368.043,68.295,1368.141,67.886
7.558563,1368.043,68.295,1368.092,68.091
7.561731,1355.605,142.881,1361.848,105.486
7.565289,1355.605,142.881,1358.727,124.184
7.568752,1355.605,142.881,1357.166,133.532
7.572123,1355.605,142.881,1356.385,138.207
7.575136,1355.605,142.881,1355.995,140.544
7.578049,1355.605,142.881,1355.800,141.713
7.582804,1355.605,142.881,1355.703,142.297
7.585728,1355.605,142.881,1355.654,142.589
7.588459,1355.605,142.881,1355.629,142.735
7.591520,1354.857,165.190,1355.243,153.963
7.595650,1354.857,165.190,1355.050,159.577
7.599485,1354.857,165.190,1354.954,162.383
7.602741,1354.857,165.190,1354.906,163.787
7.605516,1354.857,165.190,1354.881,164.489
7.607988,1354.857,165.190,1354.869,164.839
7.611696,1354.857,165.190,1354.863,165.015
7.615301,1354.857,165.190,1354.860,165.103
7.617933,1354.857,165.190,1354.859,165.146
7.620573,1349.194,170.784,1352.027,167.965
7.623240,1349.194,170.784,1350.610,169.375
7.626745,1349.194,170.784,1349.902,170.080
7.630009,1349.194,170.784,1349.548,170.432
7.633257,1349.194,170.784,1349.371,170.608
7.635859,1349.194,170.784,1349.283,170.696
7.638306,1349.194,170.784,1349.239,170.740
7.641434,1349.194,170.784,1349.216,170.762
7.644268,1349.194,170.784,1349.205,170.773
7.647003,1349.194,170.784,1349.200,170.779
7.649670,1349.194,170.784,1349.197,170.782
7.652576,1346.145,169.402,1347.671,170.092
7.655668,1346.145,169.402,1346.908,169.747
7.659700,1346.145,169.402,1346.526,169.575
7.664181,1346.145,169.402,1346.336,169.488
7.667511,1346.145,169.402,1346.240,169.445
7.671091,1346.145,169.402,1346.193,169.424
7.674988,1346.145,169.402,1346.169,169.413
7.678192,1346.145,169.402,1346.157,169.407
7.681841,1345.853,167.085,1346.005,168.246
7.684914,1345.853,167.085,1345.929,167.666
7.688198,1345.853,167.085,1345.891,167.376
7.691381,1345.853,167.085,1345.872,167.230
7.695171,1345.853,167.085,1345.863,167.158
7.698566,1345.853,167.085,1345.858,167.122
7.702803,1345.853,167.085,1345.855,167.103
7.705971,1345.853,167.085,1345.854,167.094
7.710262,1345.853,167.085,1345.854,167.090
7.714561,1346.141,168.039,1345.997,167.565
7.719877,1346.141,168.039,1346.069,167.802
7.723351,1346.141,168.039,1346.105,167.921
7.727451,1346.141,168.039,1346.123,167.980
7.730688,1346.141,168.039,1346.132,168.010
7.735001,1346.141,168.039,1346.137,168.025
7.737616,1346.141,168.039,1346.139,168.032
7.741488,1344.450,169.199,1345.295,168.615
7.744953,1344.450,169.199,1344.873,168.907
7.750196,1344.450,169.199,1344.661,169.053
7.755009,1344.450,169.199,1344.556,169.126
7.757532,1344.450,169.199,1344.503,169.162
7.759983,1344.450,169.199,1344.477,169.180
7.762476,1344.450,169.199,1344.464,169.189
7.765490,1344.450,169.199,1344.457,169.194
7.767996,1344.450,169.199,1344.454,169.196
7.770285,1344.450,169.199,1344.452,169.197
7.773085,1343.843,168.282,1344.148,168.740
7.775936,1343.843,168.282,1343.995,168.511
7.778477,1343.843,168.282,1343.919,168.397
7.782537,1343.843,168.282,1343.881,168.339
7.785568,1343.843,168.282,1343.862,168.311
7.788147,1343.843,168.282,1343.853,168.296
7.790617,1343.843,168.282,1343.848,168.289
7.793215,1343.843,168.282,1343.846,168.286
7.796143,1343.843,168.282,1343.844,168.284
7.798893,1343.843,168.282,1343.844,168.283
7.801573,1344.369,169.974,1344.106,169.128
7.804449,1344.369,169.974,1344.237,169.551
7.806953,1344.369,169.974,1344.303,169.762
7.809673,1344.369,169.974,1344.336,169.868
7.813761,1344.369,169.974,1344.352,169.921
7.816933,1344.369,169.974,1344.360,169.947
7.819641,1344.369,169.974,1344.365,169.960
7.822186,1344.369,169.974,1344.367,169.967
7.824627,1344.369,169.974,1344.368,169.970
7.827423,1344.369,169.974,1344.368,169.972
7.830330,1344.369,169.974,1344.368,169.973
7.833654,1345.175,173.703,1344.771,171.838
7.836285,1345.175,173.703,1344.973,172.770
7.838802,1345.175,173.703,1345.074,173.237
7.842072,1345.175,173.703,1345.124,173.470
7.846607,1345.175,173.703,1345.149,173.586
7.849630,1345.175,173.703,1345.162,173.645
7.852295,1345.175,173.703,1345.168,173.674
7.854733,1345.175,173.703,1345.171,173.688
7.857290,1345.175,173.703,1345.173,173.696
7.860821,1345.175,173.703,1345.174,173.699
7.865652,1345.949,175.520,1345.562,174.610
7.868755,1345.949,175.520,1345.756,175.065
7.871609,1345.949,175.520,1345.853,175.292
7.875330,1345.949,175.520,1345.901,175.406
7.878626,1345.949,175.520,1345.925,175.463
7.881702,1345.949,175.520,1345.937,175.491
7.884407,1345.949,175.520,1345.943,175.505
7.887138,1345.949,175.520,1345.946,175.513
7.890192,1345.949,175.520,1345.948,175.516
7.893316,1346.367,176.653,1346.157,176.085
7.896305,1346.367,176.653,1346.262,176.369
7.899088,1346.367,176.653,1346.314,176.511
7.901802,1346.367,176.653,1346.341,176.582
7.905443,1346.367,176.653,1346.354,176.617
7.908508,1346.367,176.653,1346.360,176.635
7.911417,1346.367,176.653,1346.364,176.644
7.914431,1346.367,176.653,1346.365,176.649
7.917057,1346.367,176.653,1346.366,176.651
7.919966,1346.367,176.653,1346.366,176.652
7.923004,1347.127,177.607,1346.747,177.129
7.925779,1347.127,177.607,1346.937,177.368
7.928520,1347.127,177.607,1347.032,177.487
7.931561,1347.127,177.607,1347.080,177.547
7.935081,1347.127,177.607,1347.103,177.577
7.938688,1347.127,177.607,1347.115,177.592
7.941360,1347.127,177.607,1347.121,177.599
7.944105,1347.127,177.607,1347.124,177.603
7.946703,1347.127,177.607,1347.126,177.605
7.949667,1347.127,177.607,1347.126,177.606
7.952700,1348.047,178.099,1347.587,177.852
7.955599,1348.047,178.099,1347.817,177.976
7.967543,1348.047,178.099,1347.932,178.037
7.970732,1348.047,178.099,1347.990,178.068
7.973085,1348.047,178.099,1348.019,178.084
7.975323,1348.047,178.099,1348.033,178.091
7.977913,1348.047,178.099,1348.040,178.095
7.981348,1348.047,178.099,1348.044,178.097
7.984905,1348.117,176.219,1348.080,177.158
8.000519,514.672,65.593,931.376,121.376
8.004869,643.866,82.073,787.621,101.724
8.008101,643.866,82.073,715.744,91.898
8.010841,643.866,82.073,679.805,86.985
8.016935,633.226,102.006,656.515,94.496
8.020409,633.226,102.006,644.871,98.251
8.023348,633.226,102.006,639.048,100.129
8.026117,633.226,102.006,636.137,101.068
8.029655,633.226,102.006,634.682,101.537
8.035435,633.226,102.006,633.954,101.772
8.039455,633.226,102.006,633.590,101.889
8.041901,633.226,102.006,633.408,101.948
8.045691,616.115,143.243,624.762,122.595
8.048676,616.115,143.243,620.439,132.919
8.054449,616.115,143.243,618.277,138.081
8.057573,616.115,143.243,617.196,140.662
8.060944,616.115,143.243,616.656,141.952
8.064402,616.115,143.243,616.386,142.597
8.068890,616.115,143.243,616.251,142.920
8.081039,601.585,180.692,608.918,161.806
