time,pos_x,pos_y,corrected_pos_x,corrected_pos_y
0.001747,917.649,-267.370,919.102,-278.299
0.007967,917.649,-267.370,918.376,-272.835
0.011963,917.649,-267.370,918.012,-270.102
0.016052,917.649,-267.370,917.831,-268.736
0.019463,917.649,-267.370,917.740,-268.053
0.022812,917.649,-267.370,917.695,-267.712
0.026241,917.649,-267.370,917.672,-267.541
0.030136,915.818,-249.195,916.745,-258.368
0.033548,915.818,-249.195,916.281,-253.781
0.036934,915.818,-249.195,916.050,-251.488
0.040325,915.818,-249.195,915.934,-250.342
0.044096,915.818,-249.195,915.876,-249.768
0.049026,915.818,-249.195,915.847,-249.482
0.052488,915.818,-249.195,915.832,-249.338
0.056194,915.818,-249.195,915.825,-249.267
0.060823,915.306,-238.865,915.566,-244.066
0.064955,915.306,-238.865,915.436,-241.465
0.068508,915.306,-238.865,915.371,-240.165
0.072577,915.306,-238.865,915.339,-239.515
0.077780,915.306,-238.865,915.323,-239.190
0.082253,915.306,-238.865,915.314,-239.027
0.090769,918.169,-223.921,916.742,-231.474
0.096382,918.169,-223.921,917.455,-227.698
0.101641,918.169,-223.921,917.812,-225.809
0.108498,918.169,-223.921,917.991,-224.865
0.115486,918.169,-223.921,918.080,-224.393
0.119448,920.030,-205.767,919.055,-215.080
0.123154,920.030,-205.767,919.543,-210.424
0.126841,920.030,-205.767,919.786,-208.095
0.130293,920.030,-205.767,919.908,-206.931
0.133860,920.030,-205.767,919.969,-206.349
0.137945,920.030,-205.767,920.000,-206.058
0.141302,920.030,-205.767,920.015,-205.913
0.144966,920.030,-205.767,920.023,-205.840
0.148623,924.161,-190.304,922.092,-198.072
0.153128,924.161,-190.304,923.126,-194.188
0.156893,924.161,-190.304,923.643,-192.246
0.160646,924.161,-190.304,923.902,-191.275
0.164993,924.161,-190.304,924.031,-190.790
0.169451,924.161,-190.304,924.096,-190.547
0.173246,924.161,-190.304,924.128,-190.425
0.177116,924.161,-190.304,924.144,-190.365
0.181767,923.452,-174.199,923.798,-182.282
0.187351,923.452,-174.199,923.625,-178.241
0.192263,923.452,-174.199,923.538,-176.220
0.196674,923.452,-174.199,923.495,-175.209
0.202370,923.452,-174.199,923.473,-174.704
0.207640,923.452,-174.199,923.462,-174.452
0.212833,922.912,-159.286,923.187,-166.869
0.217880,922.912,-159.286,923.049,-163.077
0.222490,922.912,-159.286,922.981,-161.182
0.226870,922.912,-159.286,922.946,-160.234
0.231661,922.912,-159.286,922.929,-159.760
0.235626,922.912,-159.286,922.920,-159.523
0.239456,927.791,-143.461,925.356,-151.492
0.244566,927.791,-143.461,926.573,-147.476
0.248989,927.791,-143.461,927.182,-145.469
0.253111,927.791,-143.461,927.487,-144.465
0.257038,927.791,-143.461,927.639,-143.963
0.267563,927.791,-143.461,927.715,-143.712
0.276930,929.331,-131.253,928.523,-137.482
0.281101,929.331,-131.253,928.927,-134.368
0.284721,929.331,-131.253,929.129,-132.810
0.287848,929.331,-131.253,929.230,-132.032
0.291437,929.331,-131.253,929.280,-131.642
0.295420,929.331,-131.253,929.306,-131.447
0.299166,929.331,-131.253,929.318,-131.350
0.303000,932.060,-121.426,930.689,-126.388
0.306681,932.060,-121.426,931.374,-123.907
0.311203,932.060,-121.426,931.717,-122.667
0.315184,932.060,-121.426,931.888,-122.047
0.318502,932.060,-121.426,931.974,-121.737
0.322319,932.060,-121.426,932.017,-121.582
0.326101,932.060,-121.426,932.038,-121.504
0.329659,932.060,-121.426,932.049,-121.465
0.333572,931.389,-114.541,931.719,-118.003
0.337086,931.389,-114.541,931.554,-116.272
0.340969,931.389,-114.541,931.471,-115.406
0.345444,931.389,-114.541,931.430,-114.974
0.349159,931.389,-114.541,931.410,-114.757
0.352453,931.389,-114.541,931.399,-114.649
0.357018,931.389,-114.541,931.394,-114.595
0.361389,928.160,-108.878,929.777,-111.737
0.365616,928.160,-108.878,928.968,-110.307
0.369871,928.160,-108.878,928.564,-109.593
0.375099,928.160,-108.878,928.362,-109.236
0.379341,928.160,-108.878,928.261,-109.057
0.383156,928.160,-108.878,928.210,-108.968
0.387680,928.160,-108.878,928.185,-108.923
0.391846,930.693,-105.943,929.439,-107.433
0.397469,930.693,-105.943,930.066,-106.688
0.402054,930.693,-105.943,930.379,-106.316
0.407047,930.693,-105.943,930.536,-106.130
0.411175,930.693,-105.943,930.614,-106.037
0.415592,930.693,-105.943,930.654,-105.990
0.420357,930.693,-105.943,930.673,-105.967
0.425299,931.737,-105.224,931.205,-105.595
0.429369,931.737,-105.224,931.471,-105.410
0.434082,931.737,-105.224,931.604,-105.317
0.438326,931.737,-105.224,931.671,-105.270
0.442005,931.737,-105.224,931.704,-105.247
0.447571,931.737,-105.224,931.721,-105.235
0.453325,928.750,-103.960,930.235,-104.598
0.457394,928.750,-103.960,929.493,-104.279
0.461443,928.750,-103.960,929.121,-104.119
0.468157,928.750,-103.960,928.935,-104.040
0.471949,928.750,-103.960,928.843,-104.000
0.475588,928.750,-103.960,928.796,-103.980
0.480202,928.750,-103.960,928.773,-103.970
0.485397,927.235,-100.934,928.004,-102.452
0.489178,927.235,-100.934,927.619,-101.693
0.493218,927.235,-100.934,927.427,-101.313
0.498936,927.235,-100.934,927.331,-101.124
0.503332,927.235,-100.934,927.283,-101.029
0.507214,927.235,-100.934,927.259,-100.981
0.515448,928.627,-100.847,927.943,-100.914
0.520329,928.627,-100.847,928.285,-100.881
0.524639,928.627,-100.847,928.456,-100.864
0.529318,928.627,-100.847,928.542,-100.856
0.533314,928.627,-100.847,928.585,-100.851
0.537046,928.627,-100.847,928.606,-100.849
0.541224,928.612,-101.515,928.609,-101.182
0.546188,928.612,-101.515,928.611,-101.348
0.550579,928.612,-101.515,928.611,-101.432
0.554739,928.612,-101.515,928.612,-101.473
0.559471,928.612,-101.515,928.612,-101.494
0.563938,928.612,-101.515,928.612,-101.505
0.567780,928.612,-101.515,928.612,-101.510
0.571329,928.612,-101.515,928.612,-101.512
0.576017,940.000,-101.417,934.306,-101.465
0.581154,940.000,-101.417,937.153,-101.441
0.586325,940.000,-101.417,938.577,-101.429
0.590733,940.000,-101.417,939.289,-101.423
0.594856,940.000,-101.417,939.645,-101.420
0.598663,940.000,-101.417,939.823,-101.419
0.602554,957.570,-102.119,948.696,-101.769
0.607449,957.570,-102.119,953.133,-101.944
0.612846,957.570,-102.119,955.352,-102.032
0.618967,957.570,-102.119,956.461,-102.076
0.624352,957.570,-102.119,957.016,-102.097
0.628304,957.570,-102.119,957.293,-102.108
0.632370,976.638,-102.475,966.966,-102.292
0.637720,976.638,-102.475,971.802,-102.383
0.641905,976.638,-102.475,974.220,-102.429
0.646536,976.638,-102.475,975.429,-102.452
0.651125,976.638,-102.475,976.034,-102.463
0.655092,976.638,-102.475,976.336,-102.469
0.658747,976.638,-102.475,976.487,-102.472
0.663025,997.436,-102.619,986.962,-102.545
0.667906,997.436,-102.619,992.199,-102.582
0.671829,997.436,-102.619,994.818,-102.600
0.676119,997.436,-102.619,996.127,-102.610
0.680830,997.436,-102.619,996.782,-102.614
0.686558,997.436,-102.619,997.109,-102.617
0.695389,1017.072,-102.831,1007.090,-102.724
0.700251,1017.072,-102.831,1012.081,-102.777
0.704510,1017.072,-102.831,1014.576,-102.804
0.708540,1017.072,-102.831,1015.824,-102.817
0.712675,1017.072,-102.831,1016.448,-102.824
0.717077,1017.072,-102.831,1016.760,-102.828
0.720690,1017.072,-102.831,1016.916,-102.829
0.724760,1035.947,-100.398,1026.431,-101.613
0.728910,1035.947,-100.398,1031.189,-101.005
0.734108,1035.947,-100.398,1033.568,-100.701
0.738672,1035.947,-100.398,1034.757,-100.549
0.742270,1035.947,-100.398,1035.352,-100.473
0.746811,1035.947,-100.398,1035.649,-100.436
0.750387,1035.947,-100.398,1035.798,-100.417
0.754057,1035.947,-100.398,1035.872,-100.407
0.757866,1053.531,-98.630,1044.702,-99.519
0.763643,1053.531,-98.630,1049.116,-99.075
0.768705,1053.531,-98.630,1051.324,-98.852
0.772783,1053.531,-98.630,1052.427,-98.741
0.777594,1053.531,-98.630,1052.979,-98.686
0.788633,1071.307,-97.827,1062.143,-98.256
0.795099,1071.307,-97.827,1066.725,-98.042
0.801703,1071.307,-97.827,1069.016,-97.934
0.804783,1071.307,-97.827,1070.162,-97.880
0.807987,1071.307,-97.827,1070.735,-97.854
0.811068,1071.307,-97.827,1071.021,-97.840
0.815153,1081.416,-97.690,1076.219,-97.765
0.818316,1081.416,-97.690,1078.817,-97.728
0.822012,1081.416,-97.690,1080.117,-97.709
0.825825,1081.416,-97.690,1080.767,-97.700
0.829462,1081.416,-97.690,1081.091,-97.695
0.833260,1081.416,-97.690,1081.254,-97.693
0.838015,1081.416,-97.690,1081.335,-97.691
0.841326,1081.416,-97.690,1081.376,-97.691
0.845619,1088.374,-98.256,1084.875,-97.973
0.849457,1088.374,-98.256,1086.624,-98.114
0.853668,1088.374,-98.256,1087.499,-98.185
0.858080,1088.374,-98.256,1087.936,-98.220
0.861904,1088.374,-98.256,1088.155,-98.238
0.866079,1088.374,-98.256,1088.264,-98.247
0.870306,1088.374,-98.256,1088.319,-98.251
0.874485,1093.927,-97.263,1091.123,-97.757
0.878309,1093.927,-97.263,1092.525,-97.510
0.882301,1093.927,-97.263,1093.226,-97.387
0.887640,1093.927,-97.263,1093.577,-97.325
0.891657,1093.927,-97.263,1093.752,-97.294
0.895481,1093.927,-97.263,1093.840,-97.278
0.900560,1093.927,-97.263,1093.883,-97.271
0.905787,1099.095,-95.461,1096.489,-96.366
0.909887,1099.095,-95.461,1097.792,-95.913
0.918552,1099.095,-95.461,1098.444,-95.687
0.925041,1099.095,-95.461,1098.770,-95.574
0.931889,1099.095,-95.461,1098.932,-95.517
0.936466,1104.672,-95.197,1101.802,-95.357
0.939867,1104.672,-95.197,1103.237,-95.277
0.943228,1104.672,-95.197,1103.955,-95.237
0.948364,1104.672,-95.197,1104.313,-95.217
0.952025,1104.672,-95.197,1104.493,-95.207
0.955502,1104.672,-95.197,1104.582,-95.202
0.960987,1104.672,-95.197,1104.627,-95.200
0.966755,1106.219,-96.147,1105.423,-95.673
0.971157,1106.219,-96.147,1105.821,-95.910
0.975246,1106.219,-96.147,1106.020,-96.029
0.980595,1106.219,-96.147,1106.119,-96.088
0.984833,1106.219,-96.147,1106.169,-96.118
0.988495,1106.219,-96.147,1106.194,-96.132
0.993103,1106.219,-96.147,1106.206,-96.140
0.998041,1108.595,-94.727,1107.400,-95.434
1.002224,1108.595,-94.727,1107.998,-95.081
1.007084,1108.595,-94.727,1108.296,-94.904
1.013292,1108.595,-94.727,1108.445,-94.816
1.018478,1108.595,-94.727,1108.520,-94.772
1.024279,1108.595,-94.727,1108.557,-94.750
1.031303,1105.505,-92.290,1107.031,-93.520
1.037251,1105.505,-92.290,1106.268,-92.905
1.042397,1105.505,-92.290,1105.886,-92.598
1.047354,1105.505,-92.290,1105.696,-92.444
1.052759,1105.505,-92.290,1105.600,-92.367
1.057192,1086.123,-91.020,1095.862,-91.694
1.060896,1086.123,-91.020,1090.993,-91.357
1.065186,1086.123,-91.020,1088.558,-91.188
1.070015,1086.123,-91.020,1087.341,-91.104
1.074648,1086.123,-91.020,1086.732,-91.062
1.078779,1086.123,-91.020,1086.428,-91.041
1.083065,1086.123,-91.020,1086.276,-91.030
1.088274,1042.788,-86.495,1064.532,-88.763
1.092527,1042.788,-86.495,1053.660,-87.629
1.097027,1042.788,-86.495,1048.224,-87.062
1.104479,1042.788,-86.495,1045.506,-86.778
1.108829,1042.788,-86.495,1044.147,-86.636
1.113018,1042.788,-86.495,1043.468,-86.566
1.118753,984.867,-78.432,1014.168,-82.499
1.123362,984.867,-78.432,999.518,-80.466
1.128233,984.867,-78.432,992.192,-79.449
1.134197,984.867,-78.432,988.530,-78.941
1.138466,984.867,-78.432,986.699,-78.687
1.142540,984.867,-78.432,985.783,-78.559
1.147839,930.027,-71.509,957.905,-75.034
1.152372,930.027,-71.509,943.966,-73.271
1.156767,930.027,-71.509,936.996,-72.390
1.161409,930.027,-71.509,933.512,-71.949
1.166559,930.027,-71.509,931.769,-71.729
1.170507,930.027,-71.509,930.898,-71.619
1.174553,930.027,-71.509,930.462,-71.564
1.179226,884.879,-63.320,907.671,-67.442
1.183689,884.879,-63.320,896.275,-65.381
1.187752,884.879,-63.320,890.577,-64.350
1.192114,884.879,-63.320,887.728,-63.835
1.196041,884.879,-63.320,886.303,-63.577
1.199867,884.879,-63.320,885.591,-63.448
1.203503,884.879,-63.320,885.235,-63.384
1.208473,826.811,-45.176,856.023,-54.280
1.213425,826.811,-45.176,841.417,-49.728
1.217621,826.811,-45.176,834.114,-47.452
1.222134,826.811,-45.176,830.463,-46.314
1.227646,826.811,-45.176,828.637,-45.745
1.232395,826.811,-45.176,827.724,-45.460
1.239130,539.143,243.626,683.433,99.083
1.243608,539.143,243.626,611.288,171.354
1.247900,539.143,243.626,575.215,207.490
1.252556,539.143,243.626,557.179,225.558
1.256868,539.143,243.626,548.161,234.592
1.260443,539.143,243.626,543.652,239.109
1.264624,539.143,243.626,541.397,241.368
1.269497,105.007,606.810,323.202,424.089
1.273758,105.007,606.810,214.104,515.449
1.278038,105.007,606.810,159.555,561.130
1.282310,105.007,606.810,132.281,583.970
1.287443,105.007,606.810,118.644,595.390
1.291342,105.007,606.810,111.825,601.100
1.295090,105.007,606.810,108.416,603.955
1.300011,-172.040,834.346,-31.812,719.150
1.311861,-172.040,834.346,-101.926,776.748
1.322342,-172.040,834.346,-136.983,805.547
1.331690,-278.807,937.606,-207.895,871.576
1.341574,-278.807,937.606,-243.351,904.591
1.345669,-278.807,937.606,-261.079,921.098
1.349398,-278.807,937.606,-269.943,929.352
1.352736,-278.807,937.606,-274.375,933.479
1.355761,-278.807,937.606,-276.591,935.542
1.358850,-314.567,980.739,-295.579,958.141
1.362526,-314.567,980.739,-305.073,969.440
1.365976,-314.567,980.739,-309.820,975.090
1.369637,-314.567,980.739,-312.194,977.915
1.373184,-314.567,980.739,-313.381,979.327
1.376963,-314.567,980.739,-313.974,980.033
1.380896,-314.567,980.739,-314.271,980.386
1.384663,-314.567,980.739,-314.419,980.563
1.388483,-330.364,998.029,-322.391,989.296
1.392857,-330.364,998.029,-326.378,993.662
1.396969,-330.364,998.029,-328.371,995.846
1.400898,-330.364,998.029,-329.367,996.937
1.404543,-330.364,998.029,-329.865,997.483
1.409441,-330.364,998.029,-330.115,997.756
1.414469,-330.364,998.029,-330.239,997.892
1.418957,-334.950,1006.567,-332.595,1002.230
1.424679,-334.950,1006.567,-333.772,1004.398
1.430496,-334.950,1006.567,-334.361,1005.483
1.438076,-334.950,1006.567,-334.656,1006.025
1.445583,-334.950,1006.567,-334.803,1006.296
1.450035,-336.062,1010.728,-335.432,1008.512
1.453960,-336.062,1010.728,-335.747,1009.620
1.459450,-336.062,1010.728,-335.904,1010.174
1.463926,-336.062,1010.728,-335.983,1010.451
1.467802,-336.062,1010.728,-336.023,1010.589
1.472210,-336.062,1010.728,-336.042,1010.658
1.475962,-336.062,1010.728,-336.052,1010.693
1.479851,-336.510,1015.941,-336.281,1013.317
1.483900,-336.510,1015.941,-336.396,1014.629
1.488869,-336.510,1015.941,-336.453,1015.285
1.492979,-336.510,1015.941,-336.482,1015.613
1.497221,-336.510,1015.941,-336.496,1015.777
1.501963,-336.510,1015.941,-336.503,1015.859
1.506348,-336.510,1015.941,-336.507,1015.900
1.510517,-339.392,1022.820,-337.949,1019.360
1.516323,-339.392,1022.820,-338.671,1021.090
1.523161,-339.392,1022.820,-339.031,1021.955
1.528130,-339.392,1022.820,-339.212,1022.387
1.533154,-339.392,1022.820,-339.302,1022.604
1.537502,-339.392,1022.820,-339.347,1022.712
1.542284,-340.529,1031.237,-339.938,1026.974
1.546894,-340.529,1031.237,-340.233,1029.106
1.553078,-340.529,1031.237,-340.381,1030.171
1.557386,-340.529,1031.237,-340.455,1030.704
1.560904,-340.529,1031.237,-340.492,1030.970
1.566160,-340.529,1031.237,-340.510,1031.104
1.570490,-342.579,1036.691,-341.545,1033.898
1.574554,-342.579,1036.691,-342.062,1035.294
1.579161,-342.579,1036.691,-342.320,1035.993
1.585503,-342.579,1036.691,-342.450,1036.342
1.589895,-342.579,1036.691,-342.514,1036.517
1.593842,-342.579,1036.691,-342.547,1036.604
1.598330,-343.677,1043.125,-343.112,1039.864
1.603350,-343.677,1043.125,-343.394,1041.495
1.607292,-343.677,1043.125,-343.536,1042.310
1.612465,-343.677,1043.125,-343.606,1042.717
1.617733,-343.677,1043.125,-343.641,1042.921
1.622511,-343.677,1043.125,-343.659,1043.023
1.627214,-343.677,1043.125,-343.668,1043.074
1.632296,-345.763,1048.924,-344.716,1045.999
1.636631,-345.763,1048.924,-345.239,1047.461
1.641354,-345.763,1048.924,-345.501,1048.193
1.647648,-345.763,1048.924,-345.632,1048.558
1.652798,-345.763,1048.924,-345.698,1048.741
1.657347,-345.763,1048.924,-345.730,1048.833
1.662582,-348.274,1050.820,-347.002,1049.826
1.667213,-348.274,1050.820,-347.638,1050.323
1.671597,-348.274,1050.820,-347.956,1050.572
1.676807,-348.274,1050.820,-348.115,1050.696
1.681234,-348.274,1050.820,-348.194,1050.758
1.686218,-348.274,1050.820,-348.234,1050.789
1.691158,-351.871,1055.029,-350.052,1052.909
1.695740,-351.871,1055.029,-350.962,1053.969
1.705364,-351.871,1055.029,-351.416,1054.499
1.711248,-351.871,1055.029,-351.643,1054.764
1.717239,-351.871,1055.029,-351.757,1054.896
1.722134,-354.423,1056.868,-353.090,1055.882
1.726778,-354.423,1056.868,-353.757,1056.375
1.731066,-354.423,1056.868,-354.090,1056.622
1.736954,-354.423,1056.868,-354.256,1056.745
1.741701,-354.423,1056.868,-354.340,1056.807
1.745934,-354.423,1056.868,-354.381,1056.837
1.750307,-337.412,1047.625,-345.897,1052.231
1.756062,-337.412,1047.625,-341.654,1049.928
1.760342,-337.412,1047.625,-339.533,1048.776
1.765038,-337.412,1047.625,-338.472,1048.201
1.770548,-337.412,1047.625,-337.942,1047.913
1.775158,-337.412,1047.625,-337.677,1047.769
1.779337,-337.412,1047.625,-337.544,1047.697
1.785406,-23.614,806.839,-180.579,927.268
1.789883,-23.614,806.839,-102.096,867.054
1.794950,-23.614,806.839,-62.855,836.947
1.800146,-23.614,806.839,-43.234,821.893
1.804577,-23.614,806.839,-33.424,814.366
1.808632,-23.614,806.839,-28.519,810.603
1.813951,472.882,390.093,222.182,600.348
1.820833,472.882,390.093,347.532,495.220
1.827089,472.882,390.093,410.207,442.657
1.832773,472.882,390.093,441.545,416.375
1.837942,472.882,390.093,457.213,403.234
1.842802,758.284,143.409,607.749,273.321
1.847815,758.284,143.409,683.016,208.365
1.853123,758.284,143.409,720.650,175.887
1.858086,758.284,143.409,739.467,159.648
1.863684,758.284,143.409,748.875,151.529
1.868456,758.284,143.409,753.579,147.469
1.873262,876.159,42.662,814.869,95.066
1.878109,876.159,42.662,845.514,68.864
1.882874,876.159,42.662,860.837,55.763
1.888758,876.159,42.662,868.498,49.213
1.894375,876.159,42.662,872.329,45.938
1.898943,876.159,42.662,874.244,44.300
1.904215,921.566,-13.615,897.905,15.342
1.909334,921.566,-13.615,909.735,0.863
1.914164,921.566,-13.615,915.650,-6.376
1.918896,921.566,-13.615,918.608,-9.996
1.924067,921.566,-13.615,920.087,-11.806
1.928637,921.566,-13.615,920.826,-12.711
1.933540,951.730,-30.638,936.278,-21.674
1.938730,951.730,-30.638,944.004,-26.156
1.943796,951.730,-30.638,947.867,-28.397
1.948771,951.730,-30.638,949.799,-29.517
1.954182,951.730,-30.638,950.764,-30.077
1.958895,951.730,-30.638,951.247,-30.357
1.964977,959.546,-40.510,955.397,-35.434
1.971127,959.546,-40.510,957.471,-37.972
1.976835,959.546,-40.510,958.509,-39.241
1.981628,959.546,-40.510,959.028,-39.876
1.987818,959.546,-40.510,959.287,-40.193
1.993036,964.759,-48.893,962.023,-44.543
1.997440,964.759,-48.893,963.391,-46.718
2.002653,964.759,-48.893,964.075,-47.806
2.007830,964.759,-48.893,964.417,-48.350
2.011957,964.759,-48.893,964.588,-48.621
2.016645,964.759,-48.893,964.673,-48.757
2.022320,971.012,-53.166,967.843,-50.962
2.027098,971.012,-53.166,969.428,-52.064
2.032364,971.012,-53.166,970.220,-52.615
2.038136,971.012,-53.166,970.616,-52.891
2.042418,971.012,-53.166,970.814,-53.028
2.048111,971.012,-53.166,970.913,-53.097
2.054350,980.627,-61.198,975.770,-57.148
2.058567,980.627,-61.198,978.199,-59.173
2.063557,980.627,-61.198,979.413,-60.186
2.068396,980.627,-61.198,980.020,-60.692
2.073854,980.627,-61.198,980.324,-60.945
2.079159,980.627,-61.198,980.476,-61.072
2.083906,986.051,-68.393,983.263,-64.732
2.088699,986.051,-68.393,984.657,-66.563
2.094202,986.051,-68.393,985.354,-67.478
2.098984,986.051,-68.393,985.702,-67.936
2.103262,986.051,-68.393,985.877,-68.164
2.107832,986.051,-68.393,985.964,-68.279
2.113102,986.430,-68.766,986.197,-68.523
2.118145,986.430,-68.766,986.314,-68.644
2.123604,986.430,-68.766,986.372,-68.705
2.128626,986.430,-68.766,986.401,-68.736
2.133053,986.430,-68.766,986.416,-68.751
2.137703,986.430,-68.766,986.423,-68.759
2.151363,986.077,-69.468,986.250,-69.113
2.156223,986.077,-69.468,986.163,-69.290
2.160307,986.077,-69.468,986.120,-69.379
2.164015,986.077,-69.468,986.098,-69.423
2.167820,986.077,-69.468,986.087,-69.446
2.171944,986.077,-69.468,986.082,-69.457
2.176889,986.119,-70.356,986.101,-69.906
2.180882,986.119,-70.356,986.110,-70.131
2.185780,986.119,-70.356,986.114,-70.244
2.192104,986.119,-70.356,986.117,-70.300
2.196983,986.119,-70.356,986.118,-70.328
2.202700,986.590,-71.798,986.354,-71.063
2.208511,986.590,-71.798,986.472,-71.431
2.213079,986.590,-71.798,986.531,-71.614
2.220196,986.590,-71.798,986.560,-71.706
2.226660,986.590,-71.798,986.575,-71.752
2.232075,986.590,-71.798,986.582,-71.775
2.237881,986.600,-72.780,986.591,-72.278
2.248974,986.600,-72.780,986.596,-72.529
2.258289,986.600,-72.780,986.598,-72.655
2.263350,972.255,-106.639,979.426,-89.647
2.268476,972.255,-106.639,975.840,-98.143
2.272158,972.255,-106.639,974.047,-102.391
2.276321,972.255,-106.639,973.151,-104.515
2.280849,972.255,-106.639,972.703,-105.577
2.285357,972.255,-106.639,972.479,-106.108
2.289339,972.255,-106.639,972.367,-106.374
2.292927,972.255,-106.639,972.310,-106.507
2.298002,953.055,-161.638,962.683,-134.072
2.302078,953.055,-161.638,957.869,-147.855
2.306442,953.055,-161.638,955.462,-154.746
2.311178,953.055,-161.638,954.258,-158.192
2.316019,953.055,-161.638,953.657,-159.915
2.320477,953.055,-161.638,953.356,-160.776
2.325069,932.340,-217.140,942.848,-188.958
2.330862,932.340,-217.140,937.594,-203.049
2.335924,932.340,-217.140,934.967,-210.094
2.340721,932.340,-217.140,933.653,-213.617
2.346193,932.340,-217.140,932.997,-215.378
2.350883,932.340,-217.140,932.668,-216.259
2.356110,916.554,-257.730,924.611,-236.995
2.361050,916.554,-257.730,920.583,-247.363
2.365757,916.554,-257.730,918.568,-252.547
2.370583,916.554,-257.730,917.561,-255.139
2.376495,916.554,-257.730,917.058,-256.434
2.380999,916.554,-257.730,916.806,-257.083
2.386171,906.946,-278.268,911.876,-267.675
2.391932,906.946,-278.268,909.411,-272.971
2.396917,906.946,-278.268,908.179,-275.619
2.401443,906.946,-278.268,907.562,-276.944
2.406752,906.946,-278.268,907.254,-277.606
2.410780,906.946,-278.268,907.100,-277.937
2.415327,901.447,-291.815,904.274,-284.876
2.421501,901.447,-291.815,902.860,-288.345
2.426558,901.447,-291.815,902.154,-290.080
2.431004,901.447,-291.815,901.800,-290.947
2.436152,901.447,-291.815,901.624,-291.381
2.440641,901.447,-291.815,901.535,-291.598
2.445009,899.863,-304.097,900.699,-297.848
2.449471,899.863,-304.097,900.281,-300.972
2.455303,899.863,-304.097,900.072,-302.535
2.460938,899.863,-304.097,899.968,-303.316
2.465935,899.863,-304.097,899.915,-303.707
2.472916,899.863,-304.097,899.889,-303.902
2.478062,900.331,-313.320,900.110,-308.611
2.483665,900.331,-313.320,900.221,-310.965
2.489443,900.331,-313.320,900.276,-312.143
2.494022,900.331,-313.320,900.303,-312.731
2.498087,900.331,-313.320,900.317,-313.026
2.503256,900.331,-313.320,900.324,-313.173
2.508017,897.292,-321.159,898.808,-317.166
2.512218,897.292,-321.159,898.050,-319.162
2.520168,897.292,-321.159,897.671,-320.160
2.525471,897.292,-321.159,897.481,-320.660
2.529224,897.292,-321.159,897.387,-320.909
2.535378,892.816,-329.210,895.101,-325.059
2.540176,892.816,-329.210,893.959,-327.135
2.544333,892.816,-329.210,893.388,-328.172
2.549374,892.816,-329.210,893.102,-328.691
2.553944,892.816,-329.210,892.959,-328.950
2.557817,892.816,-329.210,892.888,-329.080
2.561462,892.816,-329.210,892.852,-329.145
2.567038,892.005,-335.405,892.429,-332.275
2.571861,892.005,-335.405,892.217,-333.840
2.576077,892.005,-335.405,892.111,-334.623
2.581377,892.005,-335.405,892.058,-335.014
2.586311,892.005,-335.405,892.032,-335.210
2.590534,892.005,-335.405,892.019,-335.307
2.595182,892.005,-335.405,892.012,-335.356
2.599541,888.689,-335.481,890.350,-335.419
2.603889,888.689,-335.481,889.520,-335.450
2.608271,888.689,-335.481,889.104,-335.465
2.612864,888.689,-335.481,888.896,-335.473
2.616915,888.689,-335.481,888.793,-335.477
2.620882,888.689,-335.481,888.741,-335.479
2.625519,888.689,-335.481,888.715,-335.480
2.631140,889.327,-336.608,889.021,-336.044
2.636080,889.327,-336.608,889.174,-336.326
2.641415,889.327,-336.608,889.251,-336.467
2.648266,889.327,-336.608,889.289,-336.538
2.652359,889.327,-336.608,889.308,-336.573
2.657537,841.663,-228.267,865.485,-282.420
2.661869,841.663,-228.267,853.574,-255.343
2.666084,841.663,-228.267,847.618,-241.805
2.670557,841.663,-228.267,844.641,-235.036
2.675671,841.663,-228.267,843.152,-231.651
2.679327,841.663,-228.267,842.407,-229.959
2.683207,841.663,-228.267,842.035,-229.113
2.687698,636.006,294.803,739.020,32.845
2.692921,636.006,294.803,687.513,163.824
2.697058,636.006,294.803,661.760,229.314
2.701294,636.006,294.803,648.883,262.058
2.705870,636.006,294.803,642.444,278.431
2.714525,636.006,294.803,639.225,286.617
2.719810,464.748,806.251,551.987,546.434
2.724697,464.748,806.251,508.367,676.343
2.728687,464.748,806.251,486.558,741.297
2.732592,464.748,806.251,475.653,773.774
2.737598,464.748,806.251,470.200,790.013
2.741390,464.748,806.251,467.474,798.132
2.745230,464.748,806.251,466.111,802.191
2.750046,403.460,1088.062,434.786,945.127
2.755440,403.460,1088.062,419.123,1016.594
2.759686,403.460,1088.062,411.291,1052.328
2.763741,403.460,1088.062,407.376,1070.195
2.768457,403.460,1088.062,405.418,1079.128
2.772165,403.460,1088.062,404.439,1083.595
2.778408,370.469,1184.108,387.454,1133.851
2.784967,370.469,1184.108,378.962,1158.979
2.790207,370.469,1184.108,374.716,1171.543
2.794537,370.469,1184.108,372.593,1177.825
2.801392,370.469,1184.108,371.531,1180.967
2.805349,370.469,1184.108,371.000,1182.537
2.809212,348.054,1229.744,359.527,1206.141
2.813540,348.054,1229.744,353.791,1217.943
2.817854,348.054,1229.744,350.923,1223.844
2.822710,348.054,1229.744,349.488,1226.794
2.826538,348.054,1229.744,348.771,1228.269
2.830931,348.054,1229.744,348.413,1229.007
2.836596,348.054,1229.744,348.234,1229.376
2.842016,338.762,1252.133,343.498,1240.754
2.846697,338.762,1252.133,341.130,1246.444
2.850880,338.762,1252.133,339.946,1249.289
2.855764,338.762,1252.133,339.354,1250.711
2.861496,338.762,1252.133,339.058,1251.422
2.865950,338.762,1252.133,338.910,1251.778
2.870256,339.088,1272.998,338.999,1262.388
2.875710,339.088,1272.998,339.044,1267.693
2.881693,339.088,1272.998,339.066,1270.345
2.885876,339.088,1272.998,339.077,1271.671
2.889446,339.088,1272.998,339.083,1272.334
2.894169,339.088,1272.998,339.085,1272.666
2.898834,340.607,1284.312,339.846,1278.489
2.903259,340.607,1284.312,340.227,1281.401
2.908432,340.607,1284.312,340.417,1282.856
2.913046,340.607,1284.312,340.512,1283.584
2.916929,340.607,1284.312,340.560,1283.948
2.920750,340.607,1284.312,340.584,1284.130
2.925291,340.607,1284.312,340.595,1284.221
2.930244,345.683,1293.911,343.139,1289.066
2.934504,345.683,1293.911,344.411,1291.489
2.938942,345.683,1293.911,345.047,1292.700
2.944010,345.683,1293.911,345.365,1293.306
2.947824,345.683,1293.911,345.524,1293.609
2.951536,345.683,1293.911,345.603,1293.760
2.958872,351.901,1319.198,348.752,1306.479
2.965387,351.901,1319.198,350.326,1312.839
2.970596,351.901,1319.198,351.114,1316.019
2.976551,351.901,1319.198,351.507,1317.608
2.980841,351.901,1319.198,351.704,1318.403
2.986542,351.901,1319.198,351.802,1318.801
2.992882,350.681,1331.227,351.242,1325.014
2.997120,350.681,1331.227,350.961,1328.121
3.005281,350.681,1331.227,350.821,1329.674
3.009872,350.681,1331.227,350.751,1330.450
3.013403,350.681,1331.227,350.716,1330.839
3.016808,350.681,1331.227,350.698,1331.033
3.021410,345.533,1331.583,348.116,1331.308
3.025358,345.533,1331.583,346.825,1331.446
3.029501,345.533,1331.583,346.179,1331.514
3.035948,345.533,1331.583,345.856,1331.549
3.041592,345.533,1331.583,345.695,1331.566
3.047596,345.533,1331.583,345.614,1331.575
3.052511,338.909,1326.535,342.262,1329.055
3.056206,338.909,1326.535,340.585,1327.795
3.059683,338.909,1326.535,339.747,1327.165
3.064407,338.909,1326.535,339.328,1326.850
3.069210,338.909,1326.535,339.119,1326.693
3.073402,338.909,1326.535,339.014,1326.614
3.077085,338.909,1326.535,338.962,1326.574
3.082340,335.638,1320.683,337.300,1323.629
3.087732,335.638,1320.683,336.469,1322.156
3.092306,335.638,1320.683,336.054,1321.419
3.098162,335.638,1320.683,335.846,1321.051
3.102594,335.638,1320.683,335.742,1320.867
3.107086,335.638,1320.683,335.690,1320.775
3.112144,334.493,1312.582,335.092,1316.678
3.116989,334.493,1312.582,334.792,1314.630
3.121490,334.493,1312.582,334.643,1313.606
3.126188,334.493,1312.582,334.568,1313.094
3.130184,334.493,1312.582,334.531,1312.838
3.134438,334.493,1312.582,334.512,1312.710
3.138802,334.493,1312.582,334.502,1312.646
3.144527,333.508,1304.672,334.005,1308.659
3.148979,333.508,1304.672,333.757,1306.666
3.159622,333.508,1304.672,333.632,1305.669
3.167631,333.508,1304.672,333.570,1305.171
3.171469,329.519,1256.646,331.545,1280.908
3.176125,329.519,1256.646,330.532,1268.777
3.179371,329.519,1256.646,330.026,1262.711
3.182791,329.519,1256.646,329.773,1259.678
3.186914,329.519,1256.646,329.646,1258.162
3.191544,329.519,1256.646,329.583,1257.404
3.195499,329.519,1256.646,329.551,1257.025
3.198906,329.519,1256.646,329.535,1256.835
3.203121,315.285,1113.459,322.410,1185.147
3.208197,315.285,1113.459,318.848,1149.303
3.212404,315.285,1113.459,317.066,1131.381
3.216549,315.285,1113.459,316.176,1122.420
3.220751,315.285,1113.459,315.731,1117.939
3.225754,315.285,1113.459,315.508,1115.699
3.230621,295.864,977.952,305.686,1046.825
3.235212,295.864,977.952,300.775,1012.389
3.240824,295.864,977.952,298.319,995.170
3.245621,295.864,977.952,297.091,986.561
3.249300,295.864,977.952,296.478,982.256
3.254801,295.864,977.952,296.171,980.104
3.259243,295.864,977.952,296.017,979.028
3.263750,288.076,893.121,292.046,936.075
3.268433,288.076,893.121,290.061,914.598
3.273382,288.076,893.121,289.069,903.859
3.277628,288.076,893.121,288.572,898.490
3.281340,288.076,893.121,288.324,895.806
3.286341,288.076,893.121,288.200,894.463
3.290459,286.591,840.787,287.395,867.625
3.294682,286.591,840.787,286.993,854.206
3.299065,286.591,840.787,286.792,847.497
3.303640,286.591,840.787,286.691,844.142
3.308279,286.591,840.787,286.641,842.464
3.312099,286.591,840.787,286.616,841.626
3.316547,286.591,840.787,286.603,841.206
3.320496,360.125,743.483,323.364,792.345
3.324827,360.125,743.483,341.745,767.914
3.330612,360.125,743.483,350.935,755.698
3.336363,360.125,743.483,355.530,749.591
3.340670,360.125,743.483,357.828,746.537
3.346008,360.125,743.483,358.977,745.010
3.350178,360.125,743.483,359.551,744.246
3.354982,588.834,383.980,474.192,564.113
3.358971,588.834,383.980,531.513,474.047
3.364260,588.834,383.980,560.173,429.013
3.368467,588.834,383.980,574.504,406.497
3.372593,588.834,383.980,581.669,395.238
3.377996,588.834,383.980,585.251,389.609
3.382618,766.016,104.239,675.634,246.924
3.387653,766.016,104.239,720.825,175.582
3.392853,766.016,104.239,743.421,139.910
3.397896,766.016,104.239,754.719,122.075
3.401819,766.016,104.239,760.368,113.157
3.406862,766.016,104.239,763.192,108.698
3.411694,855.013,-32.317,809.103,38.191
3.415916,855.013,-32.317,832.058,2.937
3.420101,855.013,-32.317,843.535,-14.690
3.425268,855.013,-32.317,849.274,-23.503
3.429466,855.013,-32.317,852.144,-27.910
3.433262,855.013,-32.317,853.578,-30.114
3.437740,855.013,-32.317,854.296,-31.215
3.443748,887.664,-100.230,870.980,-65.723
3.448298,887.664,-100.230,879.322,-82.976
3.453650,887.664,-100.230,883.493,-91.603
3.458366,887.664,-100.230,885.579,-95.917
3.463627,887.664,-100.230,886.621,-98.073
3.468288,887.664,-100.230,887.143,-99.152
3.473761,916.107,-127.466,901.625,-113.309
3.478233,916.107,-127.466,908.866,-120.388
3.482672,916.107,-127.466,912.487,-123.927
3.487793,916.107,-127.466,914.297,-125.697
3.491787,916.107,-127.466,915.202,-126.582
3.495693,916.107,-127.466,915.655,-127.024
3.500311,916.107,-127.466,915.881,-127.245
3.512526,926.651,-135.955,921.266,-131.600
3.517536,926.651,-135.955,923.959,-133.777
3.522602,926.651,-135.955,925.305,-134.866
3.525988,926.651,-135.955,925.978,-135.410
3.529835,926.651,-135.955,926.314,-135.683
3.534508,933.786,-142.653,930.050,-139.168
3.538515,933.786,-142.653,931.918,-140.910
3.542761,933.786,-142.653,932.852,-141.782
3.547615,933.786,-142.653,933.319,-142.217
3.551792,933.786,-142.653,933.552,-142.435
3.556566,933.786,-142.653,933.669,-142.544
3.560616,933.786,-142.653,933.727,-142.599
3.565502,934.904,-147.693,934.315,-145.146
3.569386,934.904,-147.693,934.610,-146.420
3.573805,934.904,-147.693,934.757,-147.056
3.578823,934.904,-147.693,934.830,-147.375
3.583473,934.904,-147.693,934.867,-147.534
3.587744,934.904,-147.693,934.885,-147.614
3.593513,936.618,-148.183,935.752,-147.898
3.597685,936.618,-148.183,936.185,-148.041
3.601366,936.618,-148.183,936.401,-148.112
3.606531,936.618,-148.183,936.510,-148.148
3.610807,936.618,-148.183,936.564,-148.166
3.614710,936.618,-148.183,936.591,-148.174
3.618467,936.618,-148.183,936.605,-148.179
3.623674,942.308,-149.573,939.456,-148.876
3.627890,942.308,-149.573,940.882,-149.225
3.631580,942.308,-149.573,941.595,-149.399
3.636339,942.308,-149.573,941.952,-149.486
3.641249,942.308,-149.573,942.130,-149.530
3.645182,942.308,-149.573,942.219,-149.551
3.648712,942.308,-149.573,942.264,-149.562
3.653286,943.242,-148.838,942.753,-149.200
3.657814,943.242,-148.838,942.997,-149.019
3.661545,943.242,-148.838,943.119,-148.929
3.665491,943.242,-148.838,943.180,-148.883
3.670128,943.242,-148.838,943.211,-148.861
3.674940,943.242,-148.838,943.226,-148.849
3.679174,943.242,-148.838,943.234,-148.844
3.684206,943.793,-150.748,943.513,-149.796
3.688608,943.793,-150.748,943.653,-150.272
3.692560,943.793,-150.748,943.723,-150.510
3.698767,943.793,-150.748,943.758,-150.629
3.703346,943.793,-150.748,943.775,-150.689
3.707684,943.793,-150.748,943.784,-150.719
3.711515,943.793,-150.748,943.788,-150.733
3.716368,944.037,-151.434,943.913,-151.084
3.720469,944.037,-151.434,943.975,-151.259
3.730083,944.037,-151.434,944.006,-151.346
3.734755,944.037,-151.434,944.022,-151.390
3.738766,944.037,-151.434,944.029,-151.412
3.743141,944.037,-151.434,944.033,-151.423
3.747654,944.823,-151.435,944.428,-151.429
3.751104,944.823,-151.435,944.626,-151.432
3.755341,944.823,-151.435,944.724,-151.434
3.759720,944.823,-151.435,944.774,-151.435
3.763422,944.823,-151.435,944.798,-151.435
3.766872,944.823,-151.435,944.811,-151.435
3.770309,944.823,-151.435,944.817,-151.435
3.775291,945.289,-151.834,945.053,-151.634
3.779505,945.289,-151.834,945.171,-151.734
3.783070,945.289,-151.834,945.230,-151.784
3.787069,945.289,-151.834,945.260,-151.809
3.791716,945.289,-151.834,945.274,-151.821
3.795702,945.289,-151.834,945.282,-151.827
3.799183,945.289,-151.834,945.285,-151.830
3.802694,945.289,-151.834,945.287,-151.832
3.807926,946.318,-152.083,945.803,-151.958
3.811632,946.318,-152.083,946.061,-152.020
3.815475,946.318,-152.083,946.190,-152.052
3.819418,946.318,-152.083,946.254,-152.067
3.823656,946.318,-152.083,946.286,-152.075
3.828197,946.318,-152.083,946.302,-152.079
3.832497,946.318,-152.083,946.310,-152.081
3.837027,946.857,-152.381,946.584,-152.231
3.843832,946.857,-152.381,946.720,-152.306
3.848505,946.857,-152.381,946.788,-152.343
3.852980,946.857,-152.381,946.823,-152.362
3.857485,946.857,-152.381,946.840,-152.371
3.861258,946.857,-152.381,946.848,-152.376
3.865181,946.880,-152.273,946.864,-152.324
3.869459,946.880,-152.273,946.872,-152.299
3.873955,946.880,-152.273,946.876,-152.286
3.878025,946.880,-152.273,946.878,-152.279
3.881609,946.880,-152.273,946.879,-152.276
3.885855,946.880,-152.273,946.879,-152.274
3.890467,946.880,-152.273,946.880,-152.274
3.895380,946.240,-152.888,946.560,-152.581
3.900232,946.240,-152.888,946.400,-152.734
3.904865,946.240,-152.888,946.320,-152.811
3.909571,946.240,-152.888,946.280,-152.850
3.913542,946.240,-152.888,946.260,-152.869
3.918018,946.240,-152.888,946.250,-152.878
3.922180,946.240,-152.888,946.245,-152.883
3.926510,945.675,-153.158,945.960,-153.021
3.930244,945.675,-153.158,945.817,-153.089
3.935097,945.675,-153.158,945.746,-153.124
3.939507,945.675,-153.158,945.710,-153.141
3.943356,945.675,-153.158,945.693,-153.150
3.946964,945.675,-153.158,945.684,-153.154
3.951153,945.675,-153.158,945.679,-153.156
3.955423,945.607,-153.668,945.643,-153.412
3.959185,945.607,-153.668,945.625,-153.540
3.962940,945.607,-153.668,945.616,-153.604
3.967468,945.607,-153.668,945.612,-153.636
3.971401,945.607,-153.668,945.609,-153.652
3.975336,945.607,-153.668,945.608,-153.660
3.979549,945.607,-153.668,945.608,-153.664
3.984056,945.607,-153.668,945.607,-153.666
3.989025,945.506,-154.596,945.556,-154.131
3.993067,945.506,-154.596,945.531,-154.363
3.998270,945.506,-154.596,945.518,-154.480
4.002747,945.506,-154.596,945.512,-154.538
4.015438,944.941,-154.808,945.226,-154.673
4.019608,944.941,-154.808,945.083,-154.741
4.023661,944.941,-154.808,945.012,-154.775
4.028015,944.941,-154.808,944.976,-154.791
4.031542,944.941,-154.808,944.958,-154.800
4.034809,944.941,-154.808,944.950,-154.804
4.038488,944.941,-154.808,944.945,-154.806
4.043604,944.941,-154.808,944.943,-154.807
4.047314,944.586,-155.434,944.764,-155.121
4.050440,944.586,-155.434,944.675,-155.278
4.053766,944.586,-155.434,944.631,-155.356
4.058884,944.586,-155.434,944.608,-155.395
4.062765,944.586,-155.434,944.597,-155.415
4.066408,944.586,-155.434,944.591,-155.425
4.069918,944.586,-155.434,944.589,-155.430
4.075676,944.660,-156.391,944.624,-155.911
4.080061,944.660,-156.391,944.642,-156.151
4.083868,944.660,-156.391,944.651,-156.271
4.088642,944.660,-156.391,944.655,-156.331
4.094297,944.660,-156.391,944.657,-156.361
4.098330,944.660,-156.391,944.658,-156.376
4.102455,944.660,-156.391,944.659,-156.384
4.107779,944.817,-156.601,944.738,-156.492
4.111658,944.817,-156.601,944.777,-156.547
4.115599,944.817,-156.601,944.797,-156.574
4.120308,944.817,-156.601,944.807,-156.587
4.125708,944.817,-156.601,944.812,-156.594
4.129591,944.817,-156.601,944.814,-156.597
4.134111,944.817,-156.601,944.815,-156.599
4.139727,945.326,-156.233,945.071,-156.416
4.143990,945.326,-156.233,945.198,-156.324
4.148346,945.326,-156.233,945.262,-156.279
4.152576,945.326,-156.233,945.294,-156.256
4.156738,945.326,-156.233,945.310,-156.244
4.160749,945.326,-156.233,945.318,-156.238
4.165314,945.326,-156.233,945.322,-156.236
4.170603,945.590,-155.591,945.456,-155.913
4.176491,945.590,-155.591,945.523,-155.752
4.182379,945.590,-155.591,945.557,-155.671
4.186489,945.590,-155.591,945.573,-155.631
4.190271,945.590,-155.591,945.582,-155.611
4.195368,945.590,-155.591,945.586,-155.601
4.199995,945.812,-154.316,945.699,-154.958
4.204771,945.812,-154.316,945.756,-154.637
4.210299,945.812,-154.316,945.784,-154.477
4.215231,945.812,-154.316,945.798,-154.396
4.219069,945.812,-154.316,945.805,-154.356
4.222984,945.812,-154.316,945.809,-154.336
4.227936,945.475,-153.288,945.642,-153.812
4.232300,945.475,-153.288,945.558,-153.550
4.236343,945.475,-153.288,945.517,-153.419
4.240862,945.475,-153.288,945.496,-153.353
4.246336,945.475,-153.288,945.485,-153.320
4.251101,945.475,-153.288,945.480,-153.304
4.255617,945.475,-153.288,945.477,-153.296
4.261333,944.789,-152.311,945.133,-152.803
4.266006,944.789,-152.311,944.961,-152.557
4.270229,944.789,-152.311,944.875,-152.434
4.275103,944.789,-152.311,944.832,-152.372
4.279346,944.789,-152.311,944.811,-152.341
4.283241,944.789,-152.311,944.800,-152.326
4.287041,944.789,-152.311,944.795,-152.318
4.292583,943.632,-152.118,944.213,-152.218
4.296844,943.632,-152.118,943.922,-152.168
4.300873,943.632,-152.118,943.777,-152.143
4.305847,943.632,-152.118,943.704,-152.131
4.310221,943.632,-152.118,943.668,-152.125
4.314260,943.632,-152.118,943.650,-152.121
4.318066,942.171,-150.715,942.910,-151.418
4.322361,942.171,-150.715,942.541,-151.066
4.327051,942.171,-150.715,942.356,-150.891
4.331263,942.171,-150.715,942.264,-150.803
4.335114,942.171,-150.715,942.217,-150.759
4.339970,942.171,-150.715,942.194,-150.737
4.343937,942.171,-150.715,942.183,-150.726
4.347830,940.690,-150.747,941.436,-150.737
4.351933,940.690,-150.747,941.063,-150.742
4.357185,940.690,-150.747,940.876,-150.745
4.362478,940.690,-150.747,940.783,-150.746
4.366514,940.690,-150.747,940.736,-150.747
4.371527,940.690,-150.747,940.713,-150.747
4.375811,940.690,-150.747,940.701,-150.747
4.379906,938.831,-151.200,939.766,-150.974
4.384148,938.831,-151.200,939.298,-151.087
4.388573,938.831,-151.200,939.065,-151.144
4.392693,938.831,-151.200,938.948,-151.172
4.396381,938.831,-151.200,938.889,-151.186
4.401417,938.831,-151.200,938.860,-151.193
4.406309,938.831,-151.200,938.845,-151.197
4.410666,938.361,-151.261,938.603,-151.229
4.415346,938.361,-151.261,938.482,-151.245
4.419544,938.361,-151.261,938.422,-151.253
4.424068,938.361,-151.261,938.391,-151.257
4.428402,938.361,-151.261,938.376,-151.259
4.433037,938.361,-151.261,938.369,-151.260
4.437164,938.361,-151.261,938.365,-151.261
4.441448,938.973,-151.235,938.669,-151.248
4.445438,938.973,-151.235,938.821,-151.241
4.450464,938.973,-151.235,938.897,-151.238
4.454874,938.973,-151.235,938.935,-151.236
4.458973,938.973,-151.235,938.954,-151.236
4.464487,938.973,-151.235,938.964,-151.235
4.468655,939.174,-151.627,939.069,-151.431
4.474276,939.174,-151.627,939.121,-151.529
4.478840,939.174,-151.627,939.148,-151.578
4.483587,939.174,-151.627,939.161,-151.603
4.487812,939.174,-151.627,939.167,-151.615
4.491751,939.174,-151.627,939.171,-151.621
4.496519,939.174,-151.627,939.172,-151.624
4.500219,940.039,-152.083,939.606,-151.853
4.504211,940.039,-152.083,939.822,-151.968
4.508659,940.039,-152.083,939.931,-152.025
4.513250,940.039,-152.083,939.985,-152.054
4.517296,940.039,-152.083,940.012,-152.068
4.520758,940.039,-152.083,940.026,-152.075
4.527460,940.039,-152.083,940.032,-152.079
4.531992,941.686,-152.080,940.859,-152.080
4.540756,941.686,-152.080,941.273,-152.080
4.545900,941.686,-152.080,941.480,-152.080
4.549257,941.686,-152.080,941.583,-152.080
4.552448,941.686,-152.080,941.635,-152.080
4.557892,941.686,-152.080,941.660,-152.080
4.562735,943.198,-151.837,942.429,-151.959
4.566938,943.198,-151.837,942.813,-151.898
4.571676,943.198,-151.837,943.006,-151.867
4.576195,943.198,-151.837,943.102,-151.852
4.579885,943.198,-151.837,943.150,-151.845
4.584461,943.198,-151.837,943.174,-151.841
4.589603,944.118,-151.060,943.646,-151.450
4.594589,944.118,-151.060,943.882,-151.255
4.598312,944.118,-151.060,944.000,-151.157
4.603157,944.118,-151.060,944.059,-151.108
4.607853,944.118,-151.060,944.088,-151.084
4.612017,944.118,-151.060,944.103,-151.072
4.616198,944.118,-151.060,944.111,-151.066
4.621000,945.299,-148.773,944.705,-149.919
4.625402,945.299,-148.773,945.002,-149.346
4.629671,945.299,-148.773,945.151,-149.059
4.634548,945.299,-148.773,945.225,-148.916
4.638702,945.299,-148.773,945.262,-148.844
4.642591,945.299,-148.773,945.281,-148.808
4.646425,945.299,-148.773,945.290,-148.790
4.651571,945.897,-147.727,945.593,-148.259
4.656754,945.897,-147.727,945.745,-147.993
4.661747,945.897,-147.727,945.821,-147.860
4.667679,945.897,-147.727,945.859,-147.794
4.671965,945.897,-147.727,945.878,-147.760
4.676439,945.897,-147.727,945.887,-147.744
4.681051,946.207,-146.770,946.047,-147.257
4.685793,946.207,-146.770,946.127,-147.014
4.689854,946.207,-146.770,946.167,-146.892
4.694818,946.207,-146.770,946.187,-146.831
4.699493,946.207,-146.770,946.197,-146.801
4.703453,946.207,-146.770,946.202,-146.785
4.707458,946.207,-146.770,946.205,-146.778
4.711544,947.791,-146.865,946.998,-146.822
4.717997,947.791,-146.865,947.395,-146.843
4.722471,947.791,-146.865,947.593,-146.854
4.727448,947.791,-146.865,947.692,-146.860
4.731619,947.791,-146.865,947.742,-146.863
4.735552,947.791,-146.865,947.766,-146.864
4.739635,947.791,-146.865,947.779,-146.865
4.744764,938.908,-150.065,943.344,-148.465
4.749058,938.908,-150.065,941.126,-149.265
4.753098,938.908,-150.065,940.017,-149.665
4.757654,938.908,-150.065,939.463,-149.865
4.764109,938.908,-150.065,939.185,-149.965
4.768124,938.908,-150.065,939.047,-150.015
4.772158,849.892,-157.302,894.470,-153.659
4.777748,849.892,-157.302,872.181,-155.481
4.781992,849.892,-157.302,861.037,-156.391
4.785992,849.892,-157.302,855.464,-156.847
4.790388,849.892,-157.302,852.678,-157.075
4.794788,849.892,-157.302,851.285,-157.188
4.798784,849.892,-157.302,850.589,-157.245
4.803179,665.997,-159.132,758.293,-158.189
4.808537,665.997,-159.132,712.145,-158.660
4.812925,665.997,-159.132,689.071,-158.896
4.817198,665.997,-159.132,677.534,-159.014
4.821142,665.997,-159.132,671.766,-159.073
4.826059,665.997,-159.132,668.882,-159.103
4.830206,665.997,-159.132,667.439,-159.117
4.834423,493.212,-150.384,580.326,-154.751
4.838732,493.212,-150.384,536.769,-152.567
4.843065,493.212,-150.384,514.991,-151.475
4.847235,493.212,-150.384,504.101,-150.929
4.850674,493.212,-150.384,498.657,-150.657
4.854683,493.212,-150.384,495.934,-150.520
4.859886,493.212,-150.384,494.573,-150.452
4.873241,367.697,-138.900,431.135,-144.676
4.881962,367.697,-138.900,399.416,-141.788
4.886328,367.697,-138.900,383.556,-140.344
4.890415,367.697,-138.900,375.627,-139.622
4.894432,232.482,126.914,304.054,-6.354
4.897516,232.482,126.914,268.268,60.280
4.901932,232.482,126.914,250.375,93.597
4.905991,232.482,126.914,241.428,110.256
4.909895,232.482,126.914,236.955,118.585
4.913433,232.482,126.914,234.718,122.750
4.917042,232.482,126.914,233.600,124.832
4.920486,232.482,126.914,233.041,125.873
4.925114,81.819,650.368,157.430,388.121
4.929655,81.819,650.368,119.624,519.244
4.934940,81.819,650.368,100.722,584.806
4.938946,81.819,650.368,91.270,617.587
4.943136,81.819,650.368,86.544,633.978
4.948399,81.819,650.368,84.182,642.173
4.952782,15.107,999.591,49.644,820.882
4.956980,15.107,999.591,32.376,910.237
4.962889,15.107,999.591,23.742,954.914
4.967709,15.107,999.591,19.424,977.253
4.971678,15.107,999.591,17.266,988.422
4.976715,15.107,999.591,16.187,994.007
4.981533,15.107,999.591,15.647,996.799
4.986080,-59.000,1170.446,-21.677,1083.622
4.989902,-59.000,1170.446,-40.338,1127.034
4.995295,-59.000,1170.446,-49.669,1148.740
4.999805,-59.000,1170.446,-54.335,1159.593
5.003908,-59.000,1170.446,-56.667,1165.019
5.008644,-59.000,1170.446,-57.834,1167.732
5.013540,-100.592,1295.436,-79.213,1231.584
5.017706,-100.592,1295.436,-89.902,1263.510
5.021646,-100.592,1295.436,-95.247,1279.473
5.027164,-100.592,1295.436,-97.920,1287.455
5.030998,-100.592,1295.436,-99.256,1291.445
5.035021,-100.592,1295.436,-99.924,1293.441
5.039169,-100.592,1295.436,-100.258,1294.438
5.043839,-125.136,1347.816,-112.697,1321.127
5.048092,-125.136,1347.816,-118.916,1334.471
5.051908,-125.136,1347.816,-122.026,1341.144
5.057943,-125.136,1347.816,-123.581,1344.480
5.063236,-125.136,1347.816,-124.358,1346.148
5.067490,-125.136,1347.816,-124.747,1346.982
5.072107,-125.136,1347.816,-124.941,1347.399
5.077631,-131.258,1331.381,-128.100,1339.390
5.083364,-131.258,1331.381,-129.679,1335.385
5.089500,-131.258,1331.381,-130.469,1333.383
5.094349,-131.258,1331.381,-130.863,1332.382
5.098577,-131.258,1331.381,-131.061,1331.882
5.103977,-143.320,1328.858,-137.190,1330.370
5.108681,-143.320,1328.858,-140.255,1329.614
5.114096,-143.320,1328.858,-141.788,1329.236
5.119186,-143.320,1328.858,-142.554,1329.047
5.123703,-143.320,1328.858,-142.937,1328.952
5.128059,-143.320,1328.858,-143.128,1328.905
5.132671,-143.320,1328.858,-143.224,1328.882
5.137894,-141.417,1316.648,-142.320,1322.765
5.142323,-141.417,1316.648,-141.869,1319.706
5.147978,-141.417,1316.648,-141.643,1318.177
5.152496,-141.417,1316.648,-141.530,1317.412
5.156649,-141.417,1316.648,-141.473,1317.030
5.160679,-141.417,1316.648,-141.445,1316.839
5.165964,-143.927,1310.828,-142.686,1313.833
5.170227,-143.927,1310.828,-143.306,1312.331
5.174526,-143.927,1310.828,-143.617,1311.579
5.179813,-143.927,1310.828,-143.772,1311.204
5.184639,-143.927,1310.828,-143.849,1311.016
5.188721,-143.927,1310.828,-143.888,1310.922
5.192848,-143.927,1310.828,-143.907,1310.875
5.198170,-137.010,1310.837,-140.459,1310.856
5.202314,-137.010,1310.837,-138.735,1310.846
5.206852,-137.010,1310.837,-137.872,1310.842
5.212250,-137.010,1310.837,-137.441,1310.839
5.217117,-137.010,1310.837,-137.226,1310.838
5.220810,-137.010,1310.837,-137.118,1310.838
5.226370,-136.164,1309.568,-136.641,1310.203
5.230850,-136.164,1309.568,-136.403,1309.885
5.235027,-136.164,1309.568,-136.284,1309.726
5.239784,-136.164,1309.568,-136.224,1309.647
5.246187,-136.164,1309.568,-136.194,1309.607
5.249994,-136.164,1309.568,-136.179,1309.587
5.253809,-162.949,1314.188,-149.564,1311.888
5.259142,-162.949,1314.188,-156.257,1313.038
5.263306,-162.949,1314.188,-159.603,1313.613
5.267714,-162.949,1314.188,-161.276,1313.901
5.272383,-162.949,1314.188,-162.113,1314.044
5.277365,-162.949,1314.188,-162.531,1314.116
5.281483,-162.949,1314.188,-162.740,1314.152
5.285847,-192.945,1303.930,-177.842,1309.041
5.290380,-192.945,1303.930,-185.394,1306.486
5.294758,-192.945,1303.930,-189.169,1305.208
5.299126,-192.945,1303.930,-191.057,1304.569
5.303780,-192.945,1303.930,-192.001,1304.250
5.308022,-192.945,1303.930,-192.473,1304.090
5.312326,-192.945,1303.930,-192.709,1304.010
5.316601,-216.847,1295.669,-204.778,1299.839
5.320675,-216.847,1295.669,-210.813,1297.754
5.324884,-216.847,1295.669,-213.830,1296.712
5.329884,-216.847,1295.669,-215.339,1296.190
5.334106,-216.847,1295.669,-216.093,1295.930
5.339319,-216.847,1295.669,-216.470,1295.799
5.343796,-216.847,1295.669,-216.659,1295.734
5.348564,-234.293,1278.713,-225.476,1287.223
5.353701,-234.293,1278.713,-229.885,1282.968
5.358614,-234.293,1278.713,-232.089,1280.840
5.362654,-234.293,1278.713,-233.191,1279.776
5.367538,-234.293,1278.713,-233.742,1279.245
5.371433,-234.293,1278.713,-234.018,1278.979
5.375807,-248.665,1277.292,-241.341,1278.135
5.380289,-248.665,1277.292,-245.003,1277.714
5.384794,-248.665,1277.292,-246.834,1277.503
5.388952,-248.665,1277.292,-247.749,1277.397
5.393087,-248.665,1277.292,-248.207,1277.345
5.397467,-248.665,1277.292,-248.436,1277.318
5.401367,-248.665,1277.292,-248.550,1277.305
5.405518,-262.338,1274.626,-255.444,1275.966
5.409376,-262.338,1274.626,-258.891,1275.296
5.414532,-262.338,1274.626,-260.614,1274.961
5.418703,-262.338,1274.626,-261.476,1274.794
5.422636,-262.338,1274.626,-261.907,1274.710
5.427317,-262.338,1274.626,-262.122,1274.668
5.431454,-262.338,1274.626,-262.230,1274.647
5.435442,-272.739,1261.844,-267.485,1268.246
5.439165,-272.739,1261.844,-270.112,1265.045
5.444139,-272.739,1261.844,-271.426,1263.445
5.448610,-272.739,1261.844,-272.083,1262.644
5.452450,-272.739,1261.844,-272.411,1262.244
5.456223,-272.739,1261.844,-272.575,1262.044
5.461899,-272.739,1261.844,-272.657,1261.944
5.467979,-323.017,1210.455,-297.837,1236.200
5.472622,-323.017,1210.455,-310.427,1223.327
5.477514,-323.017,1210.455,-316.722,1216.891
5.482035,-323.017,1210.455,-319.870,1213.673
5.485846,-323.017,1210.455,-321.444,1212.064
5.490517,-323.017,1210.455,-322.230,1211.260
5.495070,-450.544,1087.452,-386.387,1149.356
5.499033,-450.544,1087.452,-418.465,1118.404
5.502699,-450.544,1087.452,-434.505,1102.928
5.506912,-450.544,1087.452,-442.524,1095.190
5.511238,-450.544,1087.452,-446.534,1091.321
5.515039,-450.544,1087.452,-448.539,1089.386
5.518454,-450.544,1087.452,-449.541,1088.419
5.522627,-450.544,1087.452,-450.042,1087.935
5.528368,-586.811,964.300,-518.427,1026.118
5.532089,-586.811,964.300,-552.619,995.209
5.536196,-586.811,964.300,-569.715,979.754
5.540522,-586.811,964.300,-578.263,972.027
5.544933,-586.811,964.300,-582.537,968.164
5.553610,-586.811,964.300,-584.674,966.232
5.557621,-666.435,874.729,-625.554,920.480
5.561247,-666.435,874.729,-645.995,897.605
5.564642,-666.435,874.729,-656.215,886.167
5.569435,-666.435,874.729,-661.325,880.448
5.574125,-666.435,874.729,-663.880,877.588
5.578455,-666.435,874.729,-665.157,876.159
5.582348,-666.435,874.729,-665.796,875.444
5.586353,-700.495,784.806,-683.146,830.125
5.590296,-700.495,784.806,-691.820,807.466
5.594267,-700.495,784.806,-696.158,796.136
5.598993,-700.495,784.806,-698.326,790.471
5.603163,-700.495,784.806,-699.411,787.639
5.606876,-700.495,784.806,-699.953,786.223
5.610563,-700.495,784.806,-700.224,785.514
5.615103,-700.495,784.806,-700.360,785.160
5.619555,-743.169,755.024,-721.764,770.092
5.623199,-743.169,755.024,-732.467,762.558
5.627363,-743.169,755.024,-737.818,758.791
5.631603,-743.169,755.024,-740.494,756.908
5.635489,-743.169,755.024,-741.832,755.966
5.638866,-743.169,755.024,-742.500,755.495
5.642477,-743.169,755.024,-742.835,755.259
5.647690,-750.904,728.835,-746.870,742.047
5.651480,-750.904,728.835,-748.887,735.441
5.655249,-750.904,728.835,-749.896,732.138
5.659645,-750.904,728.835,-750.400,730.486
5.664063,-750.904,728.835,-750.652,729.660
5.667620,-750.904,728.835,-750.778,729.248
5.670811,-750.904,728.835,-750.841,729.041
5.674406,-750.904,728.835,-750.873,728.938
5.680008,-759.033,722.243,-754.953,725.590
5.683947,-759.033,722.243,-756.993,723.917
5.687616,-759.033,722.243,-758.013,723.080
5.691685,-759.033,722.243,-758.523,722.661
5.695938,-759.033,722.243,-758.778,722.452
5.699574,-759.033,722.243,-758.905,722.347
5.703112,-759.033,722.243,-758.969,722.295
5.706623,-775.361,735.338,-767.165,728.816
5.711962,-775.361,735.338,-771.263,732.077
5.715933,-775.361,735.338,-773.312,733.707
5.720083,-775.361,735.338,-774.336,734.522
5.732592,-775.361,735.338,-774.849,734.930
5.736547,-775.361,735.338,-775.105,735.134
5.741169,-784.839,746.853,-779.972,740.993
5.744976,-784.839,746.853,-782.405,743.923
5.748253,-784.839,746.853,-783.622,745.388
5.751762,-784.839,746.853,-784.231,746.120
5.756407,-784.839,746.853,-784.535,746.486
5.760283,-784.839,746.853,-784.687,746.669
5.763954,-784.839,746.853,-784.763,746.761
5.767042,-790.574,750.760,-787.668,748.760
5.770590,-790.574,750.760,-789.121,749.760
5.773895,-790.574,750.760,-789.847,750.260
5.777622,-790.574,750.760,-790.211,750.510
5.781261,-790.574,750.760,-790.392,750.635
5.785244,-790.574,750.760,-790.483,750.697
5.788717,-790.574,750.760,-790.528,750.729
5.792309,-790.574,750.760,-790.551,750.744
5.795986,-790.574,750.760,-790.562,750.752
5.799994,-567.430,639.604,-678.996,695.178
5.803864,-567.430,639.604,-623.213,667.391
5.807703,-567.430,639.604,-595.321,653.497
5.812119,-567.430,639.604,-581.375,646.550
5.816502,-567.430,639.604,-574.403,643.077
5.820127,-567.430,639.604,-570.916,641.340
5.823847,-567.430,639.604,-569.173,640.472
5.827648,-90.252,394.978,-329.712,517.725
5.832277,-90.252,394.978,-209.982,456.352
5.835943,-90.252,394.978,-150.117,425.665
5.839672,-90.252,394.978,-120.185,410.321
5.843906,-90.252,394.978,-105.218,402.650
5.847910,-90.252,394.978,-97.735,398.814
5.851484,-90.252,394.978,-93.994,396.896
5.855185,-90.252,394.978,-92.123,395.937
5.859077,270.413,221.283,89.145,308.610
5.864431,270.413,221.283,179.779,264.947
5.869514,270.413,221.283,225.096,243.115
5.874136,270.413,221.283,247.755,232.199
5.878660,270.413,221.283,259.084,226.741
5.882450,270.413,221.283,264.749,224.012
5.886320,270.413,221.283,267.581,222.648
5.890411,468.070,130.242,367.826,176.445
5.895712,468.070,130.242,417.948,153.344
5.899754,468.070,130.242,443.009,141.793
5.903742,468.070,130.242,455.540,136.018
5.907354,468.070,130.242,461.805,133.130
5.912754,468.070,130.242,464.938,131.686
5.916740,468.070,130.242,466.504,130.964
5.920683,567.436,83.791,516.970,107.378
5.925009,567.436,83.791,542.203,95.585
5.929319,567.436,83.791,554.820,89.688
5.933344,567.436,83.791,561.128,86.740
5.937073,567.436,83.791,564.282,85.265
5.941563,567.436,83.791,565.859,84.528
5.945732,567.436,83.791,566.648,84.160
5.949451,613.100,60.500,589.874,72.330
5.953119,613.100,60.500,601.487,66.415
5.957672,613.100,60.500,607.294,63.457
5.962250,613.100,60.500,610.197,61.979
5.966204,613.100,60.500,611.648,61.239
5.969658,613.100,60.500,612.374,60.870
5.973804,613.100,60.500,612.737,60.685
5.977718,613.100,60.500,612.919,60.592
5.981850,638.560,42.120,625.740,51.356
5.985718,638.560,42.120,632.150,46.738
5.990374,638.560,42.120,635.355,44.429
5.994795,638.560,42.120,636.958,43.274
5.998463,638.560,42.120,637.759,42.697
6.002468,638.560,42.120,638.160,42.408
6.006756,638.560,42.120,638.360,42.264
6.010803,652.824,28.216,645.592,35.240
6.014780,652.824,28.216,649.208,31.728
6.019377,652.824,28.216,651.016,29.972
6.024124,652.824,28.216,651.920,29.094
6.028288,652.824,28.216,652.372,28.655
6.031944,652.824,28.216,652.598,28.435
6.036175,652.824,28.216,652.711,28.325
6.039989,656.506,18.508,654.608,23.417
6.044294,656.506,18.508,655.557,20.962
6.048523,656.506,18.508,656.032,19.735
6.053276,656.506,18.508,656.269,19.122
6.057043,656.506,18.508,656.388,18.815
6.060604,656.506,18.508,656.447,18.661
6.064779,656.506,18.508,656.476,18.585
6.068520,656.506,18.508,656.491,18.546
6.072498,655.865,15.323,656.178,16.935
6.076193,655.865,15.323,656.022,16.129
6.081177,655.865,15.323,655.944,15.726
6.085472,655.865,15.323,655.905,15.525
6.088974,655.865,15.323,655.885,15.424
6.092609,655.865,15.323,655.875,15.374
6.097780,655.865,15.323,655.870,15.349
6.101721,653.976,11.519,654.923,13.434
6.105482,653.976,11.519,654.450,12.476
6.109045,653.976,11.519,654.213,11.997
6.113911,653.976,11.519,654.094,11.758
6.117901,653.976,11.519,654.035,11.638
6.121342,653.976,11.519,654.006,11.578
6.125261,653.976,11.519,653.991,11.548
6.129919,650.895,6.795,652.443,9.172
6.134312,650.895,6.795,651.669,7.983
6.138000,650.895,6.795,651.282,7.389
6.141815,650.895,6.795,651.089,7.092
6.147022,650.895,6.795,650.992,6.943
6.150576,650.895,6.795,650.944,6.869
6.154362,650.895,6.795,650.919,6.832
6.157877,650.895,6.795,650.907,6.813
6.163635,648.376,1.606,649.642,4.210
6.167747,648.376,1.606,649.009,2.908
6.171349,648.376,1.606,648.693,2.257
6.175997,648.376,1.606,648.535,1.931
6.180008,648.376,1.606,648.455,1.769
6.183516,648.376,1.606,648.416,1.687
6.186998,648.376,1.606,648.396,1.647
6.191486,647.281,-1.466,647.839,0.090
6.196114,647.281,-1.466,647.560,-0.688
6.199856,647.281,-1.466,647.421,-1.077
6.203856,647.281,-1.466,647.351,-1.272
6.208082,647.281,-1.466,647.316,-1.369
6.211914,647.281,-1.466,647.299,-1.418
6.215792,647.281,-1.466,647.290,-1.442
6.219206,647.281,-1.466,647.286,-1.454
6.224854,645.084,-3.690,646.185,-2.572
6.235699,645.084,-3.690,645.635,-3.131
6.239975,645.084,-3.690,645.360,-3.410
6.243841,645.084,-3.690,645.222,-3.550
6.247385,645.084,-3.690,645.153,-3.620
6.250616,644.449,-4.175,644.801,-3.898
6.255377,644.449,-4.175,644.625,-4.037
6.259089,644.449,-4.175,644.537,-4.106
6.263002,644.449,-4.175,644.493,-4.141
6.267069,644.449,-4.175,644.471,-4.158
6.271479,644.449,-4.175,644.460,-4.167
6.276102,644.449,-4.175,644.454,-4.171
6.280128,644.449,-4.175,644.451,-4.173
6.285028,643.088,-3.492,643.770,-3.833
6.289095,643.088,-3.492,643.429,-3.663
6.293228,643.088,-3.492,643.259,-3.578
6.297632,643.088,-3.492,643.174,-3.535
6.302162,643.088,-3.492,643.131,-3.514
6.306198,643.088,-3.492,643.110,-3.503
6.309925,643.088,-3.492,643.099,-3.498
6.314890,641.993,-3.474,642.546,-3.486
6.319136,641.993,-3.474,642.270,-3.480
6.323183,641.993,-3.474,642.132,-3.477
6.327364,641.993,-3.474,642.062,-3.475
6.331457,641.993,-3.474,642.028,-3.475
6.335285,641.993,-3.474,642.011,-3.474
6.338833,641.993,-3.474,642.002,-3.474
6.342838,641.462,-2.754,641.732,-3.114
6.347832,641.462,-2.754,641.597,-2.934
6.351690,641.462,-2.754,641.530,-2.844
6.355644,641.462,-2.754,641.496,-2.799
6.359221,641.462,-2.754,641.479,-2.777
6.363953,641.462,-2.754,641.471,-2.765
6.367605,641.462,-2.754,641.467,-2.760
6.371157,641.181,-2.435,641.324,-2.597
6.375044,641.181,-2.435,641.252,-2.516
6.379631,641.181,-2.435,641.217,-2.476
6.383711,641.181,-2.435,641.199,-2.455
6.387661,641.181,-2.435,641.190,-2.445
6.391205,641.181,-2.435,641.186,-2.440
6.396063,641.181,-2.435,641.183,-2.438
6.399757,641.181,-2.435,641.182,-2.436
6.403513,640.849,-2.617,641.015,-2.527
6.407495,640.849,-2.617,640.932,-2.572
6.411570,640.849,-2.617,640.890,-2.595
6.415762,640.849,-2.617,640.870,-2.606
6.419344,640.849,-2.617,640.859,-2.612
6.424080,640.849,-2.617,640.854,-2.614
6.428457,640.849,-2.617,640.851,-2.616
6.432266,640.528,-3.011,640.690,-2.813
6.436207,640.528,-3.011,640.609,-2.912
6.440094,640.528,-3.011,640.569,-2.961
6.444332,640.528,-3.011,640.548,-2.986
6.448393,640.528,-3.011,640.538,-2.998
6.451855,640.528,-3.011,640.533,-3.005
6.456575,640.528,-3.011,640.531,-3.008
6.461809,640.528,-3.011,640.529,-3.009
6.466152,639.227,-3.965,639.878,-3.487
6.470360,639.227,-3.965,639.553,-3.726
6.475697,639.227,-3.965,639.390,-3.845
6.479576,639.227,-3.965,639.309,-3.905
6.483175,639.227,-3.965,639.268,-3.935
6.487745,639.227,-3.965,639.247,-3.950
6.491266,639.227,-3.965,639.237,-3.957
6.495586,577.520,-73.686,608.379,-38.822
6.499001,577.520,-73.686,592.949,-56.254
6.503195,577.520,-73.686,585.235,-64.970
6.507360,577.520,-73.686,581.377,-69.328
6.511116,577.520,-73.686,579.449,-71.507
6.514896,577.520,-73.686,578.484,-72.597
6.519339,577.520,-73.686,578.002,-73.141
6.523285,419.231,-263.649,498.617,-168.395
6.528687,419.231,-263.649,458.924,-216.022
6.541851,419.231,-263.649,439.078,-239.835
6.546789,419.231,-263.649,429.155,-251.742
6.551256,419.231,-263.649,424.193,-257.695
6.558857,282.335,-429.206,353.264,-343.451
6.563604,282.335,-429.206,317.799,-386.328
6.568392,282.335,-429.206,300.067,-407.767
6.571726,282.335,-429.206,291.201,-418.486
6.575212,282.335,-429.206,286.768,-423.846
6.579725,282.335,-429.206,284.551,-426.526
6.584482,196.698,-522.454,240.625,-474.490
6.588411,196.698,-522.454,218.661,-498.472
6.591713,196.698,-522.454,207.680,-510.463
6.596308,196.698,-522.454,202.189,-516.458
6.599840,196.698,-522.454,199.444,-519.456
6.603174,196.698,-522.454,198.071,-520.955
6.606436,196.698,-522.454,197.385,-521.704
6.610947,196.698,-522.454,197.041,-522.079
6.615118,152.934,-576.836,174.988,-549.458
6.618572,152.934,-576.836,163.961,-563.147
6.621820,152.934,-576.836,158.447,-569.992
6.626373,152.934,-576.836,155.690,-573.414
6.630684,152.934,-576.836,154.312,-575.125
6.634401,152.934,-576.836,153.623,-575.981
6.637867,152.934,-576.836,153.278,-576.409
6.641794,152.934,-576.836,153.106,-576.622
6.646486,124.638,-611.040,138.872,-593.831
6.650528,124.638,-611.040,131.755,-602.435
6.655125,124.638,-611.040,128.196,-606.738
6.660099,124.638,-611.040,126.417,-608.889
6.664497,124.638,-611.040,125.527,-609.964
6.668306,124.638,-611.040,125.082,-610.502
6.671789,124.638,-611.040,124.860,-610.771
6.677286,112.498,-631.523,118.679,-621.147
6.682102,112.498,-631.523,115.588,-626.335
6.686602,112.498,-631.523,114.043,-628.929
6.691305,112.498,-631.523,113.270,-630.226
6.695572,112.498,-631.523,112.884,-630.875
6.699219,112.498,-631.523,112.691,-631.199
6.702751,112.498,-631.523,112.594,-631.361
6.707478,97.302,-696.284,104.948,-663.822
6.711367,97.302,-696.284,101.125,-680.053
6.715504,97.302,-696.284,99.213,-688.168
6.719887,97.302,-696.284,98.258,-692.226
6.723984,97.302,-696.284,97.780,-694.255
6.727852,97.302,-696.284,97.541,-695.269
6.731560,97.302,-696.284,97.421,-695.776
6.736427,88.216,-749.651,92.819,-722.714
6.741140,88.216,-749.651,90.517,-736.182
6.746241,88.216,-749.651,89.366,-742.917
6.750732,88.216,-749.651,88.791,-746.284
6.755424,88.216,-749.651,88.503,-747.968
6.759148,88.216,-749.651,88.359,-748.809
6.763086,88.216,-749.651,88.288,-749.230
6.767668,83.733,-784.289,86.010,-766.759
6.771627,83.733,-784.289,84.872,-775.524
6.775520,83.733,-784.289,84.302,-779.906
6.779686,83.733,-784.289,84.018,-782.097
6.783829,83.733,-784.289,83.875,-783.193
6.787861,83.733,-784.289,83.804,-783.741
6.791380,83.733,-784.289,83.768,-784.015
6.795460,81.117,-805.612,82.443,-794.813
6.800381,81.117,-805.612,81.780,-800.212
6.804392,81.117,-805.612,81.449,-802.912
6.808527,81.117,-805.612,81.283,-804.262
6.812374,81.117,-805.612,81.200,-804.937
6.816788,81.117,-805.612,81.159,-805.274
6.820515,81.117,-805.612,81.138,-805.443
6.824028,81.117,-805.612,81.128,-805.527
6.828115,78.317,-817.231,79.722,-811.379
6.833275,78.317,-817.231,79.020,-814.305
6.837677,78.317,-817.231,78.668,-815.768
6.841454,78.317,-817.231,78.493,-816.500
6.846352,78.317,-817.231,78.405,-816.865
6.850624,78.317,-817.231,78.361,-817.048
6.854252,78.317,-817.231,78.339,-817.140
6.858429,81.450,-826.752,79.894,-821.946
6.862957,81.450,-826.752,80.672,-824.349
6.867157,81.450,-826.752,81.061,-825.550
6.871006,81.450,-826.752,81.255,-826.151
6.874535,81.450,-826.752,81.353,-826.451
6.879036,81.450,-826.752,81.401,-826.602
6.883022,81.450,-826.752,81.425,-826.677
6.887251,83.280,-832.829,82.353,-829.753
6.891176,83.280,-832.829,82.816,-831.291
6.895897,83.280,-832.829,83.048,-832.060
6.900700,83.280,-832.829,83.164,-832.444
6.904675,83.280,-832.829,83.222,-832.637
6.908571,83.280,-832.829,83.251,-832.733
6.912334,83.280,-832.829,83.265,-832.781
6.916735,84.997,-833.208,84.131,-832.994
6.920591,84.997,-833.208,84.564,-833.101
6.925037,84.997,-833.208,84.780,-833.155
6.929457,84.997,-833.208,84.889,-833.181
6.933475,84.997,-833.208,84.943,-833.195
6.936914,84.997,-833.208,84.970,-833.201
6.941130,84.997,-833.208,84.983,-833.205
6.945204,85.454,-834.055,85.219,-833.630
6.949409,85.454,-834.055,85.336,-833.843
6.952980,85.454,-834.055,85.395,-833.949
6.957249,85.454,-834.055,85.424,-834.002
6.961514,85.454,-834.055,85.439,-834.029
6.965570,85.454,-834.055,85.446,-834.042
6.969751,85.454,-834.055,85.450,-834.049
6.974564,85.454,-834.055,85.452,-834.052
6.978979,84.668,-833.757,85.060,-833.905
6.982988,84.668,-833.757,84.864,-833.831
6.987209,84.668,-833.757,84.766,-833.794
6.991186,84.668,-833.757,84.717,-833.776
6.995218,84.668,-833.757,84.692,-833.767
6.998796,84.668,-833.757,84.680,-833.762
7.002888,84.668,-833.757,84.674,-833.760
7.006891,82.598,-832.721,83.636,-833.240
7.010668,82.598,-832.721,83.117,-832.981
7.014858,82.598,-832.721,82.857,-832.851
7.019167,82.598,-832.721,82.727,-832.786
7.023083,82.598,-832.721,82.663,-832.753
7.026720,82.598,-832.721,82.630,-832.737
7.030315,82.598,-832.721,82.614,-832.729
7.034729,82.598,-832.721,82.606,-832.725
7.039015,80.795,-830.979,81.700,-831.852
7.042620,80.795,-830.979,81.247,-831.416
7.046888,80.795,-830.979,81.021,-831.198
7.051487,80.795,-830.979,80.908,-831.088
7.055389,80.795,-830.979,80.851,-831.034
7.058796,80.795,-830.979,80.823,-831.007
7.062830,80.795,-830.979,80.809,-830.993
7.067486,78.987,-831.559,79.898,-831.276
7.071386,78.987,-831.559,79.442,-831.418
7.075075,78.987,-831.559,79.214,-831.488
7.080568,78.987,-831.559,79.100,-831.524
7.085850,78.987,-831.559,79.044,-831.541
7.090025,78.987,-831.559,79.015,-831.550
7.095068,78.987,-831.559,79.001,-831.555
7.099796,77.631,-830.814,78.316,-831.184
7.103621,77.631,-830.814,77.974,-830.999
7.107527,77.631,-830.814,77.802,-830.906
7.112682,77.631,-830.814,77.717,-830.860
7.117409,77.631,-830.814,77.674,-830.837
7.121622,77.631,-830.814,77.653,-830.825
7.126646,76.141,-832.243,76.897,-831.534
7.131563,76.141,-832.243,76.519,-831.889
7.135624,76.141,-832.243,76.330,-832.066
7.140436,76.141,-832.243,76.235,-832.155
7.145502,76.141,-832.243,76.188,-832.199
7.149597,76.141,-832.243,76.164,-832.221
7.153265,76.141,-832.243,76.152,-832.232
7.158327,64.258,-820.564,70.205,-826.398
7.162651,64.258,-820.564,67.232,-823.481
7.166765,64.258,-820.564,65.745,-822.022
7.171362,64.258,-820.564,65.001,-821.293
7.176527,64.258,-820.564,64.630,-820.928
7.180460,64.258,-820.564,64.444,-820.746
7.184196,64.258,-820.564,64.351,-820.655
7.188715,3.205,-743.030,33.778,-781.843
7.192703,3.205,-743.030,18.492,-762.437
7.196642,3.205,-743.030,10.849,-752.734
7.200956,3.205,-743.030,7.027,-747.882
7.205599,3.205,-743.030,5.116,-745.456
7.209307,3.205,-743.030,4.161,-744.243
7.213028,3.205,-743.030,3.683,-743.637
7.216816,3.205,-743.030,3.444,-743.334
7.221226,-77.643,-631.710,-37.099,-687.522
7.225142,-77.643,-631.710,-57.371,-659.616
7.229082,-77.643,-631.710,-67.507,-645.663
7.233814,-77.643,-631.710,-72.575,-638.686
7.238575,-77.643,-631.710,-75.109,-635.198
7.242250,-77.643,-631.710,-76.376,-633.454
7.246000,-77.643,-631.710,-77.009,-632.582
7.250444,-147.627,-531.544,-112.318,-582.063
7.254211,-147.627,-531.544,-129.973,-556.803
7.258066,-147.627,-531.544,-138.800,-544.174
7.262091,-147.627,-531.544,-143.214,-537.859
7.266924,-147.627,-531.544,-145.421,-534.701
7.270597,-147.627,-531.544,-146.524,-533.122
7.274088,-147.627,-531.544,-147.076,-532.333
7.277662,-204.391,-456.422,-175.734,-494.378
7.283052,-204.391,-456.422,-190.062,-475.400
7.286987,-204.391,-456.422,-197.227,-465.911
7.290741,-204.391,-456.422,-200.809,-461.167
7.295277,-204.391,-456.422,-202.600,-458.794
7.299311,-204.391,-456.422,-203.496,-457.608
7.303078,-204.391,-456.422,-203.944,-457.015
7.306595,-204.391,-456.422,-204.167,-456.719
7.311407,-228.013,-413.926,-216.090,-435.322
7.316267,-228.013,-413.926,-222.052,-424.624
7.320372,-228.013,-413.926,-225.033,-419.275
7.324583,-228.013,-413.926,-226.523,-416.600
7.329042,-228.013,-413.926,-227.268,-415.263
7.332664,-228.013,-413.926,-227.641,-414.595
7.336386,-228.013,-413.926,-227.827,-414.260
7.340761,-245.678,-388.196,-236.753,-401.228
7.344780,-245.678,-388.196,-241.215,-394.712
7.348768,-245.678,-388.196,-243.447,-391.454
7.352785,-245.678,-388.196,-244.562,-389.825
7.356792,-245.678,-388.196,-245.120,-389.010
7.369530,-250.625,-373.936,-247.873,-381.473
7.375299,-250.625,-373.936,-249.249,-377.705
7.378952,-250.625,-373.936,-249.937,-375.820
7.382975,-250.625,-373.936,-250.281,-374.878
7.386421,-250.625,-373.936,-250.453,-374.407
7.390066,-250.625,-373.936,-250.539,-374.172
7.393240,-250.625,-373.936,-250.582,-374.054
7.396511,-250.625,-373.936,-250.604,-373.995
7.400135,-352.447,-419.391,-301.526,-396.693
7.404451,-352.447,-419.391,-326.987,-408.042
7.407902,-352.447,-419.391,-339.717,-413.716
7.411312,-352.447,-419.391,-346.082,-416.553
7.415293,-352.447,-419.391,-349.265,-417.972
7.419266,-352.447,-419.391,-350.856,-418.681
7.422823,-352.447,-419.391,-351.652,-419.036
7.426367,-352.447,-419.391,-352.050,-419.213
7.430124,-512.872,-523.515,-432.461,-471.364
7.434807,-512.872,-523.515,-472.666,-497.440
7.438297,-512.872,-523.515,-492.769,-510.477
7.442059,-512.872,-523.515,-502.820,-516.996
7.445797,-512.872,-523.515,-507.846,-520.255
7.449842,-512.872,-523.515,-510.359,-521.885
7.453970,-512.872,-523.515,-511.615,-522.700
7.457527,-512.872,-523.515,-512.243,-523.107
7.461418,-672.119,-627.153,-592.181,-575.130
7.465458,-672.119,-627.153,-632.150,-601.141
7.470360,-672.119,-627.153,-652.135,-614.147
7.474375,-672.119,-627.153,-662.127,-620.650
7.477995,-672.119,-627.153,-667.123,-623.901
7.482380,-672.119,-627.153,-669.621,-625.527
7.487337,-672.119,-627.153,-670.870,-626.340
7.492260,-784.910,-703.230,-727.890,-664.785
7.497278,-784.910,-703.230,-756.400,-684.007
7.502455,-784.910,-703.230,-770.655,-693.619
7.507000,-784.910,-703.230,-777.783,-698.424
7.510660,-784.910,-703.230,-781.347,-700.827
7.515657,-784.910,-703.230,-783.128,-702.029
7.519518,-858.459,-753.557,-820.794,-727.793
7.524185,-858.459,-753.557,-839.626,-740.675
7.530293,-858.459,-753.557,-849.042,-747.116
7.535572,-858.459,-753.557,-853.750,-750.336
7.539675,-858.459,-753.557,-856.104,-751.947
7.544371,-858.459,-753.557,-857.282,-752.752
7.549568,-858.459,-753.557,-857.870,-753.154
7.554552,-902.483,-784.100,-880.177,-768.627
7.558456,-902.483,-784.100,-891.330,-776.364
7.563879,-902.483,-784.100,-896.906,-780.232
7.572466,-902.483,-784.100,-899.695,-782.166
7.576853,-902.483,-784.100,-901.089,-783.133
7.581221,-923.910,-802.522,-912.499,-792.827
7.586370,-923.910,-802.522,-918.205,-797.675
7.590448,-923.910,-802.522,-921.057,-800.098
7.595356,-923.910,-802.522,-922.483,-801.310
7.599436,-923.910,-802.522,-923.197,-801.916
7.603168,-923.910,-802.522,-923.553,-802.219
7.608099,-923.910,-802.522,-923.731,-802.370
7.612295,-808.684,-724.027,-866.208,-763.198
7.616547,-808.684,-724.027,-837.446,-743.612
7.620296,-808.684,-724.027,-823.065,-733.820
7.625591,-808.684,-724.027,-815.875,-728.923
7.629148,-808.684,-724.027,-812.280,-726.475
7.632910,-808.684,-724.027,-810.482,-725.251
7.636580,-808.684,-724.027,-809.583,-724.639
7.641628,-387.024,-426.734,-598.304,-575.687
7.645552,-387.024,-426.734,-492.664,-501.210
7.649401,-387.024,-426.734,-439.844,-463.972
7.653847,-387.024,-426.734,-413.434,-445.353
7.658134,-387.024,-426.734,-400.229,-436.044
7.661636,-387.024,-426.734,-393.626,-431.389
7.666201,-387.024,-426.734,-390.325,-429.062
7.670275,126.355,-75.752,-131.985,-252.407
7.674980,126.355,-75.752,-2.815,-164.079
7.678934,126.355,-75.752,61.770,-119.915
7.683191,126.355,-75.752,94.062,-97.833
7.688568,126.355,-75.752,110.209,-86.792
7.692337,126.355,-75.752,118.282,-81.272
7.696358,126.355,-75.752,122.318,-78.512
7.700405,407.295,126.203,264.806,23.845
7.705227,407.295,126.203,336.050,75.024
7.709026,407.295,126.203,371.672,100.613
7.713467,407.295,126.203,389.484,113.408
7.719019,407.295,126.203,398.389,119.805
7.723015,407.295,126.203,402.842,123.004
7.726692,407.295,126.203,405.068,124.603
7.730171,407.295,126.203,406.181,125.403
7.735207,529.817,220.121,467.999,172.762
7.739037,529.817,220.121,498.908,196.442
7.742960,529.817,220.121,514.362,208.281
7.747696,529.817,220.121,522.089,214.201
7.752296,529.817,220.121,525.953,217.161
7.757191,529.817,220.121,527.885,218.641
7.761274,587.885,268.401,557.885,243.521
7.766209,587.885,268.401,572.885,255.961
7.769970,587.885,268.401,580.385,262.181
7.774164,587.885,268.401,584.135,265.291
7.779249,587.885,268.401,586.010,266.846
7.784451,587.885,268.401,586.948,267.624
7.788460,587.885,268.401,587.417,268.012
7.792313,608.748,291.993,598.082,280.002
7.796879,608.748,291.993,603.415,285.997
7.801149,608.748,291.993,606.082,288.995
7.805527,608.748,291.993,607.415,290.494
7.809208,608.748,291.993,608.081,291.243
7.813272,608.748,291.993,608.415,291.618
7.817299,608.748,291.993,608.581,291.805
7.821339,631.782,293.036,620.182,292.420
7.825953,631.782,293.036,625.982,292.728
7.831631,631.782,293.036,628.882,292.882
7.836168,631.782,293.036,630.332,292.959
7.839891,631.782,293.036,631.057,292.997
7.844736,631.782,293.036,631.419,293.017
7.848969,631.782,293.036,631.601,293.026
7.853409,932.236,381.654,781.918,337.340
7.857800,932.236,381.654,857.077,359.497
7.862471,932.236,381.654,894.656,370.575
7.867365,932.236,381.654,913.446,376.115
7.871067,932.236,381.654,922.841,378.884
7.875494,932.236,381.654,927.538,380.269
7.879410,932.236,381.654,929.887,380.961
7.883802,1464.147,411.269,1197.017,396.115
7.887928,1464.147,411.269,1330.582,403.692
7.893057,1464.147,411.269,1397.365,407.480
7.898363,1464.147,411.269,1430.756,409.375
7.902874,1464.147,411.269,1447.452,410.322
7.907438,1464.147,411.269,1455.799,410.795
7.911367,1464.147,411.269,1459.973,411.032
7.916080,2031.596,551.325,1745.785,481.179
7.920593,2031.596,551.325,1888.690,516.252
7.925362,2031.596,551.325,1960.143,533.789
7.929401,2031.596,551.325,1995.870,542.557
7.933468,2031.596,551.325,2013.733,546.941
7.938425,2031.596,551.325,2022.665,549.133
7.943928,2345.896,796.130,2184.281,672.631
7.947903,2345.896,796.130,2265.088,734.381
7.952286,2345.896,796.130,2305.492,765.255
7.956961,2345.896,796.130,2325.694,780.692
7.960644,2345.896,796.130,2335.795,788.411
7.965292,2345.896,796.130,2340.846,792.270
7.969820,2345.896,796.130,2343.371,794.200
7.973982,2535.844,914.945,2439.608,854.572
7.977907,2535.844,914.945,2487.726,884.758
7.991449,2535.844,914.945,2511.785,899.852
7.997051,2535.844,914.945,2523.815,907.398
8.001087,2535.844,914.945,2529.830,911.171
8.006266,2629.495,994.809,2579.663,952.990
8.009829,2629.495,994.809,2604.579,973.900
8.015507,2629.495,994.809,2617.037,984.354
8.020445,2629.495,994.809,2623.266,989.582
8.023933,2629.495,994.809,2626.381,992.195
8.028761,2629.495,994.809,2627.938,993.502
8.033833,2640.349,1000.723,2634.144,997.113
8.037939,2640.349,1000.723,2637.246,998.918
8.042826,2640.349,1000.723,2638.798,999.820
8.048752,2640.349,1000.723,2639.573,1000.272
8.052717,2640.349,1000.723,2639.961,1000.497
8.057924,2640.349,1000.723,2640.155,1000.610
8.063866,2656.131,870.438,2648.143,935.524
8.067709,2656.131,870.438,2652.137,902.981
8.072809,2656.131,870.438,2654.134,886.709
8.079292,2656.131,870.438,2655.133,878.574
8.083313,2656.131,870.438,2655.632,874.506
8.088579,2656.131,870.438,2655.882,872.472
8.094511,2690.577,511.310,2673.229,691.891
8.098162,2690.577,511.310,2681.903,601.601
8.103317,2690.577,511.310,2686.240,556.455
8.108826,2690.577,511.310,2688.409,533.883
8.112408,2690.577,511.310,2689.493,522.597
8.117783,2690.577,511.310,2690.035,516.953
8.122128,2690.577,511.310,2690.306,514.132
8.127129,2690.577,511.310,2690.442,512.721
8.131826,2690.577,511.310,2690.509,512.016
8.136524,2690.577,511.310,2690.543,511.663
8.142380,2690.577,511.310,2690.560,511.487
8.146763,2690.577,511.310,2690.569,511.398
8.150364,2690.577,511.310,2690.573,511.354
8.156902,2438.780,213.655,2564.676,362.505
8.160492,2438.780,213.655,2501.728,288.080
8.164429,2438.780,213.655,2470.254,250.867
8.171473,2438.780,213.655,2454.517,232.261
8.176132,2438.780,213.655,2446.648,222.958
8.180134,2438.780,213.655,2442.714,218.307
8.185305,2279.449,173.521,2361.082,195.914
8.191257,2279.449,173.521,2320.265,184.717
8.195683,2279.449,173.521,2299.857,179.119
8.202253,2279.449,173.521,2289.653,176.320
8.208176,2279.449,173.521,2284.551,174.920
8.211773,2279.449,173.521,2282.000,174.221
8.217327,2170.339,215.264,2226.169,194.742
8.221294,2170.339,215.264,2198.254,205.003
8.225203,2170.339,215.264,2184.297,210.133
8.229853,2170.339,215.264,2177.318,212.698
8.234261,2170.339,215.264,2173.829,213.981
8.238581,2170.339,215.264,2172.084,214.622
8.242270,2170.339,215.264,2171.211,214.943
8.247229,2083.692,244.838,2127.452,229.890
8.251585,2083.692,244.838,2105.572,237.364
8.265295,2083.692,244.838,2094.632,241.101
8.269932,2083.692,244.838,2089.162,242.969
8.273443,2083.692,244.838,2086.427,243.903
8.278141,1994.284,261.755,2040.356,252.829
8.282379,1994.284,261.755,2017.320,257.292
8.286158,1994.284,261.755,2005.802,259.524
8.290009,1994.284,261.755,2000.043,260.639
8.295095,1994.284,261.755,1997.164,261.197
8.299929,1994.284,261.755,1995.724,261.476
8.304537,1994.284,261.755,1995.004,261.616
8.309713,1908.441,278.782,1951.723,270.199
8.313599,1908.441,278.782,1930.082,274.491
8.318262,1908.441,278.782,1919.262,276.636
8.323557,1908.441,278.782,1913.852,277.709
8.327496,1908.441,278.782,1911.146,278.246
8.331545,1908.441,278.782,1909.794,278.514
8.336704,1844.625,293.646,1877.209,286.080
8.343485,1844.625,293.646,1860.917,289.863
8.348135,1844.625,293.646,1852.771,291.755
8.352812,1844.625,293.646,1848.698,292.700
8.359156,1844.625,293.646,1846.661,293.173
8.364397,1844.625,293.646,1845.643,293.410
8.369457,1803.467,307.580,1824.555,300.495
8.375872,1803.467,307.580,1814.011,304.037
8.381496,1803.467,307.580,1808.739,305.809
8.387365,1803.467,307.580,1806.103,306.694
8.391232,1803.467,307.580,1804.785,307.137
8.396727,1920.573,304.110,1862.679,305.624
8.403330,1920.573,304.110,1891.626,304.867
8.408646,1920.573,304.110,1906.099,304.489
8.412411,1920.573,304.110,1913.336,304.300
8.418352,1920.573,304.110,1916.955,304.205
8.422844,1920.573,304.110,1918.764,304.158
8.426449,1920.573,304.110,1919.668,304.134
8.432804,1920.573,304.110,1920.121,304.122
8.438559,1920.573,304.110,1920.347,304.116
8.443085,1920.573,304.110,1920.460,304.113
8.447613,1920.573,304.110,1920.516,304.112
8.451410,1920.573,304.110,1920.545,304.111
8.455959,1920.573,304.110,1920.559,304.111
8.459261,1920.573,304.110,1920.566,304.111
8.463480,1920.573,304.110,1920.569,304.110
8.468981,1920.573,304.110,1920.571,304.110
8.473158,1920.573,304.110,1920.572,304.110
8.478025,1920.573,304.110,1920.573,304.110
8.481998,1920.573,304.110,1920.573,304.110
8.486073,1920.573,304.110,1920.573,304.110
8.489622,1920.573,304.110,1920.573,304.110
8.494017,1920.573,304.110,1920.573,304.110
8.498112,1920.573,304.110,1920.573,304.110
8.502361,1920.573,304.110,1920.573,304.110
8.507166,1920.573,304.110,1920.573,304.110
8.510897,1920.573,304.110,1920.573,304.110
8.514683,1920.573,304.110,1920.573,304.110
8.518604,1920.573,304.110,1920.573,304.110
8.523058,1920.573,304.110,1920.573,304.110
8.527519,1920.573,304.110,1920.573,304.110
8.533331,1920.573,304.110,1920.573,304.110
8.537941,1920.573,304.110,1920.573,304.110
8.542059,1920.573,304.110,1920.573,304.110
8.545666,1920.573,304.110,1920.573,304.110
8.549330,1920.573,304.110,1920.573,304.110
8.553860,1920.573,304.110,1920.573,304.110
8.558033,1920.573,304.110,1920.573,304.110
8.562159,1920.573,304.110,1920.573,304.110
8.567085,1920.573,304.110,1920.573,304.110
8.571089,1920.573,304.110,1920.573,304.110
8.574814,1920.573,304.110,1920.573,304.110
8.578356,1920.573,304.110,1920.573,304.110
8.587812,1920.573,304.110,1920.573,304.110
8.595415,1920.573,304.110,1920.573,304.110
8.602503,1920.573,304.110,1920.573,304.110
8.609886,3120.533,90.888,2520.553,197.499
8.617094,3120.533,90.888,2820.543,144.194
8.623125,3120.533,90.888,2970.538,117.541
8.628277,3120.533,90.888,3045.535,104.214
8.634665,3120.533,90.888,3083.034,97.551
8.643372,3059.751,171.694,3071.392,134.623
8.651047,3059.751,171.694,3065.572,153.159
8.657524,3059.751,171.694,3062.661,162.427
8.663774,3059.751,171.694,3061.206,167.061
8.671942,3299.022,139.204,3180.114,153.132
8.677103,3299.022,139.204,3239.568,146.168
8.681170,3299.022,139.204,3269.295,142.686
8.685299,3299.022,139.204,3284.158,140.945
8.689581,3299.022,139.204,3291.590,140.075
8.694378,3299.022,139.204,3295.306,139.640
8.699673,3188.116,264.746,3241.711,202.193
8.705717,3188.116,264.746,3214.914,233.469
8.710907,3188.116,264.746,3201.515,249.108
8.715012,3188.116,264.746,3194.815,256.927
8.718760,3188.116,264.746,3191.466,260.836
8.725210,3188.116,264.746,3189.791,262.791
8.729671,3109.120,352.449,3149.455,307.620
8.734612,3109.120,352.449,3129.288,330.034
8.740440,3109.120,352.449,3119.204,341.242
8.744553,3109.120,352.449,3114.162,346.845
8.748878,3109.120,352.449,3111.641,349.647
8.754423,3109.120,352.449,3110.380,351.048
8.758299,3034.786,398.986,3072.583,375.017
8.763107,3034.786,398.986,3053.684,387.001
8.766945,3034.786,398.986,3044.235,392.994
8.772427,3034.786,398.986,3039.510,395.990
8.777380,3034.786,398.986,3037.148,397.488
8.780750,3034.786,398.986,3035.967,398.237
8.786726,3034.786,398.986,3035.376,398.611
8.791357,3034.786,398.986,3035.081,398.798
8.794907,3034.786,398.986,3034.933,398.892
8.801861,3034.786,398.986,3034.859,398.939
8.808065,3034.786,398.986,3034.823,398.962
8.813904,3034.786,398.986,3034.804,398.974
8.818455,3034.786,398.986,3034.795,398.980
8.823437,3034.786,398.986,3034.790,398.983
8.827131,3034.786,398.986,3034.788,398.984
8.832645,3034.786,398.986,3034.787,398.985
8.838224,3034.786,398.986,3034.786,398.985
8.842222,3034.786,398.986,3034.786,398.986
8.847605,3034.786,398.986,3034.786,398.986
8.852978,3034.786,398.986,3034.786,398.986
8.856588,3034.786,398.986,3034.786,398.986
8.861807,3034.786,398.986,3034.786,398.986
8.867180,3034.786,398.986,3034.786,398.986
8.870466,3034.786,398.986,3034.786,398.986
8.875099,3034.786,398.986,3034.786,398.986
8.878588,3034.786,398.986,3034.786,398.986
8.882431,3034.786,398.986,3034.786,398.986
8.885984,3034.786,398.986,3034.786,398.986
8.891045,3034.786,398.986,3034.786,398.986
8.896431,3034.786,398.986,3034.786,398.986
8.899775,3034.786,398.986,3034.786,398.986
8.904842,3034.786,398.986,3034.786,398.986
8.909344,3034.786,398.986,3034.786,398.986
8.914383,3034.786,398.986,3034.786,398.986
8.918266,3034.786,398.986,3034.786,398.986
8.922110,3034.786,398.986,3034.786,398.986
8.928537,3034.786,398.986,3034.786,398.986
8.933037,3034.786,398.986,3034.786,398.986
8.940050,3034.786,398.986,3034.786,398.986
8.945410,3034.786,398.986,3034.786,398.986
8.950876,3034.786,398.986,3034.786,398.986
8.957745,3034.786,398.986,3034.786,398.986
8.967276,3034.786,398.986,3034.786,398.986
8.972698,3034.786,398.986,3034.786,398.986
8.976252,3034.786,398.986,3034.786,398.986
8.980705,3034.786,398.986,3034.786,398.986
8.985697,3034.786,398.986,3034.786,398.986
8.991009,3034.786,398.986,3034.786,398.986
8.995787,3034.786,398.986,3034.786,398.986
8.999205,3034.786,398.986,3034.786,398.986
9.004770,3034.786,398.986,3034.786,398.986
9.008732,3034.786,398.986,3034.786,398.986
9.012264,3034.786,398.986,3034.786,398.986
9.018951,3034.786,398.986,3034.786,398.986
9.023993,3034.786,398.986,3034.786,398.986
9.027460,3034.786,398.986,3034.786,398.986
9.033432,3034.786,398.986,3034.786,398.986
9.039608,3034.786,398.986,3034.786,398.986
9.044695,3034.786,398.986,3034.786,398.986
9.050709,3034.786,398.986,3034.786,398.986
9.056452,3034.786,398.986,3034.786,398.986
9.062080,3034.786,398.986,3034.786,398.986
9.066072,3034.786,398.986,3034.786,398.986
9.071081,3034.786,398.986,3034.786,398.986
9.077473,3034.786,398.986,3034.786,398.986
9.082148,3034.786,398.986,3034.786,398.986
9.088404,3034.786,398.986,3034.786,398.986
9.095261,3326.650,22.259,3180.718,210.623
9.101658,3326.650,22.259,3253.684,116.441
9.108789,3326.650,22.259,3290.167,69.350
9.114784,3326.650,22.259,3308.408,45.805
9.118763,3326.650,22.259,3317.529,34.032
9.124052,3326.650,22.259,3322.090,28.146
9.129700,3326.650,22.259,3324.370,25.202
9.133772,3326.650,22.259,3325.510,23.731
9.138981,3326.650,22.259,3326.080,22.995
9.144892,3326.650,22.259,3326.365,22.627
9.148277,3326.650,22.259,3326.507,22.443
9.152977,3326.650,22.259,3326.579,22.351
9.158876,3326.650,22.259,3326.614,22.305
9.162582,3326.650,22.259,3326.632,22.282
9.167805,3326.650,22.259,3326.641,22.271
9.174002,3326.650,22.259,3326.646,22.265
9.177767,3326.650,22.259,3326.648,22.262
9.182657,2786.618,486.147,3056.633,254.205
9.186962,2786.618,486.147,2921.625,370.176
9.191988,2786.618,486.147,2854.122,428.162
9.197224,2786.618,486.147,2820.370,457.155
9.200970,2786.618,486.147,2803.494,471.651
9.206972,2786.618,486.147,2795.056,478.899
9.212929,2715.994,537.728,2755.525,508.314
9.216730,2715.994,537.728,2735.760,523.021
9.223478,2715.994,537.728,2725.877,530.374
9.228821,2715.994,537.728,2720.936,534.051
9.234497,2715.994,537.728,2718.465,535.890
9.238689,2715.994,537.728,2717.229,536.809
9.243771,2643.895,792.846,2680.562,664.827
9.249943,2643.895,792.846,2662.228,728.837
9.254824,2643.895,792.846,2653.062,760.841
9.269102,2643.895,792.846,2648.478,776.844
9.274330,2601.209,1131.332,2624.844,954.088
9.278189,2601.209,1131.332,2613.026,1042.710
9.282110,2601.209,1131.332,2607.118,1087.021
9.287466,2601.209,1131.332,2604.164,1109.177
9.290541,2601.209,1131.332,2602.687,1120.254
9.294950,2601.209,1131.332,2601.948,1125.793
9.298750,2601.209,1131.332,2601.579,1128.563
9.303911,2570.766,1184.845,2586.172,1156.704
9.308304,2570.766,1184.845,2578.469,1170.775
9.312113,2570.766,1184.845,2574.617,1177.810
9.317732,2570.766,1184.845,2572.691,1181.328
9.321350,2570.766,1184.845,2571.729,1183.086
9.325766,2570.766,1184.845,2571.247,1183.966
9.331314,2708.965,1313.434,2640.106,1248.700
9.335337,2708.965,1313.434,2674.535,1281.067
9.339901,2708.965,1313.434,2691.750,1297.250
9.344658,2708.965,1313.434,2700.357,1305.342
9.349609,2708.965,1313.434,2704.661,1309.388
9.354958,2708.965,1313.434,2706.813,1311.411
9.358927,2708.965,1313.434,2707.889,1312.422
9.364735,2742.397,1283.378,2725.143,1297.900
9.369835,2742.397,1283.378,2733.770,1290.639
9.373953,2742.397,1283.378,2738.084,1287.009
9.379553,2742.397,1283.378,2740.241,1285.193
9.384600,2742.397,1283.378,2741.319,1284.286
9.388161,2742.397,1283.378,2741.858,1283.832
9.394478,2747.062,1231.685,2744.460,1257.758
9.399628,2747.062,1231.685,2745.761,1244.722
9.403814,2747.062,1231.685,2746.412,1238.203
9.409418,2747.062,1231.685,2746.737,1234.944
9.414177,2747.062,1231.685,2746.899,1233.314
9.417595,2747.062,1231.685,2746.981,1232.500
9.423763,2705.247,1164.860,2726.114,1198.680
9.428783,2705.247,1164.860,2715.680,1181.770
9.432209,2705.247,1164.860,2710.464,1173.315
9.438015,2705.247,1164.860,2707.855,1169.088
9.441837,2705.247,1164.860,2706.551,1166.974
9.446390,2705.247,1164.860,2705.899,1165.917
9.450928,2705.247,1164.860,2705.573,1165.389
9.455776,2640.099,1102.385,2672.836,1133.887
9.460361,2640.099,1102.385,2656.468,1118.136
9.464367,2640.099,1102.385,2648.283,1110.260
9.470360,2640.099,1102.385,2644.191,1106.323
9.475407,2640.099,1102.385,2642.145,1104.354
9.478655,2640.099,1102.385,2641.122,1103.369
9.484341,2600.390,1057.175,2620.756,1080.272
9.489704,2600.390,1057.175,2610.573,1068.723
9.493317,2600.390,1057.175,2605.481,1062.949
9.499561,2600.390,1057.175,2602.936,1060.062
9.505878,2600.390,1057.175,2601.663,1058.618
9.511053,2600.390,1057.175,2601.026,1057.897
9.516006,2624.803,1074.250,2612.915,1066.073
9.520824,2624.803,1074.250,2618.859,1070.162
9.524357,2624.803,1074.250,2621.832,1072.206
9.527779,2624.803,1074.250,2623.317,1073.228
9.531670,2624.803,1074.250,2624.061,1073.739
9.536489,2624.803,1074.250,2624.432,1073.994
9.539801,2624.803,1074.250,2624.618,1074.122
9.543226,2465.689,935.660,2545.153,1004.891
9.547222,2465.689,935.660,2505.421,970.275
9.550596,2465.689,935.660,2485.555,952.968
9.554745,2465.689,935.660,2475.622,944.314
9.558712,2465.689,935.660,2470.656,939.987
9.562811,2465.689,935.660,2468.172,937.823
9.566458,2465.689,935.660,2466.931,936.742
9.570089,2465.689,935.660,2466.310,936.201
9.573881,1926.533,529.298,2196.421,732.750
9.579781,1926.533,529.298,2061.477,631.024
9.583670,1926.533,529.298,1994.005,580.161
9.589165,1926.533,529.298,1960.269,554.730
9.598162,1926.533,529.298,1943.401,542.014
9.603102,1926.533,529.298,1934.967,535.656
9.609682,1507.306,214.739,1721.137,375.197
9.613344,1507.306,214.739,1614.221,294.968
9.618437,1507.306,214.739,1560.764,254.853
9.624096,1507.306,214.739,1534.035,234.796
9.628353,1507.306,214.739,1520.671,224.767
9.633364,1507.306,214.739,1513.988,219.753
9.638714,1325.177,72.301,1419.583,146.027
9.643080,1325.177,72.301,1372.380,109.164
9.647961,1325.177,72.301,1348.779,90.733
9.651278,1325.177,72.301,1336.978,81.517
9.657377,1325.177,72.301,1331.078,76.909
9.662416,1325.177,72.301,1328.127,74.605
9.666077,1241.109,-11.492,1284.618,31.557
9.671364,1241.109,-11.492,1262.864,10.033
9.676472,1241.109,-11.492,1251.986,-0.729
9.680079,1241.109,-11.492,1246.548,-6.110
9.685963,1241.109,-11.492,1243.828,-8.801
9.691271,1241.109,-11.492,1242.469,-10.146
9.694931,1200.994,-56.526,1221.731,-33.336
9.700611,1200.994,-56.526,1211.363,-44.931
9.706770,1200.994,-56.526,1206.178,-50.728
9.710182,1200.994,-56.526,1203.586,-53.627
9.714968,1200.994,-56.526,1202.290,-55.076
9.718998,1200.994,-56.526,1201.642,-55.801
9.724005,1200.994,-56.526,1201.318,-56.164
9.728542,1184.210,-99.187,1192.764,-77.675
9.733053,1184.210,-99.187,1188.487,-88.431
9.738445,1184.210,-99.187,1186.349,-93.809
9.743380,1184.210,-99.187,1185.280,-96.498
9.747423,1184.210,-99.187,1184.745,-97.843
9.752525,1184.210,-99.187,1184.478,-98.515
9.756790,1078.652,-185.934,1131.565,-142.224
9.761255,1078.652,-185.934,1105.109,-164.079
9.766706,1078.652,-185.934,1091.880,-175.006
9.770945,1078.652,-185.934,1085.266,-180.470
9.775789,1078.652,-185.934,1081.959,-183.202
9.780188,1078.652,-185.934,1080.306,-184.568
9.785219,1013.659,-244.160,1046.983,-214.364
9.790131,1013.659,-244.160,1030.321,-229.262
9.793533,1013.659,-244.160,1021.990,-236.711
9.800220,1013.659,-244.160,1017.825,-240.435
9.805456,1013.659,-244.160,1015.742,-242.298
9.808832,1013.659,-244.160,1014.701,-243.229
9.814190,1013.659,-244.160,1014.180,-243.694
9.819584,969.866,-279.026,992.023,-261.360
9.823154,969.866,-279.026,980.945,-270.193
9.829170,969.866,-279.026,975.405,-274.609
9.832731,969.866,-279.026,972.636,-276.818
9.836241,969.866,-279.026,971.251,-277.922
9.839554,969.866,-279.026,970.559,-278.474
9.843958,969.866,-279.026,970.212,-278.750
9.847841,940.545,-297.284,955.379,-288.017
9.851254,940.545,-297.284,947.962,-292.651
9.856009,940.545,-297.284,944.253,-294.967
9.861506,940.545,-297.284,942.399,-296.126
9.865921,940.545,-297.284,941.472,-296.705
9.870253,940.545,-297.284,941.008,-296.995
9.875359,924.276,-301.608,932.642,-299.301
9.879644,924.276,-301.608,928.459,-300.454
9.884239,924.276,-301.608,926.367,-301.031
9.889688,924.276,-301.608,925.322,-301.319
9.895002,924.276,-301.608,924.799,-301.463
9.899254,924.276,-301.608,924.537,-301.536
9.903906,924.276,-301.608,924.407,-301.572
9.910048,913.663,-308.468,919.035,-305.020
9.914652,913.663,-308.468,916.349,-306.744
9.919857,913.663,-308.468,915.006,-307.606
9.924902,913.663,-308.468,914.335,-308.037
9.928684,913.663,-308.468,913.999,-308.253
9.932234,913.663,-308.468,913.831,-308.361
9.936804,909.387,-319.124,911.609,-313.742
9.940838,909.387,-319.124,910.498,-316.433
9.944872,909.387,-319.124,909.942,-317.779
9.948944,909.387,-319.124,909.665,-318.451
9.953953,909.387,-319.124,909.526,-318.788
9.957933,909.387,-319.124,909.456,-318.956
9.961571,909.387,-319.124,909.422,-319.040
9.965248,909.387,-319.124,909.404,-319.082
9.970652,904.282,-326.196,906.843,-322.639
9.976786,904.282,-326.196,905.563,-324.417
9.980888,904.282,-326.196,904.922,-325.307
9.986975,904.282,-326.196,904.602,-325.751
9.992308,904.282,-326.196,904.442,-325.974
9.996119,939.106,-287.526,921.774,-306.750
10.001930,939.106,-287.526,930.440,-297.138
10.007150,939.106,-287.526,934.773,-292.332
10.011030,939.106,-287.526,936.940,-289.929
10.016350,939.106,-287.526,938.023,-288.727
10.021480,939.106,-287.526,938.564,-288.127
10.025260,939.106,-287.526,938.835,-287.826
10.030940,1299.213,148.227,1119.024,-69.800
10.036460,1299.213,148.227,1209.119,39.213
10.040610,1299.213,148.227,1254.166,93.720
10.045680,1299.213,148.227,1276.690,120.973
10.049660,1299.213,148.227,1287.951,134.600
10.054270,1299.213,148.227,1293.582,141.413
10.059280,1821.658,531.436,1557.620,336.425
10.063650,1821.658,531.436,1689.639,433.931
10.068490,1821.658,531.436,1755.648,482.683
10.073470,1821.658,531.436,1788.653,507.060
10.077370,1821.658,531.436,1805.156,519.248
10.082180,1821.658,531.436,1813.407,525.342
10.085620,1821.658,531.436,1817.532,528.389
10.090780,2168.331,787.854,1992.932,658.121
10.096530,2168.331,787.854,2080.631,722.987
10.100390,2168.331,787.854,2124.481,755.420
10.105420,2168.331,787.854,2146.406,771.637
10.111630,2168.331,787.854,2157.369,779.745
10.115150,2168.331,787.854,2162.850,783.799
10.120200,2374.273,956.529,2268.561,870.164
10.124790,2374.273,956.529,2321.417,913.347
10.129720,2374.273,956.529,2347.845,934.938
10.134960,2374.273,956.529,2361.059,945.733
10.138960,2374.273,956.529,2367.666,951.131
10.144460,2374.273,956.529,2370.969,953.830
10.149070,2487.455,1034.853,2429.212,994.341
10.152530,2487.455,1034.853,2458.334,1014.597
10.158430,2487.455,1034.853,2472.895,1024.725
10.163490,2487.455,1034.853,2480.175,1029.789
10.166990,2487.455,1034.853,2483.815,1032.321
10.172860,2487.455,1034.853,2485.635,1033.587
10.176700,2487.455,1034.853,2486.545,1034.220
10.181780,2530.964,1058.749,2508.755,1046.484
10.187500,2530.964,1058.749,2519.859,1052.617
10.191930,2530.964,1058.749,2525.412,1055.683
10.196320,2530.964,1058.749,2528.188,1057.216
10.204910,2530.964,1058.749,2529.576,1057.983
10.215560,2472.216,1043.323,2500.896,1050.653
10.221540,2472.216,1043.323,2486.556,1046.988
10.226060,2472.216,1043.323,2479.386,1045.156
10.228820,2472.216,1043.323,2475.801,1044.240
10.234730,2472.216,1043.323,2474.009,1043.781
10.239590,2458.875,1037.382,2466.442,1040.582
10.242640,2458.875,1037.382,2462.659,1038.982
10.246900,2458.875,1037.382,2460.767,1038.182
10.250750,2458.875,1037.382,2459.821,1037.782
10.256350,2458.875,1037.382,2459.348,1037.582
10.261300,2458.875,1037.382,2459.112,1037.482
10.265230,2458.875,1037.382,2458.994,1037.432
10.270440,2435.361,1022.154,2447.177,1029.793
10.274340,2435.361,1022.154,2441.269,1025.973
10.278690,2435.361,1022.154,2438.315,1024.063
10.284390,2435.361,1022.154,2436.838,1023.109
10.287800,2435.361,1022.154,2436.099,1022.631
10.292300,2435.361,1022.154,2435.730,1022.392
10.296000,2435.361,1022.154,2435.545,1022.273
10.301100,2474.121,1024.023,2454.833,1023.148
10.306510,2474.121,1024.023,2464.478,1023.585
10.310240,2474.121,1024.023,2469.299,1023.804
10.317020,2474.121,1024.023,2471.710,1023.913
10.326070,2474.121,1024.023,2472.916,1023.968
10.331730,2460.513,1007.672,2466.714,1015.820
10.336450,2460.513,1007.672,2463.614,1011.746
10.340230,2460.513,1007.672,2462.063,1009.709
10.345930,2460.513,1007.672,2461.288,1008.690
10.349030,2460.513,1007.672,2460.900,1008.181
10.353860,2460.513,1007.672,2460.707,1007.926
10.358720,2485.339,1009.401,2473.023,1008.663
10.363390,2485.339,1009.401,2479.181,1009.032
10.368330,2485.339,1009.401,2482.260,1009.216
10.374700,2485.339,1009.401,2483.800,1009.308
10.379330,2485.339,1009.401,2484.570,1009.354
10.384160,2485.339,1009.401,2484.955,1009.378
10.391160,2502.840,1002.794,2493.897,1006.086
10.396190,2502.840,1002.794,2498.369,1004.440
10.399680,2502.840,1002.794,2500.604,1003.617
10.405000,2502.840,1002.794,2501.722,1003.206
10.408860,2502.840,1002.794,2502.281,1003.000
10.413720,2502.840,1002.794,2502.561,1002.897
10.418170,2502.840,1002.794,2502.701,1002.846
10.422630,2502.488,983.496,2502.594,993.171
10.427850,2502.488,983.496,2502.542,988.334
10.431830,2502.488,983.496,2502.515,985.915
10.436720,2502.488,983.496,2502.501,984.706
10.441960,2502.488,983.496,2502.495,984.101
10.445530,2502.488,983.496,2502.492,983.799
10.450380,2464.766,966.527,2483.629,975.163
10.456740,2464.766,966.527,2474.197,970.845
10.460520,2464.766,966.527,2469.481,968.686
10.465520,2464.766,966.527,2467.124,967.606
10.469310,2464.766,966.527,2465.945,967.066
10.475230,2464.766,966.527,2465.355,966.796
10.481130,2417.613,1008.617,2441.484,987.707
10.487640,2417.613,1008.617,2429.548,998.162
10.492130,2417.613,1008.617,2423.581,1003.389
10.496730,2417.613,1008.617,2420.597,1006.003
10.501050,2417.613,1008.617,2419.105,1007.310
10.505900,2417.613,1008.617,2418.359,1007.963
10.510380,2333.088,1113.580,2375.723,1060.771
10.514400,2333.088,1113.580,2354.406,1087.176
10.519540,2333.088,1113.580,2343.747,1100.378
10.525090,2333.088,1113.580,2338.417,1106.979
10.528470,2333.088,1113.580,2335.753,1110.279
10.532750,2333.088,1113.580,2334.420,1111.929
10.539930,2333.088,1113.580,2333.754,1112.755
10.544170,2266.598,1188.759,2300.176,1150.757
10.550360,2266.598,1188.759,2283.387,1169.758
10.555960,2266.598,1188.759,2274.993,1179.258
10.559530,2266.598,1188.759,2270.795,1184.008
10.564040,2266.598,1188.759,2268.697,1186.383
10.568400,2266.598,1188.759,2267.647,1187.571
10.571930,2222.066,1214.642,2244.857,1201.107
10.576660,2222.066,1214.642,2233.462,1207.875
10.580490,2222.066,1214.642,2227.764,1211.258
10.585810,2222.066,1214.642,2224.915,1212.950
10.589660,2222.066,1214.642,2223.491,1213.796
10.594250,2222.066,1214.642,2222.779,1214.219
10.599080,2222.066,1214.642,2222.422,1214.431
10.603010,2163.287,1208.138,2192.855,1211.284
10.615740,2163.287,1208.138,2178.071,1209.711
10.621330,2163.287,1208.138,2170.679,1208.925
10.624900,2163.287,1208.138,2166.983,1208.531
10.630420,2163.287,1208.138,2165.135,1208.335
10.636640,2153.008,1207.166,2159.071,1207.750
10.640790,2153.008,1207.166,2156.040,1207.458
10.645520,2153.008,1207.166,2154.524,1207.312
10.649090,2153.008,1207.166,2153.766,1207.239
10.653470,2153.008,1207.166,2153.387,1207.202
10.657460,2153.008,1207.166,2153.197,1207.184
10.662970,2140.037,1161.025,2146.617,1184.104
10.667800,2140.037,1161.025,2143.327,1172.565
10.671260,2140.037,1161.025,2141.682,1166.795
10.676980,2140.037,1161.025,2140.860,1163.910
10.681720,2140.037,1161.025,2140.448,1162.468
10.685080,2140.037,1161.025,2140.243,1161.747
10.690720,2140.781,1153.251,2140.512,1157.499
10.696210,2140.781,1153.251,2140.646,1155.375
10.699510,2140.781,1153.251,2140.713,1154.313
10.705500,2140.781,1153.251,2140.747,1153.782
10.710520,2140.781,1153.251,2140.764,1153.517
10.714010,2140.781,1153.251,2140.772,1153.384
10.718160,2140.781,1153.251,2140.777,1153.318
10.723310,2145.380,1180.943,2143.078,1167.130
10.728830,2145.380,1180.943,2144.229,1174.037
10.733300,2145.380,1180.943,2144.804,1177.490
10.738440,2145.380,1180.943,2145.092,1179.217
10.741990,2145.380,1180.943,2145.236,1180.080
10.745420,2145.380,1180.943,2145.308,1180.511
10.750090,2145.380,1180.943,2145.344,1180.727
10.754740,2136.894,1152.706,2141.119,1166.716
10.758420,2136.894,1152.706,2139.007,1159.711
10.761950,2136.894,1152.706,2137.951,1156.208
10.766080,2136.894,1152.706,2137.422,1154.457
10.770380,2136.894,1152.706,2137.158,1153.581
10.774810,2136.894,1152.706,2137.026,1153.143
10.778940,2136.894,1152.706,2136.960,1152.925
10.783490,2124.100,1095.957,2130.530,1124.441
10.787430,2124.100,1095.957,2127.315,1110.198
10.791650,2124.100,1095.957,2125.707,1103.078
10.795740,2124.100,1095.957,2124.903,1099.517
10.800200,2124.100,1095.957,2124.501,1097.737
10.804090,2124.100,1095.957,2124.301,1096.847
10.807750,2124.100,1095.957,2124.200,1096.402
10.811690,2124.100,1095.957,2124.150,1096.179
10.816390,2100.771,1004.543,2112.461,1050.361
10.819840,2100.771,1004.543,2106.616,1027.452
10.823730,2100.771,1004.543,2103.694,1015.997
10.827930,2100.771,1004.543,2102.233,1010.270
10.831840,2100.771,1004.543,2101.502,1007.406
10.835480,2100.771,1004.543,2101.137,1005.975
10.838890,2100.771,1004.543,2100.954,1005.259
10.842920,2098.679,930.597,2099.817,967.928
10.847020,2098.679,930.597,2099.248,949.263
10.850610,2098.679,930.597,2098.964,939.930
10.854550,2098.679,930.597,2098.821,935.264
10.859320,2098.679,930.597,2098.750,932.930
10.863130,2098.679,930.597,2098.715,931.764
10.866760,2098.679,930.597,2098.697,931.181
10.870090,2098.679,930.597,2098.688,930.889
10.875600,2098.837,882.072,2098.762,906.481
10.879410,2098.837,882.072,2098.799,894.276
10.883100,2098.837,882.072,2098.818,888.174
10.887290,2098.837,882.072,2098.827,885.123
10.892500,2098.837,882.072,2098.832,883.598
10.896280,2098.837,882.072,2098.834,882.835
10.899600,2098.837,882.072,2098.835,882.454
10.903810,2107.414,952.960,2103.125,917.707
10.908480,2107.414,952.960,2105.269,935.333
10.911960,2107.414,952.960,2106.341,944.146
10.916080,2107.414,952.960,2106.877,948.553
10.920140,2107.414,952.960,2107.146,950.756
10.924910,2107.414,952.960,2107.280,951.858
10.928540,2107.414,952.960,2107.347,952.409
10.931910,2107.414,952.960,2107.380,952.684
10.936810,2116.615,984.580,2111.998,968.632
10.940920,2116.615,984.580,2114.307,976.606
10.944990,2116.615,984.580,2115.461,980.593
10.948660,2116.615,984.580,2116.038,982.586
10.952740,2116.615,984.580,2116.327,983.583
10.956770,2116.615,984.580,2116.471,984.082
10.960500,2116.615,984.580,2116.543,984.331
10.965080,2109.490,957.327,2113.017,970.829
10.969220,2109.490,957.327,2111.253,964.078
10.973410,2109.490,957.327,2110.372,960.703
10.977690,2109.490,957.327,2109.931,959.015
10.981850,2109.490,957.327,2109.711,958.171
10.985750,2109.490,957.327,2109.601,957.749
10.989430,2109.490,957.327,2109.545,957.538
10.993250,2109.490,957.327,2109.518,957.433
10.997350,2109.490,957.327,2109.504,957.380
11.001300,2109.490,957.327,2109.497,957.354
11.005320,2109.490,957.327,2109.494,957.341
11.009460,2109.490,957.327,2109.492,957.334
11.013890,2109.490,957.327,2109.491,957.331
11.018390,2109.490,957.327,2109.491,957.329
11.022440,1713.993,210.207,1911.742,583.768
11.026400,1713.993,210.207,1812.868,396.988
11.030350,1713.993,210.207,1763.430,303.598
11.034080,1713.993,210.207,1738.712,256.903
11.038180,1713.993,210.207,1726.353,233.555
11.041920,1713.993,210.207,1720.173,221.881
11.046300,1713.993,210.207,1717.083,216.044
11.049980,1713.993,210.207,1715.538,213.126
11.053930,1563.204,1.278,1639.371,107.202
11.058250,1563.204,1.278,1601.288,54.240
11.063170,1563.204,1.278,1582.246,27.759
11.067600,1563.204,1.278,1572.725,14.519
11.071530,1563.204,1.278,1567.965,7.899
11.076660,1563.204,1.278,1565.584,4.588
11.607840,945.609,992.809,1255.596,498.699
11.610970,945.609,992.809,1100.603,745.754
11.613790,945.609,992.809,1023.106,869.281
11.616350,945.609,992.809,984.357,931.045
11.621200,945.609,992.809,964.983,961.927
11.624590,945.609,992.809,955.296,977.368
11.635650,908.986,1007.639,932.141,992.503
11.641260,908.986,1007.639,920.563,1000.071
11.644360,908.986,1007.639,914.774,1003.855
11.648240,908.986,1007.639,911.880,1005.747
11.651220,908.986,1007.639,910.433,1006.693
11.654160,908.986,1007.639,909.709,1007.166
11.659090,884.402,1007.934,897.055,1007.550
11.663650,884.402,1007.934,890.729,1007.742
11.667440,884.402,1007.934,887.565,1007.838
11.671730,884.402,1007.934,885.984,1007.886
11.674950,884.402,1007.934,885.193,1007.910
11.679170,884.402,1007.934,884.797,1007.922
11.682480,884.402,1007.934,884.600,1007.928
11.694800,878.091,1001.434,881.345,1004.681
11.697710,878.091,1001.434,879.718,1003.057
11.701950,878.091,1001.434,878.905,1002.245
11.704500,878.091,1001.434,878.498,1001.840
11.707190,878.091,1001.434,878.295,1001.637
11.711310,878.091,1001.434,878.193,1001.535
11.714830,878.091,1001.434,878.142,1001.484
11.718850,876.177,1001.766,877.160,1001.625
11.723420,876.177,1001.766,876.668,1001.696
11.726620,876.177,1001.766,876.423,1001.731
11.730980,876.177,1001.766,876.300,1001.749
11.734220,876.177,1001.766,876.239,1001.758
11.738300,876.177,1001.766,876.208,1001.762
11.741680,876.177,1001.766,876.193,1001.764
11.748210,873.233,1002.930,874.713,1002.347
11.753320,873.233,1002.930,873.973,1002.638
11.756190,873.233,1002.930,873.603,1002.784
11.761750,873.233,1002.930,873.418,1002.857
11.765640,873.233,1002.930,873.326,1002.893
11.769230,873.233,1002.930,873.279,1002.911
11.771740,873.233,1002.930,873.256,1002.921
11.776980,873.233,1002.930,873.245,1002.925
11.780040,867.726,1005.926,870.486,1004.426
11.784050,867.726,1005.926,869.106,1005.176
11.786630,867.726,1005.926,868.416,1005.551
11.791910,867.726,1005.926,868.071,1005.739
11.795390,867.726,1005.926,867.899,1005.832
11.799310,867.726,1005.926,867.813,1005.879
11.802090,867.726,1005.926,867.769,1005.903
11.807020,867.726,1005.926,867.748,1005.914
11.815320,868.460,1005.257,868.104,1005.586
11.818100,868.460,1005.257,868.282,1005.421
11.824240,868.460,1005.257,868.371,1005.339
11.827770,868.460,1005.257,868.415,1005.298
11.830320,868.460,1005.257,868.438,1005.277
11.832950,868.460,1005.257,868.449,1005.267
11.835880,868.460,1005.257,868.454,1005.262
11.838600,868.460,1005.257,868.457,1005.260
11.841860,869.023,1009.553,868.740,1007.406
11.844750,869.023,1009.553,868.881,1008.480
11.847310,869.023,1009.553,868.952,1009.016
11.850110,869.023,1009.553,868.987,1009.285
11.853870,869.023,1009.553,869.005,1009.419
11.856840,869.023,1009.553,869.014,1009.486
11.859830,869.023,1009.553,869.018,1009.519
11.862680,869.023,1009.553,869.021,1009.536
11.865490,869.023,1009.553,869.022,1009.545
11.868610,869.023,1009.553,869.022,1009.549
11.872140,867.063,1013.609,868.043,1011.579
11.875630,867.063,1013.609,867.553,1012.594
11.878630,867.063,1013.609,867.308,1013.101
11.883640,867.063,1013.609,867.185,1013.355
11.887560,867.063,1013.609,867.124,1013.482
11.890530,867.063,1013.609,867.093,1013.546
11.893700,867.063,1013.609,867.078,1013.577
11.896580,867.063,1013.609,867.070,1013.593
11.900290,867.743,1017.909,867.407,1015.751
11.905530,867.743,1017.909,867.575,1016.830
11.908690,867.743,1017.909,867.659,1017.369
11.912160,867.743,1017.909,867.701,1017.639
11.915940,867.743,1017.909,867.722,1017.774
11.919100,867.743,1017.909,867.732,1017.841
11.922040,867.743,1017.909,867.738,1017.875
11.925340,867.743,1017.909,867.740,1017.892
11.928330,867.743,1017.909,867.742,1017.900
11.932100,868.777,1022.730,868.259,1020.315
11.936260,868.777,1022.730,868.518,1021.522
11.939630,868.777,1022.730,868.648,1022.126
11.943610,868.777,1022.730,868.713,1022.428
11.947880,868.777,1022.730,868.745,1022.579
11.950920,868.777,1022.730,868.761,1022.654
11.953960,868.777,1022.730,868.769,1022.692
11.956810,868.777,1022.730,868.773,1022.711
11.959780,870.341,1026.129,869.557,1024.420
11.965070,870.341,1026.129,869.949,1025.274
11.968210,870.341,1026.129,870.145,1025.702
11.972420,870.341,1026.129,870.243,1025.915
11.976510,870.341,1026.129,870.292,1026.022
11.980750,870.341,1026.129,870.317,1026.075
11.983940,870.341,1026.129,870.329,1026.102
11.987880,870.341,1026.129,870.335,1026.115
11.991000,872.832,1028.992,871.583,1027.553
11.996140,872.832,1028.992,872.207,1028.272
11.999500,872.832,1028.992,872.520,1028.632
12.003550,872.832,1028.992,872.676,1028.812
12.006990,872.832,1028.992,872.754,1028.902
12.011710,872.832,1028.992,872.793,1028.947
12.015090,872.832,1028.992,872.812,1028.969
12.018820,872.832,1028.992,872.822,1028.980
12.023080,874.582,1032.140,873.702,1030.560
12.026990,874.582,1032.140,874.142,1031.350
12.031140,874.582,1032.140,874.362,1031.745
12.034420,874.582,1032.140,874.472,1031.943
12.038140,874.582,1032.140,874.527,1032.042
12.040970,874.582,1032.140,874.555,1032.091
12.046540,874.582,1032.140,874.569,1032.115
12.049850,874.582,1032.140,874.575,1032.128
12.054790,875.349,1033.330,874.962,1032.729
12.058780,875.349,1033.330,875.155,1033.029
12.063820,875.349,1033.330,875.252,1033.179
12.067650,875.349,1033.330,875.300,1033.255
12.070450,875.349,1033.330,875.325,1033.292
12.074130,875.349,1033.330,875.337,1033.311
12.079130,875.349,1033.330,875.343,1033.320
12.083290,875.670,1035.000,875.507,1034.160
12.086430,875.670,1035.000,875.588,1034.580
12.090740,875.670,1035.000,875.629,1034.790
12.094610,875.670,1035.000,875.650,1034.895
12.097670,875.670,1035.000,875.660,1034.948
12.100530,875.670,1035.000,875.665,1034.974
12.103690,875.670,1035.000,875.668,1034.987
12.108430,875.670,1035.000,875.669,1034.994
12.112090,875.724,1035.888,875.696,1035.441
12.116130,875.724,1035.888,875.710,1035.665
12.118890,875.724,1035.888,875.717,1035.776
12.122700,875.724,1035.888,875.720,1035.832
12.126680,875.724,1035.888,875.722,1035.860
12.130610,875.724,1035.888,875.723,1035.874
12.133710,875.724,1035.888,875.723,1035.881
12.138960,875.724,1035.888,875.724,1035.885
12.143810,875.620,1037.982,875.672,1036.934
12.147410,875.620,1037.982,875.646,1037.458
12.151710,875.620,1037.982,875.633,1037.720
12.155930,875.620,1037.982,875.627,1037.851
12.160380,875.620,1037.982,875.624,1037.917
12.163340,875.620,1037.982,875.622,1037.950
12.168130,875.620,1037.982,875.621,1037.966
12.175040,876.121,1040.781,875.871,1039.374
12.178370,876.121,1040.781,875.996,1040.078
12.182670,876.121,1040.781,876.059,1040.429
12.186960,876.121,1040.781,876.090,1040.605
12.189800,876.121,1040.781,876.105,1040.693
12.192750,876.121,1040.781,876.113,1040.737
12.196420,876.121,1040.781,876.117,1040.759
12.199410,876.121,1040.781,876.119,1040.770
12.202290,877.952,1043.512,877.036,1042.141
12.205100,877.952,1043.512,877.494,1042.827
12.208470,877.952,1043.512,877.723,1043.169
12.213660,877.952,1043.512,877.838,1043.341
12.217950,877.952,1043.512,877.895,1043.427
12.220770,877.952,1043.512,877.924,1043.469
12.223510,877.952,1043.512,877.938,1043.491
12.226260,877.952,1043.512,877.945,1043.501
12.229760,877.952,1043.512,877.949,1043.507
12.233370,878.201,1047.264,878.075,1045.385
12.236300,878.201,1047.264,878.138,1046.324
12.238930,878.201,1047.264,878.169,1046.794
12.241670,878.201,1047.264,878.185,1047.029
12.245570,878.201,1047.264,878.193,1047.146
12.248710,878.201,1047.264,878.197,1047.205
12.251470,878.201,1047.264,878.199,1047.234
12.254480,878.201,1047.264,878.200,1047.249
12.257230,878.201,1047.264,878.200,1047.256
12.260790,878.201,1047.264,878.201,1047.260
12.264990,876.259,1051.722,877.230,1049.491
12.267850,876.259,1051.722,876.744,1050.606
12.270610,876.259,1051.722,876.501,1051.164
12.273740,876.259,1051.722,876.380,1051.443
12.277820,876.259,1051.722,876.319,1051.583
12.281110,876.259,1051.722,876.289,1051.652
12.284190,876.259,1051.722,876.274,1051.687
12.287030,876.259,1051.722,876.266,1051.705
12.289920,876.259,1051.722,876.263,1051.713
12.294250,871.243,1056.235,873.753,1053.974
12.297320,871.243,1056.235,872.498,1055.104
12.300180,871.243,1056.235,871.871,1055.670
12.303470,871.243,1056.235,871.557,1055.952
12.307490,871.243,1056.235,871.400,1056.094
12.311350,871.243,1056.235,871.322,1056.164
12.314690,871.243,1056.235,871.283,1056.199
12.317580,871.243,1056.235,871.263,1056.217
12.320280,871.243,1056.235,871.253,1056.226
12.324660,873.138,1053.694,872.196,1054.960
12.328960,873.138,1053.694,872.667,1054.327
12.332570,873.138,1053.694,872.902,1054.010
12.336450,873.138,1053.694,873.020,1053.852
12.352050,417.014,455.625,645.017,754.739
12.358810,420.744,454.474,532.880,604.606
12.363870,420.744,454.474,476.812,529.540
12.368060,420.744,454.474,448.778,492.007
12.372260,420.744,454.474,434.761,473.241
12.375450,420.744,454.474,427.752,463.857
12.379080,420.744,454.474,424.248,459.166
12.382110,420.744,454.474,422.496,456.820
12.386370,419.484,453.647,420.990,455.233
12.402680,419.484,453.647,420.237,454.440
