time,pos_x,pos_y,corrected_pos_x,corrected_pos_y
0.001837,NN,NN,NN,NN
0.017852,NN,NN,NN,NN
0.021718,NN,NN,NN,NN
0.028195,NN,NN,NN,NN
0.031121,NN,NN,NN,NN
0.033260,NN,NN,NN,NN
0.036202,NN,NN,NN,NN
0.039006,NN,NN,NN,NN
0.041374,NN,NN,NN,NN
0.043764,NN,NN,NN,NN
0.046484,NN,NN,NN,NN
0.049437,NN,NN,NN,NN
0.052605,NN,NN,NN,NN
0.055477,NN,NN,NN,NN
0.058452,NN,NN,NN,NN
0.061426,NN,NN,NN,NN
0.064142,NN,NN,NN,NN
0.067451,NN,NN,NN,NN
0.072446,NN,NN,NN,NN
0.077700,NN,NN,NN,NN
0.080551,NN,NN,NN,NN
0.083968,NN,NN,NN,NN
0.088380,NN,NN,NN,NN
0.091613,NN,NN,NN,NN
0.094250,NN,NN,NN,NN
0.097185,NN,NN,NN,NN
0.100138,NN,NN,NN,NN
0.103086,NN,NN,NN,NN
0.106562,NN,NN,NN,NN
0.109737,NN,NN,NN,NN
0.112563,NN,NN,NN,NN
0.115559,NN,NN,NN,NN
0.118655,NN,NN,NN,NN
0.121966,NN,NN,NN,NN
0.124907,NN,NN,NN,NN
0.128130,NN,NN,NN,NN
0.131291,NN,NN,NN,NN
0.134422,NN,NN,NN,NN
0.138077,NN,NN,NN,NN
0.141810,NN,NN,NN,NN
0.145045,NN,NN,NN,NN
0.147840,NN,NN,NN,NN
0.150729,NN,NN,NN,NN
0.153781,NN,NN,NN,NN
0.157152,NN,NN,NN,NN
0.160540,NN,NN,NN,NN
0.163591,NN,NN,NN,NN
0.166920,NN,NN,NN,NN
0.170492,NN,NN,NN,NN
0.173676,NN,NN,NN,NN
0.177106,NN,NN,NN,NN
0.180045,NN,NN,NN,NN
0.182884,NN,NN,NN,NN
0.186286,NN,NN,NN,NN
0.189847,NN,NN,NN,NN
0.193778,NN,NN,NN,NN
0.198037,NN,NN,NN,NN
0.202091,NN,NN,NN,NN
0.206635,NN,NN,NN,NN
0.209916,NN,NN,NN,NN
0.212933,NN,NN,NN,NN
0.215913,NN,NN,NN,NN
0.221767,NN,NN,NN,NN
0.225652,NN,NN,NN,NN
0.228918,NN,NN,NN,NN
0.232026,NN,NN,NN,NN
0.235053,NN,NN,NN,NN
0.238714,NN,NN,NN,NN
0.241992,NN,NN,NN,NN
0.244669,NN,NN,NN,NN
0.247594,NN,NN,NN,NN
0.250582,NN,NN,NN,NN
0.253857,NN,NN,NN,NN
0.257464,NN,NN,NN,NN
0.260954,NN,NN,NN,NN
0.263818,NN,NN,NN,NN
0.266741,NN,NN,NN,NN
0.270064,NN,NN,NN,NN
0.273422,NN,NN,NN,NN
0.276482,NN,NN,NN,NN
0.279472,NN,NN,NN,NN
0.282281,NN,NN,NN,NN
0.286109,NN,NN,NN,NN
0.290022,NN,NN,NN,NN
0.293179,NN,NN,NN,NN
0.296186,NN,NN,NN,NN
0.299181,NN,NN,NN,NN
0.302419,NN,NN,NN,NN
0.305638,NN,NN,NN,NN
0.309451,NN,NN,NN,NN
0.312537,NN,NN,NN,NN
0.315846,NN,NN,NN,NN
0.319349,NN,NN,NN,NN
0.323007,NN,NN,NN,NN
0.326292,NN,NN,NN,NN
0.329177,NN,NN,NN,NN
0.332324,NN,NN,NN,NN
0.335852,NN,NN,NN,NN
0.339718,NN,NN,NN,NN
0.342858,NN,NN,NN,NN
0.345998,NN,NN,NN,NN
0.350041,NN,NN,NN,NN
0.353601,NN,NN,NN,NN
0.356947,NN,NN,NN,NN
0.359945,NN,NN,NN,NN
0.363066,NN,NN,NN,NN
0.365937,NN,NN,NN,NN
0.369491,NN,NN,NN,NN
0.372890,NN,NN,NN,NN
0.375962,NN,NN,NN,NN
0.379426,NN,NN,NN,NN
0.382803,NN,NN,NN,NN
0.386107,NN,NN,NN,NN
0.389396,NN,NN,NN,NN
0.392620,NN,NN,NN,NN
0.395779,NN,NN,NN,NN
0.398871,NN,NN,NN,NN
0.401982,NN,NN,NN,NN
0.405238,NN,NN,NN,NN
0.408739,NN,NN,NN,NN
0.412778,NN,NN,NN,NN
0.416995,NN,NN,NN,NN
0.420631,NN,NN,NN,NN
0.423852,NN,NN,NN,NN
0.427482,NN,NN,NN,NN
0.430916,NN,NN,NN,NN
0.434318,NN,NN,NN,NN
0.438467,NN,NN,NN,NN
0.443052,NN,NN,NN,NN
0.446631,NN,NN,NN,NN
0.449628,NN,NN,NN,NN
0.453214,NN,NN,NN,NN
0.457294,NN,NN,NN,NN
0.461058,NN,NN,NN,NN
0.464267,NN,NN,NN,NN
0.467531,NN,NN,NN,NN
0.472077,NN,NN,NN,NN
0.475993,NN,NN,NN,NN
0.478963,NN,NN,NN,NN
0.482038,NN,NN,NN,NN
0.485058,NN,NN,NN,NN
0.489393,NN,NN,NN,NN
0.493309,NN,NN,NN,NN
0.496549,NN,NN,NN,NN
0.499889,NN,NN,NN,NN
0.503635,NN,NN,NN,NN
0.507250,NN,NN,NN,NN
0.510402,NN,NN,NN,NN
0.513342,NN,NN,NN,NN
0.516204,NN,NN,NN,NN
0.520044,NN,NN,NN,NN
0.523472,NN,NN,NN,NN
0.526479,NN,NN,NN,NN
0.529482,NN,NN,NN,NN
0.532584,NN,NN,NN,NN
0.536552,NN,NN,NN,NN
0.540117,NN,NN,NN,NN
0.543040,NN,NN,NN,NN
0.546508,NN,NN,NN,NN
0.550617,NN,NN,NN,NN
0.557757,NN,NN,NN,NN
0.566494,NN,NN,NN,NN
0.570869,NN,NN,NN,NN
0.574122,NN,NN,NN,NN
0.576779,NN,NN,NN,NN
0.579651,NN,NN,NN,NN
0.582660,NN,NN,NN,NN
0.585594,NN,NN,NN,NN
0.588761,NN,NN,NN,NN
0.591919,NN,NN,NN,NN
0.594955,NN,NN,NN,NN
0.598283,NN,NN,NN,NN
0.602477,NN,NN,NN,NN
0.606511,NN,NN,NN,NN
0.610188,NN,NN,NN,NN
0.613545,NN,NN,NN,NN
0.616706,NN,NN,NN,NN
0.620357,NN,NN,NN,NN
0.623811,NN,NN,NN,NN
0.626788,NN,NN,NN,NN
0.629973,NN,NN,NN,NN
0.632896,NN,NN,NN,NN
0.636185,NN,NN,NN,NN
0.639514,NN,NN,NN,NN
0.643409,NN,NN,NN,NN
0.646763,NN,NN,NN,NN
0.650002,NN,NN,NN,NN
0.653897,NN,NN,NN,NN
0.657465,NN,NN,NN,NN
0.660894,NN,NN,NN,NN
0.663920,NN,NN,NN,NN
0.666939,NN,NN,NN,NN
0.670333,NN,NN,NN,NN
0.673714,NN,NN,NN,NN
0.677404,NN,NN,NN,NN
0.680609,NN,NN,NN,NN
0.683982,NN,NN,NN,NN
0.687239,NN,NN,NN,NN
0.691193,NN,NN,NN,NN
0.694468,NN,NN,NN,NN
0.697304,NN,NN,NN,NN
0.700382,NN,NN,NN,NN
0.703776,NN,NN,NN,NN
0.708315,NN,NN,NN,NN
0.712168,NN,NN,NN,NN
0.715380,NN,NN,NN,NN
0.718506,NN,NN,NN,NN
0.723554,NN,NN,NN,NN
0.727577,NN,NN,NN,NN
0.731728,NN,NN,NN,NN
0.736207,NN,NN,NN,NN
0.740113,NN,NN,NN,NN
0.743871,NN,NN,NN,NN
0.747010,NN,NN,NN,NN
0.749977,NN,NN,NN,NN
0.754091,NN,NN,NN,NN
0.757653,NN,NN,NN,NN
0.760828,NN,NN,NN,NN
0.763852,NN,NN,NN,NN
0.767154,NN,NN,NN,NN
0.770859,NN,NN,NN,NN
0.774510,NN,NN,NN,NN
0.777622,NN,NN,NN,NN
0.780556,NN,NN,NN,NN
0.784006,NN,NN,NN,NN
0.787594,NN,NN,NN,NN
0.790873,NN,NN,NN,NN
0.793896,NN,NN,NN,NN
0.796985,NN,NN,NN,NN
0.800375,NN,NN,NN,NN
0.804202,NN,NN,NN,NN
0.807702,NN,NN,NN,NN
0.810896,NN,NN,NN,NN
0.813946,NN,NN,NN,NN
0.817061,NN,NN,NN,NN
0.820504,NN,NN,NN,NN
0.824585,NN,NN,NN,NN
0.827636,NN,NN,NN,NN
0.830778,NN,NN,NN,NN
0.834163,NN,NN,NN,NN
0.837503,NN,NN,NN,NN
0.840574,NN,NN,NN,NN
0.843658,NN,NN,NN,NN
0.846687,NN,NN,NN,NN
0.849692,NN,NN,NN,NN
0.853193,NN,NN,NN,NN
0.856310,NN,NN,NN,NN
0.859520,NN,NN,NN,NN
0.862922,NN,NN,NN,NN
0.866249,NN,NN,NN,NN
0.869545,NN,NN,NN,NN
0.872788,NN,NN,NN,NN
0.876287,NN,NN,NN,NN
0.879181,NN,NN,NN,NN
0.882299,NN,NN,NN,NN
0.885521,NN,NN,NN,NN
0.888948,NN,NN,NN,NN
0.893183,NN,NN,NN,NN
0.896990,NN,NN,NN,NN
0.900199,NN,NN,NN,NN
0.903430,NN,NN,NN,NN
0.906633,NN,NN,NN,NN
0.909540,NN,NN,NN,NN
0.912733,NN,NN,NN,NN
0.915753,NN,NN,NN,NN
0.918839,NN,NN,NN,NN
0.922558,NN,NN,NN,NN
0.926301,NN,NN,NN,NN
0.929194,NN,NN,NN,NN
0.932077,NN,NN,NN,NN
0.935123,NN,NN,NN,NN
0.938573,NN,NN,NN,NN
0.942331,NN,NN,NN,NN
0.945543,NN,NN,NN,NN
0.948514,NN,NN,NN,NN
0.951681,NN,NN,NN,NN
0.955817,NN,NN,NN,NN
0.959374,NN,NN,NN,NN
0.962390,NN,NN,NN,NN
0.965242,NN,NN,NN,NN
0.968360,NN,NN,NN,NN
0.972049,NN,NN,NN,NN
0.975524,NN,NN,NN,NN
0.978397,NN,NN,NN,NN
0.981389,NN,NN,NN,NN
0.984835,NN,NN,NN,NN
0.988933,NN,NN,NN,NN
0.992224,NN,NN,NN,NN
0.995255,NN,NN,NN,NN
0.998200,NN,NN,NN,NN
1.001716,NN,NN,NN,NN
1.007142,NN,NN,NN,NN
1.013076,NN,NN,NN,NN
1.017903,NN,NN,NN,NN
1.021853,NN,NN,NN,NN
1.025103,NN,NN,NN,NN
1.028036,NN,NN,NN,NN
1.031043,NN,NN,NN,NN
1.034515,NN,NN,NN,NN
1.037823,NN,NN,NN,NN
1.040976,NN,NN,NN,NN
1.044348,NN,NN,NN,NN
1.048006,NN,NN,NN,NN
1.051636,NN,NN,NN,NN
1.055150,NN,NN,NN,NN
1.058298,NN,NN,NN,NN
1.061223,NN,NN,NN,NN
1.064751,NN,NN,NN,NN
1.068849,NN,NN,NN,NN
1.073874,NN,NN,NN,NN
1.078313,NN,NN,NN,NN
1.082231,NN,NN,NN,NN
1.086500,NN,NN,NN,NN
1.091272,NN,NN,NN,NN
1.095903,NN,NN,NN,NN
1.099542,NN,NN,NN,NN
1.104155,NN,NN,NN,NN
1.108469,NN,NN,NN,NN
1.112357,NN,NN,NN,NN
1.115498,NN,NN,NN,NN
1.118684,NN,NN,NN,NN
1.121735,NN,NN,NN,NN
1.124878,NN,NN,NN,NN
1.128397,NN,NN,NN,NN
1.131281,NN,NN,NN,NN
1.134532,NN,NN,NN,NN
1.137967,NN,NN,NN,NN
1.141478,NN,NN,NN,NN
1.144444,NN,NN,NN,NN
1.147238,NN,NN,NN,NN
1.150067,NN,NN,NN,NN
1.153376,NN,NN,NN,NN
1.156984,NN,NN,NN,NN
1.160657,NN,NN,NN,NN
1.163857,NN,NN,NN,NN
1.167143,NN,NN,NN,NN
1.170429,NN,NN,NN,NN
1.173951,NN,NN,NN,NN
1.176932,NN,NN,NN,NN
1.179733,NN,NN,NN,NN
1.182615,NN,NN,NN,NN
1.186011,NN,NN,NN,NN
1.189709,NN,NN,NN,NN
1.193033,NN,NN,NN,NN
1.196338,NN,NN,NN,NN
1.199315,NN,NN,NN,NN
1.202335,NN,NN,NN,NN
1.205629,NN,NN,NN,NN
1.208930,NN,NN,NN,NN
1.211974,NN,NN,NN,NN
1.215167,NN,NN,NN,NN
1.218315,NN,NN,NN,NN
1.222163,NN,NN,NN,NN
1.225564,NN,NN,NN,NN
1.228815,NN,NN,NN,NN
1.231688,NN,NN,NN,NN
1.234974,NN,NN,NN,NN
1.238660,NN,NN,NN,NN
1.241656,NN,NN,NN,NN
1.244809,NN,NN,NN,NN
1.247848,NN,NN,NN,NN
1.250993,NN,NN,NN,NN
1.254535,NN,NN,NN,NN
1.258417,NN,NN,NN,NN
1.261644,NN,NN,NN,NN
1.264605,NN,NN,NN,NN
1.268052,NN,NN,NN,NN
1.271500,NN,NN,NN,NN
1.274893,NN,NN,NN,NN
1.277881,NN,NN,NN,NN
1.280797,NN,NN,NN,NN
1.284020,NN,NN,NN,NN
1.287825,NN,NN,NN,NN
1.290883,NN,NN,NN,NN
1.293725,NN,NN,NN,NN
1.296832,NN,NN,NN,NN
1.300924,NN,NN,NN,NN
1.305262,NN,NN,NN,NN
1.308434,NN,NN,NN,NN
1.311509,NN,NN,NN,NN
1.322604,NN,NN,NN,NN
1.326209,NN,NN,NN,NN
1.329035,NN,NN,NN,NN
1.332007,NN,NN,NN,NN
1.334984,NN,NN,NN,NN
1.337993,NN,NN,NN,NN
1.341290,NN,NN,NN,NN
1.344495,NN,NN,NN,NN
1.347980,NN,NN,NN,NN
1.351081,NN,NN,NN,NN
1.354292,NN,NN,NN,NN
1.357377,NN,NN,NN,NN
1.360190,NN,NN,NN,NN
1.363151,NN,NN,NN,NN
1.366250,NN,NN,NN,NN
1.369455,NN,NN,NN,NN
1.372674,NN,NN,NN,NN
1.375881,NN,NN,NN,NN
1.379121,NN,NN,NN,NN
1.381901,NN,NN,NN,NN
1.384863,NN,NN,NN,NN
1.388006,NN,NN,NN,NN
1.391311,NN,NN,NN,NN
1.394355,NN,NN,NN,NN
1.397394,NN,NN,NN,NN
1.400357,NN,NN,NN,NN
1.403617,NN,NN,NN,NN
1.407730,NN,NN,NN,NN
1.411871,NN,NN,NN,NN
1.415432,NN,NN,NN,NN
1.419184,NN,NN,NN,NN
1.422894,NN,NN,NN,NN
1.426212,NN,NN,NN,NN
1.429214,NN,NN,NN,NN
1.432189,NN,NN,NN,NN
1.435597,NN,NN,NN,NN
1.440014,NN,NN,NN,NN
1.443508,NN,NN,NN,NN
1.446487,NN,NN,NN,NN
1.449357,NN,NN,NN,NN
1.452678,NN,NN,NN,NN
1.456766,NN,NN,NN,NN
1.460073,NN,NN,NN,NN
1.463060,NN,NN,NN,NN
1.466269,NN,NN,NN,NN
1.470231,NN,NN,NN,NN
1.473623,NN,NN,NN,NN
1.476706,NN,NN,NN,NN
1.479667,NN,NN,NN,NN
1.482563,NN,NN,NN,NN
1.487729,NN,NN,NN,NN
1.491116,NN,NN,NN,NN
1.494195,NN,NN,NN,NN
1.497478,NN,NN,NN,NN
1.501094,NN,NN,NN,NN
1.504528,NN,NN,NN,NN
1.508080,NN,NN,NN,NN
1.511172,NN,NN,NN,NN
1.514054,NN,NN,NN,NN
1.517742,NN,NN,NN,NN
1.521160,NN,NN,NN,NN
1.524313,NN,NN,NN,NN
1.527609,NN,NN,NN,NN
1.530721,NN,NN,NN,NN
1.533716,NN,NN,NN,NN
1.537115,NN,NN,NN,NN
1.540319,NN,NN,NN,NN
1.543360,NN,NN,NN,NN
1.547217,NN,NN,NN,NN
1.550805,NN,NN,NN,NN
1.554491,NN,NN,NN,NN
1.558340,NN,NN,NN,NN
1.561530,NN,NN,NN,NN
1.565060,NN,NN,NN,NN
1.568392,NN,NN,NN,NN
1.571763,NN,NN,NN,NN
1.575146,NN,NN,NN,NN
1.578624,NN,NN,NN,NN
1.581964,NN,NN,NN,NN
1.585883,NN,NN,NN,NN
1.589622,NN,NN,NN,NN
1.592647,NN,NN,NN,NN
1.596510,NN,NN,NN,NN
1.599385,NN,NN,NN,NN
1.602366,NN,NN,NN,NN
1.605635,NN,NN,NN,NN
1.609039,NN,NN,NN,NN
1.612127,NN,NN,NN,NN
1.615299,NN,NN,NN,NN
1.618911,NN,NN,NN,NN
1.622504,NN,NN,NN,NN
1.625837,NN,NN,NN,NN
1.629283,NN,NN,NN,NN
1.632284,NN,NN,NN,NN
1.635422,NN,NN,NN,NN
1.639225,NN,NN,NN,NN
1.643357,NN,NN,NN,NN
1.647053,NN,NN,NN,NN
1.650833,NN,NN,NN,NN
1.654353,NN,NN,NN,NN
1.658561,NN,NN,NN,NN
1.662252,NN,NN,NN,NN
1.665685,NN,NN,NN,NN
1.669374,NN,NN,NN,NN
1.673504,NN,NN,NN,NN
1.677612,NN,NN,NN,NN
1.681376,NN,NN,NN,NN
1.685467,NN,NN,NN,NN
1.690107,NN,NN,NN,NN
1.693588,NN,NN,NN,NN
1.696967,NN,NN,NN,NN
1.700181,NN,NN,NN,NN
1.704314,NN,NN,NN,NN
1.709298,NN,NN,NN,NN
1.713194,NN,NN,NN,NN
1.716230,NN,NN,NN,NN
1.719978,NN,NN,NN,NN
1.723881,NN,NN,NN,NN
1.727563,NN,NN,NN,NN
1.730943,NN,NN,NN,NN
1.734196,NN,NN,NN,NN
1.738757,NN,NN,NN,NN
1.742903,NN,NN,NN,NN
1.746211,NN,NN,NN,NN
1.749061,NN,NN,NN,NN
1.753457,NN,NN,NN,NN
1.757125,NN,NN,NN,NN
1.760296,NN,NN,NN,NN
1.763328,NN,NN,NN,NN
1.766733,NN,NN,NN,NN
1.771139,NN,NN,NN,NN
1.774519,NN,NN,NN,NN
1.777388,NN,NN,NN,NN
1.780284,NN,NN,NN,NN
1.783311,NN,NN,NN,NN
1.786622,NN,NN,NN,NN
1.790072,NN,NN,NN,NN
1.793080,NN,NN,NN,NN
1.796444,NN,NN,NN,NN
1.800152,NN,NN,NN,NN
1.803607,NN,NN,NN,NN
1.807028,NN,NN,NN,NN
1.810028,NN,NN,NN,NN
1.813452,NN,NN,NN,NN
1.817752,NN,NN,NN,NN
1.822116,NN,NN,NN,NN
1.825949,NN,NN,NN,NN
1.829599,NN,NN,NN,NN
1.832833,NN,NN,NN,NN
1.835951,NN,NN,NN,NN
1.839149,NN,NN,NN,NN
1.842296,NN,NN,NN,NN
1.845244,NN,NN,NN,NN
1.848255,NN,NN,NN,NN
1.851434,NN,NN,NN,NN
1.854951,NN,NN,NN,NN
1.859247,NN,NN,NN,NN
1.863730,NN,NN,NN,NN
1.866769,NN,NN,NN,NN
1.869894,NN,NN,NN,NN
1.872953,NN,NN,NN,NN
1.876145,NN,NN,NN,NN
1.879194,NN,NN,NN,NN
1.882211,NN,NN,NN,NN
1.885454,NN,NN,NN,NN
1.889606,NN,NN,NN,NN
1.893206,NN,NN,NN,NN
1.896104,NN,NN,NN,NN
1.899056,NN,NN,NN,NN
1.902021,NN,NN,NN,NN
1.905314,NN,NN,NN,NN
1.908525,NN,NN,NN,NN
1.911511,NN,NN,NN,NN
1.914406,NN,NN,NN,NN
1.917521,NN,NN,NN,NN
1.921609,NN,NN,NN,NN
1.924848,NN,NN,NN,NN
1.927848,NN,NN,NN,NN
1.930731,NN,NN,NN,NN
1.933752,NN,NN,NN,NN
1.937533,NN,NN,NN,NN
1.941303,NN,NN,NN,NN
1.944411,NN,NN,NN,NN
1.947405,NN,NN,NN,NN
1.950729,NN,NN,NN,NN
1.954837,NN,NN,NN,NN
1.958123,NN,NN,NN,NN
1.960966,NN,NN,NN,NN
1.963824,NN,NN,NN,NN
1.966842,NN,NN,NN,NN
1.971087,NN,NN,NN,NN
1.974592,NN,NN,NN,NN
1.977691,NN,NN,NN,NN
1.980997,NN,NN,NN,NN
1.984363,NN,NN,NN,NN
1.988098,NN,NN,NN,NN
1.991098,NN,NN,NN,NN
1.993965,NN,NN,NN,NN
1.998002,NN,NN,NN,NN
2.003090,NN,NN,NN,NN
2.006688,NN,NN,NN,NN
2.009937,NN,NN,NN,NN
2.013140,NN,NN,NN,NN
2.016535,NN,NN,NN,NN
2.019905,NN,NN,NN,NN
2.023016,NN,NN,NN,NN
2.025976,NN,NN,NN,NN
2.028850,NN,NN,NN,NN
2.032288,NN,NN,NN,NN
2.035666,NN,NN,NN,NN
2.039083,NN,NN,NN,NN
2.042522,NN,NN,NN,NN
2.045582,NN,NN,NN,NN
2.048573,NN,NN,NN,NN
2.051692,NN,NN,NN,NN
2.055264,NN,NN,NN,NN
2.058517,NN,NN,NN,NN
2.062711,NN,NN,NN,NN
2.065982,NN,NN,NN,NN
2.069819,NN,NN,NN,NN
2.077875,NN,NN,NN,NN
2.084371,NN,NN,NN,NN
2.090703,NN,NN,NN,NN
2.096992,NN,NN,NN,NN
2.107746,NN,NN,NN,NN
2.113872,NN,NN,NN,NN
2.117257,NN,NN,NN,NN
2.120045,NN,NN,NN,NN
2.122844,NN,NN,NN,NN
2.125314,NN,NN,NN,NN
2.127616,NN,NN,NN,NN
2.130180,NN,NN,NN,NN
2.132876,NN,NN,NN,NN
2.135693,NN,NN,NN,NN
2.138832,NN,NN,NN,NN
2.141788,NN,NN,NN,NN
2.144483,NN,NN,NN,NN
2.146960,NN,NN,NN,NN
2.149739,NN,NN,NN,NN
2.152886,NN,NN,NN,NN
2.155986,NN,NN,NN,NN
2.159150,NN,NN,NN,NN
2.162106,NN,NN,NN,NN
2.164952,NN,NN,NN,NN
2.168000,NN,NN,NN,NN
2.171480,NN,NN,NN,NN
2.174668,NN,NN,NN,NN
2.177434,NN,NN,NN,NN
2.180276,NN,NN,NN,NN
2.183153,NN,NN,NN,NN
2.186584,NN,NN,NN,NN
2.190294,NN,NN,NN,NN
2.193871,NN,NN,NN,NN
2.197008,NN,NN,NN,NN
2.199911,NN,NN,NN,NN
2.203313,NN,NN,NN,NN
2.206595,NN,NN,NN,NN
2.209958,NN,NN,NN,NN
2.213084,NN,NN,NN,NN
2.216367,NN,NN,NN,NN
2.220868,NN,NN,NN,NN
2.225352,NN,NN,NN,NN
2.228812,NN,NN,NN,NN
2.232293,NN,NN,NN,NN
2.236038,NN,NN,NN,NN
2.239328,NN,NN,NN,NN
2.242501,NN,NN,NN,NN
2.245359,NN,NN,NN,NN
2.248393,NN,NN,NN,NN
2.251966,NN,NN,NN,NN
2.256103,NN,NN,NN,NN
2.259480,NN,NN,NN,NN
2.262325,NN,NN,NN,NN
2.265561,NN,NN,NN,NN
2.268785,NN,NN,NN,NN
2.272344,NN,NN,NN,NN
2.275433,NN,NN,NN,NN
2.278535,NN,NN,NN,NN
2.281749,NN,NN,NN,NN
2.285130,NN,NN,NN,NN
2.288580,NN,NN,NN,NN
2.291625,NN,NN,NN,NN
2.294889,NN,NN,NN,NN
2.297855,NN,NN,NN,NN
2.300929,NN,NN,NN,NN
2.304311,NN,NN,NN,NN
2.307899,NN,NN,NN,NN
2.311640,NN,NN,NN,NN
2.315112,NN,NN,NN,NN
2.318384,NN,NN,NN,NN
2.321578,NN,NN,NN,NN
2.325111,NN,NN,NN,NN
2.328380,NN,NN,NN,NN
2.331545,NN,NN,NN,NN
2.334769,NN,NN,NN,NN
2.338202,NN,NN,NN,NN
2.341630,NN,NN,NN,NN
2.345033,NN,NN,NN,NN
2.348103,NN,NN,NN,NN
2.351250,NN,NN,NN,NN
2.354731,NN,NN,NN,NN
2.358067,NN,NN,NN,NN
2.361200,NN,NN,NN,NN
2.364295,NN,NN,NN,NN
2.367256,NN,NN,NN,NN
2.371165,NN,NN,NN,NN
2.375528,NN,NN,NN,NN
2.378681,NN,NN,NN,NN
2.381535,NN,NN,NN,NN
2.384519,NN,NN,NN,NN
2.387928,NN,NN,NN,NN
2.391467,NN,NN,NN,NN
2.394660,NN,NN,NN,NN
2.397511,NN,NN,NN,NN
2.400725,NN,NN,NN,NN
2.404779,NN,NN,NN,NN
2.408182,NN,NN,NN,NN
2.411120,NN,NN,NN,NN
2.414021,NN,NN,NN,NN
2.417254,NN,NN,NN,NN
2.420662,NN,NN,NN,NN
2.423830,NN,NN,NN,NN
2.426698,NN,NN,NN,NN
2.429585,NN,NN,NN,NN
2.432894,NN,NN,NN,NN
2.437004,NN,NN,NN,NN
2.440206,NN,NN,NN,NN
2.443218,NN,NN,NN,NN
2.446221,NN,NN,NN,NN
2.449324,NN,NN,NN,NN
2.454180,NN,NN,NN,NN
2.457757,NN,NN,NN,NN
2.460843,NN,NN,NN,NN
2.464010,NN,NN,NN,NN
2.467396,NN,NN,NN,NN
2.470657,NN,NN,NN,NN
2.474024,NN,NN,NN,NN
2.477174,NN,NN,NN,NN
2.480095,NN,NN,NN,NN
2.483213,NN,NN,NN,NN
2.486561,NN,NN,NN,NN
2.489994,NN,NN,NN,NN
2.493211,NN,NN,NN,NN
2.496997,NN,NN,NN,NN
2.500122,NN,NN,NN,NN
2.503569,NN,NN,NN,NN
2.506845,NN,NN,NN,NN
2.509718,NN,NN,NN,NN
2.513749,NN,NN,NN,NN
2.517458,NN,NN,NN,NN
2.521056,NN,NN,NN,NN
2.524532,NN,NN,NN,NN
2.527981,NN,NN,NN,NN
2.530958,NN,NN,NN,NN
2.534070,NN,NN,NN,NN
2.537539,NN,NN,NN,NN
2.540705,NN,NN,NN,NN
2.544236,NN,NN,NN,NN
2.547283,NN,NN,NN,NN
2.550348,NN,NN,NN,NN
2.554208,NN,NN,NN,NN
2.558445,NN,NN,NN,NN
2.561826,NN,NN,NN,NN
2.565024,NN,NN,NN,NN
2.568053,NN,NN,NN,NN
2.571307,NN,NN,NN,NN
2.575408,NN,NN,NN,NN
2.578525,NN,NN,NN,NN
2.581644,NN,NN,NN,NN
2.585236,NN,NN,NN,NN
2.589240,NN,NN,NN,NN
2.592514,NN,NN,NN,NN
2.595605,NN,NN,NN,NN
2.598636,NN,NN,NN,NN
2.601820,NN,NN,NN,NN
2.605942,NN,NN,NN,NN
2.609143,NN,NN,NN,NN
2.612320,NN,NN,NN,NN
2.615570,NN,NN,NN,NN
2.619638,NN,NN,NN,NN
2.624450,NN,NN,NN,NN
2.628122,NN,NN,NN,NN
2.631410,NN,NN,NN,NN
2.635298,NN,NN,NN,NN
2.638849,NN,NN,NN,NN
2.642530,NN,NN,NN,NN
2.646208,NN,NN,NN,NN
2.649611,NN,NN,NN,NN
2.653172,NN,NN,NN,NN
2.656741,NN,NN,NN,NN
2.659757,NN,NN,NN,NN
2.662878,NN,NN,NN,NN
2.666788,NN,NN,NN,NN
2.670718,NN,NN,NN,NN
2.674099,NN,NN,NN,NN
2.677747,NN,NN,NN,NN
2.681022,NN,NN,NN,NN
2.684164,NN,NN,NN,NN
2.687393,NN,NN,NN,NN
2.691137,NN,NN,NN,NN
2.694591,NN,NN,NN,NN
2.697927,NN,NN,NN,NN
2.701275,NN,NN,NN,NN
2.705417,NN,NN,NN,NN
2.709220,NN,NN,NN,NN
2.712516,NN,NN,NN,NN
2.715581,NN,NN,NN,NN
2.719030,NN,NN,NN,NN
2.722242,NN,NN,NN,NN
2.725664,NN,NN,NN,NN
2.728800,NN,NN,NN,NN
2.731833,NN,NN,NN,NN
2.735289,NN,NN,NN,NN
2.739264,NN,NN,NN,NN
2.742892,NN,NN,NN,NN
2.746184,NN,NN,NN,NN
2.749513,NN,NN,NN,NN
2.761328,NN,NN,NN,NN
2.765842,NN,NN,NN,NN
2.769680,NN,NN,NN,NN
2.773586,NN,NN,NN,NN
2.777161,NN,NN,NN,NN
2.779929,NN,NN,NN,NN
2.782607,NN,NN,NN,NN
2.786256,NN,NN,NN,NN
2.789927,NN,NN,NN,NN
2.793661,NN,NN,NN,NN
2.797025,NN,NN,NN,NN
2.800217,NN,NN,NN,NN
2.803304,NN,NN,NN,NN
2.807549,NN,NN,NN,NN
2.810847,NN,NN,NN,NN
2.813561,NN,NN,NN,NN
2.816721,NN,NN,NN,NN
2.819839,NN,NN,NN,NN
2.823362,NN,NN,NN,NN
2.827210,NN,NN,NN,NN
2.830262,NN,NN,NN,NN
2.833111,NN,NN,NN,NN
2.836432,NN,NN,NN,NN
2.840080,NN,NN,NN,NN
2.843055,NN,NN,NN,NN
2.846164,NN,NN,NN,NN
2.849380,NN,NN,NN,NN
2.852588,NN,NN,NN,NN
2.856957,NN,NN,NN,NN
2.860428,NN,NN,NN,NN
2.863424,NN,NN,NN,NN
2.866528,NN,NN,NN,NN
2.870173,NN,NN,NN,NN
2.874179,NN,NN,NN,NN
2.877611,NN,NN,NN,NN
2.880688,NN,NN,NN,NN
2.883735,NN,NN,NN,NN
2.887624,NN,NN,NN,NN
2.891478,NN,NN,NN,NN
2.894573,NN,NN,NN,NN
2.897629,NN,NN,NN,NN
2.900681,NN,NN,NN,NN
2.904334,NN,NN,NN,NN
2.907937,NN,NN,NN,NN
2.911098,NN,NN,NN,NN
2.914300,NN,NN,NN,NN
2.917815,NN,NN,NN,NN
2.922809,NN,NN,NN,NN
2.926286,NN,NN,NN,NN
2.929309,NN,NN,NN,NN
2.932282,NN,NN,NN,NN
2.936394,NN,NN,NN,NN
2.939890,NN,NN,NN,NN
2.942945,NN,NN,NN,NN
2.946362,NN,NN,NN,NN
2.950348,NN,NN,NN,NN
2.953877,NN,NN,NN,NN
2.957617,NN,NN,NN,NN
2.960685,NN,NN,NN,NN
2.963767,NN,NN,NN,NN
2.968321,NN,NN,NN,NN
2.972736,NN,NN,NN,NN
2.976970,NN,NN,NN,NN
2.980801,NN,NN,NN,NN
2.984225,NN,NN,NN,NN
2.987798,NN,NN,NN,NN
2.991266,NN,NN,NN,NN
2.994447,NN,NN,NN,NN
2.997759,NN,NN,NN,NN
3.000933,NN,NN,NN,NN
3.004260,NN,NN,NN,NN
3.007830,NN,NN,NN,NN
3.011558,NN,NN,NN,NN
3.014911,NN,NN,NN,NN
3.018079,NN,NN,NN,NN
3.021622,NN,NN,NN,NN
3.024760,NN,NN,NN,NN
3.029250,NN,NN,NN,NN
3.033199,NN,NN,NN,NN
3.037780,NN,NN,NN,NN
3.042091,NN,NN,NN,NN
3.045354,NN,NN,NN,NN
3.048420,NN,NN,NN,NN
3.051483,NN,NN,NN,NN
3.054918,NN,NN,NN,NN
3.058908,NN,NN,NN,NN
3.062143,NN,NN,NN,NN
3.065123,NN,NN,NN,NN
3.068541,NN,NN,NN,NN
3.072294,NN,NN,NN,NN
3.075902,NN,NN,NN,NN
3.078865,NN,NN,NN,NN
3.081671,NN,NN,NN,NN
3.084681,NN,NN,NN,NN
3.088460,NN,NN,NN,NN
3.091828,NN,NN,NN,NN
3.094882,NN,NN,NN,NN
3.098121,NN,NN,NN,NN
3.101583,NN,NN,NN,NN
3.105309,NN,NN,NN,NN
3.108496,NN,NN,NN,NN
3.111279,NN,NN,NN,NN
3.114157,NN,NN,NN,NN
3.117229,NN,NN,NN,NN
3.120811,NN,NN,NN,NN
3.124016,NN,NN,NN,NN
3.127035,NN,NN,NN,NN
3.130271,NN,NN,NN,NN
3.133355,NN,NN,NN,NN
3.136881,NN,NN,NN,NN
3.140393,NN,NN,NN,NN
3.143509,NN,NN,NN,NN
3.146523,NN,NN,NN,NN
3.149535,NN,NN,NN,NN
3.152622,NN,NN,NN,NN
3.156197,NN,NN,NN,NN
3.159661,NN,NN,NN,NN
3.162848,NN,NN,NN,NN
3.165990,NN,NN,NN,NN
3.169131,NN,NN,NN,NN
3.172312,NN,NN,NN,NN
3.175283,NN,NN,NN,NN
3.178519,NN,NN,NN,NN
3.182440,NN,NN,NN,NN
3.186016,NN,NN,NN,NN
3.190233,NN,NN,NN,NN
3.193543,NN,NN,NN,NN
3.197062,NN,NN,NN,NN
3.200444,NN,NN,NN,NN
3.203639,NN,NN,NN,NN
3.207253,NN,NN,NN,NN
3.210654,NN,NN,NN,NN
3.213617,NN,NN,NN,NN
3.216767,NN,NN,NN,NN
3.220600,NN,NN,NN,NN
3.223886,NN,NN,NN,NN
3.227167,NN,NN,NN,NN
3.230164,NN,NN,NN,NN
3.233074,NN,NN,NN,NN
3.236673,NN,NN,NN,NN
3.240482,NN,NN,NN,NN
3.244080,NN,NN,NN,NN
3.247417,NN,NN,NN,NN
3.251135,NN,NN,NN,NN
3.254947,NN,NN,NN,NN
3.259127,NN,NN,NN,NN
3.262327,NN,NN,NN,NN
3.265475,NN,NN,NN,NN
3.269373,NN,NN,NN,NN
3.273238,NN,NN,NN,NN
3.276664,NN,NN,NN,NN
3.280122,NN,NN,NN,NN
3.283308,NN,NN,NN,NN
3.287078,NN,NN,NN,NN
3.290683,NN,NN,NN,NN
3.293935,NN,NN,NN,NN
3.296980,NN,NN,NN,NN
3.300138,NN,NN,NN,NN
3.304048,NN,NN,NN,NN
3.308080,NN,NN,NN,NN
3.311664,NN,NN,NN,NN
3.314829,NN,NN,NN,NN
3.318485,NN,NN,NN,NN
3.322975,NN,NN,NN,NN
3.326706,NN,NN,NN,NN
3.329813,NN,NN,NN,NN
3.332731,NN,NN,NN,NN
3.335811,NN,NN,NN,NN
3.339525,NN,NN,NN,NN
3.343223,NN,NN,NN,NN
3.346283,NN,NN,NN,NN
3.349572,NN,NN,NN,NN
3.352885,NN,NN,NN,NN
3.356329,NN,NN,NN,NN
3.359472,NN,NN,NN,NN
3.362487,NN,NN,NN,NN
3.365624,NN,NN,NN,NN
3.370645,NN,NN,NN,NN
3.374475,NN,NN,NN,NN
3.377482,NN,NN,NN,NN
3.380951,NN,NN,NN,NN
3.384306,NN,NN,NN,NN
3.387805,NN,NN,NN,NN
3.391534,NN,NN,NN,NN
3.394939,NN,NN,NN,NN
3.398088,NN,NN,NN,NN
3.401698,NN,NN,NN,NN
3.405526,NN,NN,NN,NN
3.408636,NN,NN,NN,NN
3.411877,NN,NN,NN,NN
3.414924,NN,NN,NN,NN
3.418106,NN,NN,NN,NN
3.421412,NN,NN,NN,NN
3.424911,NN,NN,NN,NN
3.429173,NN,NN,NN,NN
3.441039,NN,NN,NN,NN
3.453694,NN,NN,NN,NN
3.457096,NN,NN,NN,NN
3.460464,NN,NN,NN,NN
3.463258,NN,NN,NN,NN
3.465817,NN,NN,NN,NN
3.468674,NN,NN,NN,NN
3.471996,NN,NN,NN,NN
3.474809,NN,NN,NN,NN
3.477486,NN,NN,NN,NN
3.480397,NN,NN,NN,NN
3.483065,NN,NN,NN,NN
3.486564,NN,NN,NN,NN
3.490963,NN,NN,NN,NN
3.494154,NN,NN,NN,NN
3.497073,NN,NN,NN,NN
3.500196,NN,NN,NN,NN
3.503531,NN,NN,NN,NN
3.507180,NN,NN,NN,NN
3.510723,NN,NN,NN,NN
3.513708,NN,NN,NN,NN
3.516601,NN,NN,NN,NN
3.520910,NN,NN,NN,NN
3.524566,NN,NN,NN,NN
3.527549,NN,NN,NN,NN
3.530436,NN,NN,NN,NN
3.533266,NN,NN,NN,NN
3.537180,NN,NN,NN,NN
3.541207,NN,NN,NN,NN
3.544295,NN,NN,NN,NN
3.547443,NN,NN,NN,NN
3.550821,NN,NN,NN,NN
3.554683,NN,NN,NN,NN
3.558471,NN,NN,NN,NN
3.561354,NN,NN,NN,NN
3.564144,NN,NN,NN,NN
3.567862,NN,NN,NN,NN
3.572337,NN,NN,NN,NN
3.575927,NN,NN,NN,NN
3.579056,NN,NN,NN,NN
3.583013,NN,NN,NN,NN
3.586927,NN,NN,NN,NN
3.590107,NN,NN,NN,NN
3.592957,NN,NN,NN,NN
3.595715,NN,NN,NN,NN
3.598956,NN,NN,NN,NN
3.602656,NN,NN,NN,NN
3.605932,NN,NN,NN,NN
3.609076,NN,NN,NN,NN
3.612590,NN,NN,NN,NN
3.616127,NN,NN,NN,NN
3.619550,NN,NN,NN,NN
3.622658,NN,NN,NN,NN
3.625702,NN,NN,NN,NN
3.628899,NN,NN,NN,NN
3.632306,NN,NN,NN,NN
3.635467,NN,NN,NN,NN
3.638850,NN,NN,NN,NN
3.642960,NN,NN,NN,NN
3.646414,NN,NN,NN,NN
3.649426,NN,NN,NN,NN
3.652527,NN,NN,NN,NN
3.655950,NN,NN,NN,NN
3.658887,NN,NN,NN,NN
3.662451,NN,NN,NN,NN
3.665671,NN,NN,NN,NN
3.668996,NN,NN,NN,NN
3.672826,NN,NN,NN,NN
3.676501,NN,NN,NN,NN
3.679601,NN,NN,NN,NN
3.682763,NN,NN,NN,NN
3.685977,NN,NN,NN,NN
3.689425,NN,NN,NN,NN
3.693121,NN,NN,NN,NN
3.696109,NN,NN,NN,NN
3.699096,NN,NN,NN,NN
3.702518,NN,NN,NN,NN
3.706299,NN,NN,NN,NN
3.709690,NN,NN,NN,NN
3.712543,NN,NN,NN,NN
3.715466,NN,NN,NN,NN
3.718622,NN,NN,NN,NN
3.722479,NN,NN,NN,NN
3.726548,NN,NN,NN,NN
3.730008,NN,NN,NN,NN
3.733343,NN,NN,NN,NN
3.736816,NN,NN,NN,NN
3.740686,NN,NN,NN,NN
3.744222,NN,NN,NN,NN
3.747513,NN,NN,NN,NN
3.751653,NN,NN,NN,NN
3.756497,NN,NN,NN,NN
3.760159,NN,NN,NN,NN
3.763866,NN,NN,NN,NN
3.767282,NN,NN,NN,NN
3.771413,NN,NN,NN,NN
3.775916,NN,NN,NN,NN
3.780268,NN,NN,NN,NN
3.784291,NN,NN,NN,NN
3.788988,NN,NN,NN,NN
3.792673,NN,NN,NN,NN
3.796239,NN,NN,NN,NN
3.799319,NN,NN,NN,NN
3.803233,NN,NN,NN,NN
3.806861,NN,NN,NN,NN
3.810346,NN,NN,NN,NN
3.813393,NN,NN,NN,NN
3.816381,NN,NN,NN,NN
3.820117,NN,NN,NN,NN
3.823970,NN,NN,NN,NN
3.827286,NN,NN,NN,NN
3.830048,NN,NN,NN,NN
3.833356,NN,NN,NN,NN
3.838489,NN,NN,NN,NN
3.842565,NN,NN,NN,NN
3.845961,NN,NN,NN,NN
3.849244,NN,NN,NN,NN
3.853100,NN,NN,NN,NN
3.856809,NN,NN,NN,NN
3.859859,NN,NN,NN,NN
3.862685,NN,NN,NN,NN
3.865758,NN,NN,NN,NN
3.868939,NN,NN,NN,NN
3.872475,NN,NN,NN,NN
3.876479,NN,NN,NN,NN
3.880006,NN,NN,NN,NN
3.884005,NN,NN,NN,NN
3.887696,NN,NN,NN,NN
3.891571,NN,NN,NN,NN
3.894843,NN,NN,NN,NN
3.898067,NN,NN,NN,NN
3.901596,NN,NN,NN,NN
3.905283,NN,NN,NN,NN
3.908551,NN,NN,NN,NN
3.912026,NN,NN,NN,NN
3.915574,NN,NN,NN,NN
3.918843,NN,NN,NN,NN
3.922325,NN,NN,NN,NN
3.925324,NN,NN,NN,NN
3.928452,NN,NN,NN,NN
3.931487,NN,NN,NN,NN
3.934751,NN,NN,NN,NN
3.937969,NN,NN,NN,NN
3.941952,NN,NN,NN,NN
3.945542,NN,NN,NN,NN
3.948775,NN,NN,NN,NN
3.951947,NN,NN,NN,NN
3.955256,NN,NN,NN,NN
3.958790,NN,NN,NN,NN
3.962020,NN,NN,NN,NN
3.965015,NN,NN,NN,NN
3.968121,NN,NN,NN,NN
3.971614,NN,NN,NN,NN
3.975518,NN,NN,NN,NN
3.978717,NN,NN,NN,NN
3.981524,NN,NN,NN,NN
3.984540,NN,NN,NN,NN
3.988117,NN,NN,NN,NN
3.992071,NN,NN,NN,NN
3.995301,NN,NN,NN,NN
3.998393,NN,NN,NN,NN
4.002769,NN,NN,NN,NN
4.006815,NN,NN,NN,NN
4.010220,NN,NN,NN,NN
4.013131,NN,NN,NN,NN
4.015982,NN,NN,NN,NN
4.019395,NN,NN,NN,NN
4.023140,NN,NN,NN,NN
4.026279,NN,NN,NN,NN
4.029061,NN,NN,NN,NN
4.032399,NN,NN,NN,NN
4.036698,NN,NN,NN,NN
4.040125,NN,NN,NN,NN
4.043154,NN,NN,NN,NN
4.046052,NN,NN,NN,NN
4.049077,NN,NN,NN,NN
4.052879,NN,NN,NN,NN
4.056535,NN,NN,NN,NN
4.059744,NN,NN,NN,NN
4.062896,NN,NN,NN,NN
4.066534,NN,NN,NN,NN
4.069993,NN,NN,NN,NN
4.073410,NN,NN,NN,NN
4.076523,NN,NN,NN,NN
4.079539,NN,NN,NN,NN
4.082591,NN,NN,NN,NN
4.086068,NN,NN,NN,NN
4.089368,NN,NN,NN,NN
4.092359,NN,NN,NN,NN
4.095668,NN,NN,NN,NN
4.098961,NN,NN,NN,NN
4.102069,NN,NN,NN,NN
4.105657,NN,NN,NN,NN
4.108678,NN,NN,NN,NN
4.111821,NN,NN,NN,NN
4.115011,NN,NN,NN,NN
4.118134,NN,NN,NN,NN
4.129377,NN,NN,NN,NN
4.133523,NN,NN,NN,NN
4.136884,NN,NN,NN,NN
4.140254,NN,NN,NN,NN
4.143198,NN,NN,NN,NN
4.146084,NN,NN,NN,NN
4.148686,NN,NN,NN,NN
4.151711,NN,NN,NN,NN
4.155368,NN,NN,NN,NN
4.158596,NN,NN,NN,NN
4.161836,NN,NN,NN,NN
4.164520,NN,NN,NN,NN
4.167294,NN,NN,NN,NN
4.170274,NN,NN,NN,NN
4.173454,NN,NN,NN,NN
4.176592,NN,NN,NN,NN
4.179504,NN,NN,NN,NN
4.182344,NN,NN,NN,NN
4.185845,NN,NN,NN,NN
4.189389,NN,NN,NN,NN
4.192970,NN,NN,NN,NN
4.196006,NN,NN,NN,NN
4.198905,NN,NN,NN,NN
4.201926,NN,NN,NN,NN
4.205435,NN,NN,NN,NN
4.209112,NN,NN,NN,NN
4.212173,NN,NN,NN,NN
4.215462,NN,NN,NN,NN
4.218799,NN,NN,NN,NN
4.222093,NN,NN,NN,NN
4.225126,NN,NN,NN,NN
4.228152,NN,NN,NN,NN
4.231032,NN,NN,NN,NN
4.234102,NN,NN,NN,NN
4.237516,NN,NN,NN,NN
4.241033,NN,NN,NN,NN
4.245482,NN,NN,NN,NN
4.249578,NN,NN,NN,NN
4.253602,NN,NN,NN,NN
4.257474,NN,NN,NN,NN
4.260549,NN,NN,NN,NN
4.263494,NN,NN,NN,NN
4.266850,NN,NN,NN,NN
4.270649,NN,NN,NN,NN
4.274450,NN,NN,NN,NN
4.278037,NN,NN,NN,NN
4.280988,NN,NN,NN,NN
4.283931,NN,NN,NN,NN
4.287403,NN,NN,NN,NN
4.290708,NN,NN,NN,NN
4.293719,NN,NN,NN,NN
4.296935,NN,NN,NN,NN
4.300136,NN,NN,NN,NN
4.303668,NN,NN,NN,NN
4.307770,NN,NN,NN,NN
4.310917,NN,NN,NN,NN
4.313997,NN,NN,NN,NN
4.317246,NN,NN,NN,NN
4.320382,NN,NN,NN,NN
4.323751,NN,NN,NN,NN
4.327055,NN,NN,NN,NN
4.329881,NN,NN,NN,NN
4.333182,NN,NN,NN,NN
4.337190,NN,NN,NN,NN
4.340804,NN,NN,NN,NN
4.343879,NN,NN,NN,NN
4.347222,NN,NN,NN,NN
4.350286,NN,NN,NN,NN
4.353458,NN,NN,NN,NN
4.356956,NN,NN,NN,NN
4.359995,NN,NN,NN,NN
4.362866,NN,NN,NN,NN
4.365961,NN,NN,NN,NN
4.369478,NN,NN,NN,NN
4.372934,NN,NN,NN,NN
4.375983,NN,NN,NN,NN
4.379231,NN,NN,NN,NN
4.382201,NN,NN,NN,NN
4.385603,NN,NN,NN,NN
4.388982,NN,NN,NN,NN
4.392303,NN,NN,NN,NN
4.396243,NN,NN,NN,NN
4.399761,NN,NN,NN,NN
4.403151,NN,NN,NN,NN
4.406440,NN,NN,NN,NN
4.409709,NN,NN,NN,NN
4.412550,NN,NN,NN,NN
4.415653,NN,NN,NN,NN
4.419050,NN,NN,NN,NN
4.422295,NN,NN,NN,NN
4.425601,NN,NN,NN,NN
4.428964,NN,NN,NN,NN
4.431952,NN,NN,NN,NN
4.434977,NN,NN,NN,NN
4.438367,NN,NN,NN,NN
4.442348,NN,NN,NN,NN
4.445720,NN,NN,NN,NN
4.448725,NN,NN,NN,NN
4.451766,NN,NN,NN,NN
4.455733,NN,NN,NN,NN
4.459694,NN,NN,NN,NN
4.462763,NN,NN,NN,NN
4.465855,NN,NN,NN,NN
4.469063,NN,NN,NN,NN
4.472420,NN,NN,NN,NN
4.475616,NN,NN,NN,NN
4.478693,NN,NN,NN,NN
4.481492,NN,NN,NN,NN
4.484751,NN,NN,NN,NN
4.489169,NN,NN,NN,NN
4.492468,NN,NN,NN,NN
4.495383,NN,NN,NN,NN
4.498194,NN,NN,NN,NN
4.501378,NN,NN,NN,NN
4.504856,NN,NN,NN,NN
4.508515,NN,NN,NN,NN
4.511674,NN,NN,NN,NN
4.514733,NN,NN,NN,NN
4.518617,NN,NN,NN,NN
4.522539,NN,NN,NN,NN
4.525661,NN,NN,NN,NN
4.528695,NN,NN,NN,NN
4.531571,NN,NN,NN,NN
4.536074,NN,NN,NN,NN
4.540209,NN,NN,NN,NN
4.543346,NN,NN,NN,NN
4.546578,NN,NN,NN,NN
4.550768,NN,NN,NN,NN
4.554278,NN,NN,NN,NN
4.557577,NN,NN,NN,NN
4.560529,NN,NN,NN,NN
4.563403,NN,NN,NN,NN
4.567012,NN,NN,NN,NN
4.570575,NN,NN,NN,NN
4.574142,NN,NN,NN,NN
4.577456,NN,NN,NN,NN
4.580830,NN,NN,NN,NN
4.584263,NN,NN,NN,NN
4.587590,NN,NN,NN,NN
4.591043,NN,NN,NN,NN
4.594012,NN,NN,NN,NN
4.597126,NN,NN,NN,NN
4.600188,NN,NN,NN,NN
4.603414,NN,NN,NN,NN
4.607033,NN,NN,NN,NN
4.610409,NN,NN,NN,NN
4.613500,NN,NN,NN,NN
4.616610,NN,NN,NN,NN
4.619882,NN,NN,NN,NN
4.623032,NN,NN,NN,NN
4.634497,NN,NN,NN,NN
4.638759,NN,NN,NN,NN
4.643439,NN,NN,NN,NN
4.647552,NN,NN,NN,NN
4.652786,NN,NN,NN,NN
4.657920,NN,NN,NN,NN
4.660862,NN,NN,NN,NN
4.664993,NN,NN,NN,NN
4.668101,NN,NN,NN,NN
4.672813,NN,NN,NN,NN
4.676251,NN,NN,NN,NN
4.680483,NN,NN,NN,NN
4.683285,NN,NN,NN,NN
4.688047,NN,NN,NN,NN
4.691641,NN,NN,NN,NN
4.696176,NN,NN,NN,NN
4.699389,NN,NN,NN,NN
4.704222,NN,NN,NN,NN
4.709388,NN,NN,NN,NN
4.712147,NN,NN,NN,NN
4.716112,NN,NN,NN,NN
4.719604,NN,NN,NN,NN
4.724488,NN,NN,NN,NN
4.727586,NN,NN,NN,NN
4.731819,NN,NN,NN,NN
4.734909,NN,NN,NN,NN
4.739755,NN,NN,NN,NN
4.742908,NN,NN,NN,NN
4.746748,NN,NN,NN,NN
4.750081,NN,NN,NN,NN
4.755109,NN,NN,NN,NN
4.759291,NN,NN,NN,NN
4.764249,NN,NN,NN,NN
4.770757,NN,NN,NN,NN
4.774753,NN,NN,NN,NN
4.779157,NN,NN,NN,NN
4.783094,NN,NN,NN,NN
4.788385,NN,NN,NN,NN
4.795341,NN,NN,NN,NN
4.802292,NN,NN,NN,NN
4.808440,NN,NN,NN,NN
4.813969,NN,NN,NN,NN
4.818843,NN,NN,NN,NN
4.823949,NN,NN,NN,NN
4.826806,NN,NN,NN,NN
4.831133,NN,NN,NN,NN
4.839466,NN,NN,NN,NN
4.849320,NN,NN,NN,NN
4.854212,NN,NN,NN,NN
4.857057,NN,NN,NN,NN
4.861098,NN,NN,NN,NN
4.863659,NN,NN,NN,NN
4.867233,NN,NN,NN,NN
4.870503,NN,NN,NN,NN
4.875209,NN,NN,NN,NN
4.878465,NN,NN,NN,NN
4.881443,NN,NN,NN,NN
4.884149,NN,NN,NN,NN
4.886967,NN,NN,NN,NN
4.892087,NN,NN,NN,NN
4.896415,NN,NN,NN,NN
4.899363,NN,NN,NN,NN
4.903890,NN,NN,NN,NN
4.907305,NN,NN,NN,NN
4.911981,NN,NN,NN,NN
4.915051,NN,NN,NN,NN
4.919179,NN,NN,NN,NN
4.924080,NN,NN,NN,NN
4.928105,NN,NN,NN,NN
4.932003,NN,NN,NN,NN
4.936319,NN,NN,NN,NN
4.940143,NN,NN,NN,NN
4.945805,NN,NN,NN,NN
4.950064,NN,NN,NN,NN
4.953260,NN,NN,NN,NN
4.958468,NN,NN,NN,NN
4.961370,NN,NN,NN,NN
4.965153,NN,NN,NN,NN
4.968125,NN,NN,NN,NN
4.975083,NN,NN,NN,NN
4.980906,NN,NN,NN,NN
4.986970,NN,NN,NN,NN
4.990986,NN,NN,NN,NN
4.994148,NN,NN,NN,NN
4.997220,NN,NN,NN,NN
5.000951,NN,NN,NN,NN
5.004997,NN,NN,NN,NN
5.008481,NN,NN,NN,NN
5.011649,NN,NN,NN,NN
5.014844,NN,NN,NN,NN
5.020345,NN,NN,NN,NN
5.025604,NN,NN,NN,NN
5.028853,NN,NN,NN,NN
5.033784,NN,NN,NN,NN
5.039424,NN,NN,NN,NN
5.042871,NN,NN,NN,NN
5.047870,NN,NN,NN,NN
5.054552,NN,NN,NN,NN
5.058953,NN,NN,NN,NN
5.064169,NN,NN,NN,NN
5.069405,NN,NN,NN,NN
5.074973,NN,NN,NN,NN
5.079713,NN,NN,NN,NN
5.085671,NN,NN,NN,NN
5.092073,NN,NN,NN,NN
5.096455,NN,NN,NN,NN
5.100418,NN,NN,NN,NN
5.106700,NN,NN,NN,NN
5.111012,NN,NN,NN,NN
5.115187,NN,NN,NN,NN
5.121649,NN,NN,NN,NN
5.124902,NN,NN,NN,NN
5.129188,NN,NN,NN,NN
5.132126,NN,NN,NN,NN
5.136323,NN,NN,NN,NN
5.139516,NN,NN,NN,NN
5.144371,NN,NN,NN,NN
5.148704,NN,NN,NN,NN
5.153232,NN,NN,NN,NN
5.159024,NN,NN,NN,NN
5.161814,NN,NN,NN,NN
5.164266,NN,NN,NN,NN
5.168608,NN,NN,NN,NN
5.171936,NN,NN,NN,NN
5.176792,NN,NN,NN,NN
5.179728,NN,NN,NN,NN
5.184946,NN,NN,NN,NN
5.191244,NN,NN,NN,NN
5.194303,NN,NN,NN,NN
5.198837,NN,NN,NN,NN
5.202147,NN,NN,NN,NN
5.207608,NN,NN,NN,NN
5.212358,NN,NN,NN,NN
5.215415,NN,NN,NN,NN
5.219753,NN,NN,NN,NN
5.224585,NN,NN,NN,NN
5.228988,NN,NN,NN,NN
5.232892,NN,NN,NN,NN
5.237506,NN,NN,NN,NN
5.242193,NN,NN,NN,NN
5.245533,NN,NN,NN,NN
5.249501,NN,NN,NN,NN
5.252843,NN,NN,NN,NN
5.257729,NN,NN,NN,NN
5.260870,NN,NN,NN,NN
5.265047,NN,NN,NN,NN
5.267987,NN,NN,NN,NN
5.273170,NN,NN,NN,NN
5.276525,NN,NN,NN,NN
5.280596,NN,NN,NN,NN
5.283510,NN,NN,NN,NN
5.288587,NN,NN,NN,NN
5.294971,NN,NN,NN,NN
5.297861,NN,NN,NN,NN
5.301205,NN,NN,NN,NN
5.305334,NN,NN,NN,NN
5.310481,NN,NN,NN,NN
5.313324,NN,NN,NN,NN
5.316035,NN,NN,NN,NN
5.318866,NN,NN,NN,NN
5.321951,NN,NN,NN,NN
5.325729,NN,NN,NN,NN
5.328767,NN,NN,NN,NN
5.331772,NN,NN,NN,NN
5.335586,NN,NN,NN,NN
5.341077,NN,NN,NN,NN
5.344731,NN,NN,NN,NN
5.349217,NN,NN,NN,NN
5.356416,NN,NN,NN,NN
5.361652,NN,NN,NN,NN
5.364998,NN,NN,NN,NN
5.369512,NN,NN,NN,NN
5.374153,NN,NN,NN,NN
5.378301,NN,NN,NN,NN
5.381421,NN,NN,NN,NN
5.386105,NN,NN,NN,NN
5.389607,NN,NN,NN,NN
5.394807,NN,NN,NN,NN
5.399344,NN,NN,NN,NN
5.402372,NN,NN,NN,NN
5.405652,NN,NN,NN,NN
5.409981,NN,NN,NN,NN
5.413475,NN,NN,NN,NN
5.416684,NN,NN,NN,NN
5.419941,NN,NN,NN,NN
5.426158,NN,NN,NN,NN
5.429156,NN,NN,NN,NN
5.432084,NN,NN,NN,NN
5.436784,NN,NN,NN,NN
5.440588,NN,NN,NN,NN
5.445440,NN,NN,NN,NN
5.449061,NN,NN,NN,NN
5.455470,NN,NN,NN,NN
5.461171,NN,NN,NN,NN
5.464348,NN,NN,NN,NN
5.469073,NN,NN,NN,NN
5.474433,NN,NN,NN,NN
5.477508,NN,NN,NN,NN
5.481618,NN,NN,NN,NN
5.486560,NN,NN,NN,NN
5.490838,NN,NN,NN,NN
5.494237,NN,NN,NN,NN
5.498600,NN,NN,NN,NN
5.501412,NN,NN,NN,NN
5.506139,NN,NN,NN,NN
5.509556,NN,NN,NN,NN
5.514237,NN,NN,NN,NN
5.517321,NN,NN,NN,NN
5.520400,NN,NN,NN,NN
5.523439,NN,NN,NN,NN
5.526667,NN,NN,NN,NN
5.529417,NN,NN,NN,NN
5.532147,NN,NN,NN,NN
5.535454,NN,NN,NN,NN
5.538755,NN,NN,NN,NN
5.542530,NN,NN,NN,NN
5.545802,NN,NN,NN,NN
5.548852,NN,NN,NN,NN
5.551879,NN,NN,NN,NN
5.555077,NN,NN,NN,NN
5.559003,NN,NN,NN,NN
5.562033,NN,NN,NN,NN
5.565153,NN,NN,NN,NN
5.568315,NN,NN,NN,NN
5.571952,NN,NN,NN,NN
5.576028,NN,NN,NN,NN
5.579331,NN,NN,NN,NN
5.582151,NN,NN,NN,NN
5.585462,NN,NN,NN,NN
5.589122,NN,NN,NN,NN
5.592186,NN,NN,NN,NN
5.595545,NN,NN,NN,NN
5.598558,NN,NN,NN,NN
5.601797,NN,NN,NN,NN
5.606264,NN,NN,NN,NN
5.609600,NN,NN,NN,NN
5.612686,NN,NN,NN,NN
5.615762,NN,NN,NN,NN
5.619418,NN,NN,NN,NN
5.622828,NN,NN,NN,NN
5.626448,NN,NN,NN,NN
5.629461,NN,NN,NN,NN
5.641764,NN,NN,NN,NN
5.645248,NN,NN,NN,NN
5.648495,NN,NN,NN,NN
5.651431,NN,NN,NN,NN
5.654664,NN,NN,NN,NN
5.657981,NN,NN,NN,NN
5.660840,NN,NN,NN,NN
5.663997,NN,NN,NN,NN
5.667382,NN,NN,NN,NN
5.670697,NN,NN,NN,NN
5.673813,NN,NN,NN,NN
5.676807,NN,NN,NN,NN
5.679925,NN,NN,NN,NN
5.683022,NN,NN,NN,NN
5.686378,NN,NN,NN,NN
5.706764,NN,NN,NN,NN
5.712530,NN,NN,NN,NN
5.715932,NN,NN,NN,NN
5.718755,NN,NN,NN,NN
5.721605,NN,NN,NN,NN
5.724846,NN,NN,NN,NN
5.728644,NN,NN,NN,NN
5.731412,NN,NN,NN,NN
5.734327,NN,NN,NN,NN
5.737326,NN,NN,NN,NN
5.741260,NN,NN,NN,NN
5.745118,NN,NN,NN,NN
5.748116,NN,NN,NN,NN
5.751152,NN,NN,NN,NN
5.754865,NN,NN,NN,NN
5.758531,NN,NN,NN,NN
5.761718,NN,NN,NN,NN
5.764638,NN,NN,NN,NN
5.976866,NN,NN,NN,NN
6.001419,NN,NN,NN,NN
6.012109,NN,NN,NN,NN
6.014483,NN,NN,NN,NN
6.018011,NN,NN,NN,NN
6.022636,NN,NN,NN,NN
6.026753,NN,NN,NN,NN
6.029920,NN,NN,NN,NN
6.033504,NN,NN,NN,NN
6.038060,NN,NN,NN,NN
6.042450,NN,NN,NN,NN
6.046457,NN,NN,NN,NN
6.049520,NN,NN,NN,NN
6.052386,NN,NN,NN,NN
6.059615,NN,NN,NN,NN
6.062706,NN,NN,NN,NN
6.065777,NN,NN,NN,NN
6.068686,NN,NN,NN,NN
6.072084,NN,NN,NN,NN
6.075446,NN,NN,NN,NN
6.078668,NN,NN,NN,NN
6.081678,NN,NN,NN,NN
6.084658,NN,NN,NN,NN
6.087955,NN,NN,NN,NN
6.091418,NN,NN,NN,NN
6.094682,NN,NN,NN,NN
6.097711,NN,NN,NN,NN
6.100903,NN,NN,NN,NN
6.104148,NN,NN,NN,NN
6.107963,NN,NN,NN,NN
6.111433,NN,NN,NN,NN
6.114415,NN,NN,NN,NN
6.117636,NN,NN,NN,NN
6.121387,NN,NN,NN,NN
6.124918,NN,NN,NN,NN
6.128252,NN,NN,NN,NN
6.131393,NN,NN,NN,NN
6.134542,NN,NN,NN,NN
6.138141,NN,NN,NN,NN
6.142880,NN,NN,NN,NN
6.146591,NN,NN,NN,NN
6.150032,NN,NN,NN,NN
6.153823,NN,NN,NN,NN
6.157531,NN,NN,NN,NN
6.160748,NN,NN,NN,NN
6.171338,NN,NN,NN,NN
6.176244,NN,NN,NN,NN
6.179688,NN,NN,NN,NN
6.182857,NN,NN,NN,NN
6.186107,NN,NN,NN,NN
6.189488,NN,NN,NN,NN
6.192609,NN,NN,NN,NN
6.195608,NN,NN,NN,NN
6.198794,NN,NN,NN,NN
6.202115,NN,NN,NN,NN
6.205332,NN,NN,NN,NN
6.208933,NN,NN,NN,NN
6.212330,NN,NN,NN,NN
6.218153,NN,NN,NN,NN
6.221908,NN,NN,NN,NN
6.225175,NN,NN,NN,NN
6.228120,NN,NN,NN,NN
6.231040,NN,NN,NN,NN
6.234797,NN,NN,NN,NN
6.238769,NN,NN,NN,NN
6.242970,NN,NN,NN,NN
6.246755,NN,NN,NN,NN
6.251474,NN,NN,NN,NN
6.256333,NN,NN,NN,NN
6.261189,NN,NN,NN,NN
6.264893,NN,NN,NN,NN
6.268592,NN,NN,NN,NN
6.273090,NN,NN,NN,NN
6.276875,NN,NN,NN,NN
6.280531,NN,NN,NN,NN
6.283916,NN,NN,NN,NN
6.287730,NN,NN,NN,NN
6.291337,NN,NN,NN,NN
6.294991,NN,NN,NN,NN
6.298561,NN,NN,NN,NN
6.311467,NN,NN,NN,NN
6.315813,NN,NN,NN,NN
6.319483,NN,NN,NN,NN
6.322912,NN,NN,NN,NN
6.326291,NN,NN,NN,NN
6.329564,NN,NN,NN,NN
6.332954,NN,NN,NN,NN
6.336349,NN,NN,NN,NN
6.339913,NN,NN,NN,NN
6.343225,NN,NN,NN,NN
6.346273,NN,NN,NN,NN
6.350033,NN,NN,NN,NN
6.353613,NN,NN,NN,NN
6.357453,NN,NN,NN,NN
6.361407,NN,NN,NN,NN
6.364571,NN,NN,NN,NN
6.367713,NN,NN,NN,NN
6.370975,NN,NN,NN,NN
6.374781,NN,NN,NN,NN
6.377847,NN,NN,NN,NN
6.381143,NN,NN,NN,NN
6.384565,NN,NN,NN,NN
6.388029,NN,NN,NN,NN
6.392004,NN,NN,NN,NN
6.395661,NN,NN,NN,NN
6.398848,NN,NN,NN,NN
6.402367,NN,NN,NN,NN
6.407483,NN,NN,NN,NN
6.411446,NN,NN,NN,NN
6.414685,NN,NN,NN,NN
6.418319,NN,NN,NN,NN
6.422548,NN,NN,NN,NN
6.426384,NN,NN,NN,NN
6.429782,NN,NN,NN,NN
6.432758,NN,NN,NN,NN
6.436633,NN,NN,NN,NN
6.440422,NN,NN,NN,NN
6.443619,NN,NN,NN,NN
6.446623,NN,NN,NN,NN
6.449929,NN,NN,NN,NN
6.453768,NN,NN,NN,NN
6.457567,NN,NN,NN,NN
6.460670,NN,NN,NN,NN
6.463544,NN,NN,NN,NN
6.466696,NN,NN,NN,NN
6.470075,NN,NN,NN,NN
6.473408,NN,NN,NN,NN
6.477073,NN,NN,NN,NN
6.480607,NN,NN,NN,NN
6.484059,NN,NN,NN,NN
6.487451,NN,NN,NN,NN
6.490842,NN,NN,NN,NN
6.494075,NN,NN,NN,NN
6.497110,NN,NN,NN,NN
6.500282,NN,NN,NN,NN
6.503518,NN,NN,NN,NN
6.506812,NN,NN,NN,NN
6.510027,NN,NN,NN,NN
6.513794,NN,NN,NN,NN
6.516980,NN,NN,NN,NN
6.520200,NN,NN,NN,NN
6.523847,NN,NN,NN,NN
6.527287,NN,NN,NN,NN
6.530549,NN,NN,NN,NN
6.533581,NN,NN,NN,NN
6.536838,NN,NN,NN,NN
6.540442,NN,NN,NN,NN
6.545104,NN,NN,NN,NN
6.548730,NN,NN,NN,NN
6.551926,NN,NN,NN,NN
6.555217,NN,NN,NN,NN
6.559097,NN,NN,NN,NN
6.562707,NN,NN,NN,NN
6.565717,NN,NN,NN,NN
6.569004,NN,NN,NN,NN
6.572951,NN,NN,NN,NN
6.576519,NN,NN,NN,NN
6.579606,NN,NN,NN,NN
6.582726,NN,NN,NN,NN
6.586023,NN,NN,NN,NN
6.589662,NN,NN,NN,NN
6.593112,NN,NN,NN,NN
6.596226,NN,NN,NN,NN
6.599259,NN,NN,NN,NN
6.602974,NN,NN,NN,NN
6.607101,NN,NN,NN,NN
6.610369,NN,NN,NN,NN
6.613239,NN,NN,NN,NN
6.616253,NN,NN,NN,NN
6.619783,NN,NN,NN,NN
6.624482,NN,NN,NN,NN
6.627629,NN,NN,NN,NN
6.630982,NN,NN,NN,NN
6.634417,NN,NN,NN,NN
6.637969,NN,NN,NN,NN
6.641704,NN,NN,NN,NN
6.644942,NN,NN,NN,NN
6.647963,NN,NN,NN,NN
6.651269,NN,NN,NN,NN
6.656357,NN,NN,NN,NN
6.660473,NN,NN,NN,NN
6.664363,NN,NN,NN,NN
6.668160,NN,NN,NN,NN
6.671514,NN,NN,NN,NN
6.674727,NN,NN,NN,NN
6.677637,NN,NN,NN,NN
6.680549,NN,NN,NN,NN
6.684145,NN,NN,NN,NN
6.687447,NN,NN,NN,NN
6.691015,NN,NN,NN,NN
6.694679,NN,NN,NN,NN
6.698030,NN,NN,NN,NN
6.701262,NN,NN,NN,NN
6.704472,NN,NN,NN,NN
6.707780,NN,NN,NN,NN
6.711033,NN,NN,NN,NN
6.714478,NN,NN,NN,NN
6.717511,NN,NN,NN,NN
6.720899,NN,NN,NN,NN
6.724698,NN,NN,NN,NN
6.728205,NN,NN,NN,NN
6.731331,NN,NN,NN,NN
6.734565,NN,NN,NN,NN
6.737712,NN,NN,NN,NN
6.741257,NN,NN,NN,NN
6.744688,NN,NN,NN,NN
6.747790,NN,NN,NN,NN
6.750927,NN,NN,NN,NN
6.754674,NN,NN,NN,NN
6.758018,NN,NN,NN,NN
6.761268,NN,NN,NN,NN
6.764380,NN,NN,NN,NN
6.767481,NN,NN,NN,NN
6.770593,NN,NN,NN,NN
6.773925,NN,NN,NN,NN
6.777198,NN,NN,NN,NN
6.780535,NN,NN,NN,NN
6.784051,NN,NN,NN,NN
6.787439,NN,NN,NN,NN
6.790627,NN,NN,NN,NN
6.794337,NN,NN,NN,NN
6.797486,NN,NN,NN,NN
6.800608,NN,NN,NN,NN
6.804077,NN,NN,NN,NN
6.807998,NN,NN,NN,NN
6.812611,NN,NN,NN,NN
6.816590,NN,NN,NN,NN
6.820242,NN,NN,NN,NN
6.824031,NN,NN,NN,NN
6.827228,NN,NN,NN,NN
6.830045,NN,NN,NN,NN
6.833060,NN,NN,NN,NN
6.836381,NN,NN,NN,NN
6.840165,NN,NN,NN,NN
6.843607,NN,NN,NN,NN
6.846957,NN,NN,NN,NN
6.850052,NN,NN,NN,NN
6.853235,NN,NN,NN,NN
6.857082,NN,NN,NN,NN
6.860214,NN,NN,NN,NN
6.863321,NN,NN,NN,NN
6.866485,NN,NN,NN,NN
6.870021,NN,NN,NN,NN
6.873792,NN,NN,NN,NN
6.877418,NN,NN,NN,NN
6.880496,NN,NN,NN,NN
6.883570,NN,NN,NN,NN
6.887086,NN,NN,NN,NN
6.890421,NN,NN,NN,NN
6.893940,NN,NN,NN,NN
6.897305,NN,NN,NN,NN
6.900602,NN,NN,NN,NN
6.904597,NN,NN,NN,NN
6.908489,NN,NN,NN,NN
6.911695,NN,NN,NN,NN
6.914918,NN,NN,NN,NN
6.918303,NN,NN,NN,NN
6.921376,NN,NN,NN,NN
6.925125,NN,NN,NN,NN
6.928247,NN,NN,NN,NN
6.931413,NN,NN,NN,NN
6.935376,NN,NN,NN,NN
6.939034,NN,NN,NN,NN
6.942303,NN,NN,NN,NN
6.945421,NN,NN,NN,NN
6.948458,NN,NN,NN,NN
6.952439,NN,NN,NN,NN
6.956920,NN,NN,NN,NN
6.960583,NN,NN,NN,NN
6.963746,NN,NN,NN,NN
6.967427,NN,NN,NN,NN
6.970776,NN,NN,NN,NN
6.974339,NN,NN,NN,NN
6.977514,NN,NN,NN,NN
6.980738,NN,NN,NN,NN
6.983636,NN,NN,NN,NN
6.987463,NN,NN,NN,NN
6.991136,NN,NN,NN,NN
6.994345,NN,NN,NN,NN
6.997667,NN,NN,NN,NN
7.000684,NN,NN,NN,NN
7.003648,NN,NN,NN,NN
7.007028,NN,NN,NN,NN
7.010237,NN,NN,NN,NN
7.013200,NN,NN,NN,NN
7.016267,NN,NN,NN,NN
7.019361,NN,NN,NN,NN
7.022522,NN,NN,NN,NN
7.025915,NN,NN,NN,NN
7.029116,NN,NN,NN,NN
7.032012,NN,NN,NN,NN
7.035244,NN,NN,NN,NN
7.038546,NN,NN,NN,NN
7.041795,NN,NN,NN,NN
7.044858,NN,NN,NN,NN
7.047779,NN,NN,NN,NN
7.053890,NN,NN,NN,NN
7.063161,NN,NN,NN,NN
7.067514,NN,NN,NN,NN
7.071537,NN,NN,NN,NN
7.075267,NN,NN,NN,NN
7.078324,NN,NN,NN,NN
7.081115,NN,NN,NN,NN
7.084104,NN,NN,NN,NN
7.087714,NN,NN,NN,NN
7.090756,NN,NN,NN,NN
7.093716,NN,NN,NN,NN
7.096529,NN,NN,NN,NN
7.099351,NN,NN,NN,NN
7.102535,NN,NN,NN,NN
7.105888,NN,NN,NN,NN
7.108851,NN,NN,NN,NN
7.111724,NN,NN,NN,NN
7.114696,NN,NN,NN,NN
7.117956,NN,NN,NN,NN
7.122255,NN,NN,NN,NN
7.125513,NN,NN,NN,NN
7.128392,NN,NN,NN,NN
7.131285,NN,NN,NN,NN
7.134515,NN,NN,NN,NN
7.137798,NN,NN,NN,NN
7.141201,NN,NN,NN,NN
7.144784,NN,NN,NN,NN
7.148029,NN,NN,NN,NN
7.151264,NN,NN,NN,NN
7.154659,NN,NN,NN,NN
7.157788,NN,NN,NN,NN
7.160735,NN,NN,NN,NN
7.163874,NN,NN,NN,NN
7.167109,NN,NN,NN,NN
7.170718,NN,NN,NN,NN
7.174006,NN,NN,NN,NN
7.177416,NN,NN,NN,NN
7.181013,NN,NN,NN,NN
7.184056,NN,NN,NN,NN
7.187440,NN,NN,NN,NN
7.190868,NN,NN,NN,NN
7.193990,NN,NN,NN,NN
7.197031,NN,NN,NN,NN
7.200132,NN,NN,NN,NN
7.203342,NN,NN,NN,NN
7.207132,NN,NN,NN,NN
7.210604,NN,NN,NN,NN
7.214082,NN,NN,NN,NN
7.217648,NN,NN,NN,NN
7.220925,NN,NN,NN,NN
7.224082,NN,NN,NN,NN
7.227720,NN,NN,NN,NN
7.230928,NN,NN,NN,NN
7.234136,NN,NN,NN,NN
7.238128,NN,NN,NN,NN
7.241436,NN,NN,NN,NN
7.245291,NN,NN,NN,NN
7.248365,NN,NN,NN,NN
7.251527,NN,NN,NN,NN
7.254909,NN,NN,NN,NN
7.258291,NN,NN,NN,NN
7.261417,NN,NN,NN,NN
7.264451,NN,NN,NN,NN
7.267856,NN,NN,NN,NN
7.271346,NN,NN,NN,NN
7.274800,NN,NN,NN,NN
7.277963,NN,NN,NN,NN
7.280977,NN,NN,NN,NN
7.284206,NN,NN,NN,NN
7.287876,NN,NN,NN,NN
7.291509,NN,NN,NN,NN
7.294795,NN,NN,NN,NN
7.298118,NN,NN,NN,NN
7.301390,NN,NN,NN,NN
7.304887,NN,NN,NN,NN
7.308796,NN,NN,NN,NN
7.312033,NN,NN,NN,NN
7.315083,NN,NN,NN,NN
7.318428,NN,NN,NN,NN
7.322452,NN,NN,NN,NN
7.326260,NN,NN,NN,NN
7.329552,NN,NN,NN,NN
7.332703,NN,NN,NN,NN
7.336131,NN,NN,NN,NN
7.339381,NN,NN,NN,NN
7.342484,NN,NN,NN,NN
7.345611,NN,NN,NN,NN
7.350522,NN,NN,NN,NN
7.355641,NN,NN,NN,NN
7.359642,NN,NN,NN,NN
7.362807,NN,NN,NN,NN
7.365864,NN,NN,NN,NN
7.370569,NN,NN,NN,NN
7.373841,NN,NN,NN,NN
7.377089,NN,NN,NN,NN
7.380144,NN,NN,NN,NN
7.383353,NN,NN,NN,NN
7.389146,NN,NN,NN,NN
7.392685,NN,NN,NN,NN
7.395728,NN,NN,NN,NN
7.398714,NN,NN,NN,NN
7.402082,NN,NN,NN,NN
7.405678,NN,NN,NN,NN
7.409028,NN,NN,NN,NN
7.411906,NN,NN,NN,NN
7.415525,NN,NN,NN,NN
7.419221,NN,NN,NN,NN
7.422779,NN,NN,NN,NN
7.425945,NN,NN,NN,NN
7.429053,NN,NN,NN,NN
7.433517,NN,NN,NN,NN
7.437164,NN,NN,NN,NN
7.442444,NN,NN,NN,NN
7.446047,NN,NN,NN,NN
7.449502,NN,NN,NN,NN
7.453517,NN,NN,NN,NN
7.457637,NN,NN,NN,NN
7.460841,NN,NN,NN,NN
7.466929,NN,NN,NN,NN
7.472385,NN,NN,NN,NN
7.476226,NN,NN,NN,NN
7.479657,NN,NN,NN,NN
7.484036,NN,NN,NN,NN
7.487539,NN,NN,NN,NN
7.492234,NN,NN,NN,NN
7.495387,NN,NN,NN,NN
7.498950,NN,NN,NN,NN
7.502468,NN,NN,NN,NN
7.509784,NN,NN,NN,NN
7.513110,NN,NN,NN,NN
7.515877,NN,NN,NN,NN
7.518732,NN,NN,NN,NN
7.523980,NN,NN,NN,NN
7.528998,NN,NN,NN,NN
7.531938,NN,NN,NN,NN
7.535072,NN,NN,NN,NN
7.539324,NN,NN,NN,NN
7.542479,NN,NN,NN,NN
7.545799,NN,NN,NN,NN
7.548599,NN,NN,NN,NN
7.551499,NN,NN,NN,NN
7.554631,NN,NN,NN,NN
7.558579,NN,NN,NN,NN
7.561714,NN,NN,NN,NN
7.564579,NN,NN,NN,NN
7.570261,NN,NN,NN,NN
7.574269,NN,NN,NN,NN
7.577417,NN,NN,NN,NN
7.580360,NN,NN,NN,NN
7.583380,NN,NN,NN,NN
7.586945,NN,NN,NN,NN
7.591915,NN,NN,NN,NN
7.594913,NN,NN,NN,NN
7.597982,NN,NN,NN,NN
7.601997,NN,NN,NN,NN
7.607211,NN,NN,NN,NN
7.610301,NN,NN,NN,NN
7.613102,NN,NN,NN,NN
7.616602,NN,NN,NN,NN
7.620251,NN,NN,NN,NN
7.623560,NN,NN,NN,NN
7.626628,NN,NN,NN,NN
7.629980,NN,NN,NN,NN
7.635014,NN,NN,NN,NN
7.638550,NN,NN,NN,NN
7.643200,NN,NN,NN,NN
7.646436,NN,NN,NN,NN
7.649437,NN,NN,NN,NN
7.652595,NN,NN,NN,NN
7.655711,NN,NN,NN,NN
7.659100,NN,NN,NN,NN
7.663872,NN,NN,NN,NN
7.667171,NN,NN,NN,NN
7.670712,NN,NN,NN,NN
7.674138,NN,NN,NN,NN
7.677883,NN,NN,NN,NN
7.681002,NN,NN,NN,NN
7.684317,NN,NN,NN,NN
7.687862,NN,NN,NN,NN
7.691751,NN,NN,NN,NN
7.695087,NN,NN,NN,NN
7.698301,NN,NN,NN,NN
7.702409,NN,NN,NN,NN
7.706079,NN,NN,NN,NN
7.709597,NN,NN,NN,NN
7.712713,NN,NN,NN,NN
7.715595,NN,NN,NN,NN
7.718746,NN,NN,NN,NN
7.722290,NN,NN,NN,NN
7.725953,NN,NN,NN,NN
7.729265,NN,NN,NN,NN
7.732507,NN,NN,NN,NN
7.735773,NN,NN,NN,NN
7.740047,NN,NN,NN,NN
7.743258,NN,NN,NN,NN
7.746383,NN,NN,NN,NN
7.749609,NN,NN,NN,NN
7.753120,NN,NN,NN,NN
7.758185,NN,NN,NN,NN
7.761698,NN,NN,NN,NN
7.764687,NN,NN,NN,NN
7.767780,NN,NN,NN,NN
7.771818,NN,NN,NN,NN
7.775308,NN,NN,NN,NN
7.778539,NN,NN,NN,NN
7.781945,NN,NN,NN,NN
7.785859,NN,NN,NN,NN
7.789572,NN,NN,NN,NN
7.792799,NN,NN,NN,NN
7.795936,NN,NN,NN,NN
7.799167,NN,NN,NN,NN
7.802713,NN,NN,NN,NN
7.806287,NN,NN,NN,NN
7.809988,NN,NN,NN,NN
7.813523,NN,NN,NN,NN
7.816832,NN,NN,NN,NN
7.820753,NN,NN,NN,NN
7.824875,NN,NN,NN,NN
7.837028,NN,NN,NN,NN
7.841022,NN,NN,NN,NN
7.844041,NN,NN,NN,NN
7.846639,NN,NN,NN,NN
7.850034,NN,NN,NN,NN
7.855248,NN,NN,NN,NN
7.858907,NN,NN,NN,NN
7.862563,NN,NN,NN,NN
7.866576,NN,NN,NN,NN
7.871619,NN,NN,NN,NN
7.875701,NN,NN,NN,NN
7.879191,NN,NN,NN,NN
7.882844,NN,NN,NN,NN
7.886600,NN,NN,NN,NN
7.891017,NN,NN,NN,NN
7.894574,NN,NN,NN,NN
7.897853,NN,NN,NN,NN
7.901378,NN,NN,NN,NN
7.905034,NN,NN,NN,NN
7.908216,NN,NN,NN,NN
7.911584,NN,NN,NN,NN
7.914878,NN,NN,NN,NN
7.918134,NN,NN,NN,NN
7.921651,NN,NN,NN,NN
7.924708,NN,NN,NN,NN
7.928027,NN,NN,NN,NN
7.931289,NN,NN,NN,NN
7.934808,NN,NN,NN,NN
7.938186,NN,NN,NN,NN
7.941850,NN,NN,NN,NN
7.945149,NN,NN,NN,NN
7.948365,NN,NN,NN,NN
7.951552,NN,NN,NN,NN
7.954917,NN,NN,NN,NN
7.958842,NN,NN,NN,NN
7.962338,NN,NN,NN,NN
7.965739,NN,NN,NN,NN
7.968902,NN,NN,NN,NN
7.972283,NN,NN,NN,NN
7.975593,NN,NN,NN,NN
7.978791,NN,NN,NN,NN
7.982175,NN,NN,NN,NN
7.985568,NN,NN,NN,NN
7.989028,NN,NN,NN,NN
7.992629,NN,NN,NN,NN
7.995881,NN,NN,NN,NN
7.999030,NN,NN,NN,NN
8.002200,NN,NN,NN,NN
8.006917,NN,NN,NN,NN
8.010341,NN,NN,NN,NN
8.013251,NN,NN,NN,NN
8.016204,NN,NN,NN,NN
8.019774,NN,NN,NN,NN
8.024121,NN,NN,NN,NN
8.027518,NN,NN,NN,NN
8.030457,NN,NN,NN,NN
8.033576,NN,NN,NN,NN
8.037309,NN,NN,NN,NN
8.040835,NN,NN,NN,NN
8.044013,NN,NN,NN,NN
8.046912,NN,NN,NN,NN
8.049989,NN,NN,NN,NN
8.053914,NN,NN,NN,NN
8.057622,NN,NN,NN,NN
8.060733,NN,NN,NN,NN
8.063718,NN,NN,NN,NN
8.066834,NN,NN,NN,NN
8.072234,NN,NN,NN,NN
8.075858,NN,NN,NN,NN
8.079085,NN,NN,NN,NN
8.084645,NN,NN,NN,NN
8.091256,NN,NN,NN,NN
8.094642,NN,NN,NN,NN
8.098857,NN,NN,NN,NN
8.102818,NN,NN,NN,NN
8.107532,NN,NN,NN,NN
8.110780,NN,NN,NN,NN
8.115745,NN,NN,NN,NN
8.119107,NN,NN,NN,NN
8.122725,NN,NN,NN,NN
8.125955,NN,NN,NN,NN
8.130822,NN,NN,NN,NN
8.134648,NN,NN,NN,NN
8.139766,NN,NN,NN,NN
8.143664,NN,NN,NN,NN
8.146804,NN,NN,NN,NN
8.149486,NN,NN,NN,NN
8.154109,NN,NN,NN,NN
8.159144,NN,NN,NN,NN
8.163400,NN,NN,NN,NN
8.166659,NN,NN,NN,NN
8.169629,NN,NN,NN,NN
8.175475,NN,NN,NN,NN
8.178811,NN,NN,NN,NN
8.181712,NN,NN,NN,NN
8.184493,NN,NN,NN,NN
8.189858,NN,NN,NN,NN
8.193454,NN,NN,NN,NN
8.196418,NN,NN,NN,NN
8.199187,NN,NN,NN,NN
8.202773,NN,NN,NN,NN
8.207040,NN,NN,NN,NN
8.210809,NN,NN,NN,NN
8.213952,NN,NN,NN,NN
8.216851,NN,NN,NN,NN
8.220143,NN,NN,NN,NN
8.223481,NN,NN,NN,NN
8.227881,NN,NN,NN,NN
8.230906,NN,NN,NN,NN
8.234172,NN,NN,NN,NN
8.238120,NN,NN,NN,NN
8.241548,NN,NN,NN,NN
8.244678,NN,NN,NN,NN
8.247621,NN,NN,NN,NN
8.250691,NN,NN,NN,NN
8.254405,NN,NN,NN,NN
8.257813,NN,NN,NN,NN
8.261056,NN,NN,NN,NN
8.264312,NN,NN,NN,NN
8.267756,NN,NN,NN,NN
8.272113,NN,NN,NN,NN
8.276431,NN,NN,NN,NN
8.279929,NN,NN,NN,NN
8.284001,NN,NN,NN,NN
8.287688,NN,NN,NN,NN
8.290862,NN,NN,NN,NN
8.294375,NN,NN,NN,NN
8.297868,NN,NN,NN,NN
8.301690,NN,NN,NN,NN
8.305326,NN,NN,NN,NN
8.311387,NN,NN,NN,NN
8.317010,NN,NN,NN,NN
8.320809,NN,NN,NN,NN
8.324967,NN,NN,NN,NN
8.328588,NN,NN,NN,NN
8.331786,NN,NN,NN,NN
8.334928,NN,NN,NN,NN
8.338092,NN,NN,NN,NN
8.341718,NN,NN,NN,NN
8.345212,NN,NN,NN,NN
8.348184,NN,NN,NN,NN
8.351237,NN,NN,NN,NN
8.355117,NN,NN,NN,NN
8.358506,NN,NN,NN,NN
8.361682,NN,NN,NN,NN
8.364633,NN,NN,NN,NN
8.367723,NN,NN,NN,NN
8.371066,NN,NN,NN,NN
8.374515,NN,NN,NN,NN
8.384593,NN,NN,NN,NN
8.391913,NN,NN,NN,NN
8.396399,NN,NN,NN,NN
8.400344,NN,NN,NN,NN
8.405234,NN,NN,NN,NN
8.410756,NN,NN,NN,NN
8.415389,NN,NN,NN,NN
8.418403,NN,NN,NN,NN
8.421201,NN,NN,NN,NN
8.424659,NN,NN,NN,NN
8.427886,NN,NN,NN,NN
8.430743,NN,NN,NN,NN
8.433688,NN,NN,NN,NN
8.437013,NN,NN,NN,NN
8.440410,NN,NN,NN,NN
8.444030,NN,NN,NN,NN
8.447207,NN,NN,NN,NN
8.450118,NN,NN,NN,NN
8.453229,NN,NN,NN,NN
8.456561,NN,NN,NN,NN
8.459516,NN,NN,NN,NN
8.462329,NN,NN,NN,NN
8.465373,NN,NN,NN,NN
8.468518,NN,NN,NN,NN
8.471877,NN,NN,NN,NN
8.475425,NN,NN,NN,NN
8.478543,NN,NN,NN,NN
8.481338,NN,NN,NN,NN
8.484420,NN,NN,NN,NN
8.488814,NN,NN,NN,NN
8.491992,NN,NN,NN,NN
8.495254,NN,NN,NN,NN
8.498227,NN,NN,NN,NN
8.501904,NN,NN,NN,NN
8.505746,NN,NN,NN,NN
8.509608,NN,NN,NN,NN
8.512906,NN,NN,NN,NN
8.515943,NN,NN,NN,NN
8.519061,NN,NN,NN,NN
8.522500,NN,NN,NN,NN
8.525918,NN,NN,NN,NN
8.528872,NN,NN,NN,NN
8.532100,NN,NN,NN,NN
8.535508,NN,NN,NN,NN
8.539632,NN,NN,NN,NN
8.542851,NN,NN,NN,NN
8.545873,NN,NN,NN,NN
8.549365,NN,NN,NN,NN
8.552829,NN,NN,NN,NN
8.556788,NN,NN,NN,NN
8.560000,NN,NN,NN,NN
8.564198,NN,NN,NN,NN
8.570306,NN,NN,NN,NN
8.576205,NN,NN,NN,NN
8.581517,NN,NN,NN,NN
8.587678,NN,NN,NN,NN
8.593638,NN,NN,NN,NN
8.598821,NN,NN,NN,NN
8.604259,NN,NN,NN,NN
8.609437,NN,NN,NN,NN
8.614011,NN,NN,NN,NN
8.619212,NN,NN,NN,NN
8.625091,NN,NN,NN,NN
8.629556,NN,NN,NN,NN
8.633462,NN,NN,NN,NN
8.638650,NN,NN,NN,NN
8.647601,NN,NN,NN,NN
8.655009,NN,NN,NN,NN
8.661895,NN,NN,NN,NN
8.664693,NN,NN,NN,NN
8.667361,NN,NN,NN,NN
8.670756,NN,NN,NN,NN
8.676238,NN,NN,NN,NN
8.679830,NN,NN,NN,NN
8.683562,NN,NN,NN,NN
8.687230,NN,NN,NN,NN
8.690909,NN,NN,NN,NN
8.693780,NN,NN,NN,NN
8.696818,NN,NN,NN,NN
8.699573,NN,NN,NN,NN
8.702876,NN,NN,NN,NN
8.706428,NN,NN,NN,NN
8.709821,NN,NN,NN,NN
8.712676,NN,NN,NN,NN
8.715745,NN,NN,NN,NN
8.719239,NN,NN,NN,NN
8.722491,NN,NN,NN,NN
8.725408,NN,NN,NN,NN
8.728339,NN,NN,NN,NN
8.731124,NN,NN,NN,NN
8.734811,NN,NN,NN,NN
8.738292,NN,NN,NN,NN
8.741435,NN,NN,NN,NN
8.744431,NN,NN,NN,NN
8.747930,NN,NN,NN,NN
8.751294,NN,NN,NN,NN
8.754476,NN,NN,NN,NN
8.757930,NN,NN,NN,NN
8.761123,NN,NN,NN,NN
8.764131,NN,NN,NN,NN
8.767356,NN,NN,NN,NN
8.770726,NN,NN,NN,NN
8.774215,NN,NN,NN,NN
8.777686,NN,NN,NN,NN
8.781405,NN,NN,NN,NN
8.784520,NN,NN,NN,NN
8.787868,NN,NN,NN,NN
8.791364,NN,NN,NN,NN
8.794856,NN,NN,NN,NN
8.798160,NN,NN,NN,NN
8.801314,NN,NN,NN,NN
8.804555,NN,NN,NN,NN
8.808112,NN,NN,NN,NN
8.812648,NN,NN,NN,NN
8.816447,NN,NN,NN,NN
8.820214,NN,NN,NN,NN
8.824019,NN,NN,NN,NN
8.828437,NN,NN,NN,NN
8.832644,NN,NN,NN,NN
8.836841,NN,NN,NN,NN
8.840907,NN,NN,NN,NN
8.844668,NN,NN,NN,NN
8.847722,NN,NN,NN,NN
8.850892,NN,NN,NN,NN
8.854135,NN,NN,NN,NN
8.857821,NN,NN,NN,NN
8.861783,NN,NN,NN,NN
8.866609,NN,NN,NN,NN
8.870759,NN,NN,NN,NN
8.874686,NN,NN,NN,NN
8.879252,NN,NN,NN,NN
8.882516,NN,NN,NN,NN
8.887498,NN,NN,NN,NN
8.891366,NN,NN,NN,NN
8.895915,NN,NN,NN,NN
8.901649,NN,NN,NN,NN
8.905366,NN,NN,NN,NN
8.909982,NN,NN,NN,NN
8.912934,NN,NN,NN,NN
8.917127,NN,NN,NN,NN
8.920833,NN,NN,NN,NN
8.925521,NN,NN,NN,NN
8.929048,NN,NN,NN,NN
8.933326,NN,NN,NN,NN
8.936608,NN,NN,NN,NN
8.941844,NN,NN,NN,NN
8.946502,NN,NN,NN,NN
8.949542,NN,NN,NN,NN
8.953784,NN,NN,NN,NN
8.957334,NN,NN,NN,NN
8.962222,NN,NN,NN,NN
8.966853,NN,NN,NN,NN
8.972486,NN,NN,NN,NN
8.977544,NN,NN,NN,NN
8.980718,NN,NN,NN,NN
8.984931,NN,NN,NN,NN
8.988606,NN,NN,NN,NN
8.993707,NN,NN,NN,NN
8.996728,NN,NN,NN,NN
9.001071,NN,NN,NN,NN
9.004226,NN,NN,NN,NN
9.008479,NN,NN,NN,NN
9.011279,NN,NN,NN,NN
9.015470,NN,NN,NN,NN
9.018888,NN,NN,NN,NN
9.022176,NN,NN,NN,NN
9.024840,NN,NN,NN,NN
9.027596,NN,NN,NN,NN
9.030721,NN,NN,NN,NN
9.033607,NN,NN,NN,NN
9.036998,NN,NN,NN,NN
9.040629,NN,NN,NN,NN
9.043820,NN,NN,NN,NN
9.047063,NN,NN,NN,NN
9.051780,NN,NN,NN,NN
9.055495,NN,NN,NN,NN
9.060699,NN,NN,NN,NN
9.063754,NN,NN,NN,NN
9.067636,NN,NN,NN,NN
9.070912,NN,NN,NN,NN
9.076243,NN,NN,NN,NN
9.082074,NN,NN,NN,NN
9.085845,NN,NN,NN,NN
9.090707,NN,NN,NN,NN
9.094100,NN,NN,NN,NN
9.098350,NN,NN,NN,NN
9.101705,NN,NN,NN,NN
9.107415,NN,NN,NN,NN
9.112445,NN,NN,NN,NN
9.115550,NN,NN,NN,NN
9.120200,NN,NN,NN,NN
9.123504,NN,NN,NN,NN
9.127816,NN,NN,NN,NN
9.130883,NN,NN,NN,NN
9.135169,NN,NN,NN,NN
9.138244,NN,NN,NN,NN
9.143521,NN,NN,NN,NN
9.146405,NN,NN,NN,NN
9.150680,NN,NN,NN,NN
9.154244,NN,NN,NN,NN
9.158826,NN,NN,NN,NN
9.161744,NN,NN,NN,NN
9.166413,NN,NN,NN,NN
9.173867,NN,NN,NN,NN
9.177140,NN,NN,NN,NN
9.179854,NN,NN,NN,NN
9.182393,NN,NN,NN,NN
9.186074,NN,NN,NN,NN
9.189887,NN,NN,NN,NN
9.192924,NN,NN,NN,NN
9.195714,NN,NN,NN,NN
9.198468,NN,NN,NN,NN
9.203336,NN,NN,NN,NN
9.207126,NN,NN,NN,NN
9.210595,NN,NN,NN,NN
9.213496,NN,NN,NN,NN
9.216483,NN,NN,NN,NN
9.219851,NN,NN,NN,NN
9.223050,NN,NN,NN,NN
9.226336,NN,NN,NN,NN
9.229491,NN,NN,NN,NN
9.233302,NN,NN,NN,NN
9.236903,NN,NN,NN,NN
9.240499,NN,NN,NN,NN
9.243569,NN,NN,NN,NN
9.246614,NN,NN,NN,NN
9.250190,NN,NN,NN,NN
9.253482,NN,NN,NN,NN
9.256860,NN,NN,NN,NN
9.261781,NN,NN,NN,NN
9.265325,NN,NN,NN,NN
9.268561,NN,NN,NN,NN
9.272323,NN,NN,NN,NN
9.275836,NN,NN,NN,NN
9.279052,NN,NN,NN,NN
9.282117,NN,NN,NN,NN
9.285302,NN,NN,NN,NN
9.288772,NN,NN,NN,NN
9.292396,NN,NN,NN,NN
9.295808,NN,NN,NN,NN
9.298789,NN,NN,NN,NN
9.301997,NN,NN,NN,NN
9.305423,NN,NN,NN,NN
9.309573,NN,NN,NN,NN
9.313132,NN,NN,NN,NN
9.316388,NN,NN,NN,NN
9.319880,NN,NN,NN,NN
9.324334,NN,NN,NN,NN
9.327786,NN,NN,NN,NN
9.330943,NN,NN,NN,NN
9.334041,NN,NN,NN,NN
9.337327,NN,NN,NN,NN
9.341510,NN,NN,NN,NN
9.344945,NN,NN,NN,NN
9.348100,NN,NN,NN,NN
9.351577,NN,NN,NN,NN
9.355273,NN,NN,NN,NN
9.358552,NN,NN,NN,NN
9.361693,NN,NN,NN,NN
9.364667,NN,NN,NN,NN
9.372106,NN,NN,NN,NN
9.377997,NN,NN,NN,NN
9.381749,NN,NN,NN,NN
9.385692,NN,NN,NN,NN
9.389239,NN,NN,NN,NN
9.392600,NN,NN,NN,NN
9.395667,NN,NN,NN,NN
9.398469,NN,NN,NN,NN
9.401986,NN,NN,NN,NN
9.405490,NN,NN,NN,NN
9.408713,NN,NN,NN,NN
9.411824,NN,NN,NN,NN
9.415032,NN,NN,NN,NN
9.418288,NN,NN,NN,NN
9.421721,NN,NN,NN,NN
9.425019,NN,NN,NN,NN
9.428031,NN,NN,NN,NN
9.431458,NN,NN,NN,NN
9.437791,NN,NN,NN,NN
9.444203,NN,NN,NN,NN
9.449498,NN,NN,NN,NN
9.455192,NN,NN,NN,NN
9.459712,NN,NN,NN,NN
9.464528,NN,NN,NN,NN
9.469575,NN,NN,NN,NN
9.482860,NN,NN,NN,NN
9.488620,NN,NN,NN,NN
9.493094,NN,NN,NN,NN
9.497634,NN,NN,NN,NN
9.502025,NN,NN,NN,NN
9.506698,NN,NN,NN,NN
9.510636,NN,NN,NN,NN
9.514377,NN,NN,NN,NN
9.517016,NN,NN,NN,NN
9.519673,NN,NN,NN,NN
9.523131,NN,NN,NN,NN
9.526570,NN,NN,NN,NN
9.529485,NN,NN,NN,NN
9.532527,NN,NN,NN,NN
9.535800,NN,NN,NN,NN
9.538861,NN,NN,NN,NN
9.542058,NN,NN,NN,NN
9.545024,NN,NN,NN,NN
9.547711,NN,NN,NN,NN
9.550504,NN,NN,NN,NN
9.553987,NN,NN,NN,NN
9.557929,NN,NN,NN,NN
9.561364,NN,NN,NN,NN
9.564706,NN,NN,NN,NN
9.567775,NN,NN,NN,NN
9.570899,NN,NN,NN,NN
9.574885,NN,NN,NN,NN
9.578305,NN,NN,NN,NN
9.581439,NN,NN,NN,NN
9.584502,NN,NN,NN,NN
9.587890,NN,NN,NN,NN
9.592671,NN,NN,NN,NN
9.596299,NN,NN,NN,NN
9.599408,NN,NN,NN,NN
9.602555,NN,NN,NN,NN
9.607148,NN,NN,NN,NN
9.610358,NN,NN,NN,NN
9.613469,NN,NN,NN,NN
9.616479,NN,NN,NN,NN
9.620345,NN,NN,NN,NN
9.624207,NN,NN,NN,NN
9.627475,NN,NN,NN,NN
9.630916,NN,NN,NN,NN
9.634273,NN,NN,NN,NN
9.637994,NN,NN,NN,NN
9.641559,NN,NN,NN,NN
9.644658,NN,NN,NN,NN
9.647622,NN,NN,NN,NN
9.650874,NN,NN,NN,NN
9.654506,NN,NN,NN,NN
9.657817,NN,NN,NN,NN
9.660752,NN,NN,NN,NN
9.663678,NN,NN,NN,NN
9.666642,NN,NN,NN,NN
9.670035,NN,NN,NN,NN
9.673659,NN,NN,NN,NN
9.676888,NN,NN,NN,NN
9.680404,NN,NN,NN,NN
9.683995,NN,NN,NN,NN
9.687631,NN,NN,NN,NN
9.691545,NN,NN,NN,NN
9.694850,NN,NN,NN,NN
9.698236,NN,NN,NN,NN
9.701850,NN,NN,NN,NN
9.705571,NN,NN,NN,NN
9.708991,NN,NN,NN,NN
9.712508,NN,NN,NN,NN
9.716163,NN,NN,NN,NN
9.720819,NN,NN,NN,NN
9.724647,NN,NN,NN,NN
9.728599,NN,NN,NN,NN
9.731761,NN,NN,NN,NN
9.735545,NN,NN,NN,NN
9.738921,NN,NN,NN,NN
9.742188,NN,NN,NN,NN
9.746165,NN,NN,NN,NN
9.750812,NN,NN,NN,NN
9.754680,NN,NN,NN,NN
9.759316,NN,NN,NN,NN
9.763741,NN,NN,NN,NN
9.766938,NN,NN,NN,NN
9.771119,NN,NN,NN,NN
9.774737,NN,NN,NN,NN
9.780347,NN,NN,NN,NN
9.783734,NN,NN,NN,NN
9.788356,NN,NN,NN,NN
9.791907,NN,NN,NN,NN
9.796552,NN,NN,NN,NN
9.800601,NN,NN,NN,NN
9.805915,NN,NN,NN,NN
9.810857,NN,NN,NN,NN
9.813685,NN,NN,NN,NN
9.817821,NN,NN,NN,NN
9.822066,NN,NN,NN,NN
9.827823,NN,NN,NN,NN
9.832849,NN,NN,NN,NN
9.837428,NN,NN,NN,NN
9.842935,NN,NN,NN,NN
9.847833,NN,NN,NN,NN
9.850966,NN,NN,NN,NN
9.857486,NN,NN,NN,NN
9.861970,NN,NN,NN,NN
9.865428,NN,NN,NN,NN
9.870534,NN,NN,NN,NN
9.873736,NN,NN,NN,NN
9.877748,NN,NN,NN,NN
9.880488,NN,NN,NN,NN
9.885562,NN,NN,NN,NN
9.891929,NN,NN,NN,NN
9.895379,NN,NN,NN,NN
9.900409,NN,NN,NN,NN
9.904292,NN,NN,NN,NN
9.909289,NN,NN,NN,NN
9.913245,NN,NN,NN,NN
9.917089,NN,NN,NN,NN
9.921857,NN,NN,NN,NN
9.925878,NN,NN,NN,NN
9.930789,NN,NN,NN,NN
9.934321,NN,NN,NN,NN
9.939771,NN,NN,NN,NN
9.945302,NN,NN,NN,NN
9.948390,NN,NN,NN,NN
9.952704,NN,NN,NN,NN
9.956550,NN,NN,NN,NN
9.960994,NN,NN,NN,NN
9.963944,NN,NN,NN,NN
9.968156,NN,NN,NN,NN
9.971568,NN,NN,NN,NN
9.976493,NN,NN,NN,NN
9.979474,NN,NN,NN,NN
9.984105,NN,NN,NN,NN
9.989509,NN,NN,NN,NN
9.992444,NN,NN,NN,NN
9.996890,NN,NN,NN,NN
10.000030,NN,NN,NN,NN
10.004810,NN,NN,NN,NN
10.008830,NN,NN,NN,NN
10.012850,NN,NN,NN,NN
10.016090,NN,NN,NN,NN
10.020500,NN,NN,NN,NN
10.023970,NN,NN,NN,NN
10.028270,NN,NN,NN,NN
10.031190,NN,NN,NN,NN
10.035350,NN,NN,NN,NN
10.038680,NN,NN,NN,NN
10.044210,NN,NN,NN,NN
10.049120,NN,NN,NN,NN
10.052360,NN,NN,NN,NN
10.057120,NN,NN,NN,NN
10.060400,NN,NN,NN,NN
10.064420,NN,NN,NN,NN
10.067420,NN,NN,NN,NN
10.071570,NN,NN,NN,NN
10.075630,NN,NN,NN,NN
10.080290,NN,NN,NN,NN
10.086390,NN,NN,NN,NN
10.089730,NN,NN,NN,NN
10.094270,NN,NN,NN,NN
10.097280,NN,NN,NN,NN
10.102020,NN,NN,NN,NN
10.105520,NN,NN,NN,NN
10.110310,NN,NN,NN,NN
10.113240,NN,NN,NN,NN
10.117990,NN,NN,NN,NN
10.121350,NN,NN,NN,NN
10.125850,NN,NN,NN,NN
10.128830,NN,NN,NN,NN
10.133300,NN,NN,NN,NN
10.137010,NN,NN,NN,NN
10.141820,NN,NN,NN,NN
10.144670,NN,NN,NN,NN
10.148970,NN,NN,NN,NN
10.154120,NN,NN,NN,NN
10.157780,NN,NN,NN,NN
10.161900,NN,NN,NN,NN
10.164950,NN,NN,NN,NN
10.169690,NN,NN,NN,NN
10.173210,NN,NN,NN,NN
10.177620,NN,NN,NN,NN
10.181350,NN,NN,NN,NN
10.186380,NN,NN,NN,NN
10.191060,NN,NN,NN,NN
10.196120,NN,NN,NN,NN
10.200830,NN,NN,NN,NN
10.204580,NN,NN,NN,NN
10.208790,NN,NN,NN,NN
10.212090,NN,NN,NN,NN
10.216740,NN,NN,NN,NN
10.221550,NN,NN,NN,NN
10.225130,NN,NN,NN,NN
10.229790,NN,NN,NN,NN
10.232730,NN,NN,NN,NN
10.236930,NN,NN,NN,NN
10.240570,NN,NN,NN,NN
10.245010,NN,NN,NN,NN
10.247910,NN,NN,NN,NN
10.251650,NN,NN,NN,NN
10.256050,NN,NN,NN,NN
10.260590,NN,NN,NN,NN
10.263510,NN,NN,NN,NN
10.267840,NN,NN,NN,NN
10.271330,NN,NN,NN,NN
10.283640,NN,NN,NN,NN
10.292000,NN,NN,NN,NN
10.295230,NN,NN,NN,NN
10.299220,NN,NN,NN,NN
10.305350,NN,NN,NN,NN
10.308630,NN,NN,NN,NN
10.312630,NN,NN,NN,NN
10.315660,NN,NN,NN,NN
10.321050,NN,NN,NN,NN
10.324370,NN,NN,NN,NN
10.327880,NN,NN,NN,NN
10.330650,NN,NN,NN,NN
10.335240,NN,NN,NN,NN
10.338780,NN,NN,NN,NN
10.343450,NN,NN,NN,NN
10.354710,NN,NN,NN,NN
10.359360,NN,NN,NN,NN
10.363440,NN,NN,NN,NN
10.366630,NN,NN,NN,NN
10.369720,NN,NN,NN,NN
10.375190,NN,NN,NN,NN
10.381750,NN,NN,NN,NN
10.384920,NN,NN,NN,NN
10.389750,NN,NN,NN,NN
10.394060,NN,NN,NN,NN
10.397410,NN,NN,NN,NN
10.401360,NN,NN,NN,NN
10.404940,NN,NN,NN,NN
10.409830,NN,NN,NN,NN
10.413110,NN,NN,NN,NN
10.417390,NN,NN,NN,NN
10.420720,NN,NN,NN,NN
10.424340,NN,NN,NN,NN
10.427630,NN,NN,NN,NN
10.431710,NN,NN,NN,NN
10.434670,NN,NN,NN,NN
10.442350,NN,NN,NN,NN
10.447420,NN,NN,NN,NN
10.450470,NN,NN,NN,NN
10.456140,NN,NN,NN,NN
10.459720,NN,NN,NN,NN
10.464050,NN,NN,NN,NN
10.472020,NN,NN,NN,NN
10.476230,NN,NN,NN,NN
10.479140,NN,NN,NN,NN
10.481860,NN,NN,NN,NN
10.486410,NN,NN,NN,NN
10.489950,NN,NN,NN,NN
10.494310,NN,NN,NN,NN
10.498450,NN,NN,NN,NN
10.502220,NN,NN,NN,NN
10.507200,NN,NN,NN,NN
10.510330,NN,NN,NN,NN
10.514430,NN,NN,NN,NN
10.518020,NN,NN,NN,NN
10.522790,NN,NN,NN,NN
10.525710,NN,NN,NN,NN
10.530850,NN,NN,NN,NN
10.537010,NN,NN,NN,NN
10.540260,NN,NN,NN,NN
10.542950,NN,NN,NN,NN
10.545720,NN,NN,NN,NN
10.548910,NN,NN,NN,NN
10.553280,NN,NN,NN,NN
10.556660,NN,NN,NN,NN
10.560970,NN,NN,NN,NN
10.564430,NN,NN,NN,NN
10.569430,NN,NN,NN,NN
10.574890,NN,NN,NN,NN
10.578640,NN,NN,NN,NN
10.582550,NN,NN,NN,NN
10.586140,NN,NN,NN,NN
10.591300,NN,NN,NN,NN
10.596380,NN,NN,NN,NN
10.599510,NN,NN,NN,NN
10.603760,NN,NN,NN,NN
10.607100,NN,NN,NN,NN
10.610450,NN,NN,NN,NN
10.613490,NN,NN,NN,NN
10.616270,NN,NN,NN,NN
10.621500,NN,NN,NN,NN
10.625400,NN,NN,NN,NN
10.628640,NN,NN,NN,NN
10.631460,NN,NN,NN,NN
10.634440,NN,NN,NN,NN
10.637580,NN,NN,NN,NN
10.641440,NN,NN,NN,NN
10.644630,NN,NN,NN,NN
10.647660,NN,NN,NN,NN
10.650970,NN,NN,NN,NN
10.654710,NN,NN,NN,NN
10.657840,NN,NN,NN,NN
10.660710,NN,NN,NN,NN
10.663620,NN,NN,NN,NN
10.666620,NN,NN,NN,NN
10.673520,NN,NN,NN,NN
10.679450,NN,NN,NN,NN
10.683280,NN,NN,NN,NN
10.687900,NN,NN,NN,NN
10.693000,NN,NN,NN,NN
10.696390,NN,NN,NN,NN
10.699540,NN,NN,NN,NN
10.703150,NN,NN,NN,NN
10.706690,NN,NN,NN,NN
10.710570,NN,NN,NN,NN
10.714320,NN,NN,NN,NN
10.717760,NN,NN,NN,NN
10.721460,NN,NN,NN,NN
10.724900,NN,NN,NN,NN
10.728100,NN,NN,NN,NN
10.731280,NN,NN,NN,NN
10.734820,NN,NN,NN,NN
10.801270,NN,NN,NN,NN
10.824470,NN,NN,NN,NN
10.832900,NN,NN,NN,NN
10.835510,NN,NN,NN,NN
10.838570,NN,NN,NN,NN
10.844790,NN,NN,NN,NN
10.847460,NN,NN,NN,NN
10.851360,NN,NN,NN,NN
10.857870,NN,NN,NN,NN
10.860910,NN,NN,NN,NN
10.863720,NN,NN,NN,NN
10.866970,NN,NN,NN,NN
10.875900,NN,NN,NN,NN
10.878760,NN,NN,NN,NN
10.881660,NN,NN,NN,NN
10.884180,NN,NN,NN,NN
10.887060,NN,NN,NN,NN
10.889910,NN,NN,NN,NN
10.892890,NN,NN,NN,NN
10.895800,NN,NN,NN,NN
10.898520,NN,NN,NN,NN
10.901350,NN,NN,NN,NN
10.904960,NN,NN,NN,NN
10.908050,NN,NN,NN,NN
10.911020,NN,NN,NN,NN
10.913820,NN,NN,NN,NN
10.916770,NN,NN,NN,NN
10.920480,NN,NN,NN,NN
10.924180,NN,NN,NN,NN
10.927310,NN,NN,NN,NN
10.930210,NN,NN,NN,NN
10.933140,NN,NN,NN,NN
10.936640,NN,NN,NN,NN
10.940130,NN,NN,NN,NN
10.943720,NN,NN,NN,NN
10.946860,NN,NN,NN,NN
10.950160,NN,NN,NN,NN
10.954020,NN,NN,NN,NN
10.957800,NN,NN,NN,NN
10.961020,NN,NN,NN,NN
10.964300,NN,NN,NN,NN
10.967580,NN,NN,NN,NN
10.971690,NN,NN,NN,NN
10.975120,NN,NN,NN,NN
10.978400,NN,NN,NN,NN
10.982840,NN,NN,NN,NN
10.986810,NN,NN,NN,NN
10.990260,NN,NN,NN,NN
10.993400,NN,NN,NN,NN
10.996770,NN,NN,NN,NN
10.999820,NN,NN,NN,NN
11.003520,NN,NN,NN,NN
11.006950,NN,NN,NN,NN
11.010790,NN,NN,NN,NN
11.014720,NN,NN,NN,NN
11.018250,NN,NN,NN,NN
11.021720,NN,NN,NN,NN
11.025170,NN,NN,NN,NN
11.028640,NN,NN,NN,NN
11.031660,NN,NN,NN,NN
11.034830,NN,NN,NN,NN
11.038510,NN,NN,NN,NN
11.042600,NN,NN,NN,NN
11.046340,NN,NN,NN,NN
11.049570,NN,NN,NN,NN
11.052920,NN,NN,NN,NN
11.056720,NN,NN,NN,NN
11.060350,NN,NN,NN,NN
11.063900,NN,NN,NN,NN
11.067230,NN,NN,NN,NN
11.070640,NN,NN,NN,NN
11.074870,NN,NN,NN,NN
11.078450,NN,NN,NN,NN
11.081570,NN,NN,NN,NN
11.084820,NN,NN,NN,NN
11.088440,NN,NN,NN,NN
11.093030,NN,NN,NN,NN
11.097170,NN,NN,NN,NN
11.100840,NN,NN,NN,NN
11.105230,NN,NN,NN,NN
11.108770,NN,NN,NN,NN
11.111790,NN,NN,NN,NN
11.114950,NN,NN,NN,NN
11.118170,NN,NN,NN,NN
11.121970,NN,NN,NN,NN
11.125420,NN,NN,NN,NN
11.128740,NN,NN,NN,NN
11.132140,NN,NN,NN,NN
11.136080,NN,NN,NN,NN
11.148750,NN,NN,NN,NN
11.153710,NN,NN,NN,NN
11.156910,NN,NN,NN,NN
11.159650,NN,NN,NN,NN
11.162370,NN,NN,NN,NN
11.165750,NN,NN,NN,NN
11.169200,NN,NN,NN,NN
11.172230,NN,NN,NN,NN
11.175220,NN,NN,NN,NN
11.177950,NN,NN,NN,NN
11.180580,NN,NN,NN,NN
11.183790,NN,NN,NN,NN
11.187100,NN,NN,NN,NN
11.190710,NN,NN,NN,NN
11.194010,NN,NN,NN,NN
11.197380,NN,NN,NN,NN
11.200380,NN,NN,NN,NN
11.203770,NN,NN,NN,NN
11.207170,NN,NN,NN,NN
11.210550,NN,NN,NN,NN
11.213990,NN,NN,NN,NN
11.217070,NN,NN,NN,NN
11.220530,NN,NN,NN,NN
11.224390,NN,NN,NN,NN
11.227960,NN,NN,NN,NN
11.231040,NN,NN,NN,NN
11.234210,NN,NN,NN,NN
11.237530,NN,NN,NN,NN
11.240770,NN,NN,NN,NN
11.244790,NN,NN,NN,NN
11.248290,NN,NN,NN,NN
11.251580,NN,NN,NN,NN
11.255600,NN,NN,NN,NN
11.259350,NN,NN,NN,NN
11.262490,NN,NN,NN,NN
11.265840,NN,NN,NN,NN
11.269140,NN,NN,NN,NN
11.272670,NN,NN,NN,NN
11.276480,NN,NN,NN,NN
11.279640,NN,NN,NN,NN
11.282900,NN,NN,NN,NN
11.287010,NN,NN,NN,NN
11.290790,NN,NN,NN,NN
11.294120,NN,NN,NN,NN
11.297350,NN,NN,NN,NN
11.300460,NN,NN,NN,NN
11.304040,NN,NN,NN,NN
11.308510,NN,NN,NN,NN
11.312000,NN,NN,NN,NN
11.315260,NN,NN,NN,NN
11.318700,NN,NN,NN,NN
11.322740,NN,NN,NN,NN
11.326500,NN,NN,NN,NN
11.329820,NN,NN,NN,NN
11.333070,NN,NN,NN,NN
11.337150,NN,NN,NN,NN
11.340810,NN,NN,NN,NN
11.344280,NN,NN,NN,NN
11.347750,NN,NN,NN,NN
11.351230,NN,NN,NN,NN
11.355560,NN,NN,NN,NN
11.358810,NN,NN,NN,NN
11.361810,NN,NN,NN,NN
11.365120,NN,NN,NN,NN
11.368680,NN,NN,NN,NN
11.372440,NN,NN,NN,NN
11.375970,NN,NN,NN,NN
11.379150,NN,NN,NN,NN
11.382210,NN,NN,NN,NN
11.386350,NN,NN,NN,NN
11.390350,NN,NN,NN,NN
11.393880,NN,NN,NN,NN
11.397150,NN,NN,NN,NN
11.400430,NN,NN,NN,NN
11.404500,NN,NN,NN,NN
11.408380,NN,NN,NN,NN
11.411430,NN,NN,NN,NN
11.414540,NN,NN,NN,NN
11.418050,NN,NN,NN,NN
11.421440,NN,NN,NN,NN
11.424800,NN,NN,NN,NN
11.427930,NN,NN,NN,NN
11.431310,NN,NN,NN,NN
11.434790,NN,NN,NN,NN
11.438450,NN,NN,NN,NN
11.442360,NN,NN,NN,NN
11.445680,NN,NN,NN,NN
11.448780,NN,NN,NN,NN
11.451960,NN,NN,NN,NN
11.455490,NN,NN,NN,NN
11.458850,NN,NN,NN,NN
11.462030,NN,NN,NN,NN
11.465330,NN,NN,NN,NN
11.468920,NN,NN,NN,NN
11.472430,NN,NN,NN,NN
11.476080,NN,NN,NN,NN
11.479240,NN,NN,NN,NN
11.482370,NN,NN,NN,NN
11.485760,NN,NN,NN,NN
11.489240,NN,NN,NN,NN
11.493230,NN,NN,NN,NN
11.497790,NN,NN,NN,NN
11.501780,NN,NN,NN,NN
11.506010,NN,NN,NN,NN
11.509700,NN,NN,NN,NN
11.512840,NN,NN,NN,NN
11.516140,NN,NN,NN,NN
11.519770,NN,NN,NN,NN
11.523280,NN,NN,NN,NN
11.526820,NN,NN,NN,NN
11.530370,NN,NN,NN,NN
11.533480,NN,NN,NN,NN
11.537200,NN,NN,NN,NN
11.540540,NN,NN,NN,NN
11.543720,NN,NN,NN,NN
11.547080,NN,NN,NN,NN
11.550240,NN,NN,NN,NN
11.554240,NN,NN,NN,NN
11.558230,NN,NN,NN,NN
11.561520,NN,NN,NN,NN
11.564650,NN,NN,NN,NN
11.568040,NN,NN,NN,NN
11.571760,NN,NN,NN,NN
11.575450,NN,NN,NN,NN
11.578690,NN,NN,NN,NN
11.582030,NN,NN,NN,NN
11.585550,NN,NN,NN,NN
11.589470,NN,NN,NN,NN
11.592600,NN,NN,NN,NN
11.595650,NN,NN,NN,NN
11.598860,NN,NN,NN,NN
11.602820,NN,NN,NN,NN
11.606320,NN,NN,NN,NN
11.609550,NN,NN,NN,NN
11.612440,NN,NN,NN,NN
11.615770,NN,NN,NN,NN
11.619520,NN,NN,NN,NN
11.622800,NN,NN,NN,NN
11.626090,NN,NN,NN,NN
11.629000,NN,NN,NN,NN
11.632440,NN,NN,NN,NN
11.643560,NN,NN,NN,NN
11.647160,NN,NN,NN,NN
11.650600,NN,NN,NN,NN
11.653670,NN,NN,NN,NN
11.656880,NN,NN,NN,NN
11.659680,NN,NN,NN,NN
11.662600,NN,NN,NN,NN
11.665540,NN,NN,NN,NN
11.668920,NN,NN,NN,NN
11.672220,NN,NN,NN,NN
11.675510,NN,NN,NN,NN
11.678960,NN,NN,NN,NN
11.682020,NN,NN,NN,NN
11.685100,NN,NN,NN,NN
11.688450,NN,NN,NN,NN
11.692190,NN,NN,NN,NN
11.695560,NN,NN,NN,NN
11.698720,NN,NN,NN,NN
11.701870,NN,NN,NN,NN
11.705500,NN,NN,NN,NN
11.709530,NN,NN,NN,NN
11.712980,NN,NN,NN,NN
11.716160,NN,NN,NN,NN
11.719570,NN,NN,NN,NN
11.723200,NN,NN,NN,NN
11.726960,NN,NN,NN,NN
11.730230,NN,NN,NN,NN
11.733320,NN,NN,NN,NN
11.736970,NN,NN,NN,NN
11.741420,NN,NN,NN,NN
11.744680,NN,NN,NN,NN
11.748020,NN,NN,NN,NN
11.751100,NN,NN,NN,NN
11.754550,NN,NN,NN,NN
11.758190,NN,NN,NN,NN
11.761590,NN,NN,NN,NN
11.764700,NN,NN,NN,NN
11.768700,NN,NN,NN,NN
11.772540,NN,NN,NN,NN
11.775810,NN,NN,NN,NN
11.778800,NN,NN,NN,NN
11.781770,NN,NN,NN,NN
11.784970,NN,NN,NN,NN
11.789940,NN,NN,NN,NN
11.793430,NN,NN,NN,NN
11.796630,NN,NN,NN,NN
11.800230,NN,NN,NN,NN
11.804110,NN,NN,NN,NN
11.809620,NN,NN,NN,NN
11.812670,NN,NN,NN,NN
11.815580,NN,NN,NN,NN
11.819050,NN,NN,NN,NN
11.822520,NN,NN,NN,NN
11.826080,NN,NN,NN,NN
11.829480,NN,NN,NN,NN
11.832460,NN,NN,NN,NN
11.836650,NN,NN,NN,NN
11.840990,NN,NN,NN,NN
11.844450,NN,NN,NN,NN
11.847790,NN,NN,NN,NN
11.852160,NN,NN,NN,NN
11.856690,NN,NN,NN,NN
11.860570,NN,NN,NN,NN
11.864010,NN,NN,NN,NN
11.867180,NN,NN,NN,NN
11.870500,NN,NN,NN,NN
11.873860,NN,NN,NN,NN
11.877170,NN,NN,NN,NN
11.880380,NN,NN,NN,NN
11.883400,NN,NN,NN,NN
11.887050,NN,NN,NN,NN
11.890720,NN,NN,NN,NN
11.893810,NN,NN,NN,NN
11.897470,NN,NN,NN,NN
11.901690,NN,NN,NN,NN
11.906080,NN,NN,NN,NN
11.910440,NN,NN,NN,NN
11.914000,NN,NN,NN,NN
11.917280,NN,NN,NN,NN
11.921120,NN,NN,NN,NN
11.924680,NN,NN,NN,NN
11.927880,NN,NN,NN,NN
11.930950,NN,NN,NN,NN
11.934020,NN,NN,NN,NN
11.937670,NN,NN,NN,NN
11.941020,NN,NN,NN,NN
11.944140,NN,NN,NN,NN
11.947260,NN,NN,NN,NN
11.950610,NN,NN,NN,NN
11.963070,NN,NN,NN,NN
11.968580,NN,NN,NN,NN
11.972730,NN,NN,NN,NN
11.977830,NN,NN,NN,NN
11.981430,NN,NN,NN,NN
11.985650,NN,NN,NN,NN
11.989530,NN,NN,NN,NN
11.994450,NN,NN,NN,NN
11.998860,NN,NN,NN,NN
12.002290,NN,NN,NN,NN
12.007640,NN,NN,NN,NN
12.011750,NN,NN,NN,NN
12.015770,NN,NN,NN,NN
12.018680,NN,NN,NN,NN
12.025180,NN,NN,NN,NN
12.030810,NN,NN,NN,NN
12.033550,NN,NN,NN,NN
12.039640,NN,NN,NN,NN
12.044710,NN,NN,NN,NN
12.047720,NN,NN,NN,NN
12.051800,NN,NN,NN,NN
12.056060,NN,NN,NN,NN
12.060470,NN,NN,NN,NN
12.066420,NN,NN,NN,NN
12.070150,NN,NN,NN,NN
12.074820,NN,NN,NN,NN
12.079010,NN,NN,NN,NN
12.082990,NN,NN,NN,NN
12.085910,NN,NN,NN,NN
12.090570,NN,NN,NN,NN
12.093270,NN,NN,NN,NN
12.097270,NN,NN,NN,NN
12.100630,NN,NN,NN,NN
12.105220,NN,NN,NN,NN
12.108220,NN,NN,NN,NN
12.112220,NN,NN,NN,NN
12.116800,NN,NN,NN,NN
12.121480,NN,NN,NN,NN
12.125900,NN,NN,NN,NN
12.129320,NN,NN,NN,NN
12.132320,NN,NN,NN,NN
12.135100,NN,NN,NN,NN
12.137880,NN,NN,NN,NN
12.141020,NN,NN,NN,NN
12.143910,NN,NN,NN,NN
12.147010,NN,NN,NN,NN
12.150130,NN,NN,NN,NN
12.153220,NN,NN,NN,NN
12.156450,NN,NN,NN,NN
12.159550,NN,NN,NN,NN
12.162660,NN,NN,NN,NN
12.165650,NN,NN,NN,NN
12.168580,NN,NN,NN,NN
12.171820,NN,NN,NN,NN
12.174850,NN,NN,NN,NN
12.178310,NN,NN,NN,NN
12.181360,NN,NN,NN,NN
12.184300,NN,NN,NN,NN
12.187500,NN,NN,NN,NN
12.191610,NN,NN,NN,NN
12.195810,NN,NN,NN,NN
12.199040,NN,NN,NN,NN
12.202060,NN,NN,NN,NN
12.205230,NN,NN,NN,NN
12.209180,NN,NN,NN,NN
12.212280,NN,NN,NN,NN
12.215170,NN,NN,NN,NN
12.218440,NN,NN,NN,NN
12.222380,NN,NN,NN,NN
12.225850,NN,NN,NN,NN
12.228850,NN,NN,NN,NN
12.231860,NN,NN,NN,NN
12.235030,NN,NN,NN,NN
12.238490,NN,NN,NN,NN
12.242040,NN,NN,NN,NN
12.245090,NN,NN,NN,NN
12.248230,NN,NN,NN,NN
12.251540,NN,NN,NN,NN
12.255440,NN,NN,NN,NN
12.259030,NN,NN,NN,NN
12.262080,NN,NN,NN,NN
12.265170,NN,NN,NN,NN
12.268310,NN,NN,NN,NN
12.272120,NN,NN,NN,NN
12.275380,NN,NN,NN,NN
12.278710,NN,NN,NN,NN
12.281860,NN,NN,NN,NN
12.285350,NN,NN,NN,NN
12.288950,NN,NN,NN,NN
12.292080,NN,NN,NN,NN
12.294930,NN,NN,NN,NN
12.297820,NN,NN,NN,NN
12.301310,NN,NN,NN,NN
12.305770,NN,NN,NN,NN
12.310270,NN,NN,NN,NN
12.314270,NN,NN,NN,NN
12.317710,NN,NN,NN,NN
12.321160,NN,NN,NN,NN
12.326020,NN,NN,NN,NN
12.329310,NN,NN,NN,NN
12.332660,NN,NN,NN,NN
12.336090,NN,NN,NN,NN
12.339740,NN,NN,NN,NN
12.343060,NN,NN,NN,NN
12.346300,NN,NN,NN,NN
12.349450,NN,NN,NN,NN
12.352600,NN,NN,NN,NN
12.355870,NN,NN,NN,NN
12.358880,NN,NN,NN,NN
12.362170,NN,NN,NN,NN
12.365270,NN,NN,NN,NN
12.368340,NN,NN,NN,NN
12.372020,NN,NN,NN,NN
12.375510,NN,NN,NN,NN
12.378770,NN,NN,NN,NN
12.383420,NN,NN,NN,NN
12.390570,NN,NN,NN,NN
12.393900,NN,NN,NN,NN
12.398210,NN,NN,NN,NN
12.401500,NN,NN,NN,NN
12.406480,NN,NN,NN,NN
12.413240,NN,NN,NN,NN
12.416350,NN,NN,NN,NN
12.421010,NN,NN,NN,NN
12.427420,NN,NN,NN,NN
12.430430,NN,NN,NN,NN
12.435110,NN,NN,NN,NN
12.438480,NN,NN,NN,NN
12.443570,NN,NN,NN,NN
12.448850,NN,NN,NN,NN
12.452240,NN,NN,NN,NN
12.457680,NN,NN,NN,NN
12.461060,NN,NN,NN,NN
12.465490,NN,NN,NN,NN
12.471460,NN,NN,NN,NN
12.474740,NN,NN,NN,NN
12.479080,NN,NN,NN,NN
12.482050,NN,NN,NN,NN
12.486740,NN,NN,NN,NN
12.489880,NN,NN,NN,NN
12.493350,NN,NN,NN,NN
12.496270,NN,NN,NN,NN
12.498930,NN,NN,NN,NN
12.503060,NN,NN,NN,NN
12.506610,NN,NN,NN,NN
12.511000,NN,NN,NN,NN
12.514060,NN,NN,NN,NN
12.518820,NN,NN,NN,NN
12.524440,NN,NN,NN,NN
12.527760,NN,NN,NN,NN
12.531500,NN,NN,NN,NN
12.534860,NN,NN,NN,NN
12.538970,NN,NN,NN,NN
12.542180,NN,NN,NN,NN
12.546220,NN,NN,NN,NN
12.549490,NN,NN,NN,NN
12.556670,NN,NN,NN,NN
12.561040,NN,NN,NN,NN
12.563910,NN,NN,NN,NN
12.567180,NN,NN,NN,NN
12.572300,NN,NN,NN,NN
12.577050,NN,NN,NN,NN
12.581610,NN,NN,NN,NN
12.586570,NN,NN,NN,NN
12.590990,NN,NN,NN,NN
12.593880,NN,NN,NN,NN
12.597070,NN,NN,NN,NN
12.602940,NN,NN,NN,NN
12.607580,NN,NN,NN,NN
12.610590,NN,NN,NN,NN
12.615390,NN,NN,NN,NN
12.618680,NN,NN,NN,NN
12.623150,NN,NN,NN,NN
12.625890,NN,NN,NN,NN
12.630120,NN,NN,NN,NN
12.633300,NN,NN,NN,NN
12.637900,NN,NN,NN,NN
12.641240,NN,NN,NN,NN
12.645820,NN,NN,NN,NN
12.649000,NN,NN,NN,NN
12.653360,NN,NN,NN,NN
12.656330,NN,NN,NN,NN
12.660300,NN,NN,NN,NN
12.663400,NN,NN,NN,NN
12.667730,NN,NN,NN,NN
12.671170,NN,NN,NN,NN
12.676180,NN,NN,NN,NN
12.679100,NN,NN,NN,NN
12.683120,NN,NN,NN,NN
12.686110,NN,NN,NN,NN
12.693440,NN,NN,NN,NN
12.697480,NN,NN,NN,NN
12.700420,NN,NN,NN,NN
12.705210,NN,NN,NN,NN
12.709100,NN,NN,NN,NN
12.714200,NN,NN,NN,NN
12.719600,NN,NN,NN,NN
12.726300,NN,NN,NN,NN
12.729230,NN,NN,NN,NN
12.732100,NN,NN,NN,NN
12.737230,NN,NN,NN,NN
12.741810,NN,NN,NN,NN
12.744720,NN,NN,NN,NN
12.748910,NN,NN,NN,NN
12.752000,NN,NN,NN,NN
12.756880,NN,NN,NN,NN
12.760020,NN,NN,NN,NN
12.764080,NN,NN,NN,NN
12.767500,NN,NN,NN,NN
12.771720,NN,NN,NN,NN
12.775140,NN,NN,NN,NN
12.778950,NN,NN,NN,NN
12.781850,NN,NN,NN,NN
12.786830,NN,NN,NN,NN
12.790240,NN,NN,NN,NN
12.794680,NN,NN,NN,NN
12.797790,NN,NN,NN,NN
12.801990,NN,NN,NN,NN
12.805180,NN,NN,NN,NN
12.809600,NN,NN,NN,NN
12.814560,NN,NN,NN,NN
12.819030,NN,NN,NN,NN
12.825090,NN,NN,NN,NN
12.828220,NN,NN,NN,NN
12.832220,NN,NN,NN,NN
12.835150,NN,NN,NN,NN
12.839540,NN,NN,NN,NN
12.851110,NN,NN,NN,NN
12.856350,NN,NN,NN,NN
12.863070,NN,NN,NN,NN
12.866870,NN,NN,NN,NN
12.872010,NN,NN,NN,NN
12.876500,NN,NN,NN,NN
12.879550,NN,NN,NN,NN
12.882290,NN,NN,NN,NN
12.885740,NN,NN,NN,NN
12.888910,NN,NN,NN,NN
12.891760,NN,NN,NN,NN
12.894620,NN,NN,NN,NN
12.897270,NN,NN,NN,NN
12.900140,NN,NN,NN,NN
12.903140,NN,NN,NN,NN
12.906460,NN,NN,NN,NN
12.909400,NN,NN,NN,NN
12.912300,NN,NN,NN,NN
12.915330,NN,NN,NN,NN
12.918620,NN,NN,NN,NN
12.921820,NN,NN,NN,NN
12.924950,NN,NN,NN,NN
12.927990,NN,NN,NN,NN
12.931190,NN,NN,NN,NN
12.934660,NN,NN,NN,NN
12.937990,NN,NN,NN,NN
12.941610,NN,NN,NN,NN
12.944960,NN,NN,NN,NN
12.948260,NN,NN,NN,NN
12.951480,NN,NN,NN,NN
12.954730,NN,NN,NN,NN
12.958370,NN,NN,NN,NN
12.961590,NN,NN,NN,NN
12.964730,NN,NN,NN,NN
12.967840,NN,NN,NN,NN
12.971460,NN,NN,NN,NN
12.975210,NN,NN,NN,NN
12.978640,NN,NN,NN,NN
12.981750,NN,NN,NN,NN
12.984830,NN,NN,NN,NN
12.990170,NN,NN,NN,NN
12.993460,NN,NN,NN,NN
12.996710,NN,NN,NN,NN
12.999830,NN,NN,NN,NN
13.005150,NN,NN,NN,NN
13.011190,NN,NN,NN,NN
13.014570,NN,NN,NN,NN
13.019420,NN,NN,NN,NN
13.022910,NN,NN,NN,NN
13.027480,NN,NN,NN,NN
13.030540,NN,NN,NN,NN
13.035350,NN,NN,NN,NN
13.042280,NN,NN,NN,NN
13.045200,NN,NN,NN,NN
13.049630,NN,NN,NN,NN
13.052970,NN,NN,NN,NN
13.057990,NN,NN,NN,NN
13.060980,NN,NN,NN,NN
13.063890,NN,NN,NN,NN
13.067720,NN,NN,NN,NN
13.073290,NN,NN,NN,NN
13.079860,NN,NN,NN,NN
13.082910,NN,NN,NN,NN
13.087130,NN,NN,NN,NN
13.090200,NN,NN,NN,NN
13.094080,NN,NN,NN,NN
13.097730,NN,NN,NN,NN
13.102240,NN,NN,NN,NN
13.105540,NN,NN,NN,NN
13.109930,NN,NN,NN,NN
13.113470,NN,NN,NN,NN
13.117570,NN,NN,NN,NN
13.121170,NN,NN,NN,NN
13.126050,NN,NN,NN,NN
13.129810,NN,NN,NN,NN
13.132760,NN,NN,NN,NN
13.136080,NN,NN,NN,NN
13.139330,NN,NN,NN,NN
13.142640,NN,NN,NN,NN
13.147170,NN,NN,NN,NN
13.150400,NN,NN,NN,NN
13.153680,NN,NN,NN,NN
13.157160,NN,NN,NN,NN
13.160530,NN,NN,NN,NN
13.163540,NN,NN,NN,NN
13.166340,NN,NN,NN,NN
13.169500,NN,NN,NN,NN
13.172540,NN,NN,NN,NN
13.175870,NN,NN,NN,NN
13.178800,NN,NN,NN,NN
13.181720,NN,NN,NN,NN
13.184800,NN,NN,NN,NN
13.188320,NN,NN,NN,NN
13.192240,NN,NN,NN,NN
13.195320,NN,NN,NN,NN
13.198140,NN,NN,NN,NN
13.201150,NN,NN,NN,NN
13.204300,NN,NN,NN,NN
13.208870,NN,NN,NN,NN
13.212030,NN,NN,NN,NN
13.215180,NN,NN,NN,NN
13.218590,NN,NN,NN,NN
13.222330,NN,NN,NN,NN
13.225490,NN,NN,NN,NN
13.228450,NN,NN,NN,NN
13.231350,NN,NN,NN,NN
13.234270,NN,NN,NN,NN
13.238130,NN,NN,NN,NN
13.241370,NN,NN,NN,NN
13.244250,NN,NN,NN,NN
13.247290,NN,NN,NN,NN
13.250630,NN,NN,NN,NN
13.254380,NN,NN,NN,NN
13.257920,NN,NN,NN,NN
13.261060,NN,NN,NN,NN
13.264060,NN,NN,NN,NN
13.267170,NN,NN,NN,NN
13.271220,NN,NN,NN,NN
13.274960,NN,NN,NN,NN
13.278390,NN,NN,NN,NN
13.281590,NN,NN,NN,NN
13.284560,NN,NN,NN,NN
13.288810,NN,NN,NN,NN
13.291940,NN,NN,NN,NN
13.294890,NN,NN,NN,NN
13.298020,NN,NN,NN,NN
13.301290,NN,NN,NN,NN
13.304790,NN,NN,NN,NN
13.308460,NN,NN,NN,NN
13.311960,NN,NN,NN,NN
13.315030,NN,NN,NN,NN
13.318330,NN,NN,NN,NN
13.321640,NN,NN,NN,NN
13.325160,NN,NN,NN,NN
13.328350,NN,NN,NN,NN
13.331550,NN,NN,NN,NN
13.334880,NN,NN,NN,NN
13.338620,NN,NN,NN,NN
13.342080,NN,NN,NN,NN
13.345170,NN,NN,NN,NN
13.348750,NN,NN,NN,NN
13.352170,NN,NN,NN,NN
13.355450,NN,NN,NN,NN
13.358740,NN,NN,NN,NN
13.361790,NN,NN,NN,NN
13.365040,NN,NN,NN,NN
13.368530,NN,NN,NN,NN
13.372320,NN,NN,NN,NN
13.375650,NN,NN,NN,NN
13.378590,NN,NN,NN,NN
13.381790,NN,NN,NN,NN
13.384900,NN,NN,NN,NN
13.389240,NN,NN,NN,NN
13.392660,NN,NN,NN,NN
13.396030,NN,NN,NN,NN
13.399410,NN,NN,NN,NN
13.405530,NN,NN,NN,NN
13.411190,NN,NN,NN,NN
13.415480,NN,NN,NN,NN
13.419830,NN,NN,NN,NN
13.423330,NN,NN,NN,NN
13.426510,NN,NN,NN,NN
13.429810,NN,NN,NN,NN
13.432880,NN,NN,NN,NN
13.436130,NN,NN,NN,NN
13.439370,NN,NN,NN,NN
13.442710,NN,NN,NN,NN
13.445600,NN,NN,NN,NN
13.448510,NN,NN,NN,NN
13.451650,NN,NN,NN,NN
13.454940,NN,NN,NN,NN
13.458470,NN,NN,NN,NN
13.569750,NN,NN,NN,NN
13.582380,NN,NN,NN,NN
13.587890,NN,NN,NN,NN
13.590360,NN,NN,NN,NN
13.592360,NN,NN,NN,NN
13.595920,NN,NN,NN,NN
13.599910,NN,NN,NN,NN
13.604310,NN,NN,NN,NN
13.611470,NN,NN,NN,NN
13.613780,NN,NN,NN,NN
13.616420,NN,NN,NN,NN
13.621130,NN,NN,NN,NN
13.625470,NN,NN,NN,NN
13.628980,NN,NN,NN,NN
13.632040,NN,NN,NN,NN
13.636110,NN,NN,NN,NN
13.641690,NN,NN,NN,NN
13.644820,NN,NN,NN,NN
13.648420,NN,NN,NN,NN
13.651120,NN,NN,NN,NN
13.653800,NN,NN,NN,NN
13.665940,NN,NN,NN,NN
13.669670,NN,NN,NN,NN
13.674210,NN,NN,NN,NN
13.677350,NN,NN,NN,NN
13.680380,NN,NN,NN,NN
13.682870,NN,NN,NN,NN
13.685940,NN,NN,NN,NN
13.689350,NN,NN,NN,NN
13.693350,NN,NN,NN,NN
13.696480,NN,NN,NN,NN
13.699240,NN,NN,NN,NN
13.704160,NN,NN,NN,NN
13.708700,NN,NN,NN,NN
13.711850,NN,NN,NN,NN
13.714790,NN,NN,NN,NN
13.717840,NN,NN,NN,NN
13.721040,NN,NN,NN,NN
13.726510,NN,NN,NN,NN
13.731180,NN,NN,NN,NN
13.734670,NN,NN,NN,NN
13.740130,NN,NN,NN,NN
13.745920,NN,NN,NN,NN
13.748940,NN,NN,NN,NN
13.752270,NN,NN,NN,NN
13.757540,NN,NN,NN,NN
13.761930,NN,NN,NN,NN
13.765010,NN,NN,NN,NN
13.769560,NN,NN,NN,NN
13.773130,NN,NN,NN,NN
13.776260,NN,NN,NN,NN
13.779150,NN,NN,NN,NN
13.782030,NN,NN,NN,NN
13.787080,NN,NN,NN,NN
13.790650,NN,NN,NN,NN
13.793830,NN,NN,NN,NN
13.796970,NN,NN,NN,NN
13.799750,NN,NN,NN,NN
13.803030,NN,NN,NN,NN
13.806180,NN,NN,NN,NN
13.809100,NN,NN,NN,NN
13.812100,NN,NN,NN,NN
13.815180,NN,NN,NN,NN
13.819170,NN,NN,NN,NN
13.823820,NN,NN,NN,NN
13.827320,NN,NN,NN,NN
13.830290,NN,NN,NN,NN
13.833220,NN,NN,NN,NN
13.836450,NN,NN,NN,NN
13.839880,NN,NN,NN,NN
13.843410,NN,NN,NN,NN
13.846540,NN,NN,NN,NN
13.851360,NN,NN,NN,NN
13.855410,NN,NN,NN,NN
13.858700,NN,NN,NN,NN
13.861790,NN,NN,NN,NN
13.865760,NN,NN,NN,NN
13.870800,NN,NN,NN,NN
13.875010,NN,NN,NN,NN
13.878650,NN,NN,NN,NN
13.882560,NN,NN,NN,NN
13.886280,NN,NN,NN,NN
13.890230,NN,NN,NN,NN
13.893600,NN,NN,NN,NN
13.896850,NN,NN,NN,NN
13.900040,NN,NN,NN,NN
13.906770,NN,NN,NN,NN
13.910620,NN,NN,NN,NN
13.914040,NN,NN,NN,NN
13.917190,NN,NN,NN,NN
13.920520,NN,NN,NN,NN
13.923580,NN,NN,NN,NN
13.927140,NN,NN,NN,NN
13.931250,NN,NN,NN,NN
13.935270,NN,NN,NN,NN
13.939240,NN,NN,NN,NN
13.943390,NN,NN,NN,NN
13.946960,NN,NN,NN,NN
13.950060,NN,NN,NN,NN
13.953140,NN,NN,NN,NN
13.956830,NN,NN,NN,NN
13.960330,NN,NN,NN,NN
13.963920,NN,NN,NN,NN
13.967640,NN,NN,NN,NN
13.972380,NN,NN,NN,NN
13.976290,NN,NN,NN,NN
13.979230,NN,NN,NN,NN
13.982130,NN,NN,NN,NN
13.985180,NN,NN,NN,NN
13.988620,NN,NN,NN,NN
13.992010,NN,NN,NN,NN
13.995070,NN,NN,NN,NN
13.998150,NN,NN,NN,NN
14.001490,NN,NN,NN,NN
14.005320,NN,NN,NN,NN
14.011810,NN,NN,NN,NN
14.016950,NN,NN,NN,NN
14.020780,NN,NN,NN,NN
14.024510,NN,NN,NN,NN
14.027870,NN,NN,NN,NN
14.031500,NN,NN,NN,NN
14.036580,NN,NN,NN,NN
14.040200,NN,NN,NN,NN
14.043230,NN,NN,NN,NN
14.046200,NN,NN,NN,NN
14.049290,NN,NN,NN,NN
14.055340,NN,NN,NN,NN
14.059170,NN,NN,NN,NN
14.062850,NN,NN,NN,NN
14.066460,NN,NN,NN,NN
14.069670,NN,NN,NN,NN
14.072860,NN,NN,NN,NN
14.075970,NN,NN,NN,NN
14.078910,NN,NN,NN,NN
14.082330,NN,NN,NN,NN
14.087800,NN,NN,NN,NN
14.092430,NN,NN,NN,NN
14.096030,NN,NN,NN,NN
14.100340,NN,NN,NN,NN
14.103800,NN,NN,NN,NN
14.106780,NN,NN,NN,NN
14.109630,NN,NN,NN,NN
14.112700,NN,NN,NN,NN
14.115770,NN,NN,NN,NN
14.118900,NN,NN,NN,NN
14.122930,NN,NN,NN,NN
14.126660,NN,NN,NN,NN
14.130650,NN,NN,NN,NN
14.133820,NN,NN,NN,NN
14.137010,NN,NN,NN,NN
14.140530,NN,NN,NN,NN
14.145620,NN,NN,NN,NN
14.148690,NN,NN,NN,NN
14.151850,NN,NN,NN,NN
14.155450,NN,NN,NN,NN
14.160050,NN,NN,NN,NN
14.163150,NN,NN,NN,NN
14.165930,NN,NN,NN,NN
14.169010,NN,NN,NN,NN
14.172270,NN,NN,NN,NN
14.175560,NN,NN,NN,NN
14.178540,NN,NN,NN,NN
14.181480,NN,NN,NN,NN
14.184790,NN,NN,NN,NN
14.188310,NN,NN,NN,NN
14.191730,NN,NN,NN,NN
14.194920,NN,NN,NN,NN
14.197840,NN,NN,NN,NN
14.200960,NN,NN,NN,NN
14.204170,NN,NN,NN,NN
14.207700,NN,NN,NN,NN
14.210870,NN,NN,NN,NN
14.214310,NN,NN,NN,NN
14.217590,NN,NN,NN,NN
14.221340,NN,NN,NN,NN
14.226760,NN,NN,NN,NN
14.230130,NN,NN,NN,NN
14.233270,NN,NN,NN,NN
14.236670,NN,NN,NN,NN
14.240140,NN,NN,NN,NN
14.243400,NN,NN,NN,NN
14.246620,NN,NN,NN,NN
14.249630,NN,NN,NN,NN
14.253060,NN,NN,NN,NN
14.256600,NN,NN,NN,NN
14.259790,NN,NN,NN,NN
14.262840,NN,NN,NN,NN
14.266020,NN,NN,NN,NN
14.269560,NN,NN,NN,NN
14.273020,NN,NN,NN,NN
14.276260,NN,NN,NN,NN
14.279280,NN,NN,NN,NN
14.282310,NN,NN,NN,NN
14.285820,NN,NN,NN,NN
14.289140,NN,NN,NN,NN
14.292340,NN,NN,NN,NN
14.295460,NN,NN,NN,NN
14.298400,NN,NN,NN,NN
14.301710,NN,NN,NN,NN
14.305510,NN,NN,NN,NN
14.309090,NN,NN,NN,NN
14.312390,NN,NN,NN,NN
14.315710,NN,NN,NN,NN
14.319150,NN,NN,NN,NN
14.322690,NN,NN,NN,NN
14.326130,NN,NN,NN,NN
14.329130,NN,NN,NN,NN
14.332500,NN,NN,NN,NN
14.337890,NN,NN,NN,NN
14.341660,NN,NN,NN,NN
14.345180,NN,NN,NN,NN
14.358120,NN,NN,NN,NN
14.361020,NN,NN,NN,NN
14.363990,NN,NN,NN,NN
14.367280,NN,NN,NN,NN
14.370510,NN,NN,NN,NN
14.373460,NN,NN,NN,NN
14.376320,NN,NN,NN,NN
14.379060,NN,NN,NN,NN
14.381730,NN,NN,NN,NN
14.384720,NN,NN,NN,NN
14.387850,NN,NN,NN,NN
14.391060,NN,NN,NN,NN
14.394410,NN,NN,NN,NN
14.397620,NN,NN,NN,NN
14.400750,NN,NN,NN,NN
14.403870,NN,NN,NN,NN
14.406970,NN,NN,NN,NN
14.410200,NN,NN,NN,NN
14.413330,NN,NN,NN,NN
14.416600,NN,NN,NN,NN
14.419990,NN,NN,NN,NN
14.423320,NN,NN,NN,NN
14.426710,NN,NN,NN,NN
14.429870,NN,NN,NN,NN
14.432870,NN,NN,NN,NN
14.436090,NN,NN,NN,NN
14.439800,NN,NN,NN,NN
14.443280,NN,NN,NN,NN
14.446650,NN,NN,NN,NN
14.449800,NN,NN,NN,NN
14.455870,NN,NN,NN,NN
14.459400,NN,NN,NN,NN
14.462390,NN,NN,NN,NN
14.467020,NN,NN,NN,NN
14.470770,NN,NN,NN,NN
14.473790,NN,NN,NN,NN
14.476930,NN,NN,NN,NN
14.479900,NN,NN,NN,NN
14.482780,NN,NN,NN,NN
14.487010,NN,NN,NN,NN
14.490840,NN,NN,NN,NN
14.493720,NN,NN,NN,NN
14.496570,NN,NN,NN,NN
14.499340,NN,NN,NN,NN
14.504410,NN,NN,NN,NN
14.508400,NN,NN,NN,NN
14.511600,NN,NN,NN,NN
14.514790,NN,NN,NN,NN
14.519940,NN,NN,NN,NN
14.523440,NN,NN,NN,NN
14.526460,NN,NN,NN,NN
14.529340,NN,NN,NN,NN
14.533930,NN,NN,NN,NN
14.540830,NN,NN,NN,NN
14.549370,NN,NN,NN,NN
14.553670,NN,NN,NN,NN
14.558130,NN,NN,NN,NN
14.560780,NN,NN,NN,NN
14.563750,NN,NN,NN,NN
14.566710,NN,NN,NN,NN
14.569860,NN,NN,NN,NN
14.574070,NN,NN,NN,NN
14.577360,NN,NN,NN,NN
14.580560,NN,NN,NN,NN
14.583230,NN,NN,NN,NN
14.586080,NN,NN,NN,NN
14.589170,NN,NN,NN,NN
14.591990,NN,NN,NN,NN
14.595080,NN,NN,NN,NN
14.598190,NN,NN,NN,NN
14.602720,NN,NN,NN,NN
14.606230,NN,NN,NN,NN
14.609790,NN,NN,NN,NN
14.612970,NN,NN,NN,NN
14.615780,NN,NN,NN,NN
14.618580,NN,NN,NN,NN
14.621620,NN,NN,NN,NN
14.627170,NN,NN,NN,NN
14.630630,NN,NN,NN,NN
14.633620,NN,NN,NN,NN
14.637220,NN,NN,NN,NN
14.642800,NN,NN,NN,NN
14.647220,NN,NN,NN,NN
14.650250,NN,NN,NN,NN
14.654940,NN,NN,NN,NN
14.658330,NN,NN,NN,NN
14.662480,NN,NN,NN,NN
14.665480,NN,NN,NN,NN
14.669560,NN,NN,NN,NN
14.673740,NN,NN,NN,NN
14.678190,NN,NN,NN,NN
14.683280,NN,NN,NN,NN
14.688370,NN,NN,NN,NN
14.692970,NN,NN,NN,NN
14.696090,NN,NN,NN,NN
14.701020,NN,NN,NN,NN
14.704540,NN,NN,NN,NN
14.707920,NN,NN,NN,NN
14.710750,NN,NN,NN,NN
14.713440,NN,NN,NN,NN
14.716400,NN,NN,NN,NN
14.719790,NN,NN,NN,NN
14.722910,NN,NN,NN,NN
14.726000,NN,NN,NN,NN
14.729140,NN,NN,NN,NN
14.732250,NN,NN,NN,NN
14.736370,NN,NN,NN,NN
14.741000,NN,NN,NN,NN
14.744880,NN,NN,NN,NN
14.748360,NN,NN,NN,NN
14.751920,NN,NN,NN,NN
14.755490,NN,NN,NN,NN
14.759430,NN,NN,NN,NN
14.762670,NN,NN,NN,NN
14.765870,NN,NN,NN,NN
14.769190,NN,NN,NN,NN
14.772420,NN,NN,NN,NN
14.775520,NN,NN,NN,NN
14.778900,NN,NN,NN,NN
14.782390,NN,NN,NN,NN
14.786000,NN,NN,NN,NN
14.789460,NN,NN,NN,NN
14.792810,NN,NN,NN,NN
14.795770,NN,NN,NN,NN
14.798870,NN,NN,NN,NN
14.802080,NN,NN,NN,NN
14.805340,NN,NN,NN,NN
14.809010,NN,NN,NN,NN
14.812420,NN,NN,NN,NN
14.815750,NN,NN,NN,NN
14.819540,NN,NN,NN,NN
14.823310,NN,NN,NN,NN
14.826540,NN,NN,NN,NN
14.829520,NN,NN,NN,NN
14.833210,NN,NN,NN,NN
14.837070,NN,NN,NN,NN
14.840420,NN,NN,NN,NN
14.843450,NN,NN,NN,NN
14.846690,NN,NN,NN,NN
14.850000,NN,NN,NN,NN
14.853340,NN,NN,NN,NN
14.856600,NN,NN,NN,NN
14.859810,NN,NN,NN,NN
14.863110,NN,NN,NN,NN
14.866170,NN,NN,NN,NN
14.869690,NN,NN,NN,NN
14.873060,NN,NN,NN,NN
14.876930,NN,NN,NN,NN
14.882170,NN,NN,NN,NN
14.886510,NN,NN,NN,NN
14.890380,NN,NN,NN,NN
14.893870,NN,NN,NN,NN
14.897190,NN,NN,NN,NN
14.900610,NN,NN,NN,NN
14.903860,NN,NN,NN,NN
14.907290,NN,NN,NN,NN
14.910860,NN,NN,NN,NN
14.914010,NN,NN,NN,NN
14.916950,NN,NN,NN,NN
14.920360,NN,NN,NN,NN
14.923810,NN,NN,NN,NN
14.926940,NN,NN,NN,NN
14.930170,NN,NN,NN,NN
14.933090,NN,NN,NN,NN
14.936380,NN,NN,NN,NN
14.940830,NN,NN,NN,NN
14.944190,NN,NN,NN,NN
14.947240,NN,NN,NN,NN
14.950130,NN,NN,NN,NN
14.953320,NN,NN,NN,NN
14.957010,NN,NN,NN,NN
14.960370,NN,NN,NN,NN
14.963470,NN,NN,NN,NN
14.966470,NN,NN,NN,NN
14.970440,NN,NN,NN,NN
14.973890,NN,NN,NN,NN
14.977080,NN,NN,NN,NN
14.980030,NN,NN,NN,NN
14.982980,NN,NN,NN,NN
14.986750,NN,NN,NN,NN
14.990590,NN,NN,NN,NN
14.993630,NN,NN,NN,NN
14.996880,NN,NN,NN,NN
15.000220,NN,NN,NN,NN
15.003810,NN,NN,NN,NN
15.007420,NN,NN,NN,NN
15.010530,NN,NN,NN,NN
15.013420,NN,NN,NN,NN
15.016670,NN,NN,NN,NN
15.021660,NN,NN,NN,NN
15.025020,NN,NN,NN,NN
15.028190,NN,NN,NN,NN
15.032090,NN,NN,NN,NN
15.035390,NN,NN,NN,NN
15.038660,NN,NN,NN,NN
15.041730,NN,NN,NN,NN
15.044640,NN,NN,NN,NN
15.047720,NN,NN,NN,NN
15.051090,NN,NN,NN,NN
15.054480,NN,NN,NN,NN
15.057990,NN,NN,NN,NN
15.061610,NN,NN,NN,NN
15.064810,NN,NN,NN,NN
15.068030,NN,NN,NN,NN
15.071410,NN,NN,NN,NN
15.074840,NN,NN,NN,NN
15.078020,NN,NN,NN,NN
15.081400,NN,NN,NN,NN
15.084510,NN,NN,NN,NN
15.087990,NN,NN,NN,NN
15.091590,NN,NN,NN,NN
15.095090,NN,NN,NN,NN
15.098070,NN,NN,NN,NN
15.101100,NN,NN,NN,NN
15.104630,NN,NN,NN,NN
15.107820,NN,NN,NN,NN
15.111680,NN,NN,NN,NN
15.115030,NN,NN,NN,NN
15.118310,NN,NN,NN,NN
15.122060,NN,NN,NN,NN
15.125850,NN,NN,NN,NN
15.129820,NN,NN,NN,NN
15.133300,NN,NN,NN,NN
15.137110,NN,NN,NN,NN
15.141280,NN,NN,NN,NN
15.144510,NN,NN,NN,NN
15.147580,NN,NN,NN,NN
15.150950,NN,NN,NN,NN
15.154770,NN,NN,NN,NN
15.157970,NN,NN,NN,NN
15.160950,NN,NN,NN,NN
15.163910,NN,NN,NN,NN
15.167080,NN,NN,NN,NN
15.171000,NN,NN,NN,NN
15.174370,NN,NN,NN,NN
15.179190,NN,NN,NN,NN
15.182860,NN,NN,NN,NN
15.186350,NN,NN,NN,NN
15.189780,NN,NN,NN,NN
15.192940,NN,NN,NN,NN
15.195910,NN,NN,NN,NN
15.198780,NN,NN,NN,NN
15.203690,NN,NN,NN,NN
15.207270,NN,NN,NN,NN
15.210680,NN,NN,NN,NN
15.214020,NN,NN,NN,NN
15.217300,NN,NN,NN,NN
15.220600,NN,NN,NN,NN
15.225250,NN,NN,NN,NN
15.228220,NN,NN,NN,NN
15.231210,NN,NN,NN,NN
15.234230,NN,NN,NN,NN
15.239440,NN,NN,NN,NN
15.242960,NN,NN,NN,NN
15.246050,NN,NN,NN,NN
15.249140,NN,NN,NN,NN
15.252220,NN,NN,NN,NN
15.255400,NN,NN,NN,NN
15.258480,NN,NN,NN,NN
15.263130,NN,NN,NN,NN
15.266220,NN,NN,NN,NN
15.269620,NN,NN,NN,NN
15.273390,NN,NN,NN,NN
15.277220,NN,NN,NN,NN
15.280870,NN,NN,NN,NN
15.284200,NN,NN,NN,NN
15.287430,NN,NN,NN,NN
15.291820,NN,NN,NN,NN
15.295160,NN,NN,NN,NN
15.298260,NN,NN,NN,NN
15.301490,NN,NN,NN,NN
15.304970,NN,NN,NN,NN
15.308450,NN,NN,NN,NN
15.311800,NN,NN,NN,NN
15.314810,NN,NN,NN,NN
15.317820,NN,NN,NN,NN
15.322910,NN,NN,NN,NN
15.326480,NN,NN,NN,NN
15.329860,NN,NN,NN,NN
15.333280,NN,NN,NN,NN
15.336610,NN,NN,NN,NN
15.339790,NN,NN,NN,NN
15.344510,NN,NN,NN,NN
15.347570,NN,NN,NN,NN
15.350780,NN,NN,NN,NN
15.354250,NN,NN,NN,NN
15.357380,NN,NN,NN,NN
15.360360,NN,NN,NN,NN
15.363570,NN,NN,NN,NN
15.368160,NN,NN,NN,NN
15.371470,NN,NN,NN,NN
15.374830,NN,NN,NN,NN
15.377760,NN,NN,NN,NN
15.381920,NN,NN,NN,NN
15.385260,NN,NN,NN,NN
15.389300,NN,NN,NN,NN
15.392860,NN,NN,NN,NN
15.396140,NN,NN,NN,NN
15.399060,NN,NN,NN,NN
15.410960,NN,NN,NN,NN
15.415580,NN,NN,NN,NN
15.418620,NN,NN,NN,NN
15.422940,NN,NN,NN,NN
15.427980,NN,NN,NN,NN
15.431030,NN,NN,NN,NN
15.433910,NN,NN,NN,NN
15.437090,NN,NN,NN,NN
15.440080,NN,NN,NN,NN
15.443110,NN,NN,NN,NN
15.445870,NN,NN,NN,NN
15.450410,NN,NN,NN,NN
15.454530,NN,NN,NN,NN
15.457690,NN,NN,NN,NN
15.460380,NN,NN,NN,NN
15.463040,NN,NN,NN,NN
15.465840,NN,NN,NN,NN
15.469200,NN,NN,NN,NN
15.474570,NN,NN,NN,NN
15.479110,NN,NN,NN,NN
15.482390,NN,NN,NN,NN
15.486130,NN,NN,NN,NN
15.489420,NN,NN,NN,NN
15.492410,NN,NN,NN,NN
15.496970,NN,NN,NN,NN
15.501230,NN,NN,NN,NN
15.505000,NN,NN,NN,NN
15.508070,NN,NN,NN,NN
15.510990,NN,NN,NN,NN
15.514250,NN,NN,NN,NN
15.519460,NN,NN,NN,NN
15.523690,NN,NN,NN,NN
15.526850,NN,NN,NN,NN
15.529520,NN,NN,NN,NN
15.535460,NN,NN,NN,NN
15.541560,NN,NN,NN,NN
15.546670,NN,NN,NN,NN
15.549820,NN,NN,NN,NN
15.556450,NN,NN,NN,NN
15.559610,NN,NN,NN,NN
15.564340,NN,NN,NN,NN
15.568610,NN,NN,NN,NN
15.572350,NN,NN,NN,NN
15.576590,NN,NN,NN,NN
15.579640,NN,NN,NN,NN
15.583110,NN,NN,NN,NN
15.587300,NN,NN,NN,NN
15.591480,NN,NN,NN,NN
15.594600,NN,NN,NN,NN
15.597390,NN,NN,NN,NN
15.601950,NN,NN,NN,NN
15.608520,NN,NN,NN,NN
15.611460,NN,NN,NN,NN
15.615490,NN,NN,NN,NN
15.618640,NN,NN,NN,NN
15.623210,NN,NN,NN,NN
15.626560,NN,NN,NN,NN
15.630750,NN,NN,NN,NN
15.633770,NN,NN,NN,NN
15.639320,NN,NN,NN,NN
15.646170,NN,NN,NN,NN
15.648930,NN,NN,NN,NN
15.653140,NN,NN,NN,NN
15.659060,NN,NN,NN,NN
15.663390,NN,NN,NN,NN
15.667590,NN,NN,NN,NN
15.673750,NN,NN,NN,NN
15.677870,NN,NN,NN,NN
15.681570,NN,NN,NN,NN
15.687170,NN,NN,NN,NN
15.691500,NN,NN,NN,NN
15.697510,NN,NN,NN,NN
15.702030,NN,NN,NN,NN
15.707040,NN,NN,NN,NN
15.712170,NN,NN,NN,NN
15.717210,NN,NN,NN,NN
15.728510,NN,NN,NN,NN
15.732800,NN,NN,NN,NN
15.736880,NN,NN,NN,NN
15.742620,NN,NN,NN,NN
15.747240,NN,NN,NN,NN
15.751750,NN,NN,NN,NN
15.756770,NN,NN,NN,NN
15.759430,NN,NN,NN,NN
15.761990,NN,NN,NN,NN
15.765680,NN,NN,NN,NN
15.768720,NN,NN,NN,NN
15.772010,NN,NN,NN,NN
15.774920,NN,NN,NN,NN
15.778490,NN,NN,NN,NN
15.781470,NN,NN,NN,NN
15.784510,NN,NN,NN,NN
15.788800,NN,NN,NN,NN
15.791790,NN,NN,NN,NN
15.795310,NN,NN,NN,NN
15.797920,NN,NN,NN,NN
15.801450,NN,NN,NN,NN
15.805090,NN,NN,NN,NN
15.809220,NN,NN,NN,NN
15.812310,NN,NN,NN,NN
15.816130,NN,NN,NN,NN
15.819630,NN,NN,NN,NN
15.823410,NN,NN,NN,NN
15.827310,NN,NN,NN,NN
15.831110,NN,NN,NN,NN
15.834490,NN,NN,NN,NN
15.838470,NN,NN,NN,NN
15.842270,NN,NN,NN,NN
15.846170,NN,NN,NN,NN
15.849450,NN,NN,NN,NN
15.852970,NN,NN,NN,NN
15.856390,NN,NN,NN,NN
15.859340,NN,NN,NN,NN
15.862890,NN,NN,NN,NN
15.866030,NN,NN,NN,NN
15.870680,NN,NN,NN,NN
15.877100,NN,NN,NN,NN
15.880790,NN,NN,NN,NN
15.884890,NN,NN,NN,NN
15.889550,NN,NN,NN,NN
15.893890,NN,NN,NN,NN
15.898140,NN,NN,NN,NN
15.901890,NN,NN,NN,NN
15.906470,NN,NN,NN,NN
15.911060,NN,NN,NN,NN
15.916470,NN,NN,NN,NN
15.922750,NN,NN,NN,NN
15.926210,NN,NN,NN,NN
15.930350,NN,NN,NN,NN
15.933330,NN,NN,NN,NN
15.939680,NN,NN,NN,NN
15.945300,NN,NN,NN,NN
15.948630,NN,NN,NN,NN
15.953140,NN,NN,NN,NN
15.957020,NN,NN,NN,NN
15.961550,NN,NN,NN,NN
15.966440,NN,NN,NN,NN
15.970070,NN,NN,NN,NN
15.974950,NN,NN,NN,NN
15.977900,NN,NN,NN,NN
15.982100,NN,NN,NN,NN
15.985280,NN,NN,NN,NN
15.990600,NN,NN,NN,NN
15.993630,NN,NN,NN,NN
15.998480,NN,NN,NN,NN
16.001590,NN,NN,NN,NN
16.006640,NN,NN,NN,NN
16.011390,NN,NN,NN,NN
16.014290,NN,NN,NN,NN
16.019420,NN,NN,NN,NN
16.022610,NN,NN,NN,NN
16.027570,NN,NN,NN,NN
16.030600,NN,NN,NN,NN
16.033640,NN,NN,NN,NN
16.038200,NN,NN,NN,NN
16.042850,NN,NN,NN,NN
16.045830,NN,NN,NN,NN
16.050160,NN,NN,NN,NN
16.053350,NN,NN,NN,NN
16.058970,NN,NN,NN,NN
16.062030,NN,NN,NN,NN
16.066220,NN,NN,NN,NN
16.069050,NN,NN,NN,NN
16.073540,NN,NN,NN,NN
16.079060,NN,NN,NN,NN
16.082470,NN,NN,NN,NN
16.087830,NN,NN,NN,NN
16.092180,NN,NN,NN,NN
16.097020,NN,NN,NN,NN
16.101860,NN,NN,NN,NN
16.105300,NN,NN,NN,NN
16.110230,NN,NN,NN,NN
16.113510,NN,NN,NN,NN
16.119160,NN,NN,NN,NN
16.123890,NN,NN,NN,NN
16.126870,NN,NN,NN,NN
16.129600,NN,NN,NN,NN
16.134210,NN,NN,NN,NN
16.139600,NN,NN,NN,NN
16.143170,NN,NN,NN,NN
16.147580,NN,NN,NN,NN
16.150710,NN,NN,NN,NN
16.155400,NN,NN,NN,NN
16.158820,NN,NN,NN,NN
16.162780,NN,NN,NN,NN
16.165720,NN,NN,NN,NN
16.170800,NN,NN,NN,NN
16.174140,NN,NN,NN,NN
16.179170,NN,NN,NN,NN
16.182520,NN,NN,NN,NN
16.185520,NN,NN,NN,NN
16.188380,NN,NN,NN,NN
16.192600,NN,NN,NN,NN
16.195450,NN,NN,NN,NN
16.198240,NN,NN,NN,NN
16.201120,NN,NN,NN,NN
16.204490,NN,NN,NN,NN
16.207920,NN,NN,NN,NN
16.210950,NN,NN,NN,NN
16.213780,NN,NN,NN,NN
16.217020,NN,NN,NN,NN
16.220290,NN,NN,NN,NN
16.223320,NN,NN,NN,NN
16.226500,NN,NN,NN,NN
16.229890,NN,NN,NN,NN
16.233880,NN,NN,NN,NN
16.237980,NN,NN,NN,NN
16.241850,NN,NN,NN,NN
16.244930,NN,NN,NN,NN
16.248100,NN,NN,NN,NN
16.251200,NN,NN,NN,NN
16.254570,NN,NN,NN,NN
16.257750,NN,NN,NN,NN
16.260850,NN,NN,NN,NN
16.264160,NN,NN,NN,NN
16.267640,NN,NN,NN,NN
16.271340,NN,NN,NN,NN
16.274980,NN,NN,NN,NN
16.278270,NN,NN,NN,NN
16.281490,NN,NN,NN,NN
16.284820,NN,NN,NN,NN
16.288330,NN,NN,NN,NN
16.291600,NN,NN,NN,NN
16.295150,NN,NN,NN,NN
16.298670,NN,NN,NN,NN
16.302300,NN,NN,NN,NN
16.305830,NN,NN,NN,NN
16.309270,NN,NN,NN,NN
16.312780,NN,NN,NN,NN
16.315840,NN,NN,NN,NN
16.319500,NN,NN,NN,NN
16.323220,NN,NN,NN,NN
16.326730,NN,NN,NN,NN
16.330830,NN,NN,NN,NN
16.334370,NN,NN,NN,NN
16.337720,NN,NN,NN,NN
16.341430,NN,NN,NN,NN
16.345060,NN,NN,NN,NN
16.349590,NN,NN,NN,NN
16.353610,NN,NN,NN,NN
16.357540,NN,NN,NN,NN
16.369590,NN,NN,NN,NN
16.375030,NN,NN,NN,NN
16.379380,NN,NN,NN,NN
16.382180,NN,NN,NN,NN
16.386220,NN,NN,NN,NN
16.390700,NN,NN,NN,NN
16.395010,NN,NN,NN,NN
16.397780,NN,NN,NN,NN
16.402160,NN,NN,NN,NN
16.405520,NN,NN,NN,NN
16.410090,NN,NN,NN,NN
16.413000,NN,NN,NN,NN
16.417500,NN,NN,NN,NN
16.421410,NN,NN,NN,NN
16.425530,NN,NN,NN,NN
16.428260,NN,NN,NN,NN
16.432090,NN,NN,NN,NN
16.435420,NN,NN,NN,NN
16.440490,NN,NN,NN,NN
16.443400,NN,NN,NN,NN
16.447430,NN,NN,NN,NN
16.450700,NN,NN,NN,NN
16.455970,NN,NN,NN,NN
16.459060,NN,NN,NN,NN
16.463030,NN,NN,NN,NN
16.465870,NN,NN,NN,NN
16.470220,NN,NN,NN,NN
16.473780,NN,NN,NN,NN
16.478420,NN,NN,NN,NN
16.481750,NN,NN,NN,NN
16.486350,NN,NN,NN,NN
16.489840,NN,NN,NN,NN
16.494060,NN,NN,NN,NN
16.499050,NN,NN,NN,NN
16.502730,NN,NN,NN,NN
16.507120,NN,NN,NN,NN
16.510310,NN,NN,NN,NN
16.515090,NN,NN,NN,NN
16.518040,NN,NN,NN,NN
16.522450,NN,NN,NN,NN
16.525470,NN,NN,NN,NN
16.529950,NN,NN,NN,NN
16.532960,NN,NN,NN,NN
16.537390,NN,NN,NN,NN
16.541050,NN,NN,NN,NN
16.545750,NN,NN,NN,NN
16.548650,NN,NN,NN,NN
16.552500,NN,NN,NN,NN
16.555990,NN,NN,NN,NN
16.560900,NN,NN,NN,NN
16.563800,NN,NN,NN,NN
16.567710,NN,NN,NN,NN
16.571400,NN,NN,NN,NN
16.576070,NN,NN,NN,NN
16.579030,NN,NN,NN,NN
16.582210,NN,NN,NN,NN
16.585190,NN,NN,NN,NN
16.590130,NN,NN,NN,NN
16.593130,NN,NN,NN,NN
16.597220,NN,NN,NN,NN
16.600250,NN,NN,NN,NN
16.604740,NN,NN,NN,NN
16.608180,NN,NN,NN,NN
16.610890,NN,NN,NN,NN
16.613560,NN,NN,NN,NN
16.616430,NN,NN,NN,NN
16.619340,NN,NN,NN,NN
16.623340,NN,NN,NN,NN
16.626510,NN,NN,NN,NN
16.629550,NN,NN,NN,NN
16.632760,NN,NN,NN,NN
16.636280,NN,NN,NN,NN
16.640700,NN,NN,NN,NN
16.644080,NN,NN,NN,NN
16.647110,NN,NN,NN,NN
16.650400,NN,NN,NN,NN
16.654180,NN,NN,NN,NN
16.657430,NN,NN,NN,NN
16.660570,NN,NN,NN,NN
16.663780,NN,NN,NN,NN
16.666930,NN,NN,NN,NN
16.670160,NN,NN,NN,NN
16.673280,NN,NN,NN,NN
16.676270,NN,NN,NN,NN
16.679150,NN,NN,NN,NN
16.682470,NN,NN,NN,NN
16.685900,NN,NN,NN,NN
16.689280,NN,NN,NN,NN
16.692450,NN,NN,NN,NN
16.695590,NN,NN,NN,NN
16.698740,NN,NN,NN,NN
16.702410,NN,NN,NN,NN
16.705760,NN,NN,NN,NN
16.709580,NN,NN,NN,NN
16.712930,NN,NN,NN,NN
16.716430,NN,NN,NN,NN
16.720210,NN,NN,NN,NN
16.724330,NN,NN,NN,NN
16.727580,NN,NN,NN,NN
16.730580,NN,NN,NN,NN
16.733650,NN,NN,NN,NN
16.736840,NN,NN,NN,NN
16.740170,NN,NN,NN,NN
16.743740,NN,NN,NN,NN
16.747480,NN,NN,NN,NN
16.752090,NN,NN,NN,NN
16.756430,NN,NN,NN,NN
16.760060,NN,NN,NN,NN
16.763310,NN,NN,NN,NN
16.766370,NN,NN,NN,NN
16.769750,NN,NN,NN,NN
16.773520,NN,NN,NN,NN
16.777180,NN,NN,NN,NN
16.780590,NN,NN,NN,NN
16.784180,NN,NN,NN,NN
16.787850,NN,NN,NN,NN
16.791120,NN,NN,NN,NN
16.794200,NN,NN,NN,NN
16.797220,NN,NN,NN,NN
16.800280,NN,NN,NN,NN
16.804250,NN,NN,NN,NN
16.808160,NN,NN,NN,NN
16.811650,NN,NN,NN,NN
16.814990,NN,NN,NN,NN
16.818190,NN,NN,NN,NN
16.821350,NN,NN,NN,NN
16.824890,NN,NN,NN,NN
16.828000,NN,NN,NN,NN
16.831090,NN,NN,NN,NN
16.834340,NN,NN,NN,NN
16.837610,NN,NN,NN,NN
16.841290,NN,NN,NN,NN
16.845020,NN,NN,NN,NN
16.848270,NN,NN,NN,NN
16.851490,NN,NN,NN,NN
16.855030,NN,NN,NN,NN
16.858450,NN,NN,NN,NN
16.861740,NN,NN,NN,NN
16.864740,NN,NN,NN,NN
16.868000,NN,NN,NN,NN
16.872280,NN,NN,NN,NN
16.876030,NN,NN,NN,NN
16.879150,NN,NN,NN,NN
16.882160,NN,NN,NN,NN
16.885520,NN,NN,NN,NN
16.888890,NN,NN,NN,NN
16.892290,NN,NN,NN,NN
16.895430,NN,NN,NN,NN
16.898430,NN,NN,NN,NN
16.903350,NN,NN,NN,NN
16.907890,NN,NN,NN,NN
16.911370,NN,NN,NN,NN
16.914760,NN,NN,NN,NN
16.918790,NN,NN,NN,NN
16.923010,NN,NN,NN,NN
16.926650,NN,NN,NN,NN
16.929950,NN,NN,NN,NN
16.933790,NN,NN,NN,NN
16.937750,NN,NN,NN,NN
16.941200,NN,NN,NN,NN
16.944230,NN,NN,NN,NN
16.947300,NN,NN,NN,NN
16.950310,NN,NN,NN,NN
16.953630,NN,NN,NN,NN
16.957230,NN,NN,NN,NN
16.960590,NN,NN,NN,NN
16.963930,NN,NN,NN,NN
16.967280,NN,NN,NN,NN
16.970500,NN,NN,NN,NN
16.973800,NN,NN,NN,NN
16.976920,NN,NN,NN,NN
16.979880,NN,NN,NN,NN
16.982980,NN,NN,NN,NN
16.986310,NN,NN,NN,NN
16.989530,NN,NN,NN,NN
16.992840,NN,NN,NN,NN
16.996460,NN,NN,NN,NN
16.999640,NN,NN,NN,NN
17.002940,NN,NN,NN,NN
17.006320,NN,NN,NN,NN
17.009900,NN,NN,NN,NN
17.013120,NN,NN,NN,NN
17.016270,NN,NN,NN,NN
17.019770,NN,NN,NN,NN
17.023440,NN,NN,NN,NN
17.027130,NN,NN,NN,NN
17.030210,NN,NN,NN,NN
17.033260,NN,NN,NN,NN
17.036570,NN,NN,NN,NN
17.040380,NN,NN,NN,NN
17.044650,NN,NN,NN,NN
17.047970,NN,NN,NN,NN
17.051250,NN,NN,NN,NN
17.055190,NN,NN,NN,NN
17.059280,NN,NN,NN,NN
17.062530,NN,NN,NN,NN
17.065530,NN,NN,NN,NN
17.068590,NN,NN,NN,NN
17.072160,NN,NN,NN,NN
17.075900,NN,NN,NN,NN
17.079040,NN,NN,NN,NN
17.082250,NN,NN,NN,NN
17.085900,NN,NN,NN,NN
17.090610,NN,NN,NN,NN
17.093790,NN,NN,NN,NN
17.096740,NN,NN,NN,NN
17.099680,NN,NN,NN,NN
17.104560,NN,NN,NN,NN
17.108180,NN,NN,NN,NN
17.111210,NN,NN,NN,NN
17.114270,NN,NN,NN,NN
17.117730,NN,NN,NN,NN
17.121480,NN,NN,NN,NN
17.124820,NN,NN,NN,NN
17.127940,NN,NN,NN,NN
17.131030,NN,NN,NN,NN
17.134550,NN,NN,NN,NN
17.138050,NN,NN,NN,NN
17.141620,NN,NN,NN,NN
17.145020,NN,NN,NN,NN
17.148340,NN,NN,NN,NN
17.151740,NN,NN,NN,NN
17.156100,NN,NN,NN,NN
17.160000,NN,NN,NN,NN
17.163540,NN,NN,NN,NN
17.166890,NN,NN,NN,NN
17.170340,NN,NN,NN,NN
17.173840,NN,NN,NN,NN
17.177340,NN,NN,NN,NN
17.190880,NN,NN,NN,NN
17.197770,NN,NN,NN,NN
17.202290,NN,NN,NN,NN
17.208160,NN,NN,NN,NN
17.213630,NN,NN,NN,NN
17.217610,NN,NN,NN,NN
17.221490,NN,NN,NN,NN
17.225800,NN,NN,NN,NN
17.229580,NN,NN,NN,NN
17.233320,NN,NN,NN,NN
17.237500,NN,NN,NN,NN
17.241460,NN,NN,NN,NN
17.245720,NN,NN,NN,NN
17.249760,NN,NN,NN,NN
17.253670,NN,NN,NN,NN
17.257620,NN,NN,NN,NN
17.261280,NN,NN,NN,NN
17.264850,NN,NN,NN,NN
17.268680,NN,NN,NN,NN
17.272500,NN,NN,NN,NN
17.283530,NN,NN,NN,NN
17.288080,NN,NN,NN,NN
17.291660,NN,NN,NN,NN
17.295240,NN,NN,NN,NN
17.298580,NN,NN,NN,NN
17.301590,NN,NN,NN,NN
17.304520,NN,NN,NN,NN
17.311580,NN,NN,NN,NN
17.315410,NN,NN,NN,NN
17.319230,NN,NN,NN,NN
17.323560,NN,NN,NN,NN
17.327520,NN,NN,NN,NN
17.330790,NN,NN,NN,NN
17.334100,NN,NN,NN,NN
17.339020,NN,NN,NN,NN
17.342630,NN,NN,NN,NN
17.345760,NN,NN,NN,NN
17.348630,NN,NN,NN,NN
17.351640,NN,NN,NN,NN
17.355900,NN,NN,NN,NN
17.359830,NN,NN,NN,NN
17.363300,NN,NN,NN,NN
17.366390,NN,NN,NN,NN
17.370130,NN,NN,NN,NN
17.373640,NN,NN,NN,NN
17.377750,NN,NN,NN,NN
17.380910,NN,NN,NN,NN
17.384490,NN,NN,NN,NN
17.388460,NN,NN,NN,NN
17.392050,NN,NN,NN,NN
17.395170,NN,NN,NN,NN
17.398200,NN,NN,NN,NN
17.401780,NN,NN,NN,NN
17.405600,NN,NN,NN,NN
17.409070,NN,NN,NN,NN
17.412400,NN,NN,NN,NN
17.416220,NN,NN,NN,NN
17.420280,NN,NN,NN,NN
17.423810,NN,NN,NN,NN
17.427250,NN,NN,NN,NN
17.430610,NN,NN,NN,NN
17.433910,NN,NN,NN,NN
17.437940,NN,NN,NN,NN
17.441850,NN,NN,NN,NN
17.445480,NN,NN,NN,NN
17.449780,NN,NN,NN,NN
17.454020,NN,NN,NN,NN
17.457940,NN,NN,NN,NN
17.461410,NN,NN,NN,NN
17.464630,NN,NN,NN,NN
17.468220,NN,NN,NN,NN
17.471920,NN,NN,NN,NN
17.475560,NN,NN,NN,NN
17.479390,NN,NN,NN,NN
17.482690,NN,NN,NN,NN
17.486150,NN,NN,NN,NN
17.489720,NN,NN,NN,NN
17.492900,NN,NN,NN,NN
17.496700,NN,NN,NN,NN
17.500050,NN,NN,NN,NN
17.503960,NN,NN,NN,NN
17.508280,NN,NN,NN,NN
17.512120,NN,NN,NN,NN
17.515560,NN,NN,NN,NN
17.518740,NN,NN,NN,NN
17.522540,NN,NN,NN,NN
17.526200,NN,NN,NN,NN
17.529590,NN,NN,NN,NN
17.532710,NN,NN,NN,NN
17.536560,NN,NN,NN,NN
17.540540,NN,NN,NN,NN
17.544150,NN,NN,NN,NN
17.547470,NN,NN,NN,NN
17.550700,NN,NN,NN,NN
17.554030,NN,NN,NN,NN
17.558800,NN,NN,NN,NN
17.563170,NN,NN,NN,NN
17.567080,NN,NN,NN,NN
17.571230,NN,NN,NN,NN
17.575120,NN,NN,NN,NN
17.578360,NN,NN,NN,NN
17.581480,NN,NN,NN,NN
17.584680,NN,NN,NN,NN
17.588520,NN,NN,NN,NN
17.591660,NN,NN,NN,NN
17.594820,NN,NN,NN,NN
17.598300,NN,NN,NN,NN
17.601530,NN,NN,NN,NN
17.605330,NN,NN,NN,NN
17.608960,NN,NN,NN,NN
17.612430,NN,NN,NN,NN
17.615550,NN,NN,NN,NN
17.619740,NN,NN,NN,NN
17.623330,NN,NN,NN,NN
17.626700,NN,NN,NN,NN
17.630160,NN,NN,NN,NN
17.633470,NN,NN,NN,NN
17.637320,NN,NN,NN,NN
17.640830,NN,NN,NN,NN
17.643850,NN,NN,NN,NN
17.646940,NN,NN,NN,NN
17.650760,NN,NN,NN,NN
17.654230,NN,NN,NN,NN
17.657880,NN,NN,NN,NN
17.661290,NN,NN,NN,NN
17.664260,NN,NN,NN,NN
17.667350,NN,NN,NN,NN
17.670610,NN,NN,NN,NN
17.673880,NN,NN,NN,NN
17.677020,NN,NN,NN,NN
17.680260,NN,NN,NN,NN
17.683550,NN,NN,NN,NN
17.687180,NN,NN,NN,NN
17.691240,NN,NN,NN,NN
17.694420,NN,NN,NN,NN
17.697470,NN,NN,NN,NN
17.700510,NN,NN,NN,NN
17.703630,NN,NN,NN,NN
17.707460,NN,NN,NN,NN
17.711070,NN,NN,NN,NN
17.715040,NN,NN,NN,NN
17.718640,NN,NN,NN,NN
17.722450,NN,NN,NN,NN
17.725700,NN,NN,NN,NN
17.729080,NN,NN,NN,NN
17.732570,NN,NN,NN,NN
17.736450,NN,NN,NN,NN
17.740430,NN,NN,NN,NN
17.744420,NN,NN,NN,NN
17.748360,NN,NN,NN,NN
17.752400,NN,NN,NN,NN
17.757070,NN,NN,NN,NN
17.760750,NN,NN,NN,NN
17.763950,NN,NN,NN,NN
17.767350,NN,NN,NN,NN
17.771090,NN,NN,NN,NN
17.774830,NN,NN,NN,NN
17.778550,NN,NN,NN,NN
17.782130,NN,NN,NN,NN
17.785640,NN,NN,NN,NN
17.789530,NN,NN,NN,NN
17.793060,NN,NN,NN,NN
17.796560,NN,NN,NN,NN
17.800280,NN,NN,NN,NN
17.805120,NN,NN,NN,NN
17.809560,NN,NN,NN,NN
17.814510,NN,NN,NN,NN
17.819620,NN,NN,NN,NN
17.823990,NN,NN,NN,NN
17.829000,NN,NN,NN,NN
17.833240,NN,NN,NN,NN
17.839080,NN,NN,NN,NN
17.844260,NN,NN,NN,NN
17.848910,NN,NN,NN,NN
17.853210,NN,NN,NN,NN
17.857980,NN,NN,NN,NN
17.861300,NN,NN,NN,NN
17.864450,NN,NN,NN,NN
17.868720,NN,NN,NN,NN
17.874450,NN,NN,NN,NN
17.877770,NN,NN,NN,NN
17.880870,NN,NN,NN,NN
17.884190,NN,NN,NN,NN
17.889550,NN,NN,NN,NN
17.892820,NN,NN,NN,NN
17.895950,NN,NN,NN,NN
17.899850,NN,NN,NN,NN
17.903680,NN,NN,NN,NN
17.907180,NN,NN,NN,NN
17.910380,NN,NN,NN,NN
17.913680,NN,NN,NN,NN
17.918100,NN,NN,NN,NN
17.921730,NN,NN,NN,NN
17.925130,NN,NN,NN,NN
17.928280,NN,NN,NN,NN
17.932340,NN,NN,NN,NN
17.936370,NN,NN,NN,NN
17.940090,NN,NN,NN,NN
17.943180,NN,NN,NN,NN
17.946900,NN,NN,NN,NN
17.950340,NN,NN,NN,NN
17.955500,NN,NN,NN,NN
17.959010,NN,NN,NN,NN
17.964420,NN,NN,NN,NN
17.969950,NN,NN,NN,NN
17.974330,NN,NN,NN,NN
17.978130,NN,NN,NN,NN
17.981240,NN,NN,NN,NN
17.985530,NN,NN,NN,NN
17.989160,NN,NN,NN,NN
17.994300,NN,NN,NN,NN
17.998780,NN,NN,NN,NN
18.002060,NN,NN,NN,NN
18.005410,NN,NN,NN,NN
18.008570,NN,NN,NN,NN
18.011800,NN,NN,NN,NN
18.014590,NN,NN,NN,NN
18.018750,NN,NN,NN,NN
18.022250,NN,NN,NN,NN
18.025570,NN,NN,NN,NN
18.028530,NN,NN,NN,NN
18.031270,NN,NN,NN,NN
18.034080,NN,NN,NN,NN
18.037210,NN,NN,NN,NN
18.040600,NN,NN,NN,NN
18.043590,NN,NN,NN,NN
18.046510,NN,NN,NN,NN
18.049570,NN,NN,NN,NN
18.053120,NN,NN,NN,NN
18.056780,NN,NN,NN,NN
18.059840,NN,NN,NN,NN
18.062850,NN,NN,NN,NN
18.065880,NN,NN,NN,NN
18.069180,NN,NN,NN,NN
18.072770,NN,NN,NN,NN
18.076400,NN,NN,NN,NN
18.079570,NN,NN,NN,NN
18.082750,NN,NN,NN,NN
18.086250,NN,NN,NN,NN
18.089990,NN,NN,NN,NN
18.093150,NN,NN,NN,NN
18.096390,NN,NN,NN,NN
18.099650,NN,NN,NN,NN
18.103490,NN,NN,NN,NN
18.106970,NN,NN,NN,NN
18.110410,NN,NN,NN,NN
18.114400,NN,NN,NN,NN
18.118520,NN,NN,NN,NN
18.122600,NN,NN,NN,NN
18.125900,NN,NN,NN,NN
18.129160,NN,NN,NN,NN
18.132500,NN,NN,NN,NN
18.136530,NN,NN,NN,NN
18.140600,NN,NN,NN,NN
18.144810,NN,NN,NN,NN
18.148700,NN,NN,NN,NN
18.152570,NN,NN,NN,NN
18.156240,NN,NN,NN,NN
18.159840,NN,NN,NN,NN
18.163250,NN,NN,NN,NN
18.166970,NN,NN,NN,NN
18.171670,NN,NN,NN,NN
18.176040,NN,NN,NN,NN
18.180010,NN,NN,NN,NN
18.183990,NN,NN,NN,NN
18.188010,NN,NN,NN,NN
18.192210,NN,NN,NN,NN
18.195680,NN,NN,NN,NN
18.198690,NN,NN,NN,NN
18.202230,NN,NN,NN,NN
18.206030,NN,NN,NN,NN
18.209380,NN,NN,NN,NN
18.219640,NN,NN,NN,NN
18.226690,NN,NN,NN,NN
18.233240,NN,NN,NN,NN
18.241070,NN,NN,NN,NN
18.244670,NN,NN,NN,NN
18.247270,NN,NN,NN,NN
18.249850,NN,NN,NN,NN
18.252670,NN,NN,NN,NN
18.255830,NN,NN,NN,NN
18.259770,NN,NN,NN,NN
18.264200,NN,NN,NN,NN
18.267240,NN,NN,NN,NN
18.270000,NN,NN,NN,NN
18.273220,NN,NN,NN,NN
18.276020,NN,NN,NN,NN
18.278660,NN,NN,NN,NN
18.281330,NN,NN,NN,NN
18.284350,NN,NN,NN,NN
18.287230,NN,NN,NN,NN
18.290700,NN,NN,NN,NN
18.293870,NN,NN,NN,NN
18.296860,NN,NN,NN,NN
18.299680,NN,NN,NN,NN
18.302850,NN,NN,NN,NN
18.306370,NN,NN,NN,NN
18.309700,NN,NN,NN,NN
18.313020,NN,NN,NN,NN
18.316240,NN,NN,NN,NN
18.319420,NN,NN,NN,NN
18.324090,NN,NN,NN,NN
18.327510,NN,NN,NN,NN
18.330540,NN,NN,NN,NN
18.333710,NN,NN,NN,NN
18.337240,NN,NN,NN,NN
18.340410,NN,NN,NN,NN
18.343740,NN,NN,NN,NN
18.346920,NN,NN,NN,NN
18.350020,NN,NN,NN,NN
18.354170,NN,NN,NN,NN
18.357690,NN,NN,NN,NN
18.360780,NN,NN,NN,NN
18.363730,NN,NN,NN,NN
18.367100,NN,NN,NN,NN
18.372430,NN,NN,NN,NN
18.376480,NN,NN,NN,NN
18.380090,NN,NN,NN,NN
18.383990,NN,NN,NN,NN
18.387710,NN,NN,NN,NN
18.391310,NN,NN,NN,NN
18.394350,NN,NN,NN,NN
18.397310,NN,NN,NN,NN
18.400420,NN,NN,NN,NN
18.404080,NN,NN,NN,NN
18.407440,NN,NN,NN,NN
18.410480,NN,NN,NN,NN
18.414010,NN,NN,NN,NN
18.417840,NN,NN,NN,NN
18.421430,NN,NN,NN,NN
18.424720,NN,NN,NN,NN
18.427630,NN,NN,NN,NN
18.431010,NN,NN,NN,NN
18.434530,NN,NN,NN,NN
18.437930,NN,NN,NN,NN
18.441970,NN,NN,NN,NN
18.445530,NN,NN,NN,NN
18.457170,NN,NN,NN,NN
18.460080,NN,NN,NN,NN
18.462990,NN,NN,NN,NN
18.465890,NN,NN,NN,NN
18.469010,NN,NN,NN,NN
18.472460,NN,NN,NN,NN
18.476010,NN,NN,NN,NN
18.478840,NN,NN,NN,NN
18.481810,NN,NN,NN,NN
18.484720,NN,NN,NN,NN
18.487790,NN,NN,NN,NN
18.490800,NN,NN,NN,NN
18.494380,NN,NN,NN,NN
18.497440,NN,NN,NN,NN
18.500770,NN,NN,NN,NN
18.504650,NN,NN,NN,NN
18.508530,NN,NN,NN,NN
18.511830,NN,NN,NN,NN
18.514890,NN,NN,NN,NN
18.518020,NN,NN,NN,NN
18.521190,NN,NN,NN,NN
18.525360,NN,NN,NN,NN
18.528700,NN,NN,NN,NN
18.531830,NN,NN,NN,NN
18.535530,NN,NN,NN,NN
18.539380,NN,NN,NN,NN
18.542830,NN,NN,NN,NN
18.545960,NN,NN,NN,NN
18.548940,NN,NN,NN,NN
18.552120,NN,NN,NN,NN
18.556280,NN,NN,NN,NN
18.559890,NN,NN,NN,NN
18.563090,NN,NN,NN,NN
18.566600,NN,NN,NN,NN
18.570170,NN,NN,NN,NN
18.573680,NN,NN,NN,NN
18.577070,NN,NN,NN,NN
18.580060,NN,NN,NN,NN
18.583330,NN,NN,NN,NN
18.587140,NN,NN,NN,NN
18.590570,NN,NN,NN,NN
18.594030,NN,NN,NN,NN
18.597530,NN,NN,NN,NN
18.600860,NN,NN,NN,NN
18.604320,NN,NN,NN,NN
18.607510,NN,NN,NN,NN
18.610530,NN,NN,NN,NN
18.613850,NN,NN,NN,NN
18.617260,NN,NN,NN,NN
18.620580,NN,NN,NN,NN
18.624070,NN,NN,NN,NN
18.627600,NN,NN,NN,NN
18.630910,NN,NN,NN,NN
18.634300,NN,NN,NN,NN
18.637660,NN,NN,NN,NN
18.641200,NN,NN,NN,NN
18.644490,NN,NN,NN,NN
18.647980,NN,NN,NN,NN
18.651270,NN,NN,NN,NN
18.655170,NN,NN,NN,NN
18.658780,NN,NN,NN,NN
18.662150,NN,NN,NN,NN
18.666150,NN,NN,NN,NN
18.669820,NN,NN,NN,NN
18.673150,NN,NN,NN,NN
18.676820,NN,NN,NN,NN
18.680270,NN,NN,NN,NN
18.683520,NN,NN,NN,NN
18.687420,NN,NN,NN,NN
18.691200,NN,NN,NN,NN
18.694730,NN,NN,NN,NN
18.699600,NN,NN,NN,NN
18.704240,NN,NN,NN,NN
18.708160,NN,NN,NN,NN
18.711260,NN,NN,NN,NN
18.714410,NN,NN,NN,NN
18.717830,NN,NN,NN,NN
18.721280,NN,NN,NN,NN
18.724580,NN,NN,NN,NN
18.727650,NN,NN,NN,NN
18.730560,NN,NN,NN,NN
18.733550,NN,NN,NN,NN
18.737200,NN,NN,NN,NN
18.740690,NN,NN,NN,NN
18.743880,NN,NN,NN,NN
18.747260,NN,NN,NN,NN
18.750520,NN,NN,NN,NN
18.753730,NN,NN,NN,NN
18.757490,NN,NN,NN,NN
18.760670,NN,NN,NN,NN
18.763790,NN,NN,NN,NN
18.767170,NN,NN,NN,NN
18.770680,NN,NN,NN,NN
18.775250,NN,NN,NN,NN
18.780030,NN,NN,NN,NN
18.783890,NN,NN,NN,NN
18.788410,NN,NN,NN,NN
18.792070,NN,NN,NN,NN
18.795480,NN,NN,NN,NN
18.798580,NN,NN,NN,NN
18.801890,NN,NN,NN,NN
18.805910,NN,NN,NN,NN
18.810010,NN,NN,NN,NN
18.814880,NN,NN,NN,NN
18.818980,NN,NN,NN,NN
18.822350,NN,NN,NN,NN
18.825710,NN,NN,NN,NN
18.828720,NN,NN,NN,NN
18.831570,NN,NN,NN,NN
18.834950,NN,NN,NN,NN
18.838760,NN,NN,NN,NN
18.842060,NN,NN,NN,NN
18.845070,NN,NN,NN,NN
18.848040,NN,NN,NN,NN
18.851140,NN,NN,NN,NN
18.854670,NN,NN,NN,NN
18.858120,NN,NN,NN,NN
18.861050,NN,NN,NN,NN
18.864190,NN,NN,NN,NN
18.868120,NN,NN,NN,NN
18.871720,NN,NN,NN,NN
18.875000,NN,NN,NN,NN
18.878000,NN,NN,NN,NN
18.881300,NN,NN,NN,NN
18.884710,NN,NN,NN,NN
18.888360,NN,NN,NN,NN
18.891900,NN,NN,NN,NN
18.895310,NN,NN,NN,NN
18.898730,NN,NN,NN,NN
18.902040,NN,NN,NN,NN
18.905450,NN,NN,NN,NN
18.908750,NN,NN,NN,NN
18.911800,NN,NN,NN,NN
18.915020,NN,NN,NN,NN
18.918360,NN,NN,NN,NN
18.921810,NN,NN,NN,NN
18.925590,NN,NN,NN,NN
18.930540,NN,NN,NN,NN
18.934460,NN,NN,NN,NN
18.938160,NN,NN,NN,NN
18.942040,NN,NN,NN,NN
18.946410,NN,NN,NN,NN
18.950270,NN,NN,NN,NN
18.954120,NN,NN,NN,NN
18.966590,NN,NN,NN,NN
18.970890,NN,NN,NN,NN
18.974150,NN,NN,NN,NN
18.977120,NN,NN,NN,NN
18.979770,NN,NN,NN,NN
18.982420,NN,NN,NN,NN
18.985570,NN,NN,NN,NN
18.989380,NN,NN,NN,NN
18.992870,NN,NN,NN,NN
18.995690,NN,NN,NN,NN
18.998370,NN,NN,NN,NN
19.001300,NN,NN,NN,NN
19.004410,NN,NN,NN,NN
19.008050,NN,NN,NN,NN
19.011210,NN,NN,NN,NN
19.014060,NN,NN,NN,NN
19.017120,NN,NN,NN,NN
19.021180,NN,NN,NN,NN
19.024380,NN,NN,NN,NN
19.027290,NN,NN,NN,NN
19.030250,NN,NN,NN,NN
19.033250,NN,NN,NN,NN
19.036750,NN,NN,NN,NN
19.040300,NN,NN,NN,NN
19.043390,NN,NN,NN,NN
19.046490,NN,NN,NN,NN
19.049810,NN,NN,NN,NN
19.053760,NN,NN,NN,NN
19.057480,NN,NN,NN,NN
19.060600,NN,NN,NN,NN
19.063550,NN,NN,NN,NN
19.067190,NN,NN,NN,NN
19.072070,NN,NN,NN,NN
19.079050,NN,NN,NN,NN
19.084350,NN,NN,NN,NN
19.089810,NN,NN,NN,NN
19.094500,NN,NN,NN,NN
19.099400,NN,NN,NN,NN
19.104600,NN,NN,NN,NN
19.110400,NN,NN,NN,NN
19.115530,NN,NN,NN,NN
19.121270,NN,NN,NN,NN
19.126480,NN,NN,NN,NN
19.131390,NN,NN,NN,NN
19.136250,NN,NN,NN,NN
19.141590,NN,NN,NN,NN
19.146740,NN,NN,NN,NN
19.152500,NN,NN,NN,NN
19.156960,NN,NN,NN,NN
19.160250,NN,NN,NN,NN
19.163440,NN,NN,NN,NN
19.166670,NN,NN,NN,NN
19.170390,NN,NN,NN,NN
19.173740,NN,NN,NN,NN
19.176930,NN,NN,NN,NN
19.180880,NN,NN,NN,NN
19.184950,NN,NN,NN,NN
19.189550,NN,NN,NN,NN
19.193310,NN,NN,NN,NN
19.196610,NN,NN,NN,NN
19.200010,NN,NN,NN,NN
19.203420,NN,NN,NN,NN
19.206770,NN,NN,NN,NN
19.210250,NN,NN,NN,NN
19.213300,NN,NN,NN,NN
19.216380,NN,NN,NN,NN
19.220220,NN,NN,NN,NN
19.223450,NN,NN,NN,NN
19.226670,NN,NN,NN,NN
19.229940,NN,NN,NN,NN
19.233080,NN,NN,NN,NN
19.236420,NN,NN,NN,NN
19.239750,NN,NN,NN,NN
19.243240,NN,NN,NN,NN
19.246220,NN,NN,NN,NN
19.249480,NN,NN,NN,NN
19.252800,NN,NN,NN,NN
19.256600,NN,NN,NN,NN
19.260970,NN,NN,NN,NN
19.264290,NN,NN,NN,NN
19.267410,NN,NN,NN,NN
19.270980,NN,NN,NN,NN
19.275030,NN,NN,NN,NN
19.278500,NN,NN,NN,NN
19.281660,NN,NN,NN,NN
19.284940,NN,NN,NN,NN
19.289100,NN,NN,NN,NN
19.292800,NN,NN,NN,NN
19.295940,NN,NN,NN,NN
19.299060,NN,NN,NN,NN
19.302490,NN,NN,NN,NN
19.306100,NN,NN,NN,NN
19.309900,NN,NN,NN,NN
19.313150,NN,NN,NN,NN
19.316430,NN,NN,NN,NN
19.320200,NN,NN,NN,NN
19.324070,NN,NN,NN,NN
19.327250,NN,NN,NN,NN
19.330400,NN,NN,NN,NN
19.333750,NN,NN,NN,NN
19.337850,NN,NN,NN,NN
19.341880,NN,NN,NN,NN
19.345170,NN,NN,NN,NN
19.348690,NN,NN,NN,NN
19.352680,NN,NN,NN,NN
19.356190,NN,NN,NN,NN
19.359440,NN,NN,NN,NN
19.362530,NN,NN,NN,NN
19.366080,NN,NN,NN,NN
19.369560,NN,NN,NN,NN
19.373150,NN,NN,NN,NN
19.376380,NN,NN,NN,NN
19.379610,NN,NN,NN,NN
19.383290,NN,NN,NN,NN
19.386920,NN,NN,NN,NN
19.390620,NN,NN,NN,NN
19.393770,NN,NN,NN,NN
19.397370,NN,NN,NN,NN
19.401020,NN,NN,NN,NN
19.404440,NN,NN,NN,NN
19.407690,NN,NN,NN,NN
19.411010,NN,NN,NN,NN
19.414220,NN,NN,NN,NN
19.417370,NN,NN,NN,NN
19.420570,NN,NN,NN,NN
19.423730,NN,NN,NN,NN
19.426840,NN,NN,NN,NN
19.430450,NN,NN,NN,NN
19.433690,NN,NN,NN,NN
19.437190,NN,NN,NN,NN
19.441630,NN,NN,NN,NN
19.445380,NN,NN,NN,NN
19.448570,NN,NN,NN,NN
19.451850,NN,NN,NN,NN
19.455380,NN,NN,NN,NN
19.459040,NN,NN,NN,NN
19.462220,NN,NN,NN,NN
19.465320,NN,NN,NN,NN
19.468600,NN,NN,NN,NN
19.472380,NN,NN,NN,NN
19.476490,NN,NN,NN,NN
19.480470,NN,NN,NN,NN
19.483750,NN,NN,NN,NN
19.487450,NN,NN,NN,NN
19.491170,NN,NN,NN,NN
19.494490,NN,NN,NN,NN
19.497490,NN,NN,NN,NN
19.500890,NN,NN,NN,NN
19.504700,NN,NN,NN,NN
19.508360,NN,NN,NN,NN
19.511620,NN,NN,NN,NN
19.514620,NN,NN,NN,NN
19.517700,NN,NN,NN,NN
19.521600,NN,NN,NN,NN
19.525000,NN,NN,NN,NN
19.528090,NN,NN,NN,NN
19.531560,NN,NN,NN,NN
19.534880,NN,NN,NN,NN
19.538950,NN,NN,NN,NN
19.542340,NN,NN,NN,NN
19.545380,NN,NN,NN,NN
19.548340,NN,NN,NN,NN
19.551880,NN,NN,NN,NN
19.556210,NN,NN,NN,NN
19.560150,NN,NN,NN,NN
19.563630,NN,NN,NN,NN
19.566890,NN,NN,NN,NN
19.570520,NN,NN,NN,NN
19.574260,NN,NN,NN,NN
19.577420,NN,NN,NN,NN
19.580490,NN,NN,NN,NN
19.583680,NN,NN,NN,NN
19.588820,NN,NN,NN,NN
19.593250,NN,NN,NN,NN
19.596930,NN,NN,NN,NN
19.600180,NN,NN,NN,NN
19.603650,NN,NN,NN,NN
19.607180,NN,NN,NN,NN
19.610360,NN,NN,NN,NN
19.613610,NN,NN,NN,NN
19.616960,NN,NN,NN,NN
19.620920,NN,NN,NN,NN
19.624640,NN,NN,NN,NN
19.627700,NN,NN,NN,NN
19.630740,NN,NN,NN,NN
19.633820,NN,NN,NN,NN
19.637530,NN,NN,NN,NN
19.641320,NN,NN,NN,NN
19.644500,NN,NN,NN,NN
19.647690,NN,NN,NN,NN
19.650970,NN,NN,NN,NN
19.655100,NN,NN,NN,NN
19.658270,NN,NN,NN,NN
19.661460,NN,NN,NN,NN
19.664650,NN,NN,NN,NN
19.668140,NN,NN,NN,NN
19.671640,NN,NN,NN,NN
19.674770,NN,NN,NN,NN
19.678630,NN,NN,NN,NN
19.681950,NN,NN,NN,NN
19.685520,NN,NN,NN,NN
19.689360,NN,NN,NN,NN
19.692780,NN,NN,NN,NN
19.696040,NN,NN,NN,NN
19.699210,NN,NN,NN,NN
19.702630,NN,NN,NN,NN
19.706360,NN,NN,NN,NN
19.711920,NN,NN,NN,NN
19.716640,NN,NN,NN,NN
19.720280,NN,NN,NN,NN
19.725210,NN,NN,NN,NN
19.728420,NN,NN,NN,NN
19.732800,NN,NN,NN,NN
19.744740,NN,NN,NN,NN
19.749770,NN,NN,NN,NN
19.754390,NN,NN,NN,NN
19.757630,NN,NN,NN,NN
19.761430,NN,NN,NN,NN
19.764210,NN,NN,NN,NN
19.767010,NN,NN,NN,NN
19.772370,NN,NN,NN,NN
19.776830,NN,NN,NN,NN
19.779960,NN,NN,NN,NN
19.783510,NN,NN,NN,NN
19.787570,NN,NN,NN,NN
19.790650,NN,NN,NN,NN
19.793690,NN,NN,NN,NN
19.796560,NN,NN,NN,NN
19.800120,NN,NN,NN,NN
19.814040,NN,NN,NN,NN
19.817020,NN,NN,NN,NN
19.819760,NN,NN,NN,NN
19.824980,NN,NN,NN,NN
19.828920,NN,NN,NN,NN
19.831780,NN,NN,NN,NN
19.837020,NN,NN,NN,NN
19.840310,NN,NN,NN,NN
19.844230,NN,NN,NN,NN
19.847100,NN,NN,NN,NN
19.851730,NN,NN,NN,NN
19.855380,NN,NN,NN,NN
19.859900,NN,NN,NN,NN
19.863210,NN,NN,NN,NN
19.867810,NN,NN,NN,NN
19.871410,NN,NN,NN,NN
19.875790,NN,NN,NN,NN
19.879030,NN,NN,NN,NN
19.884390,NN,NN,NN,NN
19.889720,NN,NN,NN,NN
19.892980,NN,NN,NN,NN
19.897800,NN,NN,NN,NN
19.900940,NN,NN,NN,NN
19.905870,NN,NN,NN,NN
19.909320,NN,NN,NN,NN
19.914300,NN,NN,NN,NN
19.919090,NN,NN,NN,NN
19.923160,NN,NN,NN,NN
19.928370,NN,NN,NN,NN
19.931830,NN,NN,NN,NN
19.937180,NN,NN,NN,NN
19.942910,NN,NN,NN,NN
19.947200,NN,NN,NN,NN
19.953080,NN,NN,NN,NN
19.958630,NN,NN,NN,NN
19.962130,NN,NN,NN,NN
19.966270,NN,NN,NN,NN
19.970050,NN,NN,NN,NN
19.975380,NN,NN,NN,NN
19.979980,NN,NN,NN,NN
19.983270,NN,NN,NN,NN
19.989030,NN,NN,NN,NN
19.994290,NN,NN,NN,NN
19.998050,NN,NN,NN,NN
20.003190,NN,NN,NN,NN
20.008750,NN,NN,NN,NN
20.012390,NN,NN,NN,NN
20.017230,NN,NN,NN,NN
20.022300,NN,NN,NN,NN
20.026550,NN,NN,NN,NN
20.029660,NN,NN,NN,NN
20.034060,NN,NN,NN,NN
20.039040,NN,NN,NN,NN
20.042470,NN,NN,NN,NN
20.047430,NN,NN,NN,NN
20.050760,NN,NN,NN,NN
20.056140,NN,NN,NN,NN
20.059230,NN,NN,NN,NN
20.063760,NN,NN,NN,NN
20.066880,NN,NN,NN,NN
20.071870,NN,NN,NN,NN
20.076770,NN,NN,NN,NN
20.079730,NN,NN,NN,NN
20.084060,NN,NN,NN,NN
20.087550,NN,NN,NN,NN
20.091610,NN,NN,NN,NN
20.094750,NN,NN,NN,NN
20.099250,NN,NN,NN,NN
20.102660,NN,NN,NN,NN
20.107930,NN,NN,NN,NN
20.111280,NN,NN,NN,NN
20.115340,NN,NN,NN,NN
20.118510,NN,NN,NN,NN
20.123450,NN,NN,NN,NN
20.127490,NN,NN,NN,NN
20.132150,NN,NN,NN,NN
20.137220,NN,NN,NN,NN
20.140780,NN,NN,NN,NN
20.145680,NN,NN,NN,NN
20.149100,NN,NN,NN,NN
20.153910,NN,NN,NN,NN
20.158760,NN,NN,NN,NN
20.162410,NN,NN,NN,NN
20.167110,NN,NN,NN,NN
20.171000,NN,NN,NN,NN
20.175830,NN,NN,NN,NN
20.179160,NN,NN,NN,NN
20.183190,NN,NN,NN,NN
20.187460,NN,NN,NN,NN
20.191910,NN,NN,NN,NN
20.196750,NN,NN,NN,NN
20.200800,NN,NN,NN,NN
20.206820,NN,NN,NN,NN
20.211770,NN,NN,NN,NN
20.215390,NN,NN,NN,NN
20.221260,NN,NN,NN,NN
20.226670,NN,NN,NN,NN
20.230440,NN,NN,NN,NN
20.236910,NN,NN,NN,NN
20.242860,NN,NN,NN,NN
20.250060,NN,NN,NN,NN
20.258280,NN,NN,NN,NN
20.262760,NN,NN,NN,NN
20.266910,NN,NN,NN,NN
20.272900,NN,NN,NN,NN
20.277130,NN,NN,NN,NN
20.280950,NN,NN,NN,NN
20.291110,NN,NN,NN,NN
20.297000,NN,NN,NN,NN
20.301540,NN,NN,NN,NN
20.306470,NN,NN,NN,NN
20.310390,NN,NN,NN,NN
20.313030,NN,NN,NN,NN
20.317580,NN,NN,NN,NN
20.321060,NN,NN,NN,NN
20.325040,NN,NN,NN,NN
20.327650,NN,NN,NN,NN
20.331930,NN,NN,NN,NN
20.336670,NN,NN,NN,NN
20.340690,NN,NN,NN,NN
20.343430,NN,NN,NN,NN
20.348380,NN,NN,NN,NN
20.351730,NN,NN,NN,NN
20.357360,NN,NN,NN,NN
20.361210,NN,NN,NN,NN
20.365880,NN,NN,NN,NN
20.370350,NN,NN,NN,NN
20.373610,NN,NN,NN,NN
20.378080,NN,NN,NN,NN
20.380960,NN,NN,NN,NN
20.385140,NN,NN,NN,NN
20.388480,NN,NN,NN,NN
20.393020,NN,NN,NN,NN
20.397090,NN,NN,NN,NN
20.402240,NN,NN,NN,NN
20.407770,NN,NN,NN,NN
20.411270,NN,NN,NN,NN
20.415340,NN,NN,NN,NN
20.418520,NN,NN,NN,NN
20.423110,NN,NN,NN,NN
20.426800,NN,NN,NN,NN
20.431350,NN,NN,NN,NN
20.436540,NN,NN,NN,NN
20.440770,NN,NN,NN,NN
20.445340,NN,NN,NN,NN
20.448380,NN,NN,NN,NN
20.452880,NN,NN,NN,NN
20.456740,NN,NN,NN,NN
20.461370,NN,NN,NN,NN
20.464550,NN,NN,NN,NN
20.469680,NN,NN,NN,NN
20.476470,NN,NN,NN,NN
20.479580,NN,NN,NN,NN
20.484000,NN,NN,NN,NN
20.491680,NN,NN,NN,NN
20.496780,NN,NN,NN,NN
20.500160,NN,NN,NN,NN
20.504690,NN,NN,NN,NN
20.511620,NN,NN,NN,NN
20.514550,NN,NN,NN,NN
20.519120,NN,NN,NN,NN
20.522370,NN,NN,NN,NN
20.526910,NN,NN,NN,NN
20.531500,NN,NN,NN,NN
20.535900,NN,NN,NN,NN
20.539200,NN,NN,NN,NN
20.543280,NN,NN,NN,NN
20.546060,NN,NN,NN,NN
20.549910,NN,NN,NN,NN
20.554140,NN,NN,NN,NN
20.559280,NN,NN,NN,NN
20.563680,NN,NN,NN,NN
20.567070,NN,NN,NN,NN
20.571810,NN,NN,NN,NN
20.575300,NN,NN,NN,NN
20.579790,NN,NN,NN,NN
20.582850,NN,NN,NN,NN
20.588260,NN,NN,NN,NN
20.591900,NN,NN,NN,NN
20.596330,NN,NN,NN,NN
20.599740,NN,NN,NN,NN
20.604370,NN,NN,NN,NN
20.608790,NN,NN,NN,NN
20.612000,NN,NN,NN,NN
20.616700,NN,NN,NN,NN
20.622730,NN,NN,NN,NN
20.627470,NN,NN,NN,NN
20.633470,NN,NN,NN,NN
20.645150,NN,NN,NN,NN
20.649900,NN,NN,NN,NN
20.655950,NN,NN,NN,NN
20.658770,NN,NN,NN,NN
20.662600,NN,NN,NN,NN
20.665200,NN,NN,NN,NN
20.669100,NN,NN,NN,NN
20.672380,NN,NN,NN,NN
20.677260,NN,NN,NN,NN
20.680400,NN,NN,NN,NN
20.683520,NN,NN,NN,NN
20.687910,NN,NN,NN,NN
20.692860,NN,NN,NN,NN
20.696350,NN,NN,NN,NN
20.700970,NN,NN,NN,NN
20.704200,NN,NN,NN,NN
20.709110,NN,NN,NN,NN
20.713630,NN,NN,NN,NN
20.716580,NN,NN,NN,NN
20.719780,NN,NN,NN,NN
20.724450,NN,NN,NN,NN
20.728670,NN,NN,NN,NN
20.731580,NN,NN,NN,NN
20.734760,NN,NN,NN,NN
20.740060,NN,NN,NN,NN
20.744550,NN,NN,NN,NN
20.747390,NN,NN,NN,NN
20.750610,NN,NN,NN,NN
20.755270,NN,NN,NN,NN
20.760140,NN,NN,NN,NN
20.763010,NN,NN,NN,NN
20.767570,NN,NN,NN,NN
20.774060,NN,NN,NN,NN
20.777840,NN,NN,NN,NN
20.783310,NN,NN,NN,NN
20.787510,NN,NN,NN,NN
20.792390,NN,NN,NN,NN
20.796990,NN,NN,NN,NN
20.800880,NN,NN,NN,NN
20.807040,NN,NN,NN,NN
20.812160,NN,NN,NN,NN
20.815720,NN,NN,NN,NN
20.820950,NN,NN,NN,NN
20.824670,NN,NN,NN,NN
20.829890,NN,NN,NN,NN
20.835080,NN,NN,NN,NN
20.838430,NN,NN,NN,NN
20.843410,NN,NN,NN,NN
20.846450,NN,NN,NN,NN
20.850960,NN,NN,NN,NN
20.856470,NN,NN,NN,NN
20.859710,NN,NN,NN,NN
20.864720,NN,NN,NN,NN
20.867760,NN,NN,NN,NN
20.872770,NN,NN,NN,NN
20.875770,NN,NN,NN,NN
20.880440,NN,NN,NN,NN
20.883440,NN,NN,NN,NN
20.888930,NN,NN,NN,NN
20.893710,NN,NN,NN,NN
20.896880,NN,NN,NN,NN
20.899670,NN,NN,NN,NN
20.904820,NN,NN,NN,NN
20.909270,NN,NN,NN,NN
20.912350,NN,NN,NN,NN
20.916820,NN,NN,NN,NN
20.920620,NN,NN,NN,NN
20.925990,NN,NN,NN,NN
20.929810,NN,NN,NN,NN
20.933840,NN,NN,NN,NN
20.937080,NN,NN,NN,NN
20.942280,NN,NN,NN,NN
20.947150,NN,NN,NN,NN
20.950990,NN,NN,NN,NN
20.956310,NN,NN,NN,NN
20.961680,NN,NN,NN,NN
20.964700,NN,NN,NN,NN
20.969160,NN,NN,NN,NN
20.973010,NN,NN,NN,NN
20.977380,NN,NN,NN,NN
20.980550,NN,NN,NN,NN
20.984180,NN,NN,NN,NN
20.988310,NN,NN,NN,NN
20.993590,NN,NN,NN,NN
20.996590,NN,NN,NN,NN
21.000010,NN,NN,NN,NN
21.003630,NN,NN,NN,NN
21.008690,NN,NN,NN,NN
21.012040,NN,NN,NN,NN
21.015360,NN,NN,NN,NN
21.018390,NN,NN,NN,NN
21.023400,NN,NN,NN,NN
21.026550,NN,NN,NN,NN
21.030700,NN,NN,NN,NN
21.033650,NN,NN,NN,NN
21.038520,NN,NN,NN,NN
21.041940,NN,NN,NN,NN
21.046540,NN,NN,NN,NN
21.050400,NN,NN,NN,NN
21.055440,NN,NN,NN,NN
21.060040,NN,NN,NN,NN
21.063040,NN,NN,NN,NN
21.067220,NN,NN,NN,NN
21.070610,NN,NN,NN,NN
21.075700,NN,NN,NN,NN
21.078770,NN,NN,NN,NN
21.082760,NN,NN,NN,NN
21.086090,NN,NN,NN,NN
21.090760,NN,NN,NN,NN
21.093890,NN,NN,NN,NN
21.098550,NN,NN,NN,NN
21.104530,NN,NN,NN,NN
21.108040,NN,NN,NN,NN
21.112300,NN,NN,NN,NN
21.115380,NN,NN,NN,NN
21.120320,NN,NN,NN,NN
21.123830,NN,NN,NN,NN
21.127720,NN,NN,NN,NN
21.131050,NN,NN,NN,NN
21.135020,NN,NN,NN,NN
21.138210,NN,NN,NN,NN
21.142910,NN,NN,NN,NN
21.146500,NN,NN,NN,NN
21.151340,NN,NN,NN,NN
21.156210,NN,NN,NN,NN
21.159490,NN,NN,NN,NN
21.164150,NN,NN,NN,NN
21.167320,NN,NN,NN,NN
21.171440,NN,NN,NN,NN
21.174630,NN,NN,NN,NN
21.179240,NN,NN,NN,NN
21.189900,NN,NN,NN,NN
21.194280,NN,NN,NN,NN
21.197160,NN,NN,NN,NN
21.200010,NN,NN,NN,NN
21.204630,NN,NN,NN,NN
21.209670,NN,NN,NN,NN
21.213760,NN,NN,NN,NN
21.218810,NN,NN,NN,NN
21.224760,NN,NN,NN,NN
21.228030,NN,NN,NN,NN
21.232230,NN,NN,NN,NN
21.235400,NN,NN,NN,NN
21.240350,NN,NN,NN,NN
21.243470,NN,NN,NN,NN
21.248120,NN,NN,NN,NN
21.254880,NN,NN,NN,NN
21.258820,NN,NN,NN,NN
21.262650,NN,NN,NN,NN
21.265440,NN,NN,NN,NN
21.269850,NN,NN,NN,NN
21.273500,NN,NN,NN,NN
21.277750,NN,NN,NN,NN
21.280650,NN,NN,NN,NN
21.285400,NN,NN,NN,NN
21.288990,NN,NN,NN,NN
21.292270,NN,NN,NN,NN
21.295040,NN,NN,NN,NN
21.299060,NN,NN,NN,NN
21.302500,NN,NN,NN,NN
21.308320,NN,NN,NN,NN
21.311490,NN,NN,NN,NN
21.316170,NN,NN,NN,NN
21.319470,NN,NN,NN,NN
21.323160,NN,NN,NN,NN
21.326290,NN,NN,NN,NN
21.330820,NN,NN,NN,NN
21.334920,NN,NN,NN,NN
21.338710,NN,NN,NN,NN
21.342280,NN,NN,NN,NN
21.347130,NN,NN,NN,NN
21.350600,NN,NN,NN,NN
21.354190,NN,NN,NN,NN
21.357690,NN,NN,NN,NN
21.360820,NN,NN,NN,NN
21.363810,NN,NN,NN,NN
21.368830,NN,NN,NN,NN
21.372700,NN,NN,NN,NN
21.376150,NN,NN,NN,NN
21.379120,NN,NN,NN,NN
21.382260,NN,NN,NN,NN
21.385430,NN,NN,NN,NN
21.388980,NN,NN,NN,NN
21.392590,NN,NN,NN,NN
21.395890,NN,NN,NN,NN
21.398850,NN,NN,NN,NN
21.402800,NN,NN,NN,NN
21.407570,NN,NN,NN,NN
21.410740,NN,NN,NN,NN
21.413800,NN,NN,NN,NN
21.416700,NN,NN,NN,NN
21.420020,NN,NN,NN,NN
21.424860,NN,NN,NN,NN
21.428140,NN,NN,NN,NN
21.431410,NN,NN,NN,NN
21.434920,NN,NN,NN,NN
21.438570,NN,NN,NN,NN
21.441970,NN,NN,NN,NN
21.445290,NN,NN,NN,NN
21.448370,NN,NN,NN,NN
21.451760,NN,NN,NN,NN
21.455210,NN,NN,NN,NN
21.458450,NN,NN,NN,NN
21.461750,NN,NN,NN,NN
21.465170,NN,NN,NN,NN
21.468320,NN,NN,NN,NN
21.471530,NN,NN,NN,NN
21.474720,NN,NN,NN,NN
21.477950,NN,NN,NN,NN
21.481080,NN,NN,NN,NN
21.484230,NN,NN,NN,NN
21.487720,NN,NN,NN,NN
21.491100,NN,NN,NN,NN
21.494670,NN,NN,NN,NN
21.497990,NN,NN,NN,NN
21.509620,NN,NN,NN,NN
21.513860,NN,NN,NN,NN
21.516820,NN,NN,NN,NN
21.519920,NN,NN,NN,NN
21.535380,NN,NN,NN,NN
21.542130,NN,NN,NN,NN
21.545970,NN,NN,NN,NN
21.548600,NN,NN,NN,NN
21.551220,NN,NN,NN,NN
21.555950,NN,NN,NN,NN
21.559210,NN,NN,NN,NN
21.561960,NN,NN,NN,NN
21.564450,NN,NN,NN,NN
21.567130,NN,NN,NN,NN
21.570660,NN,NN,NN,NN
21.574760,NN,NN,NN,NN
21.577830,NN,NN,NN,NN
21.580650,NN,NN,NN,NN
21.584340,NN,NN,NN,NN
21.588760,NN,NN,NN,NN
21.592370,NN,NN,NN,NN
21.595570,NN,NN,NN,NN
21.598490,NN,NN,NN,NN
21.602100,NN,NN,NN,NN
21.614570,NN,NN,NN,NN
